:020000040800F2
:1000000000000220DDD9000845040108C9040108E8
:10001000DD040108FD0401080505010800000000D9
:10002000000000000000000000000000E1DA00080D
:100030000D0501080000000071DB00081105010832
:1000400031DA000831DA000831DA000831DA000864
:1000500031DA000831DA000849250208692502086A
:1000600089250208A9250208C925020815050108E5
:1000700031DA00082105010831DA00082D050108F0
:10008000390501084505010831DA00085D05010858
:10009000690501087505010881050108E9250208BF
:1000A00031DA000831DA000831DA000831DA000804
:1000B00031DA000831DA000831DA0008C9E900084D
:1000C000D5E9000831DA000831DA000831DA000831
:1000D00031DA000831DA00088D05010831DA00084C
:1000E0006D26020831DA000831DA000831DA00083A
:1000F000DDE600089905010831DA0008510501081C
:1001000031DA000831DA0008D1E60008B505010847
:10011000C105010831DA000831DA000831DA0008D7
:1001200031DA000831DA000831DA000831DA000883
:1001300031DA0008000000000000000031DA000899
:1001400031DA000831DA000831DA0008E1E90008A4
:1001500031DA000831DA000831DA000831DA000853
:1001600031DA000831DA000831DA000831DA000843
:1001700031DA000885E700080000000000000000F8
:0801800031DA000831DA000851
:1001C0000348044B834202D0034B03B118477047E6
:1001D000A00F0020A00F00200000000005480649E5
:1001E0000B1AD90F01EBA301491002D0034B03B145
:1001F00018477047A00F0020A00F0020000000004B
:1002000010B5064C237843B9FFF7DAFF044B13B15E
:100210000448AFF300800123237010BDA00F00201D
:1002200000000000909F030808B5044B1BB104496F
:100230000448AFF30080BDE80840CFE700000000AD
:10024000A40F0020909F030810EE102AC2F3C7539A
:100250007F3B162B22F0004128DC002B18DB1A49CB
:1002600019410A4221D0DFED197A70EE277AF5EEB6
:10027000C07AF1EE10FA18DD002A04DA4FF400001B
:1002800040FA03F31A4422EA010300EE103A7047E1
:10029000DFED0E7A70EE277AF5EEC07AF1EE10FA05
:1002A00003DD002A08DB9FED0A0A7047B1F1FF4F1A
:1002B000FBD330EE000A7047FFEE007A002918BF2A
:1002C000B0EE670A704700BFFFFF7F00CAF24971B6
:1002D0000000000010EE103AC3F3C7527F3A162A0E
:1002E00010EE101A15DC002A0CDB0C4810410342FA
:1002F00005D04FF4800313410B4423EA000300EEC2
:10030000103A7047013203F00043F8D143F07E53B6
:10031000F5E7802AF3D130EE000A7047FFFF7F0037
:1003200008B52DED028BB0EE408A00F021F80E4B9F
:1003300093F9003001330BD0B4EE488AF1EE10FA95
:1003400006D6DFED0A8AB4EEE88AF1EE10FA02D49E
:10035000BDEC028B08BD00F023F888EEA80ABDECC6
:10036000028B2123036008BD14020020000000005E
:10037000B1EEC00A704700BF08B5062000F024FDAA
:1003800001200DF029FB00BF002301461A46184644
:1003900003F0A0BC13460A460146022003F09ABCB3
:1003A000014B1868704700BF1802002038B5084B91
:1003B000084D5B1B9C1007D0043B1D44013C55F8C5
:1003C00004399847002CF9D1BDE8384039F0E6BD32
:1003D000C8EC0408C4EC040870B50D4E0D4D761B36
:1003E000B61006D0002455F8043B01349847A642C5
:1003F000F9D1094E094D761B39F0CAFDB61006D069
:10040000002455F8043B01349847A642F9D170BD49
:100410009CEC04089CEC0408C4EC04089CEC040864
:10042000024B0146186800F00BB800BF180200200C
:10043000024B0146186804F0F7BE00BF1802002006
:100440002DE9F04F01F10B06162E83B0044624D897
:10045000102900F2BA8000F005FC102618220220B4
:10046000B74F3A44A2F1080153688B4200F0BA80BA
:100470005A68D96822F003021A449D68E9608D60C9
:10048000516841F001012046516003F1080500F078
:10049000EBFB284603B0BDE8F08F36F0070600F10D
:1004A0009480B14200F2918000F0DCFBB6F5FC7F55
:1004B000C0F09681730A00F08F80042B00F26B81EC
:1004C000B30903F1390003F1380CC3009C4F3B44DE
:1004D000A3F108055B689D4206D10CE0002980F27B
:1004E0002B81DB689D4206D05A6822F00302911BE3
:1004F0000F29F3DD60463D69DFF848C265457CD0D1
:100500006A6822F00302931B0F2B00F37781002B04
:10051000C7E904CC80F26881B2F5007F80F01681D3
:10052000D308796801334FEA521E012202FA0EF213
:100530000A4357F833E0C5F808E007EBC301083970
:10054000E9607A6047F83350CEF80C5083100121EF
:100550009940914257D8114206D120F0030049003A
:10056000114200F10400FAD007EBC0094D4686465F
:10057000D5F80C80454508D119E1002B80F2208187
:10058000D8F80C80454500F01281D8F8042022F0FC
:100590000302931B0F2BF0DD2046D8E9025408EB31
:1005A000060146F00106C8F80460EC60A56043F05F
:1005B0000104C7E90411C1E902CC4C6048F80230DB
:1005C00000F052FB08F1080502E00C23236000252F
:1005D000284603B0BDE8F08F4FF4007340204FF081
:1005E0003F0C73E7D3689A4208BF02307FF440AFF4
:1005F0003D69DFF850C1654582D17A6883100121D9
:1006000099409142A7D9BD686B6823F0030846451D
:1006100003D8A8EB06030F2B7EDCDFF82C91D7F86C
:100620000824D9F800300132334405EB080A00F001
:100630002F8103F580530F3323F47F6B2BF00F0BC7
:100640005946204600F012FB411C024600F0EF80A4
:10065000824500F2EA80D9F804105944C9F8041020
:100660000B4600F04B81D7F8081401311BBFA2EBF9
:100670000A0A5344C7F80824C9F8043012F00703E3
:1006800000F01281C3F108010A44C3F5805193447C
:100690000831A1EB0B01C1F30B0A51462046019230
:1006A000009300F0E3FA421CDDE9003200F04B81D8
:1006B000831A03EB0A0BD9F80400BA604BF001036C
:1006C0000AEB0001BD425360C9F8041000F022811A
:1006D000B8F10F0F40F220816B68A8F10C0020F0F8
:1006E000070003F0010303436B604FF0050C2B1868
:1006F0000F28C3E901CC00F22D8153681546D9F8C3
:100700002C208A42D9F8302038BFC9F82C108A42F0
:1007100038BFC9F830108CE0AA1943F0010346F045
:1007200001066E602046BA60536000F09DFA0835FD
:10073000284603B0BDE8F08FD9681A449DE600BF93
:100740004806002050060020BC0F0020B2F5206FA4
:100750004FEA522363D3142B00F2B88003F15C01FB
:10076000C9005B3307EB010E7958AEF1080E8E45D8
:1007700000F091804B6823F00303934202D989680B
:100780008E45F7D1D1F80CE07A68C5E9021ECEF8A3
:100790000850CD60DAE6142B59D9542B00F29E8014
:1007A000330B03F16F0003F16E0CC3008EE60EF104
:1007B000010E1EF0030F05F108057FF4D9AE51E0DC
:1007C000424445465368D8F80C1043F00103536087
:1007D00055F8083F2046D9608B6000F045FAF7E6EF
:1007E000F00806F108023BE62A442046536843F02D
:1007F00001035360083500F037FAE9E6A9192046ED
:1008000046F0010643F001046E60C7E90411C1E936
:1008100002CC4C60AB5000F027FA0835D8E69309BB
:1008200003F13901C90038339CE7BD4260D0BD688F
:100830006B6823F0030B5E45ABEB060302D80F2B6E
:100840003FF76AAF204600F00FFA0025C0E603F13B
:100850005C0003F15B0CC30038E659F808394B45DE
:1008600040F0968010F0030F00F1FF30F5D17B6867
:1008700023EA01037B60490099423FF6C4AE19B9EF
:10088000C1E649000EF1040E1942FAD070466BE63B
:1008900003F1100BD4E69A104FF001087B6808FAB8
:1008A00002F21A437A6070E702EB0B014942C1F38E
:1008B0000B0A514620460193009200F0D7F9431CE1
:1008C000DDE900237FF4F4AE9A46F4E6542B26D8F3
:1008D000130B03F16F01C9006E3343E7B3F5AA7F31
:1008E00026D8F30B03F1780003F1770CC300EDE594
:1008F000D9F804305B44C9F80430B4E6CAF30B00FD
:1009000000287FF4B0AEBD6808EB0B0343F0010391
:100910006B60F4E61546F2E60123536092E7B3F507
:10092000AA7F21D8D30B03F17801C900773319E7E7
:1009300040F25452934221D8B30C03F17D0003F1ED
:100940007C0CC300C2E5083B9B44ABEB020B4FF0B1
:10095000000AB0E605F10801204604F065FCBD6818
:10096000D9F804106B68CAE640F254518B420BD898
:10097000930C03F17D01C9007C33F3E64FF47E73E1
:100980007F204FF07E0CA1E54FF47E717E23E9E6D7
:100990007B6870E7844641EA000313F003036DD1DE
:1009A000403A41D351F8043B40F8043B51F8043B32
:1009B00040F8043B51F8043B40F8043B51F8043B39
:1009C00040F8043B51F8043B40F8043B51F8043B29
:1009D00040F8043B51F8043B40F8043B51F8043B19
:1009E00040F8043B51F8043B40F8043B51F8043B09
:1009F00040F8043B51F8043B40F8043B51F8043BF9
:100A000040F8043B51F8043B40F8043B51F8043BE8
:100A100040F8043B51F8043B40F8043B51F8043BD8
:100A200040F8043B403ABDD2303211D351F8043B78
:100A300040F8043B51F8043B40F8043B51F8043BB8
:100A400040F8043B51F8043B40F8043B103AEDD227
:100A50000C3205D351F8043B40F8043B043AF9D278
:100A6000043208D0D2071CBF11F8013B00F8013B4B
:100A700001D30B8803806046704700BF082A13D358
:100A80008B078DD010F003038AD0C3F10403D21A70
:100A9000DB071CBF11F8013B00F8013B80D331F8A4
:100AA000023B20F8023B7BE7043AD9D3013A11F824
:100AB000013B00F8013BF9D20B7803704B7843708F
:100AC0008B7883706046704788420DD98B188342BB
:100AD0000AD900EB020CBAB1624613F801CD02F854
:100AE00001CD9942F9D170470F2A0ED8034602F181
:100AF000FF3C4AB10CF1010C013B8C4411F8012B75
:100B000003F8012F6145F9D1704740EA01039B07C3
:100B100050D1A2F1100370B501F1200C23F00F05A4
:100B200001F1100E00F11004AC441B095EF8105CDA
:100B300044F8105C5EF80C5C44F80C5C5EF8085CF1
:100B400044F8085C5EF8045C44F8045C0EF1100E96
:100B5000E64504F11004E9D1013312F00C0F01EB6A
:100B6000031102F00F0400EB031327D0043C24F020
:100B700003064FEA940C1E441C1F8E465EF8045B6D
:100B800044F8045FB442F9D10CF1010402F003020D
:100B900003EB840301EB840102F1FF3C4AB10CF149
:100BA000010C013B8C4411F8012B03F8012F614526
:100BB000F9D170BD02F1FF3C03469BE72246EBE70B
:100BC000830730B548D0541E002A3FD0CAB203462E
:100BD00001E0013C3AD303F8012B9D07F9D1032C26
:100BE0002DD9CDB245EA05250F2C45EA054536D964
:100BF000A4F1100222F00F0C03F1200EE6444FEA9C
:100C0000121C03F1100242E9045542E90255103268
:100C10007245F8D10CF1010214F00C0F03EB021233
:100C200004F00F0C13D0ACF1040323F003030433DE
:100C3000134442F8045B9342FBD10CF003042CB143
:100C4000CAB21C4403F8012B9C42FBD130BD644660
:100C50001346002CF4D1F9E703461446BFE71A46C1
:100C6000A446E0E7704700BF704700BF38B5074DA6
:100C70000022044608462A6018F0B6FC431C00D047
:100C800038BD2B68002BFBD0236038BDF00F00204F
:100C900038B5D0F8DC420CB1002038BD80210546C3
:100CA000FFF7CEFB0246C5F8DC0230B1031F7C32F1
:100CB00043F8044F9342FBD1EEE74FF0FF3038BDCD
:100CC0001F29F8B5054609D8D0F8DC620C4617464E
:100CD0004EB156F8240046F82470F8BD1623036080
:100CE0004FF0FF30F8BD8021FFF7AAFB0646C5F89C
:100CF000DC0240B1031F00F17C05002143F8041F12
:100D00009D42FBD1E5E74FF0FF30F8BD1F2938B514
:100D1000054621D8D0F8DC220C466AB152F82130C1
:100D200053B1012B16D0591C10D00025204642F893
:100D300024509847284638BD284600F003F922463B
:100D400001462846BDE8384000F0E6B816230360A7
:100D5000012038BD002038BD162303604FF0FF305E
:100D600038BD00BF1F292CD8D0F8DC2238B50C467E
:100D7000054682B152F8243002EB84024BB1591C73
:100D80001AD0012B16D0002520461560984728461A
:100D900038BD012038BD8021FFF752FB0246C5F85F
:100DA000DC0258B1031F00217C3043F8041F984235
:100DB000FBD1DFE7032038BD022038BD4FF0FF3004
:100DC00038BD4FF0FF30704738B5154B1F281D68F0
:100DD00020D8D5F8DC22044662B152F820304BB15D
:100DE000012B15D0591C0FD0002542F820509847F0
:100DF000284638BD284600F0A5F822460146284678
:100E0000BDE8384000F088B816232B60012038BDBB
:100E1000002038BD16232B604FF0FF3038BD00BFD7
:100E200018020020134B1F2870B51E6809D80D4604
:100E3000D6F8DC12044649B151F8240041F8245098
:100E400070BD162333604FF0FF3070BD80213046F7
:100E5000FFF7F6FA0146C6F8DC0240B1031F00F1C5
:100E60007C0C002243F8042F6345FBD1E4E74FF0EC
:100E7000FF3070BD1802002038B50C4B1D68D5F846
:100E8000DC420CB1002038BD80212846FFF7D8FA9B
:100E9000C5F8DC0238B1031F00F17C0243F8044FAF
:100EA0009342FBD1EEE74FF0FF3038BD180200202F
:100EB00038B5184B1F281D6828D8D5F8DC22044601
:100EC00082B152F8243002EB84024BB1591C1BD082
:100ED000012B17D00025204615609847284638BDBD
:100EE000012038BD80212846FFF7AAFA0246C5F83E
:100EF000DC0258B1031F00217C3043F8041F8342F9
:100F0000FBD1DEE7032038BD022038BD4FF0FF30B3
:100F100038BD00BF1802002070B50C46084D0346CE
:100F20000026204611461C462E600CF03DFD431C59
:100F300000D070BD2B68002BFBD0236070BD00BFBC
:100F4000F00F00200CF020BD08B410B5002A9DB0B1
:100F5000044633DB4FF40273ADF81430029106916E
:100F600020AB17D0013A4FF6FF7104920792ADF80B
:100F700016101F9A019302A900F032FB421C01DAFD
:100F80008B232360029B00221A701DB0BDE8104025
:100F900001B070474FF6FF7104920792ADF816103A
:100FA0001F9A019302A900F01BFB431C01DA8B235B
:100FB00023601DB0BDE8104001B070478B23036073
:100FC0004FF0FF30F5E700BF0CB410B51F4B002900
:100FD0001C689CB035DB4FF40273ADF814300290FE
:100FE00006901FAB18D001394FF6FF72049107919C
:100FF000ADF8162002A91E9A0193204600F0F0FADF
:10100000421C01DA8B232360029B00221A701CB061
:10101000BDE8104002B070474FF6FF72049107918F
:10102000ADF8162002A91E9A0193204600F0D8FAC6
:10103000431C01DA8B2323601CB0BDE8104002B0D2
:1010400070478B2323604FF0FF30F5E71802002034
:101050000EB410B59FB021AC4FF4017154F8042BBD
:101060000192ADF81C100490089000F009FA059068
:1010700009900B480B490C9100234FF6FF7C10930D
:101080001593019A0068ADF81EC0234604A9039485
:1010900001F004FD1FB0BDE8104003B0704700BF71
:1010A00018020020251100080CB430B59FB022AC06
:1010B0004FF4017354F8042B019205460846ADF82D
:1010C0001C300491089100F0DBF90C490C910346A7
:1010D000059309934FF6FF71002310931593ADF814
:1010E0001E10019A03942846234604A901F0D6FC59
:1010F0001FB0BDE8304002B0704700BF25110008A6
:1011000010B50C46B1F90E1005F072FA002803DB99
:10111000236D0344236510BDA38923F48053A38169
:1011200010BD00BF002070472DE9F0410C46B1F919
:101130000C101F46CB05054616460BD421F48051F2
:10114000A1813B46B4F90E1032462846BDE8F04175
:1011500002F040BDB4F90E100223002204F084FB1B
:10116000B4F90C10EAE700BF10B50C46B1F90E1047
:1011700004F07AFBA389421C0EBF23F4805343F48E
:1011800080532065A38110BDB1F90E1002F0D6BDC9
:10119000000000000000000000000000000000004F
:1011A000A2EB0300704700BF02780B78012A28BF2A
:1011B0009A42F5D16DE9044540EA0104CDE90267A0
:1011C0006FF0000C4FEA447212B380EA010414F08D
:1011D000070F6AD100F0070420F0070004F00305B0
:1011E00021F007014FEAC505F0E8042314F0040FCD
:1011F000F1E804670CFA05F462EA040266EA040600
:101200000AD063EA0403624667EA0407664603E01D
:10121000F0E80423F1E8046782FA4CF582EA060458
:10122000A4FA8CF46CBB83FA4CF583EA0705A5FAA3
:101230008CF595B950E9022351E9026782FA4CF521
:1012400082EA0604A4FA8CF483FA4CF583EA0705D3
:10125000A5FA8CF52543DBD09CB92DBAB5FA85F4F7
:1012600024F0070427FA04F1DDE9026723FA04F306
:1012700003F0FF0001F0FF01FDE80445A0EB0100D1
:10128000704724BAB4FA84F424F0070426FA04F16F
:10129000DDE9026722FA04F202F0FF0001F0FF012B
:1012A000FDE80445A0EB0100704714F0030F3CD1AA
:1012B00010F0030428D150F8082B51F8083B82FAAB
:1012C0004CF582EA0305A5FA8CF55DB950F8042CBB
:1012D00051F8043C82FA4CF582EA0305A5FA8CF534
:1012E000002DE8D02DBAB5FA85F424F0070423FACE
:1012F00004F122FA04F202F0FF0001F0FF01FDE820
:101300000445A0EB010070474FEAC40420F003003D
:1013100050F8082B21F0030151F8083B0CFA04F4B3
:1013200062EA040263EA0403C9E710F003041AD076
:10133000A1EB040120F00300E40750F8042B06D0D1
:101340000FD28B785FFAA2F4E41A06D12BB1CB78D6
:101350005FFAB2F4E41A00D11BB920465DF8104BD5
:10136000704701F1040150F8042BCC0721F0030170
:1013700051F8043B48D824D222F07F4482FA4CF53D
:1013800094EA1325A5FA8CF50AD165B951F8043B06
:1013900084EA0204B4EB036F0ED150F8042BEBE7A0
:1013A0004FEA132355E035F07F454DD10878FDE82D
:1013B0000445C0F1000070474FEA126203F0FF03DA
:1013C00047E002EA1C4482FA4CF594EA1345A5FA78
:1013D0008CF50AD165B951F8043B84EA0204B4EBF8
:1013E000034F0CD150F8042BEBE74FEA134330E0E6
:1013F00015EA1C4528D10B884FEA124229E04FEA32
:10140000124203EA1C4324E002F0FF0482FA4CF586
:1014100094EA1365A5FA8CF50AD165B951F8043B35
:1014200084EA0204B4EB032F09D150F8042BEBE754
:101430004FEA13630DE015F0FF0F05D10B684FEA7B
:10144000122223F07F4304E04FF00000FDE8044542
:10145000704712BA1BBA82FA4CF482EA0304A4FA67
:101460008CF5B5FA85F402FA04F203FA04F34FEAB4
:101470001260FDE80445A0EB136070470000000017
:1014800090F800F06DE9024520F007016FF0000CC4
:1014900010F0070491F820F040F049804FF000046C
:1014A0006FF00700D1E9002391F840F000F1080047
:1014B00082FA4CF2A4FA8CF283FA4CF3A2FA8CF37F
:1014C0004BBBD1E9022382FA4CF200F10800A4FAE6
:1014D0008CF283FA4CF3A2FA8CF3E3B9D1E904233A
:1014E00082FA4CF200F10800A4FA8CF283FA4CF371
:1014F000A2FA8CF37BB9D1E9062301F1200182FA2B
:101500004CF200F10800A4FA8CF283FA4CF3A2FA30
:101510008CF3002BC6D0002A04BF04301A4612BA3E
:10152000B2FA82F2FDE8024500EBD2007047D1E941
:10153000002304F00305C4F100004FEAC50514F0D0
:10154000040F91F840F00CFA05F562EA05021CBFA1
:1015500063EA050362464FF00004A9E7A2B330B581
:1015600040EA0104A40784460B462AD09CF80000F8
:101570000C7884422FD1012A0DD0E64660B11EF8C6
:10158000010F11F8014F6FEA0E03A042134422D15C
:101590001CEB0303F2D1002030BD0468194653F858
:1015A000045BA4F1013EAC4284462EEA040E00F135
:1015B00004000BD1043A84461946ECD01EF0803F5B
:1015C000E9D1032AE9D8D1E7104670479CF800001A
:1015D0000C78A042D1D0001B30BD00BF000000003D
:1015E0002DE9F04F2DED068BBBB08846914609934F
:1015F00009EE100A04F030F9036810931846FFF75B
:101600003FFFB8F80C300F90180604D5D8F810300A
:10161000002B00F0E7869FED867B0023CDE91E338B
:101620008DED0C7B2AAA0B931D9292460E9311937B
:10163000069399F80030002B00F087814C4604E0B7
:1016400014F8013F002B00F0C580252BF8D1B4EB36
:10165000090540F0C3802378002B00F07681002339
:101660004FF0FF3265788DF8573004F101091846C4
:10167000059207939B4609F10109A5F12002582A1A
:1016800000F2DA80DFE812F05E02D800D8005902DA
:10169000D800D800D800D800D800D8000C025402D6
:1016A000D80017021C02D8004F02590059005900F7
:1016B000590059005900590059005900D800D80064
:1016C000D800D800D800D800D800D800D800D8005A
:1016D00036026C01D8006C01D800D800D800D800C0
:1016E0006602D800D8007800D800D800D800D8000A
:1016F000D8006800D800D8007902D800D800D800F7
:10170000D800D800D800D800D800D800D8006B0284
:10171000CF016C016C016C019A02CF01D800D80096
:101720000E03D800F8027A00DD02D802D800B60213
:10173000D8006A00D800D8009F02A5F1300200212D
:1017400019F8015B01EB810102EB4101A5F13002C7
:10175000092AF5D9079190E74BF0100B1BF02001F7
:1017600000F05381099B073323F00703596853F8AE
:10177000080B099301230EE04BF0100B1BF0200126
:1017800000F03681099B073323F00703596853F8AB
:10179000080B0993002300248DF85740059A561C26
:1017A00000F08F822BF08006039650EA010640F08D
:1017B0008682002A40F00E83002B40F03C851BF00F
:1017C0000103089300F0AF8530238DF8A7300DF1A9
:1017D000A7069BE2B4EB090500F0B7801F9B2B44E2
:1017E0001F931E9B0133072BCAE900951E9305DC4E
:1017F0000AF1080A069B2B4406932CE719EE100AFF
:101800001DAA414606F038FD18B90DF1A80AF1E706
:10181000B046B8F80C3013F0400F069B18BF4FF0DD
:10182000FF33069306983BB0BDEC068BBDE8F08F06
:101830000000000000000000002B40F0E987002DB0
:1018400000F0838000238DF8573001238DF88050FD
:101850000493089320AE0023CDF80CB005930A93AF
:10186000039B13F0020302D0049A02320492039AFB
:1018700012F0840B05D1079A0499571A002F00F330
:10188000A0831F9C9DF857208AB11E9A0DF1570125
:1018900001320134CAF80010072A4FF001011F94E9
:1018A0001E92CAF8041000F3D9830AF1080A83B122
:1018B0001E9B16AA01330234CAF80020072B4FF0F2
:1018C00002021F941E93CAF8042000F3D6830AF183
:1018D000080ABBF1800F00F09982059B089AA3EBE0
:1018E000020BBBF1000F00F3D482039BDF0500F174
:1018F0001682089BCAF804301C441E9BCAF800607C
:101900000133072B1F941E9300F34E830AF1080A3C
:10191000039B5B0705D5079B049A9D1A002D00F3D6
:10192000B983DDE9063204998A42ACBF9B185B1883
:101930000693002C40F0E88200231E9399F80030B3
:101940000DF1A80A002B7FF479AE1F9B002B3FF40A
:1019500060AF19EE100A1DAA414606F08DFC58E74B
:10196000002B41F00680099B073323F00703B3ECFB
:10197000027B8DED0C7BDDE90C67099327F00043BA
:1019800008EE903A08EE106AB64B51EC180B4FF087
:10199000FF320AF087FC002840F0C784B14B51ECBD
:1019A000180B4FF0FF320AF05FFC002840F0BD84B6
:1019B00000220023304639460AF04CFC002840F053
:1019C000FC869DF85740A84E2BF080030393A74B4D
:1019D0000022472DC8BF1E460323CDE904320893D9
:1019E0000A92002C3FF43CAF049B0133049337E789
:1019F0001BF0100348D11BF0400145D0099A52F862
:101A0000040B0992194680B2C5E61BF0100341D1C0
:101A10001BF040013ED0099A52F8040B0992194676
:101A200080B20123B7E6002B40F0A7871BF0200F00
:101A3000099B68D0073323F007031A465B6852F806
:101A4000080B09921946002BC0F23D84059B013317
:101A500000F085852BF08003039350EA01039DF885
:101A6000574000F0E483DDF80CB00A2871F1000360
:101A700080F01085303001238DF8A700CDF80CB030
:101A800008930DF1A70641E1099B53F8040B099354
:101A90000B4680E6099B53F8040B099301237AE671
:101AA000099A52F8041B0791002980F2378407999C
:101AB00009924942079199F800504BF0040BDAE57E
:101AC000494611F8015B2A2D00F0C787A5F13002C5
:101AD000092A894698BF002100F23B8719F8015B6B
:101AE00001EB810102EB4101A5F13002092AF5D990
:101AF0000591C2E5002B40F044874BF0100B1BF022
:101B0000200F099B96D153F8040B09931BF0100F7B
:101B100040F0D4831BF0400F00F0D08340F3C0317D
:101B20000B4600B28FE799F800504BF0800BA2E50E
:101B300099F8005001232B209DE599F800504BF0B7
:101B4000010B98E599F8005000287FF494AD01232B
:101B5000202090E599F800504BF0080B8BE5099B8D
:101B600000228DF8572053F8042B099301238DF898
:101B700080200493089320AE6DE6002B40F0F186A0
:101B80003B4B0E931BF0200125D0099B073323F01C
:101B90000703596853F8080B09931BF0010F0BD08A
:101BA00050EA010308D030238DF858308DF8595091
:101BB0004BF0020B0223EEE50223ECE599F800500E
:101BC0004BF0400B57E5002B40F0C786294B0E9396
:101BD0001BF02001D9D11BF0100340F06A831BF0E9
:101BE000400100F06683099A52F8040B09921946E5
:101BF00080B2D2E7099C059B54F8046B00278DF84E
:101C00005770002E00F0E5845A1C00F0FC831A4641
:101C10003946304603F04CFF002800F08286831BD3
:101C2000089323EAE373099405979DF85740CDF88C
:101C30000CB004930A97D4E699F800504BF0200BAF
:101C400019E5099B53F8040B0993302378258DF887
:101C50005830084B0E934BF0020B8DF85950002171
:101C6000022398E5FFFFEF7F58DB04085CDB0408E4
:101C70002CAE030868DB0408002B40F076861BF0CE
:101C8000200F40F099831BF0100F40F0F5831BF0FC
:101C9000400F00F0F183099B069953F8042B099338
:101CA0001180C6E499F800506C2D03BF99F80150DB
:101CB0004BF0200B09F101094BF0100BDBE4DDF8D0
:101CC0000CB0012B3FF4D1AE022B00F08B802AAE7A
:101CD00000F00703C00840EA4170C908303350EAF9
:101CE0000107324606F8013DF2D11BF0010F00F06A
:101CF0008780302B00F084803023023A06F8013CC4
:101D00002AAB9B1ACDF80CB008931646059B089A8F
:101D10009342B8BF1346049300230A9361E6652DEE
:101D200040F3FC80DDE90C01002200230AF088FA70
:101D3000002800F0EA811E9BAA4ACAF8002001335D
:101D400001340122072B1F941E93CAF8042000F3CC
:101D500016840AF1080A179B0B9A934203DB039B34
:101D6000D8077FF5D5AD0F9B109A1C44CAE9002314
:101D70001E9B1F940133072B1E9300F31C840AF152
:101D8000080A0B9B5D1E002D7FF7C2AD102D1E9B18
:101D9000954F40F3E88319EE10BA102605E00AF1DA
:101DA000080A103D102D40F3DE8301331034072B59
:101DB000CAE90076CDE91E34F1DD1DAA4146584638
:101DC00006F05AFA00287FF424ADDDE91E340DF147
:101DD000A80AE6E7012B00F06F85022BDDF80CB0B6
:101DE0007FF475AF0E9A2AAE00F00F030009D35CA2
:101DF00006F8013D40EA0170090950EA0103F3D1F8
:101E00002AAB9B1BCDF80CB008937FE7079B049A85
:101E1000A3EB020BBBF1000F7FF75FADBBF1100F1F
:101E20001E9A714F27DD2146102319EE104A06E055
:101E3000ABF1100BBBF1100F0AF1080A1ADD0132E9
:101E40001031072ACAE90073CDE91E21F0DD1DAA71
:101E5000414620460DF1A80A06F00EFA00287FF44C
:101E6000D8ACABF1100BBBF1100FDDE91E214FF028
:101E70001003E4DC0C4601325C44072ACDE91E2441
:101E8000CAF80070CAF804B000F387830AF1080AA0
:101E900023E5BBF1100F1E9A534F27DD2146102377
:101EA00019EE104A06E0ABF1100BBBF1100F0AF16E
:101EB000080A1ADD01321031072ACAE90073CDE998
:101EC0001E21F0DD1DAA4146204606F0D5F9002866
:101ED0007FF49FACABF1100BBBF1100FDDE91E21BD
:101EE0000DF1A80A4FF01003E4DC0C4601325C440B
:101EF000072ACDE91E24CAF80070CAF804B000F31E
:101F0000CA810AF1080AF0E419EE100A1DAA414636
:101F100006F0B2F900283FF40FAD7AE40B9B012BD9
:101F200040F366811E9DCAF800600135013401232B
:101F3000072D1F941E95CAF8043000F3CE810AF1D4
:101F4000080A0F9B109A01351C44072DCAE900238B
:101F5000CDE91E5400F3D4810AF1080ADDE90C0131
:101F6000002200230AF06CF9002840F069810B9BE5
:101F70000135013B01361C44072DCAF800601E954F
:101F8000CAF804301F9400F344810AF1080A119B37
:101F9000CAF8043001351C44072D19ABCDE91E5495
:101FA000CAF800307FF7B2AC19EE100A1DAA4146FC
:101FB00006F062F900287FF42CAC1F9C0DF1A80AF2
:101FC000A6E4102FDDE91E2139DD1293CDF84C90E7
:101FD0001024B1460B464646B8462F4619EE105A15
:101FE0000BE000BF80B3040894A10308A8F1100817
:101FF000B8F1100F0AF1080A19DD0132BE49103399
:10200000072ACAE90014CDE91E23EFDD1DAA3146D7
:1020100028460DF1A80A06F02FF900287FF4F8AB46
:10202000A8F11008B8F1100FDDE91E23E5DC3D46EC
:1020300019464746129BB0464E46DDF84C90CAF80A
:10204000047001327C18072AAB49CAF80010CDE9A8
:102050001E2400F374820AF1080A13E419EE100A30
:102060001DAA4146129306F007F900287FF4D1AB70
:102070001F9C129B0DF1A80A19E419EE100A1DAA63
:10208000414606F0F9F800287FF4C3AB1F9C0DF120
:10209000A80A1EE4102D1E9B20DD19EE107A1026D2
:1020A00004E0103D102D0AF1080A17DD0133924AB1
:1020B0001034072BCAE90026CDE91E34F1DD1DAA34
:1020C000414638460DF1A80A06F0D6F800287FF4FC
:1020D000A0AB103D102DDDE91E34E7DC0133864A4C
:1020E000CAF804502C44072BCDE91E34CAF800204E
:1020F0007FF717AC19EE100A1DAA414606F0BCF88E
:1021000000287FF486AB1F9C0BE41799002940F34D
:10211000E181DDE90A379F42A8BF1F46002F0BDD92
:102120001E9B01333C44072BCAE900671F941E9392
:1021300000F3D7830AF1080A0A9D002FA8BFED1B00
:10214000002D00F37081179D0B9B9D4280F23E8114
:102150000F9B109A1C44CAE900231E9B1F94013355
:10216000072B1E9300F344830AF1080A0B9B0A9A7B
:102170005D1B9F1AAF42A8BF2F46002F0EDD1E9B8E
:10218000CAF80470013316443C44072BCAF80060B7
:102190001F941E9300F3B5830AF1080A002FA8BF0D
:1021A000ED1B002D7FF7B4AB102D1E9B534F40F35A
:1021B000DA8119EE10BA102605E00AF1080A103D7E
:1021C000102D40F3D08101331034072BCAE900767B
:1021D000CDE91E34F1DD1DAA4146584606F04CF803
:1021E00000287FF416ABDDE91E340DF1A80AE6E7FE
:1021F000039BDA073FF596AE1E9DCAF800600135D5
:1022000001340123072D1F941E95CAF804307FF76F
:10221000BCAE19EE100A1DAA414606F02DF80028A2
:102220007FF4F7AADDE91E540DF1A80AAFE6059B7D
:10223000002B40F041830023059308932AAE65E507
:102240000B9B5E1E002E7FF7A2AE102E2B4F40F38D
:10225000CB81CDF814904FF0100B19EE109A05E0D9
:102260000AF1080A103E102E40F3BC8101351034EB
:10227000072DCAE9007BCDE91E54F1DD1DAA4146B8
:10228000484605F0F9FF00287FF4C3AADDE91E5493
:102290000DF1A80AE6E719EE100A1DAA414605F05D
:1022A000EBFF00287FF4B5AA1F9C0DF1A80AFFF7E9
:1022B0001CBB099B53F8040B09936EE4C1170B4632
:1022C000002BBFF6C3AB40424FF02D0461EB410140
:1022D0008DF857400123FFF761BA19EE100A1DAAC5
:1022E000414605F0C9FF00287FF493AADDE91E549A
:1022F0000DF1A80A25E600BF84A1030894A10308F4
:1023000019EE100A1DAA414605F0B6FF00287FF419
:1023100080AADDE91E540DF1A80A1FE699F80050C5
:102320000992FFF7A8B92AAEF0E4DDE90C010246F4
:102330000B4609F0B7FF002840F05183059B01339D
:1023400025F02003049300F0D982472B00F09C80F5
:10235000DDE90C014BF4807200290392C0F2328255
:102360009DED0C7B0027B0EE47AAF0EE67AA662D24
:1023700000F07A81462D00F07781B0EE4A0AF0EE47
:102380006A0A049B452B0ABF059B059C5C1C1BAB82
:10239000019318AB009319EE100A17AB22460221E5
:1023A00001F072FD672D064640F092821BF0010F8E
:1023B00000F0AC8134446FE1099B069853F8041B8C
:1023C0000993C217C1E90002FFF733B9039BD9078C
:1023D0003FF5BEAEDDE90A239F1A5D1BAF42A8BFE1
:1023E0002F46DBE619EE100A4021FEF729F8C8F85F
:1023F0000000C8F81000002800F03E834023C8F811
:102400001430FFF708B9304609940597CDF80CB0A1
:10241000FFF736F820EAE0739DF8574008900493E0
:102420000A97FFF7DEBA102D1E9BB54F40F3B88117
:102430003A460596474619EE106A4FF0100B904643
:1024400005E00AF1080A103D102D40F3A581013383
:102450001034072BCAE9008BCDE91E34F1DD1DAA2B
:102460003946304605F008FF002840F0A782DDE934
:102470001E340DF1A80AE6E7099B069953F8042BD0
:1024800011600993FFF7D5B8059B002B08BF012306
:1024900005935DE7CDF80C902AAEA1460A220023F1
:1024A00004460F460AF00AF9303206F8012D0023DF
:1024B000204639460A220AF001F90A2C77F1000376
:1024C000ECD22AAB9B1B4C460893DDF80C90CDF860
:1024D0000CB01BE41E9B8B4ACAF800200133013468
:1024E0000122072B1F941E93CAF8042000F3728167
:1024F0000AF1080A002940F08380039B0B9A03F03D
:10250000010313433FF404AA0F9B10991A19CAE957
:1025100000131E9B1F920133072B1E9300F37C8137
:102520000AF1080A0B99CAF8006001338C18072BCE
:10253000CDE91E34CAF804107FF7E8A934E519EE96
:10254000100A1DAA4146129305F096FE00287FF45A
:1025500060A91F9C129B0DF1A80AFFF793B99DF883
:102560005740FFF782BA01332C44072BCAF800709A
:10257000CAF80450CDE91E347FF7C8A914E519EE56
:10258000100A1DAA414605F077FE00287FF441A9F4
:102590001F9C0DF1A80AFFF7DEBB19EE100A1DAA59
:1025A000414605F069FE00287FF433A91F9C0DF118
:1025B000A80AFFF792B919EE100A1DAA414605F0C4
:1025C0005BFE00287FF425A91F9C0DF1A80AFFF7E8
:1025D000D8BB062B28BF0623CDE908344A4E049306
:1025E000FFF739B9DDF81490CAF8007001353444AA
:1025F000072DCDE91E54CAF804607FF7C6AC08E683
:102600000F9B10981A19CAE900031E9B1F920133F1
:10261000072B1E9300F300810AF1080A002981DAD2
:102620004D421031364F80F2B08119EE10BA1024AD
:1026300005E00AF1080A103D102D40F3A681013390
:102640001032072BCAE90074CDE91E32F1DD1DAA54
:102650004146584605F010FE00287FF4DAA8DDE96F
:102660001E320DF1A80AE6E7059CB0EE4A0AF0EE2C
:102670006A0A1BAB019318AB0093224617AB19EE05
:10268000100A032101F000FC064604193378302BB0
:1026900000F09781179B1C4451EC1A0B0022002379
:1026A00009F0CEFD002840F0B1801B9BA34206D26A
:1026B00030215A1C1B9219701B9B9C42F9D89B1B02
:1026C0000B93049B472B28D0662D40F0DE81179B8F
:1026D000059A0A93002B0BF0010B40F3F1805BEAA3
:1026E000020140F09F810A9B04930893002F00F0A1
:1026F000F3802D238DF8573000230593FFF774B92D
:1027000094A1030880B304087CDB04081B9B9B1B7B
:102710000B93049B472B40F0B881179B0A93D91C5D
:1027200011DB059A93420EDCDDE90A329342C0F2D6
:1027300004811BF0010F40F0638123EAE3720492ED
:1027400008936725D2E7023D0A9A8DF86450531E1C
:10275000002B1793B6BFC2F101032B222D22092BA8
:102760008DF8652074DC30338DF8673030238DF8B8
:102770006630042311930B9A119B012A134408938A
:1027800040F34781089B0F9A1344089323EAE373AD
:10279000049300230A93A9E74246059EB8461746CC
:1027A00001332C44072BCDE91E34CAF80070CAF857
:1027B000045040DC0AF1080AC5E42D248DF8574086
:1027C000FFF701B901F100430AEE100A0AEE903A50
:1027D0002D27CCE519EE100A1DAA414605F04CFD47
:1027E00000287FF416A817991F9C0DF1A80A81E60E
:1027F00019EE100A1DAA414605F03EFD00287FF49F
:1028000008A8179D1F9C0DF1A80AAFE4234656E7C0
:102810008DF85700FFF713B819EE100A1DAA4146AC
:1028200005F02AFD00287EF4F4AFDDE91E32179989
:102830000DF1A80AF2E619EE100A1DAA414605F0AC
:102840001BFD00287EF4E5AF1F9C0DF1A80A7AE479
:102850000DF17304DFF840C2224610468CFB0321C1
:10286000DA17C2EBA10202EB8201A3EB4101303186
:1028700000F8011C19466329134600F1FF32ECDC15
:102880003033D9B2831E9C4202F8011C40F2F18021
:1028900013460DF1660201E013F8011B02F8011B5B
:1028A0009C42F9D10DF175030DF166021B1A134418
:1028B00019AA9B1A11935EE7DDF80CB0FFF7DAB89E
:1028C0005BEA020340F0B6800123049308930DE70E
:1028D000472D3FF46BAD6DE59DF857400597FFF729
:1028E00080B819EE100A1DAA414605F0C5FC002863
:1028F0007EF48FAF1F9C0DF1A80A1DE406230593FB
:1029000026E519EE100A1DAA414605F0B5FC00287F
:102910007EF47FAF179D0B9B1F9C5D1B0DF1A80ADA
:102920003CE4059B0994CDF80CB09DF85740049306
:10293000089305900A90FFF754B80F9A0B9B134425
:102940000A9A0893002A7DDD23EAE373049367253E
:10295000CCE600220592FEF790BE8DF85700FFF7F7
:1029600035B98DF85700FFF70BB98DF85700FFF711
:1029700086B98DF85700FEF7F6BF8DF85700FFF7C0
:1029800055B88DF85700FFF7B8B801332A44072B24
:10299000CDE91E32CAF80070CAF804507FF7C0AD06
:1029A00019EE100A1DAA414605F066FC00287EF4C7
:1029B00030AFDDE91E320DF1A80AB3E5B846FEF7E7
:1029C00028BF51EC1A0B0022002309F039FC002823
:1029D0007FF460AE059BC3F1010317935BE60D9B8B
:1029E0002B4E002BB8BF2D242BF080030393A8BFE0
:1029F0009DF85740274BB8BF8DF85740FEF7E8BF0A
:102A00000A9B0F9A1344089323EAE3730493672500
:102A10006CE61BF001020A927FF4B4AE23EAE37382
:102A2000049363E60F990B441A4422EAE273089276
:102A300004935BE60F9B01331A4422EAE273089287
:102A4000049353E60A9B089AC3F101031A4422EA4D
:102A5000E27308920493672548E6099A99F80150B1
:102A6000894652F8041B099241EAE1710591FEF78B
:102A700002BE022311937EE619EE102A0C23136086
:102A80004FF0FF330693FEF7CDBE179B0A935BE62C
:102A900060DB040864DB0408676666662DE9F04FB6
:102AA0008B46B1F90C10ADF5317D8E04814608934B
:102AB00009D4DBF8643041F4005123F40053ABF83F
:102AC0000C10CBF8643092461AF8012B1392002AAE
:102AD00000F02A870023734F09930A9307939846BF
:102AE0000493BB5C13F0080372D1252A60D19AF8D5
:102AF00000001E461D46A0F125020AF10101532ADD
:102B000061D8DFE812F054006000600060006000EF
:102B1000710460006000600060006000AE00AE0004
:102B2000AE00AE00AE00AE00AE00AE00AE00AE0035
:102B30006000600060006000600060006000600095
:102B4000600060000D04BA006000BA006000600020
:102B500060006000320460006000040460006000F7
:102B6000600060006000600060006000A103600021
:102B7000600016046000600060006000600060009B
:102B8000600020040F04BA00BA00BA003C044604F6
:102B9000600060004D0460005A04060425046000D3
:102BA0006000280460002B0460006000A1038A46D6
:102BB000DBF80430002B3DDDDBF800301AF8012C87
:102BC0001978914225D004980DF5317DBDE8F08F3C
:102BD000DBF804200EE0DBF800301A78BA5C150749
:102BE00003F101030ED5DBF80420013ACBE90032F2
:102BF00008F10108002AEEDC5946484606F026F99D
:102C00000028E8D01AF8012B1392002A7FF469AF4C
:102C1000D9E70133CBF80030DBF80430013BCBF8C7
:102C200004301AF8012B139208F10108002A7FF4EE
:102C300058AFC8E75946484606F008F90028BBD007
:102C4000049A002A00F0CE86BBF80C3013F0400F37
:102C500018BF4FF0FF32049204980DF5317DBDE8A6
:102C6000F08F16F08F0FAED105EB850500EB450513
:102C7000303D9AF801008A463DE78A460424DBF895
:102C80000420002A40F3EE82720640F1F782621EB1
:102C9000032A00F2E786DFE812F0CC018701D300B7
:102CA000070000BFC9A103084846039302F0D4FD02
:102CB0006A1E03680D93B2F5AE7F039B40F2F48366
:102CC0006FF4AE7C05EB0C02109240F25D15002211
:102CD00058A946F4F0660B910C46CDF838A0594639
:102CE0001192CB460F9206920C9203969A46914609
:102CF00008680278A2F12B0CBCF14E0F50D8DFE827
:102D00001CF0E6014F00E6014F004F008C029700D7
:102D100097009700970097009700970097009700FB
:102D20004F004F004F004F004F004F004F00DF019A
:102D30004F004F004F00680261024F004F00070232
:102D40004F004F004F004F00EE014F004F004F006B
:102D50004F004F00D8014F004F004F004F00D101EE
:102D60004F004F004F004F004F004F004F00DF015A
:102D70004F004F004F00680261024F004F000702F2
:102D80004F004F004F004F00EE014F004F004F002B
:102D90004F004F00D8014F004F004F004F00D101AE
:102DA0000D9B93F800C0944516D1039B9E0513D547
:102DB00023F420730393069B0C9304F8012B013D2D
:102DC0004A68013A002A08F101084A6040F3258365
:102DD00001300860002D8BD14A46D9468B460699B2
:102DE000039E5346DDF838A0002940F05A83013A8B
:102DF000012A40F2E9855A1E062A00F2A281022B1E
:102E000040F21986032B00F09C81043BDBB2DD43CA
:102E10000393254414F8011D5A46484605F0D6FF91
:102E2000A542F7D1039B08F1FF38A8EB030888E11E
:102E300019EB0A0FD0D1039B23F4C0730393BCE7B3
:102E40006B1EB3F5AE7F40F222836FF4AE72AB1807
:102E5000069340F25D1558AC00235946D346C2464E
:102E6000DDF81C800B9446F4586603930A681078CA
:102E7000A0F12B034D2B60D8DFE813F03B025F007D
:102E80003B025F005F00BF02C901C901C901C9015E
:102E9000C901C901C901410241025F005F005F0031
:102EA0005F005F005F005F004E004E004E004E006E
:102EB0004E004E005F005F005F005F005F005F003C
:102EC0005F005F005F005F005F005F005F005F000A
:102ED0005F005F005F002E025F005F005F005F0029
:102EE0005F005F005F005F004E004E004E004E002E
:102EF0004E004E005F005F005F005F005F005F00FC
:102F00005F005F005F005F005F005F005F005F00C9
:102F10005F005F005F002E02B8F10A0F0DDD26F49E
:102F2000386604F8010B4B68013B002B4B6040F303
:102F3000808201320A60013D98D1F005CDF81C80F5
:102F4000D046DA468B4607D50B9B9C4200F2B084F4
:102F50000B9B9C423FF437AE16F0100240F07A8291
:102F60000B99079B099D22704846A847B10600F1BE
:102F70006982720700F1358416F0010240F0628226
:102F8000B30740F15F82AE4B099999424846079BCF
:102F90000B9900F03C8504F0B5FF089B53F8042B17
:102FA0000893C2E9000152E2002D08BF4FF0FF353F
:102FB000F10700F18382F10640F13183DBF8003044
:102FC0001A78BA5C12073FF51DAE0133CBF800301A
:102FD000DBF80430012D03F1FF33CBF8043008BFD8
:102FE00008F101083FF40EAE012412E0DBF80030D6
:102FF0001A78BA5C160703F1010312D4CBF800303B
:10300000DBF804300134013BA542CBF8043000F07A
:103010006784002BEADC5946484605F017FF002874
:10302000E4D0A0441AF8012B1392002A7FF459AD82
:10303000C9E5002D08BF4FF0FF35F20700F13783D7
:10304000F00640F1A182DBF8003018AE1A78B25CCD
:10305000002A3FF4B8AD0133CBF80030DBF8043080
:10306000012D03F1FF33CBF8043011D1D9E7DBF8A0
:1030700000301A78B25C0133002AD2D0CBF800308D
:10308000DBF804300134013BA542CBF80430C8D052
:10309000002BECDC5946484605F0D8FE0028E6D067
:1030A000A044BFE7BAF1070F7FF496AE4FF0080ACD
:1030B00083E6BAF1060F7FF48FAE4FF0070A7CE685
:1030C000B9F1010F7FF488AE4FF0020975E6039B5A
:1030D0001E067FF581AE23F0800303936DE6B9F100
:1030E000000F40F0CD81069B33B9039B03F4E06CE5
:1030F000BCF5E06F00F0FE83BAF1010F03D0BAF126
:10310000040F7FF469AE0AF1010A5FFA8AFA54E605
:10311000BAF1000F40F0AB81069B002B40F0BA8162
:10312000039B03F4E06CBCF5E06F00F0DC834A46DF
:10313000013A012AD946039EDDF838A08B4640F2B9
:103140004384F00513D5710500F1518414F8011C76
:10315000652904F1FF3308F1FF3502D0452940F01D
:1031600033835A464846A8461C4605F02FFE16F003
:1031700010027FF447AD06F4C063B3F5806F227090
:1031800000F09F830F9B002B40F0518300220B998E
:10319000484604F061FCF20755EC104B02D4B3072B
:1031A00040F12583089B53F8042BC2E9004508939E
:1031B000049B1AF8012B139201330493002A7FF425
:1031C00090AC00E5BAF1020F7FF406AE4FF0030AAF
:1031D000F3E5039B03F4A06CBCF5806F06D05E059D
:1031E0007FF5FAAD069B002B00F0E583039B9B0562
:1031F00004D4069B0C9E11949B1B0F93039B23F4FA
:10320000F06646F4C073039300230693D5E50D4B97
:1032100026F4386633F9188083E6039BDE057FF5D4
:1032200007AE23F080030393069B01330693109BA4
:10323000002B3FF4C4AD109B013B1093C0E500BFD1
:1032400075800008A4A1030846F40076984A099204
:1032500010220792DBF80420002A8A464FF003046C
:103260003FF712AD59464846039305F0EFFD039B27
:1032700000287FF4E5AC72063FF509ADDBF80010DD
:103280000A78BA5C10077FF502AD03935B460A46E5
:10329000C346A0461C4604E022601378FB5C190775
:1032A00014D56368013B002B0BF1010B636002F145
:1032B0000102F1DC2146484605F0C8FD002840F037
:1032C000F38122681378FB5C1907EAD42246039B3A
:1032D0004446D8469346DAE406F4C063B3F5007F6B
:1032E0007FF42BAE26F4007646F4A0664FF010086B
:1032F00017E633067FF521AE26F0800611E66D4B0A
:1033000033F91880B8F1080F3FF709AE15E646F01B
:103310000106674A099208228A4607920324AEE40E
:1033200046F00106644A09920A228A46079203245B
:10333000A5E418A8039303F05DFB46F04006039B49
:10334000824601249BE446F040068A46002496E427
:1033500046F408767AE78A46022490E4544A0992B1
:103360000A228A460792032489E430077FF42BACB3
:103370009AF8010046F002068A46FFF7BCBB320706
:103380007FF421AC9AF8010046F004068A46FFF764
:10339000B2BB494A099200228A46079203246EE48E
:1033A00034077FF410AC9AF801006C2800F090828A
:1033B00046F001068A46FFF79EBBF30600F1FE8148
:1033C000750700F12B82F40700F1B182B00740F1DC
:1033D000AE82089B53F8042B08934FEAE8738A46A1
:1033E000C2F8008053600DE435437FF4ECAB9AF8EB
:1033F000010010268A46FFF77EBB33057FF591ADAD
:10340000B8F1000F03D146F400764FF008087305B9
:1034100040F1C88126F4B06683E55846059105F071
:1034200015FD059900287FF4D7AC002D7FF460AC22
:10343000D2E44846059105F009FD059900283FF4BE
:103440007AAD7AE5089B53F8042B10600893049B2F
:10345000013304930B9B1AF8012B1392E41A039B7C
:1034600023449844002A7FF43CABFFF7ACBBBAF18D
:10347000030F3FF448AEBAF1050F3FF444AEABE49E
:10348000B9F1020F7FF438AE4FF0030995E4002341
:103490000693E0E45346039EDDF838A04A46D94639
:1034A0008B4626F48076A2E4002210920FE400BF3F
:1034B00075800008A4A103082D7D000816F01006F1
:1034C00040F07F81089B53F8042B03920893DBF8AC
:1034D00000301B78FB5C13F0080440F0DF81059698
:1034E000CDF818A002F090F9A0422E463FF4A8AB08
:1034F000DBE9003213F8011B013ACBE900320A9BE9
:1035000058A8032B015504F1010A16AD02D12B680E
:10351000042B04D0082200212846FDF751FB58AAAD
:10352000039900955346484602F054FA421C0A900B
:103530003FF486AB002840F0E481039A106002F06B
:1035400035F9002840F00B82D044013E059B002B4A
:1035500040F01882039A043203929A46DBF8043052
:10356000002B40F3ED81DBF800301B78FB5C180783
:1035700000F19281002E00F08F8102F045F954464F
:10358000A042B5D1FFF75CBBDBF8002008991378A7
:1035900051F8040B039018AE0591F35C002B3FF437
:1035A00012ABDBF80430013BCBF80430531CCBF8F2
:1035B00000300446137804F8013B012D21D0054466
:1035C00011E0DBF800301A78B25CD2B1DBF80420ED
:1035D000013ACBF804205A1CCBF800201B7804F8E1
:1035E000013BAC420DD0DBF80430002BE9DC59463E
:1035F000484605F02BFC0028E3D0039BA3423FF490
:103600001FAB039BE61A3FF4DEAA049B013304932D
:10361000059B08930023B0442370FFF7F3BA089B7F
:103620001A46DBF8003052F8046B03921A78BA5C41
:10363000100700F1EA81DBF80420013ACBF80420FE
:103640005A1CCBF8002034461B7804F8013B012DAE
:1036500000F0E181354412E0DBF800301A78BA5C02
:10366000110716D4DBF80420013ACBF804205A1CC9
:10367000CBF800201B7804F8013BAC4209D0DBF802
:103680000430002BE8DC5946484605F0DFFB0028F3
:10369000E2D0A61BB044049B01330493039B089320
:1036A00000232370FFF7AEBAA346FFF7C9BA16F09E
:1036B00010030B9340F09280089B53F8042B039265
:1036C0000893CDE905580A9CCDF830A0002602F0F9
:1036D0009BF8B0423FF4B4AADBE9003258A813F8D3
:1036E000011B8155013A032CCBE9003206F1010A96
:1036F0000DF1500803D1D8F80030042B04D0082273
:1037000000214046FDF75CFA039DCDF8008053464A
:1037100058AA2946484602F05DF9431C04463FF486
:103720008FAA002840F097802860054616AB082233
:10373000002118460A93FDF743FAB8490A9BD1F8CD
:10374000E0102A4648460D4612A9A847012800F075
:103750009A80002218AB9B5C002B00F01681069B20
:10376000032C5344069300F09180059B013B059385
:103770000B9B13B9039B04330393DBF80430002B3A
:103780004FF0000670DD059B002BA0D1DDF81880FE
:10379000DDF830A00A940B9B002B7FF433AA039A28
:1037A000136005E5069B26F4607613B1013B069392
:1037B0000135039B01330393FFF7B5BB8A46FFF73F
:1037C00021BA13AB039382E65A46484605F0FEFA47
:1037D000A8F1020514F8021CA31EC2E413AB039364
:1037E0006FE7089B53F8042B089310802FE6089E80
:1037F00056F8043B039310EE102A10EE100A2B46E5
:10380000294608F04FFD002840F00C81204629464B
:1038100008F0A6FD039B08961860C9E4089B53F8BE
:10382000042B08938A46A2F80080FFF7EBB9119C9D
:1038300021460A230131484604F078FA0F9BC21A48
:103840000DF2B3239C4228BF0DF2B22474492046E6
:1038500003F038F99AE4851C40F0FC80DBF8043072
:10386000002B56463FF733AF5946484605F0EEFA6F
:10387000002888D0DDF81880DDF830A00A94002EEA
:1038800089D0FFF7DDB99DF8482063E7D8F800300C
:10389000042B7FF46AAF6BE7DDE9056A002E7FF445
:1038A000B1A9039B1E60049B01330493FFF7AAB9DF
:1038B00014F8011C5A464846013C05F087FAFFF708
:1038C00047BB0C9B06998B42A3EB0102B8D15DE488
:1038D0009AF8020046F002060AF1020AFFF70BB955
:1038E000A844FFF78FB923F4F06303934FF0010A64
:1038F000FFF763BA23F4F06303934FF00109FFF776
:103900005CBA0A9B02333FF429AE039B186801F0AE
:103910004DFF20BB0A9B032BD0447FF416AE2B68CF
:10392000042B7FF412AE11E60492FFF74CB9089B0A
:1039300053F8042B8A46C2F800800893FFF762B957
:103940005946484605F082FA00283FF40CAE53462B
:10395000059EDDF818A0002B7FF472A99EE7534660
:10396000059EDDF818A0002B98D058AB1C44C3F17D
:10397000010514F801195A46484605F027FAE542B0
:10398000F7D18BE74FF0000AE8E55346DDF81880E1
:10399000DDF830A00A94002B3FF4FDAE58AB1E4476
:1039A000C3F1010416F801195A46484605F00EFA0B
:1039B000F442F7D1EFE64A465346D946039EDDF876
:1039C00038A08B46FFF713BA0B9DAC427FF6FBA8DD
:1039D00014F8011D5A46484605F0F8F9AC42F7D1F3
:1039E000FFF7F1B84FF0FF330493FFF7ECB80B9DEE
:1039F000AC427FF6E8A814F8011D5A46484605F087
:103A0000E5F9AC42F7D1FFF7DEB8344643E604F0FF
:103A100019FCFFF7C2BA08F101083CE6580A002079
:103A200084DB04086A48089603F02AF8039B83EDB8
:103A3000000AFFF7BDBB0B9A94427FF6C4A814F8A6
:103A4000011D5A46484605F0C1F90B9B9C42F6D130
:103A5000FFF7B9B8039B1B681D4601337FF466AEC0
:103A60002A4677E6012D38BF012516F0010415D14D
:103A7000F10679D4089C2B4654F8041BCDF800B00D
:103A80000122484605F000FA00283FF4D9A8049B1B
:103A90000894013380440493FFF7B4B816F0100380
:103AA000039308BF089BCDF814A004BF53F8046B20
:103AB00008934FF000040A9BAA4618BF00264D4603
:103AC000A146069301F0A0FE48453FF4B9A8DBE902
:103AD000002158AB12F8010B03F80900069B0139CD
:103AE000032BCBE9002109F1010916AC02D12368AF
:103AF000042B04D0082200212046FDF761F84B4634
:103B000058AA00943146284601F064FF421C03463F
:103B10003FF496A800283DD1039A02B93260C84408
:103B20000AF1FF3A039A02B90436DBF80420002AAE
:103B30004FF0000934DDBAF1000FC2D1DDF814A056
:103B40000A93A946039B002B3FF432ABFFF75AB808
:103B5000DBF800201A44CBF80020594648461C44A4
:103B6000ED1A05F073F978B9DBF804309D42EFDC0B
:103B70005B1BCBF80430DBF800302C441D44CBF841
:103B80000050A044FFF74EBA002C3FF459A8A044BF
:103B9000FFF748BA981C14D1DBF80420002A90DC07
:103BA00059462846069305F051F9069B0028C2D0D5
:103BB0004C46DDF814A00A93A946002CC2D0FFF7AA
:103BC0003FB8032BC844ABD12268042AA8D1A9E787
:103BD00040DC040838B50C46084D844611462046A2
:103BE0001A4600232B60644622F0DAF8431C00D00A
:103BF00038BD2B68002BFBD0236038BDF00F0020B0
:103C000038B5334B1B6805460C460BB19A6B12B3A3
:103C1000B4F90C3018079AB225D5216900292DD0A6
:103C200012F0010007D00020A06060694042A0614E
:103C300039B1002038BD950758BF6069A0600029E0
:103C4000F7D1120658BF0846F4D543F04003A381CC
:103C50004FF0FF3038BD184601F076FAB4F90C3059
:103C600018079AB2D9D4D1062AD5520714D421699B
:103C700043F00803A3819AB20029D1D102F4207045
:103C8000B0F5007FCCD02146284601F003FEB4F900
:103C90000C3021699AB2C3E7216B51B104F14002A3
:103CA000914204D0284601F0BFFAB4F90C3000224A
:103CB000226321690022C4E9001223F02403D7E71C
:103CC000092243F040032A604FF0FF30A38138BD42
:103CD0001802002070B4184C2568D5F848411CB370
:103CE00065681F2D25DC38B9AB1C0135656044F8CB
:103CF0002310002070BC704704EB850C0228CCF820
:103D00008820D4F888614FF0010202FA05F246EAF1
:103D10000206C4F88861CCF80831E5D1D4F88C31BA
:103D20001343C4F88C31DFE705F5A674C5F84841A4
:103D3000D6E74FF0FF30DDE780A1030838B5074D27
:103D40000022044608462A6009F00EFE431C00D0FB
:103D500038BD2B68002BFBD0236038BDF00F00204E
:103D60002DE9F04F03690C69A34283B0C0F287804C
:103D7000013C01F11405A30000F11408009355F86B
:103D8000243058F82420013381469A4208EB8400FD
:103D900005EB84070190B2FBF3F63BD30023AE465C
:103DA00040469B465EF804AB02681FFA8AFC06FB9D
:103DB0000C334FEA134C4FEA1A4A06FB0ACA1FFAA1
:103DC00083FCABEB0C0C1FFA8AF31CFA82FCC3EBEE
:103DD000124202EB2C421FFA8CFC4CEA024377455C
:103DE00040F8043B4FEA224B4FEA1A43DAD2009BD9
:103DF00058F8033073B9019B043B984504D307E09E
:103E0000984504F1FF3403D253F80429002AF7D06F
:103E1000C9F81040484602F07DF900282BDB013636
:103E20004046002355F8041BD0F800C08AB29A1A05
:103E30000B0C12FA8CF2C3EB1C4303EB224392B23D
:103E400042EA0342AF4240F8042B4FEA2343E9D24F
:103E500058F8242008EB84036AB9043B984504D33E
:103E600007E0984504F1FF3403D253F80429002AEF
:103E7000F7D0C9F81040304603B0BDE8F08F0020FD
:103E800003B0BDE8F08F00BF2DE9F04F2DED068B9C
:103E900095B08DED020B0191016C249D099259ECB6
:103EA000108B0446069341B1426C4A600123934053
:103EB0008B6001F073FE00232364B9F1000AB4BFE4
:103EC000012300232B607C4BBCBF2AF0004ACDF8B5
:103ED0000CA033EA0A0300F0B2809DED027B0022C1
:103EE00051EC170BB0EE479AF0EE679A002308F0FA
:103EF000A7F9074680B1069A01231360259B002B82
:103F000000F0DB826D481860431E0093009815B0E6
:103F1000BDEC068BBDE8F08F12AA13A92046B0EEC7
:103F2000490AF0EE690A02F04DFAB0EE498AF0EE65
:103F3000698A5FEA1A56054640F09980DDE91276F3
:103F40003E4406F23240202840F3AB83C0F14000EB
:103F50000AFA00FA06F2124028FA00F04AEA0000D3
:103F600007F08CFE0123013E0D93A1F1F871544B33
:103F7000002207F045FD4AA3D3E9002307F0F8FE2D
:103F800049A3D3E9002307F03DFD8046304689462A
:103F900007F084FE46A3D3E9002307F0E9FE0246BA
:103FA0000B464046494607F02DFD8046894608F0FD
:103FB0008FF90022834600234046494608F04AF91B
:103FC000002840F06D82BBF1160F00F25C823D4B81
:103FD00003EBCB03D3E9002351EC190B08F03AF9BA
:103FE000002875D00023BE1B0C93731E0BF1FF3B02
:103FF000049300F14F8200230893BBF1000F6EDAA7
:10400000089BCDF814B0A3EB0B030893CBF100038E
:104010000B93019B092B4FF0000B69D8052B40F344
:104020003E83043B01930026019B023B032B00F2DD
:104030009986DFE813F04E044B0443042604069AE5
:1040400042F20F73CAF3130A13605AEA08031DD130
:10405000259B002B00F07D861B4B00930833259A8F
:104060000098136015B0BDEC068BBDE8F08F18EE1C
:10407000903AC3F3130351EC190B43F07F510D97A2
:10408000A6F2FF36129F41F4401170E7259B002BEA
:1040900040F0DB830D4B009338E700BFAFF30080A7
:1040A00061436F63A787D23FB3C8608B288AC63F3E
:1040B000FB799F501344D33F0000F07F81B3040885
:1040C0000000F83FE0A2030890DB04088CDB040842
:1040D000BE1B731E049300F19A840C900890049BFD
:1040E0005B44CDE9043B00230B93019B092B95D93D
:1040F000002301264FF0FF3201930A96079209939D
:10410000079B0F9300216164204601F021FD009080
:10411000002800F02F86009B2364079B0E2B00F2E3
:10412000F980002E00F0F6800599002940F3718493
:10413000BD4B01F00F0203EBC2034FEA2118C90582
:10414000D3E9006740F10384B84B51EC190BD3E974
:10415000082307F037FF41EC180B08F00F084FF069
:10416000030AB8F1000F13D0DFF8C09218F0010F66
:1041700009D030463946D9E9002307F0F9FD0AF1A4
:10418000010A06460F465FEA680809F10809EDD101
:1041900051EC180B32463B4607F014FF41EC1A0B6A
:1041A0000C9B5BB157EC1A6BA14B1AEE100A002264
:1041B000394608F04FF8002840F05285504607F085
:1041C0006DFD53EC1A2B07F0D3FD9A4B002207F03C
:1041D00019FC079B8046A1F15079002B00F0F38376
:1041E000059B1093079B0E930A9B002B00F0C08445
:1041F0000E9A8D4B9049DDF800A003EBC20353E902
:104200000223002007F0DEFE42464B4607F0F8FB93
:1042100059EC1A8B41EC180B49461AEE100A08F0BB
:1042200057F8074607F03AFD02460B461AEE100A09
:10423000494607F0E5FB30370AF8017B53EC182BB1
:1042400006460F4608F006F8002840F055854FF066
:1042500000080AEE105ACDF844B055465BEC18AB96
:1042600008EE104A44462AE00E9B01349C424BDA89
:10427000724B50465946002207F07AFD6F4B0022E0
:1042800082468B463046394607F072FD89468046A5
:1042900008F01EF8074607F001FD02460B464046AF
:1042A000494607F0ADFB303705F8017B52465B46C7
:1042B00006460F4607F0CEFF002840F0188532462C
:1042C0003B465B49002007F09BFB52465B4607F0EC
:1042D000C1FF0028C8D0109B009A0593AA4618EE8B
:1042E000104A1AEE105A02E0924500F0EA84D146D4
:1042F0001AF8013D392BF7D00133DBB28AF80030D0
:10430000059B01330593ABE1DDF844B01AEE105A7A
:1043100018EE104A139B002BC0F29480059A0E2AC7
:1043200000F39080404B03EBC203D3E90089099B63
:10433000002B1BDA079B002B18DC40F05D83404B01
:1043400000224046494607F013FD02460B4651EC59
:10435000190B07F089FFDDF81CA05646002800F075
:10436000D082099BDDF80080DF43D2E242464B4613
:1043700051EC190B07F026FE07F0AAFF064683460C
:1043800007F08CFC42464B4607F0F2FC0B46024617
:1043900051EC190B07F034FBDDF800A03346303345
:1043A0000AF8013B079B012B00F08E834FF0010BB5
:1043B00008EE105A08EE904A1D465446DA461DE0B3
:1043C00042464B463046394607F0FCFD07F080FF79
:1043D000834607F063FC42464B4607F0C9FC0AF1EE
:1043E000010A0B4602463946304607F009FB0BF13D
:1043F0003003AA4504F8013B00F061830F4B002213
:1044000007F0B6FC0022002306460F4607F018FF0F
:104410000028D5D0A24618EE105A18EE904A059BF7
:1044200001330593D1461BE1E0A20308D0A30308A2
:104430000000F03F00001C400000E03F000024406E
:10444000000014400A9A002A3FD0019A012A40F342
:104450009C82079B03F1FF380B9B4345C0F26E82A1
:10446000A3EB0808079B002BC0F26683049A1A444A
:104470000492089A17461A4408920121204601F036
:1044800095FC064625E00123BE1B0C93731E049386
:104490007FF5B1ADC6F10103089300230493ACE5A9
:1044A000584607F0FBFB42464B4607F0C9FE002882
:1044B0007FF489AD0BF1FF3B85E5874B00930098B6
:1044C00015B0BDEC068BBDE8F08FDDF82C80089FA1
:1044D0000A9E002F0CDD049A002A09DD0899BA42D1
:1044E0001346A8BF3B46C91AFF1AD31A0891049372
:1044F0000B9BDBB10A9B002B00F08282B8F1000F0E
:104500000FDD31464246204601F02CFD2A46014689
:104510000646204601F078FC29460546204601F073
:104520003DFB0B9BB3EB080240F0008301212046CA
:1045300001F03CFCBBF1000F824600F3B780019B09
:10454000012B40F386814FF000080120BBF1000FE2
:1045500040F0B880049A104410F01F0000F09680DC
:10456000C0F12003042B40F3F883089BC0F11C002A
:1045700003440244089307440492089B002B05DD82
:1045800029461A46204601F04DFD0546049B002BA6
:1045900005DD51461A46204601F044FD82460C9B3B
:1045A000002B40F03781079B002B40F31E810A9BB4
:1045B000002B40F0A180059B01330593DDF80080BE
:1045C000DDF81C90012707E0294600230A22204637
:1045D00001F0EEFA0137054651462846FFF7C0FBC9
:1045E0004F4500F1300008F8010BEDDB079A002A77
:1045F000C8BF9346009AD8BF4FF0010B03469344BF
:104600000027294601222046019301F00BFD514667
:10461000054601F07FFD002840F3A5811BF8013C11
:10462000009A0BF1FF3B04E05A4500F0A7811BF80C
:10463000013D392B0BF10109F6D001338BF8003025
:104640005146204601F0AAFA56B12FB1B74203D025
:104650003946204601F0A2FA3146204601F09EFA82
:104660002946204601F09AFA002389F80030DDE956
:1046700005231A60259B002B3FF448AC0098C3F833
:10468000009015B0BDEC068BBDE8F08F1C20089B98
:1046900003440893049B0344074404936DE70126F5
:1046A000C2E4C0F1200008FA00F059E401465A467D
:1046B000204601F057FC019B012B824640F3D58137
:1046C0004FF00008DAF810300AEB8303186901F0A4
:1046D0001DFBC0F120003DE780B3040831460023F4
:1046E0000A22204601F064FA0F9B002B064640F395
:1046F0002383CDF814900793002F00F31881B8F1AD
:10470000000F40F0FC81B046029B009F079903F028
:1047100001027B1E1944019B0A92134308910993DD
:1047200051462846FFF71CFB31468346284601F0D8
:10473000F1FC424651468146204601F00DFDC2681B
:1047400001460BF13003002A42D10490284607931A
:1047500001F0E0FC04990290204601F01FFA029A51
:10476000079B1AB90999002900F0D682B9F1000F08
:10477000C0F28781019949EA01090A9951EA0901C0
:1047800000F07F81002A00F3E781089A3B7007F16F
:1047900001099742CB4600F0E581294600230A2211
:1047A000204601F005FA4645054631464FF0000324
:1047B0004FF00A02204612D001F0FAF941460646AF
:1047C00000230A22204601F0F3F94F468046A7E76E
:1047D0002046029301F0E2F9029B0122C6E701F0B4
:1047E000E7F94F46064680469AE7019B022B77DCA5
:1047F0000A9B002B80D1059B514601332846059327
:10480000FFF7AEFADDF800B000F130030BF8013B22
:104810000027F6E65146284601F07CFC0028BFF64A
:10482000C2AE294600230A22204601F0C1F9059BA9
:1048300003F1FF390A9B0546002B7FF44FAF0F9B16
:10484000002B40F370820793B8E6BD4B009303330F
:1048500005E4DDE9021200297FF475AEC2F313030B
:10486000002B7FF470AEB74B1340002B00F03D825D
:10487000089B01330893049B013304934FF0010814
:1048800063E601230A93099B059A13440F930133AE
:10489000012B1F460793B8BF01270021172F616422
:1048A0007FF732AC012204235B0003F11400B8420D
:1048B000114602F10102F7D9616425E401230A934C
:1048C000099F002F4ADD0F970797E6E700230A9319
:1048D000D9E700230A93F3E70F9BCDF814900793D1
:1048E000079B002B7FF43DAD51460522204601F089
:1048F0005FF901468246284601F00CFC00287FF74C
:1049000030AD0098059F3123804600F8013B013708
:1049100000905146204601F041F97B1CDDF80090E3
:104920000593CDF80080002E7FF496AE98E63146D0
:104930003A46204601F076FB0646E0E60B9BCDF8B2
:104940002C80A8EB03039B444FF000088AE54FF04E
:10495000020AB0EE498AF0EE698A02E40123099363
:104960000793FFF7CDBB03D1019BDB073FF556AEA5
:10497000D9461BF8013D302BFAD061E6059B009A21
:1049800001330593312313705AE60D9A002A00F083
:10499000638103F23343049ADDF82C801A440492B5
:1049A000089A17461A44089267E5504607F076F9C8
:1049B00053EC1A2B07F0DCF9634B002207F022F8C6
:1049C0008046A1F15079614B002251EC1A0B07F09F
:1049D00017F842464B4606460F4607F059FC00289A
:1049E00040F07F8130463946424609F1004307F0E6
:1049F00031FC00283FF48EAC4FF0000A5646B0E47C
:104A000029460B9A204601F0ADFA05468EE50C903A
:104A100040E500F04E81059A4D4B564206F00F02DC
:104A200003EBC203D3E9002351EC190B07F0A0F903
:104A3000361141EC1A0B00F08881464F00234FF0ED
:104A4000020AF20706D5D7E9002307F091F90AF127
:104A5000010A0123761007F10807F2D1002B3FF479
:104A60009FAB41EC1A0BFFF79BBB029B002B7FF423
:104A700027AEDDE90212C2F31303002B3FF4F3AEBD
:104A80001EE6002A12DD294601222046019301F08C
:104A9000C9FA5146054601F03DFB0028019B40F351
:104AA0003581392B00F013810BF13103B94609F838
:104AB000013B059B0133374605934646C0E5A246B8
:104AC00018EE105A18EE904A02460B4606F09AFF6E
:104AD00042464B4606460F4607F0DAFB60B94246AF
:104AE0004B463046394607F0ABFB00283FF497AC05
:104AF0005FEACB717FF593AC009AFFF7F8BB716862
:104B0000204601F025F80746002800F03A81336975
:104B100002339A0006F10C010C30FBF73BFF3946DB
:104B20000122204601F07EFA8046EDE52946204626
:104B300001F018FA0546F9E4DDE907239F1A9CE421
:104B40008CDB04080000F07F00001C4000001440D3
:104B5000E0A20308D0A30308392B00F0B880B946BF
:104B60000133A4E7059A013237460592464648E5E7
:104B70000E988D4901EBC00142464B4651E90201B6
:104B800007F0F6F85AEC1A9B41EC180B51461AEE56
:104B9000100A07F09DFB074607F080F802460B4617
:104BA0001AEE100A514606F02BFF06460E98DDF865
:104BB00000803037012808F8017B0F4600F0BA80EA
:104BC0000E9B009ACDF838B013449B46C246774BF3
:104BD00000223046394607F0CBF88946804607F078
:104BE00077FB074607F05AF8303702460B46404637
:104BF000494606F005FF0AF8017BDA4506460F46EE
:104C0000E5D1DA46DDF838B0694B59EC188B002253
:104C100018EE100A494606F0F5FE32463B4607F00C
:104C200019FB00286DD118EE102A4B466049002070
:104C300006F0E6FE32463B4607F02AFB00283FF42A
:104C400069ABD1460AF1FF3A19F8013C302BF8D094
:104C5000109B0133059303E5129BC3F136039AE6DB
:104C6000079B002B3FF4A1AE0F9B002B7FF752ABAD
:104C7000059A0E93013A4D4B10921AEE100A3946DE
:104C8000002207F075F8024616460F460AF10100A9
:104C900007F004F832463B4607F06AF8454B00221D
:104CA00006F0B0FE47EC1A6B8046A1F15079FFF791
:104CB0009BBA4FF0020AB0EE49AAF0EE69AAFFF7DC
:104CC0006FBA059B013305933123FFF717BB059B93
:104CD000BB4601330593392337460BF8013B464663
:104CE0009EE44FF0000A56460BE698462DE4AA468D
:104CF00018EE104A1AEE105A109B01330593D14654
:104D0000AEE4109B009A0593FFF7F1BA7FF4CEAEA4
:104D1000DA077FF5CBAEC4E6392BD8D0B9F1000F56
:104D20003FF7C2AEC2E6019B022B3FF7D5ADCDF8EF
:104D3000149060E5C24667E7019B022B3FF7CCADBC
:104D40000F9BCDF814900793D6E44FF0020AFFF7BB
:104D500027BA194B0093FFF7D9B83FF40EACC0F156
:104D60003C0094E4002666643146204600F0F0FEE4
:104D7000009068B9114B124800224FF4D57105F02C
:104D8000C5FF0E4B0E483A4640F2EA2105F0BEFF41
:104D9000009B236401224FF0FF3309960F930A9280
:104DA0000793FFF7B7BA00BFE0A203080000244052
:104DB0000000E03F00001C4090DB04089CDB04087E
:104DC000B0DB0408B1F90C202DE9F0410C461107C5
:104DD000804647D4636842F40062002BA2815EDD06
:104DE000A56A002D58D00023D8F80060C8F800301C
:104DF00093B212F4805256D10123E1694046A8478C
:104E0000431C67D0A389A56A5F0705D56368C01AEC
:104E1000236B0BB1E36BC01AE169024600234046E5
:104E2000A847411C41D1D8F80030002B3DD01D2BA4
:104E300001D0162B56D1A3892269226023F4006386
:104E400000216160A381216BC8F8006021B304F1E7
:104E50004003994202D0404600F0E6F9002020636A
:104E6000BDE8F0812669BEB193B2256826609A0735
:104E70000CBF63690023AD1BA3600BE02B463246D9
:104E8000E169676A4046B847B0F1000CA5EB0C0534
:104E9000664417DD002DF1DC0020BDE8F081E36BF6
:104EA000002B9DDCF8E7206DAEE7B4F90C302269E9
:104EB000226023F40063A3810022DB046260C2D578
:104EC0002065C0E7A38943F040034FF0FF30A38182
:104ED000BDE8F081D8F80030002B93D01D2B06D010
:104EE000162B04D0A38943F04003A381D5E7C8F86B
:104EF0000060D1E738B50D46044608B1836B1BB19D
:104F0000B5F90C0030B938BD00F01EF9B5F90C0048
:104F10000028F8D029462046BDE83840FFF752BFA8
:104F200038B5B8B10F4B1D6804460DB1AB6B4BB132
:104F3000B4F90C0000B938BD21462846BDE8384018
:104F4000FFF740BF284600F0FFF8B4F90C00002836
:104F5000F1D0F1E7044B05491868BDE8384000F08E
:104F600001BC00BF1802002080A10308F54E000814
:104F700000207047014900F0F5BB00BF1DAE0008DE
:104F8000002070472DE9F84F2D4A4668C26300247F
:104F90000323C0E9B843074600F53B720423C0F879
:104FA000E8222146C6E902430822C6E90044C6E9D0
:104FB00004447466B46106F15C00FBF701FEDFF89F
:104FC0008CB0BD68DFF888A0DFF88890DFF88880B3
:104FD0001C4BC6F824A0C6E9076BC6F82890C6F893
:104FE0002C800822EB60C5E90044C5E904446C66E6
:104FF000AC60AC61214605F15C00FBF7E1FDC5E961
:10500000075BC5E909A9C5F82C80FD680E4BEB606C
:10501000C5E90044C5E904446C66AC60AC61214656
:10502000082205F15C00FBF7CBFD0123C5E9075B16
:10503000C5E90A98C5F824A0BB63BDE8F88F00BF96
:10504000754F00080900010012000200011100085C
:1050500029110008691100088911000870B568223B
:105060004D1E02FB05F50E4605F17401FBF7E8F94C
:10507000044640B100210C30C4E90016A06005F1DF
:105080006802FBF79DFD204670BD00BF274B2DE950
:10509000F0411E68B36B07465BB306F538764FF0F8
:1050A0000408D6E90134013B04D51EE05A1C04F182
:1050B00068041AD0B4F90C50013B002DF6D11C4BFA
:1050C0006566C4E90055C4E90253C4E90455A56105
:1050D0000822294604F15C00FBF772FDC4E90C5577
:1050E000C4E911552046BDE8F08135682DB12E4642
:1050F000D7E73046FFF746FFCFE74FF4D671384683
:10510000FBF79EF9044668B10560C0F804800C30D6
:105110002946A06025464FF4D072FBF751FD34605C
:105120002E46BEE70C2330603B60DBE780A103081E
:105130000100FFFF024B0349186800F013BB00BFDA
:1051400080A103081DAE0008836B03B1704719E707
:10515000704700BF704700BF704700BF704700BF77
:10516000024B0349186800F0DDBA00BF18020020A6
:10517000714F0008024B0349186800F0D3BA00BF12
:1051800018020020814F0008F8B5244F0C4606464F
:10519000FBF768FDBA685568C4F57E630F3325F0E8
:1051A00003052B4423F47F6323F00F03A3F58054FE
:1051B000B4F5805F07DB00213046FBF757FDBB6885
:1051C0002B44984204D03046FBF74EFD0020F8BD3A
:1051D00061423046FBF74AFD01300DD0104ABB68F2
:1051E0002D1B45F001055D60136830461B1B1360E5
:1051F000FBF73AFD0120F8BD00213046FBF736FDF4
:10520000BA68831A0F2BDEDD43F001035360054BB0
:1052100003491B68C01A0860D5E700BF4806002094
:10522000C00F0020500A0020002961D0F8B50C46BC
:105230000646FBF717FD54F8042C7B4FA4F1080534
:1052400022F0010105EB010CB868DCF80430604580
:1052500023F0030300F08B80D207CCF8043032D463
:1052600054F8082CAD1A1144AA6807F108008242CC
:105270006AD00CEB0304D4F804E0EC68D4601EF0B0
:10528000010FA26000F0978041F001036B60CCF841
:105290000010B1F5007F35D27A68CB0848090121AA
:1052A000013381401143796007EBC30257F8331093
:1052B000083AC5E9021247F83350CD603046BDE8E0
:1052C000F840FBF7D1BC0CEB03025268D00710D4B6
:1052D000194407F10800DCF80830834273D0DCF889
:1052E0000C20DA60936041F001036B606950D0E7F5
:1052F000704741F00103B1F5007F44F8043CCCF85D
:105300000010C9D3B1F5206F4FEA512348D28B0961
:1053100003F1390003F13802C300F818FB580838CC
:10532000984259D05A6822F003028A4202D99B68F7
:105330009842F7D1D868C5E902308560DD60304613
:10534000BDE8F840FBF790BC0CEB03025268D207B3
:1053500063D40B44DCE90212CA60916043F001029D
:105360006A603046EB50BDE8F840FBF77DBC0B446B
:10537000D10707D454F8082CAD1A1344D5E902120A
:10538000CA60916043F001026A60284ABD601268F9
:105390009A4293D8264B30461968FFF7F5FE8DE701
:1053A000142B0AD9542B1FD80B0B03F16F0003F1F8
:1053B0006E02C300B1E719448DE703F15C0003F10D
:1053C0005B02C300A9E741F00103C7E90455C5E941
:1053D00002006B60695071E779689210012404FA49
:1053E00002F20A437A60A6E7B3F5AA7F06D8CB0B90
:1053F00003F1780003F17702C3008EE740F25452C4
:10540000934206D88B0C03F17D0003F17C02C300AC
:1054100083E74FF47E737E227FE741F001036B60E8
:10542000CCF800104AE700BF48060020540A0020CC
:10543000BC0F00209368002B00F085802DE9F04F11
:10544000B1F90C300C461907804683B0174698B264
:1054500025D523691BB310F002033D682DD04FF012
:10546000000ADFF8BCB25646B9465E45334652469E
:1054700028BF5B464046002E52D0E169676AB847B4
:10548000002856DDD9F808301B1A8244361AC9F8AC
:105490000830002BE9D1002003B0BDE8F08F214691
:1054A0004046FEF7ADFB002840F03681B4F90C30E1
:1054B0003D6898B210F00203D1D110F0010944D137
:1054C0004E46009746B38205D4F808B040F1838079
:1054D000B3455A4600F2B28010F4906F40F0BF809E
:1054E000206801924946FBF7EFFAA368019AA3EB03
:1054F0000B012368A1601344B24623600026009B81
:105500009868A0EB0A00D14498600028C3D0B4F991
:105510000C0080B2002ED6D1D5E900960835D1E72F
:10552000D5E900A60835A0E721464046FFF7E2FC92
:1055300080B3B4F90C3043F040034FF0FF30A38147
:1055400003B0BDE8F08F002070471E46AA4699467A
:1055500018461D46009756B388B34A46D4E904134B
:105560002068B24228BF3246884205D9A16803EBC1
:10557000010B5A4500F3A680934263DCE169676A38
:105580002A464046B847B0F1000BD2DDB9EB0B0913
:10559000CAD00120009A9368A3EB0B035D44A6EBED
:1055A0000B069360002B3FF476AF002ED4D10AF1A6
:1055B000080353E902569A460833002EF9D03246C2
:1055C0000A21284600F074FA002800F09C8001307F
:1055D000A0EB0509C1E720682369984216D86369E2
:1055E000B34213D86FF00042B24228BF3246E1699D
:1055F00092FBF3F2676A02FB03F340464A46B84760
:10560000B0F1000A95DDA6EB0A0678E7B345DA4665
:1056100028BFB24652464946FBF756FAA3682268AD
:10562000A3EB0A035244A3602260002BEBD1214676
:105630004046FFF75FFC0028E5D07AE72068B346D4
:1056400032464EE729460192FBF73EFA019AA368DB
:105650009B1AA360236813442360934696E723684C
:105660002169A3EB010B636903EB430A0AEBDA7AC6
:105670000BF101034FEA6A0A33445345524684BF93
:105680009A46524643052CD511464046FAF7D8FEB5
:1056900000283BD05A4621690190FBF77BF9A2898B
:1056A000019B22F4906242F08002A28103EB0B0086
:1056B0002361AAEB0B03C4F814A0A3602060B346D7
:1056C00032460EE729465A46FBF7FEF923685B444B
:1056D000236021464046FFF70DFC00283FF456AFFB
:1056E00027E7404600F09AFF03460028DED12169F3
:1056F0004046FFF799FDB4F90C300C2223F08003EB
:10570000C8F8002017E7721C914627E70C22B4F96D
:105710000C30C8F800200EE74FF0FF30BCE600BFA9
:1057200000FCFF7F2DE9F041884600F53877002620
:10573000D7E90154013D0FD4A389012B05F1FF35B1
:1057400006D9B4F90E300133204601D0C0470643D4
:105750006B1C04F16804EFD13F68002FE8D130469C
:10576000BDE8F0812DE9F8430746884600F5387614
:105770004FF00009D6E90154013D11D4A389012B52
:1057800005F1FF3508D9B4F90E300133214603D0B5
:105790003846C04749EA00096B1C04F16804EDD1A2
:1057A0003668002EE6D14846BDE8F883002100F0B7
:1057B00001B800BFFF289DBF024BC05C00F008008D
:1057C00000207047C9A1030842B110B50B4910462B
:1057D0001446FBF7E9FC18B9094810BD08487047A2
:1057E00007492046FBF7E0FC0028F5D00549204694
:1057F000FBF7DAFC0028EFD0002010BDE8DB04083E
:10580000E4DB040840DC0408014B93F828017047EE
:10581000580A002041B110B50C4620460A49FBF752
:10582000C3FC18B9094810BD08487047074920460D
:10583000FBF7BAFC0028F5D005492046FBF7B4FC7D
:105840000028EFD0002010BDE8DB0408E4DB0408EA
:1058500040DC0408F030704700487047480B0020D7
:1058600000487047480B002038B50C46084D844668
:10587000114620461A4600232B60644608F09CF827
:10588000431C00D038BD2B68002BFBD0236038BDF3
:10589000F00F00202DE9F0418B890C46990796B056
:1058A00008D504F143030122C4E90432236016B091
:1058B000BDE8F081B4F90E100029064627DB6A46E0
:1058C00005F092FB002821DB019D05F47045A5F54C
:1058D0000055B5FA85F54FF480686D094FF40067FF
:1058E00041463046FAF7ACFDB4F90C30F0B1204A2D
:1058F000F26343F08003C4F81480A3812060206128
:1059000035BB3B43A38116B0BDE8F081A38913F0FA
:10591000800519D04FF0400841463046FAF790FD17
:105920000025B4F90C302F460028E0D19A05BED4EA
:1059300023F0030304F1430243F002030121C4E90D
:105940000421A3812260B2E74FF480682F46C7E7A5
:10595000B4F90E10304605F08DFF10B9B4F90C30D3
:10596000CFE7A38923F0030343F001031BB2C8E789
:10597000754F000870B50C46B1F90E10002996B0AD
:1059800015461E4614DB6A4605F02EFB00280FDB89
:10599000019A02F47042A2F50052B2FA82F24FF478
:1059A000806352094FF4006032602B6016B070BD06
:1059B000B4F90C10002311F08000336004D04022B1
:1059C00018462A6016B070BD4FF480632B6016B085
:1059D00070BD00BF70B582B00546069C42B10C4E4A
:1059E0000094D6F8E460B047431C0BD002B070BD01
:1059F000074B0094D3F8E46011460123054AB047F1
:105A0000431CF3D100228A2322602B6002B070BDB8
:105A1000580A002040DC040870B51C46104B82B0C8
:105A20001D6861B113460A4601460E480094D0F83D
:105A3000E4602846B047431C0BD002B070BD094B50
:105A40000094D3F8E460084A01232846B047431C79
:105A5000F3D100228A2322602B6002B070BD00BF08
:105A600018020020580A002040DC040810B4034C3F
:105A7000D4F8E440A4465DF8044B6047580A00207F
:105A800082B049B15AB16BB113780B601278101E15
:105A900018BF012002B0704701A9002AF3D11046B7
:105AA00002B070476FF00100F4E700BF0000000093
:105AB00001F0FF01102A2BDB10F0070F08D010F8BF
:105AC000013B013A8B422DD010F0070F42B3F6D1C3
:105AD000F0B441EA012141EA014122F007047FF0DC
:105AE00000070023F0E80256083C85EA010586EA33
:105AF000010685FA47F5A3FA87F586FA47F6A5FA6F
:105B000087F68EB9EED1F0BC01F0FF0102F007027A
:105B100032B110F8013B013A83EA010313B1F8D125
:105B20000020704701387047002D06BF3546033806
:105B3000073815F0010F07D1013015F4807F02BF3F
:105B4000013015F4C03F0130F0BC0138704700BF90
:105B5000C36C70B505460C464BB153F8240080B1B8
:105B6000026843F824200023C0E9033370BD2122DA
:105B7000042105F0F1F80346E8640028EDD1002087
:105B800070BD012101FA04F6721D9200284605F04D
:105B9000E3F80028F3D0C0E90146E4E731B1C36C73
:105BA0004A6853F82200086043F82210704700BF8B
:105BB000F0B50C69064683B00D4601F1140E0020C5
:105BC000DEF800101FFA81FC02FB0C334FEA134C85
:105BD000090C02FB01CC01309BB203EB0C43844265
:105BE0004EF8043B4FEA1C43EADC3BB1AA68A242F0
:105BF00007DD05EB8402013453612C61284603B0B4
:105C0000F0BD6968019301313046FFF7A1FF019BA8
:105C10000746B8B12A690193023205F10C019200DE
:105C20000C30FAF7B7FEF26C6968019B52F821005C
:105C3000286042F821503D4605EB8402013453614F
:105C40002C61DBE7024B03483A46B52105F05EF8CC
:105C50009CDB0408F4DB04082DE9F8430C462849D2
:105C60001F46164603F1080281FB0231092F4FEA55
:105C7000E2730546C3EB610339DD4FF0010C0021EF
:105C80004FEA4C0C634501F10101F9DC2846FFF7AE
:105C90005FFF014668B3089B4361092E4FF0010383
:105CA000036112DC0A340926B7420BDDBE1B264411
:105CB00014F8013B0A22303B2846FFF779FFA64241
:105CC0000146F5D10846BDE8F88304F10909C84644
:105CD000344418F8013B0A22303B2846FFF768FF9E
:105CE000A0450146F5D1A6F108044C44DCE70021AB
:105CF000CCE70A46034B0448CE2105F007F800BF65
:105D0000398EE3389CDB0408F4DB0408030C1B0425
:105D1000D3B90004102310F07F4F04BF00020833F2
:105D200010F0704F04BF0001043310F0404F04BF67
:105D300080000233002805DB10F0804F03F10103DF
:105D400008BF2023184670470023E4E7036813F0D8
:105D50000702014607D0DA071FD4980721D55B0850
:105D60000B600120704798B2A0B11046DAB20AB9B0
:105D700008301B0A1A0704BF1B0904309A0704BF26
:105D80009B080230DA0703D45B0800F1010006D05B
:105D90000B6070471B0C1020E8E7002070472020A4
:105DA00070479B080B600220704700BF38B5C36C7A
:105DB00004460D464BB15868B0B102685A600022E3
:105DC0000123C0E90435C26038BD2122042104F05A
:105DD000C3FF0346E0640028EDD1094B09480022C7
:105DE0004FF4A07104F092FF1C220121204604F020
:105DF000B3FF0028F1D001220223C0E90123DEE72E
:105E00009CDB0408F4DB04082DE9F04F0E691569EA
:105E1000AE4285B08846144605DB2A462346354601
:105E20000C4616469846A3686168AF19BB42B8BFD6
:105E30000131FFF78DFE0190002800F08780019B63
:105E400003F1140909EB870AD14505D24B4600221C
:105E500043F8042B9A45FBD808F1140808EB860B8D
:105E600004F11403D8451A4603EB85055FD22B1BBA
:105E7000153B23F0030304331534A54238BF042334
:105E8000CDE902A7AC461F46924605E0000C29D199
:105E9000C34509F1040948D958F8040B85B2002D0F
:105EA000F4D056464C46002356F8040B216882B2C3
:105EB0001FFA81FE05FB02EE000C0A0C734405FB81
:105EC000002202EB13429BB243EA0243B44544F87A
:105ED000043B4FEA1243E7D849F8073058F8040C5E
:105EE000000CD5D0D9F80030544619464D46002252
:105EF0002688090C00FB06110A449BB243EA0243C0
:105F000045F8043B54F8046B2968360C8BB200FB4F
:105F1000063303EB1243A4454FEA1342E8D8C345C6
:105F200049F8073009F10409B6D8DDE902A7002FC6
:105F300002DC05E0013F03D05AF8043D002BF9D004
:105F4000019B18461F6105B0BDE8F08F034B044864
:105F5000019A40F25D1104F0D9FE00BF9CDB0408F9
:105F6000F4DB040812F003032DE9F0411446064661
:105F700032D10D46A41020D0D6F84880B8F1000FD9
:105F800033D0E3074FF0000707D4641015D0D8F8DA
:105F90000000A8B18046E307F7D5424629463046BF
:105FA000FFF732FFB5B16968F36C641053F8212034
:105FB0002A6043F821500546E9D12846BDE8F08122
:105FC000424641463046FFF71FFFC8F80000076011
:105FD0008046E0E70546D8E7013B0F4A52F8232008
:105FE0000023FFF7E5FD0546C4E701213046FFF732
:105FF000AFFD804640B1012340F27122C0E9043276
:106000000023B0640360BCE7044B054842464FF4EC
:10601000A07104F07BFE00BFD0A203089CDB040843
:10602000F4DB04082DE9F0470C4690462669A36886
:10603000496806EB6216751C9D4207464FEA6219D5
:1060400004DD5B009D4201F10101FADC3846FFF7F7
:106050007FFD8446002851D0B9F1000F00F11400F3
:106060000EDD09F105024FEA820E03460CEB8202B7
:10607000002143F8041B9342FBD1AEF114031844F2
:10608000216904F1140318F01F0803EB81012DD0DE
:10609000C8F1200986464FF0000A1A6802FA08F291
:1060A00042EA0A024EF8042B53F8042B994222FAD2
:1060B00009FAF2D80B1B153B23F00303043304F158
:1060C0001502914238BF0423BAF1000F18BF2E46C3
:1060D00040F803A0FB6C6268CCF8106053F8221003
:1060E0002160604643F82240BDE8F087043853F849
:1060F000042B40F8042F9942F9D8EBE7034B0448EE
:10610000624640F2D91104F001FE00BF9CDB040896
:10611000F4DB04080B6984460069C01A16D10CF13F
:10612000140C14310CEB830210B401EB830301E077
:10613000944508D252F8044D53F8041D8C42F7D010
:1061400005D24FF0FF305DF8044B704770470120D7
:106150005DF8044B704700BF2DE9F84F0F691369D4
:10616000FF1A002F0E4690467AD101F11405143221
:1061700002EB830205EB830301E09D4273D253F8E7
:10618000041D52F8044DA142F7D064D37168FFF7A3
:10619000DFFC8146002872D03569D8F81020C7602E
:1061A00008F1140E06F1140009F1140A06F1100C9E
:1061B0000EEB820200EB8507564600215EF8044B89
:1061C0005CF804BFA3B211FA8BF1CB1A210CC1EB1E
:1061D0001B4101EB23419BB243EA0143724546F860
:1061E000043B4FEA2141E9D8A2EB0804153C08F131
:1061F0001508424524F0030606F1040638BF0426BC
:10620000304424F0030238BF002287425244B24493
:1062100016D95646044654F8043B11FA83F10A1481
:1062200002EB134289B241EA0243A74246F8043B1B
:106230004FEA2241EFD87A1E101A20F0030252448E
:1062400023B952F8043D013D002BFAD0C9F8105093
:106250004846BDE8F88F334601274646984695E7FD
:10626000F9DB002792E70021FFF772FC814668B155
:1062700001220023C9E904234846BDE8F88F074BF3
:1062800007484A464FF4107104F040FD034B0448A0
:106290004A4640F2322104F039FD00BF9CDB04087D
:1062A000F4DB040882B08DED000B154B019A13400E
:1062B000A3F15073002B05DD0020194641EC100BB3
:1062C00002B070475B42B3F1A07F4FEA235208DA75
:1062D0004FF40023002043FA02F141EC100B02B00E
:1062E0007047143A1E2ADABF4FF0004323FA02F235
:1062F00001220021104641EC100B02B0704700BF94
:106300000000F07FF8B5046900F1140606EB840480
:10631000271F54F8045C2846FFF7F8FCC0F120035F
:106320000A280B6031DDBE421BD20B3854F8081C22
:1063300023D0C0F1200C854021FA0CF72F43A4F1A3
:10634000080547F07F53AE4243F4401336D28140F4
:1063500054F80C0C20FA0CF00843024643EC102BC6
:10636000F8BD0B3808D005FA00F040F07F5300204C
:1063700043F440130246F1E7014645F07F5343F4EE
:1063800040130A4643EC102BF8BDC0F10B0C25FA64
:106390000CF1BE4241F07F5338BF54F8081C00F1A5
:1063A000150034BF21FA0CF1002105FA00F043F486
:1063B000401340EA010243EC102BF8BD01FA00F053
:1063C0000246CBE72DE9F043884683B0012157EC24
:1063D000106B1546FFF7BCFB044600284FD0C7F3EF
:1063E0000A59C7F31303B9F1000F01D043F4801326
:1063F000002E019324D068460096FFF7A7FC0028E2
:1064000039D0DDE90013C0F1200203FA02F20A4399
:10641000C34062610193002B14BF02220122A361D9
:106420002261B9F1000F16D0A9F233430344C0F141
:106430003500C8F800302860204603B0BDE8F0837E
:1064400001A8FFF783FC019B6361012220302261D8
:10645000B9F1000FE8D104EB8203A0F23240C8F892
:1064600000001869FFF752FCC0EB4210286020467C
:1064700003B0BDE8F083009B6361019BCBE7034B56
:106480000348224640F20A3104F040FC9CDB040839
:10649000F4DB04082DE9F04383B00E466946074655
:1064A000FFF730FF01A9304655EC104BFFF72AFFEC
:1064B0003B693169591ADDE90023D31A03EB411313
:1064C000002B51EC100B0DDD05EB03594D46024638
:1064D0000B462046294605F075FD41EC100B03B034
:1064E000BDE8F083C3EB033301EB03573946EEE716
:1064F000172870B506460CDD0A490B4D0020002414
:1065000022462B4605F034FC013EF9D141EC100B3C
:1065100070BD064B03EBC006D6E9040141EC100B3D
:1065200070BD00BF0000F03F00002440D0A203086F
:106530000139491101F1010C116902F1140303EB56
:1065400081018B4200EB8C0C16D210B5A0F1040E29
:1065500053F8044B4EF8044F9942F9D88B1A153B67
:1065600023F0030304331844844504D9002340F87E
:10657000043B8445FBD810BD844505D9002340F871
:10658000043B8445FBD87047704700BF03694A113C
:10659000934200F1140009DA00EB830302E053F8A0
:1065A000042DCAB98342FAD80020704711DD11F0DA
:1065B0001F010ED010B450F8224000EB820324FAE1
:1065C00001F202FA01F18C420CD001205DF8044B7B
:1065D000704700EB8203E5E70120704753F8042D74
:1065E000002AF2D18342F9D800205DF8044B7047AD
:1065F00038B50C46084D8446114620461A460023FD
:106600002B60644607F0E0F9431C00D038BD2B68CE
:10661000002BFBD0236038BDF00F00202DE9F84F90
:106620001746002900F0988007F10B0580460C46BC
:10663000FAF718FB162D5DD810252A46AF425ED812
:1066400054F8041C21F003069642A4F1080962DA0A
:10665000BC4BD3F808C009EB0600844500F09780D6
:10666000D0F804C02CF0010303445B68DB0768D456
:106670002CF0030C06EB0C03934247DACB0710D443
:1066800054F8083CA9EB030ADAF8043023F00301BC
:106690008C44B444944580F211817318934280F283
:1066A000E88039464046F9F7CBFE0746E0B154F89A
:1066B000043C23F001034B44A0F10802934200F094
:1066C000D280321F242A00F2F580132A00F2AC8017
:1066D00003462246116819605168596092689A60B1
:1066E00021464046FEF7A0FD4046FAF7BDFA38467F
:1066F000BDE8F88F25F00705002D2A469EDA0C2309
:10670000C8F8003000273846BDE8F88F1E46D0E9AB
:106710000223D3609A60731B0F2B22D8D9F8043060
:1067200003F0010333434E44C9F80430736843F067
:106730000103736040462746FAF796FA3846BDE8EB
:10674000F88FC907ADD454F8083CA9EB030ADAF86E
:10675000041021F00301A0E7BDE8F84F1146F9F756
:106760006FBED9F8041001F001012943C9F80410E3
:1067700009EB05014E4443F001034B60736843F09D
:106780000103083173604046FEF74EFDD2E7DCF8A6
:10679000040020F0030B06EB0B0C05F11000844500
:1067A0004DDAC9073FF57DAF54F8081CA9EB010A83
:1067B000DAF8041021F003018B44B34458453FF745
:1067C0006CAF5746DAF80C1057F8080F321F242A1E
:1067D000C160886000F2DB80132A40F2D680216815
:1067E000CAF808106168CAF80C101B2A00F2DF8092
:1067F00008340AF110022168116061685160A168D3
:1068000091600AEB0501ABEB050242F001029960D1
:106810004A60DAF8043003F001031D434046CAF829
:106820000450FAF721FA6EE7236803606368436057
:106830001B2A68D804F1080200F108034AE709EBB3
:1068400005029A60ACEB050343F00103536054F872
:10685000043C03F001031D43404644F8045CFAF78E
:1068600003FA27464FE750F8043C23F003031E4485
:1068700051E75746DAF80C1057F8080F321F242A50
:10688000C16088604CD8132A48D92168CAF808101A
:106890006168CAF80C101B2A56D808340AF1100295
:1068A0001E462368136063685360A3689360D146F3
:1068B0003C4630E72146FAF707F911E7D0E9021321
:1068C0005746CB60996057F8081FDAF80C30CB6058
:1068D000321F242A99602DD8132A29D92368CAF88F
:1068E00008306368CAF80C301B2A42D808340AF111
:1068F000100322681A6062685A60A2689A6066464D
:10690000D1463C4607E7A3688360E368C360242A56
:1069100026D004F1100200F11003DBE63A46BFE78F
:10692000214638461E46D146FAF7CEF83C46F2E6F6
:106930003B46DEE7214638466646D146FAF7C4F8BC
:106940003C46E8E648060020A168CAF81010E16855
:10695000CAF81410242A20D010340AF118029FE734
:10696000236903616169416104F1180200F11803B0
:10697000B0E6A368CAF81030E368CAF81430242AD5
:1069800021D010340AF11803B3E73A4633E7214621
:106990003846FAF799F8164B33E72269CAF81820F7
:1069A0006269CAF81C2018340AF1200278E7A1684D
:1069B000CAF81010E168CAF81410242A0DD0103457
:1069C0000AF1180217E72369CAF818306369CAF890
:1069D0001C3018340AF120038BE72269CAF818200A
:1069E0006269CAF81C2018340AF1200203E700BFCC
:1069F00048060020F0B50C785E2C23D0002201F16F
:106A0000010C9646431E00F1FF0103F8012F8B4253
:106A1000FBD19CB18EF00102C64302550CF1010E70
:106A20001EF8013C2D2B714612D05D2B04D013B102
:106A30001C46F446F1E761460846F0BD0CF1FF3113
:106A40000846F0BD01224C7801F1020C9646D9E7C8
:106A50009CF801505D2DEBD0AC42E9DC671C0CF1D9
:106A6000020CC31903F8012BF1188D42FADC2B1B21
:106A7000013BAC42A8BF00230EF1020EDC19CFE7A8
:106A80009FED010A704700BF0000C07F0CB410B535
:106A90009CB01EAB6FF00044CDE90614029108498A
:106AA00053F8042B059102A901930494FAF798FD79
:106AB000029B00221A701CB0BDE8104002B0704763
:106AC0000802FFFF0EB410B59DB06FF000411FAB80
:106AD000CDE906010491094953F8042B0290084CB2
:106AE0000868019302A90594FAF77AFD029B002237
:106AF0001A701DB0BDE8104003B0704718020020A6
:106B00000802FFFF000000002DE9F04F1C462DEDAC
:106B1000048B9D4B1B689FB0002582461846884613
:106B200007921A950893FAF7ABFC002183460020E0
:106B3000CDE90401CDF864804246174612F8013BC6
:106B40002D2B2FD8DFE813F0A4002E002E002E00EE
:106B50002E002E002E002E002E00B400B400B40033
:106B6000B400B4002E002E002E002E002E002E00A9
:106B70002E002E002E002E002E002E002E002E00A5
:106B80002E002E002E002E00B4002E002E002E000F
:106B90002E002E002E002E002E002E002E000E04A1
:106BA0002E00040400220992302B00F08380002282
:106BB0000C922F2B1C4640F24D854FF000093846B1
:106BC0004E464D4612E00130082D1990C8BF09EB22
:106BD00089090478C6BF03EB4903A3F13009A2F188
:106BE00030062F2C05F10105234674DD06EB8602E5
:106BF000392C03EB4202E6DD08995A46FAF7AEFC5F
:106C00000346002835D1199A11465A44199211F8B1
:106C10000B40002D40F0A985302C40F06185C2F179
:106C200001015318013219921478302CF9D0A4F1D3
:106C30003102082A00F24383A4F1300E199C03F1BB
:106C4000010B0023012527460A9306EB86060EEB6F
:106C500046060023621C19926478A4F130010929C8
:106C600000F2F18201338E46002940F0D284199C53
:106C7000F0E70023652C0A959B469E4601D0452CE3
:106C800036D1002D40F085800C9A1A4340F0808068
:106C9000079B9FED3B8B13B1079BC3F80080B0EEC1
:106CA000480AF0EE680A1FB0BDEC048BBDE8F08F17
:106CB000199242E77B7803F0DF03582B00F08D84B4
:106CC000013719973B78302BFAD0002B00F0D38096
:106CD00001220C926DE708995A46FAF73FFC0346E9
:106CE000002800F0DB800A954FF0000B5B46DE4683
:106CF00000220D92002D00F098800A9A1346002A77
:106D000008BF2B4630460A9304F0B8FF0B460246F4
:106D1000CDE904230D9B102DA3EB0B032C46A8BF3C
:106D20001024092D0C9314DD184B03EBC40353E915
:106D3000122305F01DF8024648469046894604F0A5
:106D40009DFF02460B464046494604F05BFECDE9F6
:106D500004010F2D00F3AB800C9B002B00F034845A
:106D60000C9B40F38283162B40F3F1840C9AC5F1FF
:106D70002503934280F204850C9B2C1B1C449CE051
:106D80000000000000000000ACA50308E0A203081A
:106D90000025DDF8648008F10102199298F801409D
:106DA0002B2C00F089822D2C00F01D8200220892ED
:106DB000A4F13002092A00F21182302C05D1199A6F
:106DC000013219921478302CFAD0A4F13102082A39
:106DD0008ED819990D914A1C1992A4F130004C7863
:106DE0002F2C09DC00F044BC013219929CF80140C0
:106DF0002F2CA1F1300006DD00EB8001392C9446E8
:106E000004EB4101F0DD0D99521A082A40F3308459
:106E100044F61F620D92089A002A3FF46BAF0D9A58
:106E200052420D92002D7FF468AF0C9A134322D189
:106E3000BEF1000F7FF42CAF692C00F0318400F319
:106E40005283492C00F02C844E2C7FF421AFB8499A
:106E500019A804F01DFC00283FF41AAF199B1B78F9
:106E6000282B00F07185B34804F016FDB0EE408A7F
:106E7000F0EE608A01E09FEDAA8B079A0AB1199B98
:106E80001360099B002B3FF40AAF18EE901A18EE1E
:106E9000102A01F1004343EC182B00E7199A0A95D8
:106EA00002EB0B01199112F80B409B46D5E60C9BA7
:106EB0002C1B1C44002C40F31B8314F00F000AD041
:106EC0009D4901EBC001DDE90423D1E9000104F093
:106ED0004FFFCDE9040134F00F0340F0708200232E
:106EE00008930A9A00962B4639465046FEF7B4FEA0
:106EF0001190002800F06B830D9BABEB03000C9B03
:106F0000002BB4BF024600224FF0000823EAE373CF
:106F10000D921093C346119C50466168FEF718FE0F
:106F20008146002800F0478122699DED048B0232E2
:106F3000920004F10C010C30F9F72CFDB0EE480A78
:106F4000F0EE680A1CAA1BA95046FFF73BFA1A90FC
:106F5000002800F01D8101215046FEF727FF8346DF
:106F6000002800F028811B9B002BC0F217810D9A8E
:106F7000109D9E18089A1C9C9B1A23446F4A013B43
:106F80009342C4F1360480F2B080D21A1F2AA4EBD7
:106F9000020400F31C81012393400A930027089BFD
:106FA00025443444A6421D443346A8BF2346AB4281
:106FB000A8BF2B46002B02DDE41AED1AF61A0D9B32
:106FC000002B00F3C580002C00F3D9800C9B002B14
:106FD00000F3E880002D00F3F080002E08DD594614
:106FE00032465046FFF71EF88346002800F0E38043
:106FF0001A994A465046FFF7AFF88046002800F03D
:10700000DA800023C268C36059460E92FFF782F807
:107010000028C0F2758400F0E58359464046FFF72A
:1070200039FA55EC104B10EE100A00224FF0804355
:10703000294605F019F900285BD00E9B002B00F0C3
:10704000DD80059B0F933E4B3D4D0022CDE90A2389
:1070500000243C4F0F9A3C4B02EA07069E4200F088
:10706000F880089B8BB1B6F1D46F0ED82EA3D3E96C
:1070700000232046294605F0F7F8002840F08781D4
:107080000B9B03F1D6639B1B0B93DDE90A01B0EE6A
:10709000480AF0EE680ACDE90401FFF703F9DDE9DB
:1070A000040153EC102B04F063FE53EC182B04F096
:1070B000A9FCCDE904010A91089B2BB9214B0A9A3E
:1070C00013409E4200F004811A995046FEF766FD77
:1070D00049465046FEF762FD59465046FEF75EFDB2
:1070E00041465046FEF75AFD15E7012300270A9353
:1070F00055E7164B20462946002204F039FE0E9B28
:1071000004460D46002B76D101F1004312901393F3
:10711000059B0F93DDE91223CDE90A2399E700BF10
:1071200000000000000000000000C0FFFFFFDF4182
:10713000F8B0040840DC0408E0A2030802FCFFFFEA
:107140000000F03F0000F07F0000E07F0000E03F23
:1071500059461A465046FEF705FF834658B3014686
:107160001A9A5046FEF750FE28B30E901A995046D0
:10717000FEF714FD0E9B1A93002C7FF727AF1A9988
:1071800022465046FEF74EFF1A9000287FF41EAFAD
:1071900022239FEDBF8BCAF80030C4E0109A0D9EE9
:1071A000D51AE7E64946109A5046FEF7DBFE8146BF
:1071B00000287FF40FAF1A98EAE749462A4650465E
:1071C000FEF730FF814600287FF407AFF3E7B84FA2
:1071D000FF1A012303FA07F70A93E0E60022CDF82D
:1071E00064800D9286E50122089208F1020219924C
:1071F00098F80240DCE5CDE9124589E7DDE90412A3
:10720000002940F0B280C2F313030F92002B40F02C
:10721000B280A84B00222046294605F01BF8002822
:1072200040F0A782A44B20462946002204F0A0FD8E
:1072300001F1004304460D4616901793DDE916232D
:10724000CDE90A2305E7652C4FF0010E3FF4A1AD0F
:1072500015E5A2F1547305939DED047BDDE90A0168
:10726000B0EE470AF0EE670AB0EE479AF0EE679A82
:10727000CDE90401FFF716F8DDE9040153EC102B0A
:1072800004F076FD53EC192B04F0BCFB8B4B0F4044
:107290009F42CDE9040175D918EE902A03F1547389
:1072A0009A4203D118EE103A013384D0844A4FF049
:1072B000FF33CDE9043207E70022089295E7652CF9
:1072C00000F00A81452C00F007814FF0010EACE57B
:1072D0002046294605F01EFA04F01CFD0B46024626
:1072E0002946204604F08CFB049C0E9F27430A9CF1
:1072F000C4F3130657EA060304460D4600F0AC80BB
:1073000065A3D3E9002304F0A5FF48B964A3D3E93A
:1073100000232046294604F0BBFF00283FF4D4AEEA
:107320009DED048B1A9801465046FEF737FC4946FE
:107330005046FEF733FC59465046FEF72FFC119994
:107340005046FEF72BFC41465046FEF727FC94E5DD
:10735000012309937A1C19927B78002B3FF498AC97
:10736000174621E400230993F4E7DDE9041201291B
:1073700000F086810F92534B4E4D0022CDE90A2337
:10738000002466E601F154730A93059394E62946B6
:10739000204604F0C5FF012838BF012004F06EFC30
:1073A0000E9B04460D46002B40F0778101F100430F
:1073B00014901593DDE91423CDE90A2360E6B3F5B3
:1073C0009A7F00F304811C11102B3F4B089340F36C
:1073D000D7829846DDE904234FF0000CE14614F013
:1073E000010F104619464FEA640409F1010907D05C
:1073F000D8E9002304F0BCFC4FF0010C02460B4618
:10740000012C08F10808EAD1BCF1000F01D0CDE948
:107410000423089B03EBC909059BA3F1547305934F
:10742000DDE90423D9E9000104F0A2FC274BCDE9F2
:1074300004010B400A4626498B4200F2C880A1F5A0
:1074400080118B4240F23B821D4A4FF0FF33CDE961
:1074500004320023089344E513A3D3E9002304F086
:10746000F9FE00283FF430AE5AE71633FFF61FADA1
:107470000D9BABEB030A174B03EBCA03DDE90401D9
:10748000D3E9002304F09EFD41EC180BF5E400BFA6
:10749000000000000000F07F9535A094FFFFDF3F63
:1074A00035E5AF350000E03F9535A094FFFFCF3FB5
:1074B000E2FBFFFF0000F03F0000E03FFFFF9F7C8A
:1074C000FFFFEF7F0000F0BFD0A303080000F07FB4
:1074D0000000A07CE0A2030800220A9293464FF02D
:1074E000010EFFF7D1BB6E2C3FF4B1ACFFF7D0BB60
:1074F0003FF4F5AC644214F00F020AD0B24B03EB38
:10750000C203DDE90401D3E9002304F05BFDCDE90A
:10751000040124113FF4E3AC1F2C3EDC14F01003F3
:1075200018BF6A230893DDE90423DFF8B4824FF023
:10753000000C14F0010F1046194607D0D8E90023BB
:1075400004F016FC4FF0010C02460B46641008F1E3
:107550000808EED1BCF1000F01D0CDE90423089B4F
:1075600093B1DDE90401C1F30A52C2F16B03002BB0
:107570000ADD1F2B40F330820020342B049040F3AF
:1075800036824FF05C730593DDE90401002200238D
:1075900004F056FE00283FF4A4AC22239FED848B18
:1075A000CAF8003069E41C9B04931B9B03F233422E
:1075B0001D9B23F4801343EA02530593290742BF1E
:1075C000059B43F0004305939DED048B55E4222376
:1075D0009FED798BCAF800304FE4099B01931AABF9
:1075E00002940093794A1BAB19A9504603F064FD3D
:1075F00010F0070405463FF43EAC062C73D1079B00
:107600009FED6B8B0137002B3FF449AB1F60FFF7F9
:1076100046BB6A1C012B199C9B44104615D02B4479
:1076200003F1FF3C03E0460094450DD001322B46A8
:10763000082B154606EB8600F5D9102ADCBF09EBAE
:1076400089094FEA4909EFE7981C082D3EDC0546F9
:10765000FFF7FBBA08995A463846F9F77FFF00282A
:107660006BD000231D460A9399461E46FFF73CBB8C
:1076700044F61F629042A8BF10460D90FFF7CBBBA7
:10768000DDE904120F92002A7FF475AE22239FEDEC
:10769000488B1A98CAF8003045E6CDE9144589E6CA
:1076A0004B4919A803F0F4FF00283FF4F1AA199BF5
:1076B0004849013B19A8199303F0EAFF10B9199B37
:1076C000013319939FED3C8BFFF7D7BB1028DCBF2C
:1076D00009EB890901EB490905460023FFF7BABA0E
:1076E0000023FFF7A4BA1A9A3AB135211CA8FEF775
:1076F0001FFF1A995046FEF751FA013C042C3FF641
:107700005DAF01A353F824F0A77500083177000896
:107710002B7700081D770008A77500084FF0FF338E
:107720006FF00040CDE9043048E72B4B059345E767
:107730001C9B04931D9B059340E7199A13465A44DA
:10774000199213F80B4006468146FFF765BA0C986C
:107750001D4901EBC001DDE90423D1E9000104F07A
:1077600007FB41EC180BFFF788BB0A958346FFF730
:1077700074BA9FED137B194D8DED167B00245DE5EA
:10778000114CC5F10F0504EBC501DDE90423D1E976
:10779000000104F0EDFA0C9B5D1B04EBC504D4E979
:1077A000002304F0E5FA41EC180BFFF766BB00BFBD
:1077B0000000000000000000000000000000F07F5A
:1077C000000000000000E0BFE0A20308F8A30308E7
:1077D00028DC04082CDC04080000F07F0000E03FF7
:1077E00020A403080E9B002B70D0DDE90445954BC7
:1077F000C5F3130199422A463FD0002F00F0B8800C
:10780000DDE904231F421C4623D0B0EE480AF0EE07
:10781000680A0E9B002B00F0B680FEF743FD089B24
:1078200051EC100B6BB1C4F30A54C4F16B04002C7F
:1078300007DD240504F17F53002203F5401304F013
:1078400097FA02460B4651EC180B04F0DBF841ECBA
:10785000180B089B7BB151EC180B7B4B002204F0FA
:1078600087FA41EC180B18EE902A0346134304BF25
:107870002223CAF800301A9855E5089B0499002B7A
:1078800000F0B280714B2B40B3F1D46F00F2AC80AA
:107890001B0DC3F16B034FF0FF3000FA03F3994265
:1078A000ABD16B4B9A4200F0C780684B134003F595
:1078B00080130593002304939DED048BC9E702F127
:1078C0005473059300230893FFF70BBBDDE9041203
:1078D000C2F313030B4314468FD1089B002B40F0D7
:1078E000A0805A4B2340A3F580136FEA13536FEA2D
:1078F000035305934FF0FF3304939DED048BA8E7EA
:10790000DDE904010E9B0343A3D1C1F313030C462D
:10791000002B9ED121F000431B0D1B05B3F1D66F48
:1079200097D9D8F814301BB9D8F81030012B90DD56
:10793000414601225046FEF775FB59468046FEF748
:10794000E9FB002885DDC8E7424919A81CAA03F015
:10795000BBFE05287FF487AA1D9B43F0FF4343F439
:10796000E00305931C9B04939DED048BFFF785BA00
:10797000DDE904010A9B03423FF46BAF0C4644E788
:107980004FF0000945E5FEF78DFC089953EC102BEC
:10799000B9B3C4F30A54C4F16B04002C0CDD240504
:1079A000194604F17F530E9A03F5401310EE100AA6
:1079B00004F0DEF902460B4651EC180B04F020F8F7
:1079C00002460B4643EC182B0022002304F038FC3F
:1079D00000283FF440AF59E64FF0FF3202FA03F3BC
:1079E000049A1A400492CFE54FF0FF3357E74FF067
:1079F000FF33C2F14B0203FA02F202EA01030593DC
:107A0000C2E551EC180B03F0FBFF02460B4643ECBA
:107A1000182B0022002304F013FC00283FF42BAFA6
:107A200034E60A4B2340B3F1D66F3FF75CAFB3F1B6
:107A30005C7F3FF710AF29E601317FF436AFFFF7E7
:107A4000BABB00BFFFFF0F00000050390000F07FFD
:107A5000FFFFEF7F0CA40308014BFFF755B800BFF1
:107A6000580A002010B4054C8446134620685DF87F
:107A7000044B0A466146FFF747B800BF18020020D2
:107A800010B4054C054B84460A4620685DF8044B4B
:107A90006146FFF739B800BF18020020580A0020DD
:107AA0002DE9F041DFF8A880044613462DED028B46
:107AB0000A46D8F800002146FFF726F855EC104B8F
:107AC00010EE102A10EE100A2B46294604F0EAFBAD
:107AD00050BB2046294604F043FC08EE100ADFEDB7
:107AE000197AB0EEC87AB4EE677AF1EE10FA15DDC5
:107AF00025F00047144B4FF0FF322046394604F082
:107B0000D1FB38B9104B4FF0FF322046394604F014
:107B1000ABFB18B1D8F8003022221A60B0EE480A48
:107B2000BDEC028BBDE8F081002D084804DAFEF7B9
:107B3000A7FFB1EE408AF1E7BDEC028BBDE8F04152
:107B4000FEF79EBFFFFF7F7FFFFFEF7F40DC040853
:107B5000180200202DE9F041DFF8AC80264B0446E6
:107B60000A462DED028B2146D8F80000FEF7CCFF27
:107B700055EC104B10EE102A10EE100A2B46294639
:107B800004F090FB50BB2046294604F0E9FB08EEC8
:107B9000100ADFED1A7AB0EEC87AB4EE677AF1EE29
:107BA00010FA15DD25F00047154B4FF0FF32204647
:107BB000394604F077FB38B9114B4FF0FF322046BD
:107BC000394604F051FB18B1D8F8003022221A606F
:107BD000B0EE480ABDEC028BBDE8F081002D0948EB
:107BE00004DAFEF74DFFB1EE408AF1E7BDEC028BFF
:107BF000BDE8F041FEF744BF580A0020FFFF7F7F39
:107C0000FFFFEF7F40DC0408180200202DE9F04F51
:107C1000814645488E4675461EF801CB10F80C404B
:107C200014F00804F7D1BCF12D0FE34654D0BCF199
:107C30002B0F08BF9EF800B06FF0004808BF05F199
:107C4000020E1BB1102B4FD01F4604E0BBF1300FCA
:107C500055D00A231F460025B8FBF7F6284607FB38
:107C6000168A07E0864215D329D007FB00C00125FC
:107C70001EF801BBABF1300CBCF1090F06D9ABF11A
:107C8000410CBCF1190F08D8ABF1370C63450DDD81
:107C9000002DE7DA4FF0FF35EAE7ABF1610CBCF1FC
:107CA000190F03D8ABF1570C6345F1DC002D0BDB4A
:107CB00004B140420AB195BB1160BDE8F08FE245C6
:107CC000D3DA4FF0FF35D3E72223C9F800301AB3D7
:107CD0000EF1FF314046EFE79EF800B04FF000484C
:107CE00005F1020E0124ACE7BBF1300FACD19EF8D8
:107CF000000000F0DF00582807D01F46ABE79EF8D1
:107D0000003003F0DF03582B0BD110279EF801B091
:107D10003B460EF1020E9EE74046BDE8F08F8046DE
:107D2000D6E708231F4696E7C9A10308012B02D016
:107D3000242B00D86AE710B5F8F732FB162303604E
:107D4000002010BD012A08D0242A06D884460648FF
:107D5000134600680A46614658E710B5F8F720FB5D
:107D600016230360002010BD18020020012A08D04D
:107D7000242A06D884460648134600680A46614607
:107D800044E710B5F8F70CFB16230360002010BD84
:107D9000180200202DE9F04F85B01F46584B039084
:107DA0008A4600920D462A4615F8014B1E5D16F0D4
:107DB0000806F8D12D2C76D02B2C05BF2C780296F6
:107DC0000296951C4FF0FF366FF0004B2FB1102F2D
:107DD00070D0B8464FEAE77905E0302C75D04FF007
:107DE0000A08B946474642464B463046594604F0D3
:107DF00065FC0023019284460A461846194611E0A4
:107E00008A4208BF84453ED000FB09F308FB0131DC
:107E1000A0FB080319441EEB000041EBEE710123A7
:107E200015F8014BA4F1300EBEF1090F06D9A4F1EB
:107E3000410EBEF1190F0CD8A4F1370E774511DDB4
:107E40005C1CEDD0844572EB0103D9D24FF0FF33B7
:107E5000E6E7A4F1610EBEF1190F03D8A4F1570EA5
:107E60007745EDDC5A1C14D0029A12B1404261EB06
:107E70004101009A22B1002B39D1009BC3F800A028
:107E800005B0BDE8F08F019B7345BDDA4FF0FF33BD
:107E9000C6E7039A22231360009B1BB305F1FF3A48
:107EA00030465946E9E701232C780293951C4FF0A0
:107EB000004B8BE7302C04D12B7803F0DF03582BD9
:107EC00008D0B8464FF000098DE72B7803F0DF03A8
:107ED000582B0FD14FF010086C784FF00009023585
:107EE000474680E73046594605B0BDE8F08F064664
:107EF0008B46D3E74FF00808B946474673E700BF03
:107F0000C9A1030846E700BF10B4044C84461346D9
:107F100020685DF8044B0A4661463BE718020020E2
:107F200010B4044C8446134620685DF8044B0A469E
:107F300061462FE7180200202DE9F04707464B481D
:107F40000E46354616F801CB10F80C4014F0080424
:107F5000F7D1BCF12D0FE64658D0BCF12B0F04BF72
:107F600096F800E0AE1C5BB1102B54D04FF0FF38F8
:107F7000B8FBF3F803FB08FA6FEA0A0A994608E02F
:107F8000BEF1300F5AD00A23DFF8E4804FF0050A23
:107F900099460025284607E0404515D829D009FB19
:107FA00000C0012516F801EBAEF1300CBCF1090F51
:107FB00006D9AEF1410CBCF1190F08D8AEF1370C5F
:107FC00063450DDD002DE7DA4FF0FF35EAE7AEF14E
:107FD000610CBCF1190F03D8AEF1570C6345F1DC0D
:107FE000002D0BDB04B140420AB16DB91160BDE850
:107FF000F087D445D3DD4FF0FF35D3E722233B6034
:108000004FF0FF30002AF2D0711EEFE796F800E043
:108010000124AE1CA7E7BEF1300F21D1307800F06B
:10802000DF00582816D14FF0100996F801E04FF004
:108030000F0A02366FF070484B46AAE7337803F018
:10804000DF03582BEFD008234FF0070A6FF060488A
:1080500099469EE799466FF070484FF00F0A98E7EF
:108060004FF00F0A6FF07048994692E7C9A10308D4
:108070009999991960E700BF10B4044C84461346DF
:1080800020685DF8044B0A46614655E71802002057
:1080900010B4044C8446134620685DF8044B0A462D
:1080A000614649E7180200202DE9F04F85B08A4665
:1080B0000192624A03901E460D46294615F8014B6F
:1080C000135D13F00803F8D12D2C00F083802B2CC6
:1080D00003BF2C7802938D1C0293BEB1102E7ED06C
:1080E0004FEAE67B32465B464FF0FF304FF0FF3100
:1080F00004F0E4FA3246074688465B464FF0FF300C
:108100004FF0FF31B14604F0D9FA0AE0302C7AD0B2
:108110004FF00A09DFF82881B34605224FF099375E
:108120004E464FF0000C6046614615E0874278EB02
:10813000010420D3414508BFB8423AD000FB0BF4FC
:1081400009FB0141A0FB09042144181841EBE3712C
:108150004FF0010C15F8014BA4F13003092B05D9A0
:10816000A4F14103192B09D8A4F137039E420DDD78
:10817000BCF1000FDADA4FF0FF3CEBE7A4F161034A
:10818000192B03D8A4F157039E42F1DCBCF1000F78
:1081900014DB029B13B1404261EB4101019B2BB107
:1081A000BCF1000F13D1019BC3F800A005B0BDE8DE
:1081B000F08F9342C2DD4FF0FF3CCBE7039A2223BE
:1081C0001360019B4FF0FF300146002BEED005F10C
:1081D000FF3AE8E701232C7802938D1C7DE7302CD1
:1081E00023D12B7803F0DF03582B1BD14FF010095C
:1081F0006C780F2202354FF0FF376FF070484FF068
:10820000000B4E468DE72B7803F0DF03582BEDD0A3
:108210004FF00809B34607224FF0FF376FF0604870
:108220004E467EE74FF0000B5CE70F224FF0FF3722
:108230006FF07048B1464FF0000B72E7C9A1030818
:108240009999991930E700BF10B4044C844613463D
:1082500020685DF8044B0A46614625E718020020B5
:1082600010B4044C8446134620685DF8044B0A465B
:10827000614619E7180200202DE9F04F936883B09A
:108280009146002B6ED017688D6880460C460868B2
:10829000083744E0A38913F4906F2ED0D4E9041575
:1082A000A0EB010A05EB450505EBD5750AEB0600C9
:1082B0006D100130A8422A4684BF05462A465B0558
:1082C00037D511464046F8F7BBF800283BD0524658
:1082D00021690190F8F75EFBA289019B22F490626C
:1082E00042F08002A281A5EB0A0203EB0A0065615D
:1082F000A260236120603546B24659465246F8F7DF
:10830000E3FBA068D9F808102368451B8E1B03EB1C
:108310000A00A5602060C9F808601EB3083757E955
:1083200002B6002EFAD0B542AA46B3D93546B246B7
:10833000E3E74046FEF772F903460028D3D12169EE
:108340004046FCF771FF0C23C8F80030A3890022D7
:1083500043F040034FF0FF30A381C9E9012203B08D
:10836000BDE8F08F0020C9F8040003B0BDE8F08F2D
:108370002DE9F04FABB0174606938B891A06884655
:10838000834603D50B69002B00F0A4841AAB0D9330
:108390000023CDE90E3309930DF1680903935E467E
:1083A0003B78002B00F035813C4604E014F8013F97
:1083B000002B00F05681252BF8D1E51B40F05381AE
:1083C0002378002B00F0258100214FF00002637814
:1083D0008DF82F20671C08464FF0FF3B05918A4619
:1083E0000137A3F12002582A00F25781DFE812F08A
:1083F000AA0255015501A602550155015501550125
:10840000550155019C029802550135017F02550125
:108410007B02590059005900590059005900590070
:108420005900590055015501550155015501550196
:10843000550155015501550161025501550155017F
:1084400055015501550155015501550155012201AF
:10845000550155015501550155016800550155015A
:10846000150255015501550155015501550155019B
:10847000550155015501060284015501550155016B
:108480005D02840155015501530255013D0224014D
:108490002C02E1015501C00155016A005501550149
:1084A000E501A3F13002002417F8013B04EB84043A
:1084B00002EB4404A3F13002092AF5D9059490E7B0
:1084C0004AF0100A1AF0200100F00881069B0733D9
:1084D00023F00703596853F8080B069301234FF064
:1084E00000028DF82F2000220792BBF1FF3F00F021
:1084F00032822AF08002029250EA010240F0298280
:10850000BBF1000F40F00D84002B40F08A831AF07D
:108510000103049300F0878330238DF867300DF159
:108520006704049B079A5B45B8BF5B4601930AB199
:1085300001330193029B13F00203079302D0019BC6
:1085400002330193029B13F08403089305D1059B2A
:10855000019A9D1A002D00F3CC82DDE90E219DF8D1
:108560002F0080B101320DF12F000131C9F8000058
:10857000072A4FF00100CDE90E21C9F8040000F3ED
:10858000F28209F10809079B7BB101320CAB023181
:10859000C9F80030072A4FF00203CDE90E21C9F8CF
:1085A000043000F3ED8209F10809089B802B00F0EC
:1085B0000882049BABEB0305002D00F34582049B6E
:1085C000C9F8004001321944072ACDE90E21C9F843
:1085D000043000F3798209F10809029B5B0705D595
:1085E000059B019A9C1A002C00F3D782039B059AE5
:1085F00001988242ACBF9B181B180393002940F0DE
:108600006F8200230E933B780DF16809002B7FF4F5
:10861000CBAE0F9B002B40F0A083B8F80C3013F0CA
:10862000400F039B18BF4FF0FF33039303982BB009
:10863000BDE8F08F4AF0100A1AF0200141D0069BE5
:10864000073323F00703596853F8080B06930023F8
:1086500045E7059A5242CDE905233B784AF0040AE2
:10866000BEE6E51BD5D00F9B2B440F930E9B013329
:10867000072BC9E900750E9305DC09F10809039B76
:108680002B4403939CE60DAA41463046FFF7F4FDC8
:108690000028C2D10DF16809F1E7002940F0638399
:1086A000002BB6D08DF840304FF000038DF82F30FE
:1086B00001230193049310ACCDF808A04FF0000BF8
:1086C00038E71AF0100347D11AF0400144D0069A57
:1086D00052F8040B0692194680B200E71AF0100314
:1086E00040D11AF040013DD0069A52F8040B069290
:1086F000194680B20123F2E6002940F04B831AF0BC
:10870000200F069B00F0DF80073323F007031A4693
:108710005B6852F8080B06921946002BC0F28F8254
:10872000BBF1FF3F00F0F9829DF82F30079350EA2C
:1087300001032AF0800A00F06E820A2871F100031A
:1087400080F09382303001238DF86700CDF808A0C7
:1087500004930DF16704E4E6069B53F8040B0693BB
:108760000B46BCE6069B53F8040B06930123B6E6C2
:10877000069D55F8044B4FF000038DF82F30002C68
:1087800000F0E282BBF1FF3F00F097825A460021E1
:108790002046FDF78DF9002800F0E882031B0493C2
:1087A0009DF82F300695CDF808A007934FF0000BE9
:1087B000B7E63B784AF0200A12E6002940F0ED8245
:1087C000A74A09921AF020012FD0069A073222F008
:1087D0000702516852F8080B06921AF0010F0BD0ED
:1087E00050EA010208D08DF8313030238DF8303056
:1087F0004AF0020A022372E6022370E6069B4FF05B
:1088000000028DF82F2053F8042B069301238DF8D6
:1088100040200193049310AC4EE7002940F0B18250
:10882000904A09921AF02001CFD11AF0100240F0BC
:10883000FC811AF0400100F0F881069C54F8040B0A
:108840000694114680B2C8E7069B53F8040B0693C2
:1088500030238DF8303078238DF83130804B0993F8
:108860004AF0020A0021022339E6002940F08C82F6
:108870001AF0200F40F017821AF0100F40F03882E3
:108880001AF0400F00F03482069B039953F8042B32
:108890000693118084E53B786C2B03BF7B784AF00C
:1088A000200A01374AF0100A9AE53B784AF0400A5C
:1088B00096E5002940F06B824AF0100A1AF0200F6A
:1088C000069B7FF421AF53F8040B06931AF0100FA8
:1088D00040F0B0811AF0400F00F0AC8140F3C0319D
:1088E0000B4600B219E73B784AF0800A78E53C462F
:1088F00014F8013B2A2B00F05382A3F13002092A1D
:1089000027464FF0000B3FF66CAD17F8013B0BEB21
:108910008B0B02EB4B0BA3F13002092AF5D960E572
:108920003B7801212B205BE5069B53F8042B059235
:10893000002AFFF68EAE06933B7851E53B784AF06D
:10894000010A4DE53B7800287FF44AAD0121202043
:1089500046E5DDF808A0012B3FF4EFAE022B1AAC80
:1089600012D1099A00F00F030009D35C04F8013D0D
:1089700040EA0170090950EA0103F3D11AAB1B1B4D
:10898000CDF808A00493CCE500F00703C00840EA46
:108990004170C908303350EA0105224604F8013D10
:1089A000F2D11AF0010FE9D0302BE7D03023023A90
:1089B00004F8013C1AAB9B1ACDF808A004931446A6
:1089C000AFE5059B01981D1A002D7FF7F2AD102D24
:1089D000DFF894A025DD50461023A246044604E0AB
:1089E000103D102D09F1080918DD01321031072A58
:1089F000C9E90043CDE90E21F2DD0DAA414630461A
:108A00000DF16809FFF738FC00287FF406AE103D31
:108A1000102DDDE90E214FF01003E6DC234654460D
:108A20009A4601322944072ACDE90E21C9F800A04F
:108A3000C9F8045000F37B81049BABEB0305002DC8
:108A400009F108097FF7BBAD102DDFF81CA02DDD63
:108A50000B4651464FF0100BA2460C460BE000BFF0
:108A600068DB04082CAE030858A40308103D102D41
:108A700009F1080916DD01321033072AC9E9004B54
:108A8000CDE90E23F2DD0DAA41463046FFF7F4FB97
:108A900000287FF4C2AD103D102DDDE90E230DF14D
:108AA0006809E8DC1946234654469A4601322944AF
:108AB000072ACDE90E21C9F800A0C9F8045000F337
:108AC000C78009F108097AE50DAA41463046FFF74B
:108AD000D3FB00287FF4A1AD0F990DF168097CE567
:108AE0000DAA41463046FFF7C7FB00283FF489AD89
:108AF00093E5102DDDE90E21DFF8CCA225DD5046EF
:108B00001023A246044604E0103D102D09F1080987
:108B100018DD01321031072AC9E90043CDE90E21E1
:108B2000F2DD0DAA414630460DF16809FFF7A4FBBE
:108B300000287FF472AD103D102DDDE90E214FF0BD
:108B40001003E6DC234654469A4601322944072A9C
:108B5000CDE90E21C9F800A0C9F8045000F3D08077
:108B600009F10809FBE40DAA41463046FFF784FBF2
:108B700000287FF452ADDDE90E210DF1680902E510
:108B80000DAA41463046FFF777FB00287FF445AD3C
:108B9000DDE90E210DF1680907E5102C0E9BDFF8C9
:108BA00028A225DD0A4651461025BA460F4604E0A4
:108BB000103C102C09F1080916DD01331032072B87
:108BC000C9E90075CDE90E32F2DD0DAA4146304605
:108BD000FFF752FB00287FF420AD103C102CDDE99C
:108BE0000E320DF16809E8DC11463A4657469246C6
:108BF00001332144072BC9E900A4CDE90E317FF7E9
:108C0000F5AC0DAA41463046FFF736FB00287FF44D
:108C100004AD0F99EAE4BBF1000F7FF493ADCDF8FA
:108C200008A0CDF810B01AAC7BE4069A52F8040BF9
:108C30000692D2E5C1170B46002BBFF671AD2D236E
:108C400040428DF82F30079361EB410101234CE442
:108C50000DAA41463046FFF70FFB00287FF4DDAC3C
:108C6000DDE90E210DF16809A9E41AAC0197274648
:108C70000A22002304460D4603F020FD303207F897
:108C8000012D0023204629460A2203F017FD0A2C55
:108C900075F10003ECD23C461AAB1B1B019FCDF8CB
:108CA00008A004933DE4069B039853F8041B069325
:108CB000C217C1E90002FFF773BB20460695CDF845
:108CC00008A0F8F7DDFB9DF82F30049007934FF0D4
:108CD000000B26E44021F7F7B3FBC8F80000C8F802
:108CE0001000002866D04023C8F81430FFF74EBBB0
:108CF000069B039953F8042B11600693FFF750BBB2
:108D00000DAA41463046FFF7B7FA00287FF485AC3C
:108D1000DDE90E210DF1680921E49DF82F3007935C
:108D20000BE5012BDDF808A07FF418AE0AE50DAACB
:108D300041463046FFF7A0FA00287FF46EACDDE92B
:108D40000E210DF1680934E45B46062B28BF06238B
:108D50001C4C049306950193AEE40DAA414630469F
:108D6000FFF78AFA59E48DF82F0099E49DF82F3027
:108D7000CDF810B00695CDF808A083460793FFF70D
:108D8000D0BB8DF82F004BE58DF82F0070E58DF8E6
:108D90002F0091E58DF82F00B1E48DF82F000FE53D
:108DA000069A7B78274652F8044B069244EAE47B05
:108DB000FFF716BB0C23CBF800304FF0FF330393C3
:108DC00034E400BF7CDB040848A4030838B54B1C1E
:108DD0001AD093891446126B23F02003A381CDB2DD
:108DE000AAB16268636B9A4209DA23685A1E22604C
:108DF00003F8015C636801336360284638BD21468F
:108E000001F014F80028F0D04FF0FF35F5E72369A2
:108E100022682BB1934203D212F8013CAB420FD02F
:108E20006168E1632346A26304F1400103226263A7
:108E3000216303F8425F0122C4E90032284638BDAD
:108E40006368013A0133C4E90023D6E710B50C4644
:108E5000096B69B104F14003994201D0FCF7E4F9D0
:108E6000E36B63600020206313B1A36B236010BD2C
:108E7000A3892169002243F02003C4E90012A381E1
:108E80004FF0FF3010BD00BF2DE9F04F85B0CDE9A8
:108E9000023202FB03F30E9C0193A3B3D4F804A0A7
:108EA000019B53458B4646D9A046019D58F8401B6F
:108EB0000746002652465846F7F76CFD2368226B9A
:108EC0005344A946C4E9003611463846D344A5EBBD
:108ED0000A05E2B1424501D0FCF7A6F9E36B26632F
:108EE0006360A3B1A16B2160AB429A46E2D3029BBF
:108EF00001932A465846F7F74DFDD4E90032521B3C
:108F00002B44C4E90032019805B0BDE8F08F019B05
:108F100022695344A3EB090A039BBAFBF3F30193C1
:108F2000A389019843F02003A3810023C4E900230F
:108F300005B0BDE8F08F21681D46D8E72DE9F04F58
:108F40008B46DFB0B1F90C1006938B04074609D4A9
:108F5000DBF8643041F4005123F40053ABF80C10FB
:108F6000CBF8643092461AF8013B0F93002B00F0C7
:108F70007886002207920A9205929046049214AADB
:108F8000C2F10102DFF87494CDF80CA00B92BA463E
:108F900019F8037017F0080770D1252B5ED10398DC
:108FA00002783C46A2F12503411C532B62D8DFE82E
:108FB00013F054006100610061006100C4016100B0
:108FC0006100610061006100C500C500C500C50009
:108FD000C500C500C500C500C500C5006100610031
:108FE0006100610061006100610061006100610079
:108FF0006801610061006100610061006100610061
:10900000860161006100060161006100610061008C
:109010006100610061006100D100610061007901BF
:109020006100610061006100610061006100810117
:109030006A0161006100610071019B0161006100D2
:10904000A2016100AD0108018E0161006100910182
:109050006100940161006100D1000391DBF80430EC
:10906000002B50DDDBF80030039A197812F8012C40
:10907000914235D004985FB0BDE8F08FDBF8043042
:109080000BF1400500241A460FE0DBF800301A7897
:1090900019F80220160703F101032BD5DBF8042091
:1090A000013ACBE9003208F10108002AEDDCDBF8D7
:1090B000303050461946002B00F05883AB4201D0A7
:1090C000FCF7B2F8DBF83C30CBF83040CBF804309A
:1090D000002B00F04B83DBF83830CBF80030D6E7BC
:1090E0000133CBF80030DBF80430013B08F1010814
:1090F000CBF80430039A12F8013B03920F93002B34
:109100007FF446AFB6E7DBF83010002900F0AC8200
:109110000BF14003994202D05046FCF785F8DBF88A
:109120003C30CBF804300022CBF83020002B00F08C
:109130009B82DBF83830CBF8003095E717F08F0FC3
:1091400098D104EB840402EB4402A2F1300442788B
:10915000084627E747F40077A64B079310230391AF
:1091600005930325DBF80430002B35DD17F04006AE
:109170004FD0022D00F01182032D00F04181012D0E
:1091800000F0E280012C38BF012417F0010540F007
:10919000EB83FA0600F15983069D234655F8041B1C
:1091A000CDF800B001225046FFF76EFE002800F017
:1091B0006682049B06950133804404939AE747F046
:1091C00001078C4B079308230593DBF804300391C8
:1091D000002B4FF00305C9DCDBF83010002900F04C
:1091E00043820BF14003994202D05046FCF71CF831
:1091F000DBF83C30CBF804300022CBF83020002BD9
:1092000000F03282DBF83830CBF8003017F040063F
:10921000AFD1DBF80020137819F803301907A8D56F
:109220000BF140030894114634461E4607E0CBF884
:1092300000100B7819F803301B0740F10F82DBF8A0
:109240000430013B002B08F10108CBF8043001F198
:109250000101ECDCDBF8303050461946002B00F001
:109260000382B34201D0FBF7DFFFDBF83C30CBF8E1
:109270003040CBF80430002B00F0F681DBF83810DA
:10928000D5E747F001075C4B07930A230391059349
:10929000032567E73B077FF4EDAE427847F004070C
:1092A00008467FE61EA8FDF7A5FB47F040070390A0
:1092B000012557E747F040070391002552E73A0799
:1092C0007FF4D8AE427847F0020708466AE647F4D2
:1092D000087741E70391022544E7464B07930A23A9
:1092E0000391059303253DE7434B07930023039127
:1092F0000593032536E73D077FF4BCAE42786C2A20
:1093000000F0918447F0010708464BE6FE0600F1A5
:109310002A847D0700F13384FC0700F1A584B80797
:1093200040F1A284069A039152F8043B06924FEA58
:10933000E872C3F800805A60DCE63C437FF49AAEE2
:109340004278102708462DE6002C08BF4FF0FF3466
:1093500017F0010640F08B8317F010039C4600F0D5
:109360001382DBF800301EAF1A78BA5C002A3FF493
:1093700081AE0133CBF80030DBF80430012C03F16F
:10938000FF33CBF8043000F06D810BF14002CDF8D3
:109390002080904612E0DBF800301978795C0133C8
:1093A000002900F05D81CBF80030DBF80430013596
:1093B000013BAC42CBF8043000F05281002BEADCD8
:1093C000DBF8303050461946002B00F07A844345D4
:1093D00001D0FBF729FFDBF83C30CBF83060CBF84D
:1093E0000430002B00F06D84DBF83830CBF800300F
:1093F000D3E700BF758000082D7D0008C9A10308D0
:10940000631E262B40F24B81A4F1270309932724E6
:1094100000260BF14003324608933346059E47F47D
:10942000586714ADDBF8000090F800C0ACF12B01D8
:109430004D293AD8DFE801F07E397E3939896D6DE2
:109440006D6D6D6D6D838339393939393939272718
:1094500027272727393939393939393939393939C4
:109460003939393939733939393939393939272756
:1094700027272727393939393939393939393939A4
:109480003939393939730A2E0FDD27F4386705F871
:1094900001CBDBF8041001390029CBF8041060DDA2
:1094A0000130CBF80000013CBCD105961E46F80502
:1094B00007D514AB9D4200F2998314AB9D423FF453
:1094C000D9AD17F0100240F0C48014A9059B079C89
:1094D0002A705046A047B90600F1B3807A0700F120
:1094E000488317F0010240F0AC80BB0740F1A9802F
:1094F000079BB6498B425046059B14A900F0748423
:10950000FEF700FD069A52F8043B0692C3E90001FB
:109510009CE0AF4927F4386731F91660B7E707F4E4
:10952000C061B1F5007FC0D127F4007747F4A06790
:109530001026ACE73906B8D527F08007A7E7A4497D
:1095400031F91660082EA0DCAFE739059FD516B9B2
:1095500047F400770826790540F1F98227F4B067CF
:1095600095E7DBF83010002900F0878308988142E6
:1095700005D050460593FBF757FE059B0022DBF80C
:109580003C10CBF83020CBF80410002900F0758394
:10959000DBF83810CBF8001085E7002C08BF4FF03F
:1095A000FF34F9077ED4F80640F18681DBF80030FD
:1095B0001A7819F8026016F008067FF49BAD0133A3
:1095C000CBF80030DBF80430012C03F1FF33CBF88B
:1095D000043008BF08F101083FF48CAD01250BF100
:1095E000400713E0DBF800301A7819F80220110761
:1095F00003F1010336D4CBF80030DBF80430013539
:10960000013BAC42CBF8043000F01383002BE9DCC3
:10961000DBF8303050461946002B00F0A680BB42E4
:1096200001D0FBF701FEDBF83C30CBF83060CBF823
:109630000430002B00F09980DBF83830CBF8003094
:10964000D2E7069A52F8043B18600692049B013355
:10965000049314ABED1A2E44B0444BE5089C88E506
:10966000DDF82080A84445E5DBF81010BBF80C308D
:109670000022CBE9001243F02003ABF80C30049A2F
:10968000002A00F0EC82BBF80C3013F0400F18BF3A
:109690004FF0FF32049204985FB0BDE8F08F0023D2
:1096A0000993B5E6DBF8003017F010071B7808BF08
:1096B000069A19F8033006BF52F8045B06920FAD04
:1096C00013F0080649D1CDE90874FCF79DF8B042C3
:1096D000D5D0DBE9003213F8011B013ACBE90032A7
:1096E0000A9B14A8032B815506F1010712AC02D185
:1096F0002368042B04D0082200212046F7F760FAE3
:1097000014AA00943B4629465046FCF763F9421CD4
:109710000A90B4D0002840F08F822860FCF746F809
:10972000002840F0FA82B844099B013B0993089F46
:10973000002F40F003830435DBF80430002B40F3A6
:10974000D282DBF800301B7819F803301C0703D4F1
:10975000099B0BB13E46B8E7089F002F7FF4CAACC7
:10976000049B2F6001330493C4E4A844BBF80C307D
:1097700043F02003ABF80C30DBF81030CBF80030AE
:109780000023CBF80430B5E4DBF80000069A037838
:109790001EAFF95C52F8043B069200293FF46AAC14
:1097A000DBF804100139CBF80410411CCBF8001091
:1097B0001D46017805F8011B012C3CD00BF1400639
:1097C000CDE908831C44B046664615E07580000864
:1097D00068A40308DBF800201178795C49B3DBF852
:1097E00004100139CBF80410511CCBF8001012788A
:1097F00005F8012BA5421CD0DBF80420002AE9DC87
:10980000DBF8302050461146002A00F046824245DF
:1098100001D0FBF709FDDBF83C20CBF83060CBF83A
:109820000420002A00F03982DBF83820CBF8002031
:10983000D2E7DDE90883EB1A3FF41CAC9844049BA3
:109840000133049300232B7054E4DBE90012A2429D
:1098500080F2C382DBF83030CDF824800BF1400772
:109860002E461144CBF80010A846089419465046DD
:109870001544A41A002B00F0C181BB4201D0FBF7B4
:10988000D3FCDBF83C20CBF83060CBF80420002A76
:1098900000F0B481DBF83810CBF8001094424FF0A0
:1098A0000003DEDC4546DDE908381D44121B0C448C
:1098B000CBE90042A8441DE4069BDBF8001053F8F6
:1098C000042B06930B7819F8036016F0080640F095
:1098D0008682DBF80430013BCBF804304B1CCBF81C
:1098E000003015460B7805F8013B012C00F0798219
:1098F0000BF140073B461444374608921E4616E0DB
:10990000DBF80030197819F801100A0703F101009B
:1099100000F12681DBF80410CBF800000139CBF808
:1099200004101B7805F8013BA54200F01981DBF813
:109930000430002BE4DCDBF8303050461946002BB5
:1099400000F01382B34201D0FBF76EFCDBF83C3031
:10995000CBF83070CBF80430002B00F00682DBF837
:109960003830CBF80030CDE717F0100308BF069A67
:1099700009934FF0000504BF52F8046B06922F467E
:109980000A9DCDF8208018BF0026FBF73DFFB842A6
:109990003FF475AEDBE9001314AA11F8010BD055A2
:1099A000013B032D07F10108CBE9001312AF02D1EF
:1099B0003A68042A04D0082200213846F7F700F953
:1099C0000097434614AA31465046FCF703F8054673
:1099D000681C3FF454AEEDB9099B03B93360089B92
:1099E00043440893013C099B03B90436DBF8043077
:1099F000002B4FF0000714DD002CC6D1DDF82080CD
:109A00000A95099B002B7FF475AB049B01330493EB
:109A1000FFF770BBA91C21D1DBF8041000294746D1
:109A2000B3DCDBF83010002900F0C3810BF14003F8
:109A3000994202D05046FBF7F7FB0023CBF83030B9
:109A4000DBF83C30CBF80430002B00F0B281DBF8BF
:109A50003830CBF80030002C97D1CFE7089B032D8E
:109A600043440893BED13B68042BBBD1BBE717F03E
:109A700010030D937AD1069A52F8043B089306928C
:109A800009940A9CCDF830800026FBF7BDFEB04259
:109A90003FF4F5ADDBE9003214A813F8011B815542
:109AA000013A032CCBE9003206F1010810AD02D1D6
:109AB0002B68042B04D0082200212846F7F780F8F1
:109AC000089F0095434614AA39465046FBF782FF8B
:109AD000431C04463FF4D3AD002859D138600746F3
:109AE00012AB0822002118460A93F7F769F8C0491B
:109AF0000A9BD1F8E0103A4650460F460EA9B847E7
:109B000001286CD000221EAB9B5C002B00F03E8134
:109B10000C9B032C43440C9364D0099B013B099399
:109B20000D9B13B9089B04330893DBF80430002B1A
:109B300037DD0026099B002BA7D1DDF830800A9481
:109B40000D9B002B7FF4D6AA089A13605DE7099954
:109B500027F4607711B1013909910134013398E498
:109B6000089AAB1A6AE60391FFF7C4BA0FAB0893E1
:109B700086E7069A52F8043B0692188066E5069A34
:109B8000039152F8043B0692A3F80080FFF7B2BAA3
:109B9000A01C40F04281DBF80430002B03DD464678
:109BA00073E74FF00008DBF83010002900F0C880A0
:109BB0000BF14003994202D05046FBF735FBDBF82E
:109BC0003C30CBF804300022CBF83020002B00F0E2
:109BD000B780DBF83830CBF800304646AAE79DF86E
:109BE000382090E72B68042B97D199E715F8011CD2
:109BF0005A465046013DFFF7E9F85EE4BBF80C30E9
:109C0000DDF8248043F02003ABF80C30DBF8103093
:109C1000CBF800300023CBF80430002D3FF42FADFB
:109C2000A844FFF767BA827847F002070230FFF7CF
:109C3000B9B9A044FFF75EBA0A9B02333FF47CAD8A
:109C40002868FBF7B3FD002867D10A9B032BB844B3
:109C50007FF46AAD2368042B7FF466AD67E54FF0AF
:109C6000FF330493FFF706BA069A039152F8043BB8
:109C7000C3F800800692FFF73DBA05961E46BBF872
:109C80000C3043F02003ABF80C30DBF81030CBF88D
:109C900000300023CBF8043009E4BBF80C10DDE9F8
:109CA000088341F02001ABF80C10DBF81010CBF862
:109CB0000010AB424FF00001CBF804107FF4BBADB5
:109CC000DDE4BBF80C30DDF8208043F02003ABF876
:109CD0000C30DBF81030CBF800300023CBF8043028
:109CE000A844FFF707BADBF83010002900F08280A3
:109CF0000BF14003994202D05046FBF795FA00233E
:109D0000CBF83030DBF83C30CBF80430002B71D08E
:109D1000DBF83830CBF8003015E53B46089F002BC8
:109D20003FF41BAD14AB0B9C1E4416F801195A46A8
:109D30005046FFF74BF8F442F7D10EE50027FBE45D
:109D4000BBF80C300A9443F02003ABF80C30DBF87E
:109D50001030CBF8003045460023DDF83080CBF8DA
:109D60000430002D3FF4ECAE89E4089AAB1A984415
:109D7000BBF80C3043F02003ABF80C30DBF81030AC
:109D8000CBF800300023CBF8043058E545460A9460
:109D9000DDF83080002D3FF4D3AE14AB0B9C1E4495
:109DA00016F801195A465046FFF710F8F442F7D159
:109DB000C6E6BBF80C30DDF820800A9543F020039E
:109DC000ABF80C30DBF81030CBF800300023CBF8C8
:109DD0000430002F3FF415AE51E4254666E51546E4
:109DE0002DE508F101082AE5FEF72CFAFFF78ABBFA
:109DF000580A0020BBF80C3043F02003ABF80C30BD
:109E0000DBF81030CBF800303A460023089FCBF83F
:109E10000430002A7FF433AC9FE4089B1B681F4684
:109E200001337FF45DAE3A466DE600BF01F14003B9
:109E30002DE9F0410C46096B994214D0666B77000E
:109E40003A46FCF7EBFB054640B300EB060801463B
:109E500032464046F6F79EFDC4E90C57C4F8008030
:109E60000020BDE8F0814FF48061F6F7E9FAA8B16F
:109E700094F842304FF48062C4E90C0280F8FF335A
:109E800094F8413080F8FE3394F8402080F8FD23A8
:109E900000F2FD3323600020BDE8F0814FF0FF3079
:109EA000DFE700BF70B54C1C34D00E4605461446A3
:109EB00010B1836B002B30D0B4F90C309A0405D468
:109EC000626E22F4005243F40053626623F02003D2
:109ED0005807A3819AB206D4D1061BD512073CD4E9
:109EE00043F00403A381236BF6B2EBB16268636BAA
:109EF0009A4209DA23685A1E226003F8016C6368EB
:109F000001336360304670BD21462846FFF78EFF5F
:109F10000028EFD04FF0FF36F4E7FBF715F9B4F95E
:109F20000C309A04D2D4CBE7236922682BB1934238
:109F300003D212F8013CB3421CD06168E1632346AE
:109F4000A26304F1400103226263216303F8426FBC
:109F50000122C4E90032304670BD21462846FAF796
:109F6000C9FF0028D6D1B4F90C30A06023F0080353
:109F7000A061B5E76368013A0133C4E90023C1E792
:109F800010B4044C03460A4620685DF8044B194699
:109F9000FFF788BF180200202DE9F84F4B6E9C0494
:109FA00090462DD59368126843B38B46064602F15E
:109FB000080959E9025A5FEA9A0715D0043D0024BE
:109FC00001E0A7420ED055F8041F5A46304600F073
:109FD000D3FF431C04F10104F3D10023C8E901338A
:109FE000BDE8F88FD8F808302AF0030AA3EB0A037B
:109FF000C8F8083009F10809002BDAD10020ECE795
:10A00000FBF718FA0023C8E90133BDE8F88F00BF59
:10A0100010B4946814B15DF8044BBDE72046546059
:10A020005DF8044B704700BF2DE9F04FABB01C4604
:10A03000884617460693834618B1836B002B00F0C1
:10A040002582B8F90C1088048AB20AD4D8F8643092
:10A0500041F4005223F40053A8F80C20C8F86430EF
:10A0600092B2130740F1A480D8F81030002B00F012
:10A070009F8002F01A020A2A00F0A8801AAB0D9302
:10A080000023CDE90E3309930DF1680905933B7860
:10A09000002B00F00D813C4604E014F8013F002B3A
:10A0A00000F0E880252BF8D1E51B40F0E58023780F
:10A0B000002B00F0FD804FF0000200218DF82F20D2
:10A0C000637804914FF0FF32671C084602928A467B
:10A0D0000137A3F12002582A00F2F780DFE812F0DE
:10A0E0003302F500F5002F02F500F500F500F5004C
:10A0F000F500F500E5012B02F500F001F401F50093
:10A1000027025900590059005900590059005900B7
:10A1100059005900F500F500F500F500F500F500CF
:10A12000F500F500F500F5000E02F500F500F5006C
:10A13000F500F500F500F500F500F500F5009400D8
:10A14000F500F500F500F500F5008400F500F500D8
:10A150004802F500F500F500F500F500F500F50002
:10A16000F500F500F5003A02A701F500F500F5004D
:10A170008902A701F500F5007F02F500690296004B
:10A18000C902C502F500A402F5008600F500F5003D
:10A190008D02A3F13002002417F8013B04EB840484
:10A1A00002EB4404A3F13002092AF5D9049490E7A4
:10A1B00041465846F9F724FD002840F03585B8F8A7
:10A1C0000C2002F01A020A2A7FF458AFB8F90E30B8
:10A1D000002BFFF653AF23463A46414658462BB074
:10A1E000BDE8F04F00F044BD4AF0100A1AF020011B
:10A1F00000F00F81069B073323F00703596853F8DB
:10A20000080B069301230EE04AF0100A1AF0200111
:10A2100000F0F280069B073323F00703596853F8D8
:10A22000080B069300234FF000028DF82F20002228
:10A230000792029A541C00F02F822AF080040194A5
:10A2400050EA010440F02682002A40F09584002B59
:10A2500040F00E841AF00103039340F03E841AACE0
:10A26000DDE902639E42B8BF1E46079B002B3ED02D
:10A2700001363CE0E51B1BD00E9B0F9A01332A44AC
:10A28000072BC9E900750F920E9305DC09F1080947
:10A29000059B2B4405930AE7002A00F0D1830DAA01
:10A2A00041465846FFF778FE30B90DF16809EFE7EF
:10A2B0000F9B002B40F08584B8F80C305B0600F152
:10A2C000B38405982BB0BDE8F08F002940F0758469
:10A2D000002BEDD08DF8403001264FF000038DF8B3
:10A2E0002F30039610AC0023CDF804A00293019BFD
:10A2F00013F002030793019B18BF023613F0840387
:10A30000089304D1049B9D1B002D00F3DB82DDE943
:10A310000E1001F1010C9DF82F3093B101300DF1B9
:10A320002F030121BCF1070FCDE90EC0C9F80030A1
:10A33000C9F8041000F3A682614609F108090CF17E
:10A34000010C079BEBB10CAB0230C9F80030BCF13B
:10A35000070F4FF00203CDE90EC0C9F8043040F3F7
:10A36000AB82002800F066830DAA41465846FFF7ED
:10A3700013FE0028A0D1DDE90E100DF1680901F1EE
:10A38000010C089B802B00F0C881DDE902329D1A88
:10A39000002D00F31C82039BC9F800401844BCF157
:10A3A000070FCDE90EC0C9F8043040F3B38100288F
:10A3B00000F0D2820DAA41465846FFF7EDFD002875
:10A3C0007FF47AAF0F980DF16809019B5A0704D505
:10A3D000049B9C1B002C00F3C982DDE90423B242DC
:10A3E000ACBF9B189B190593002840F036820023D0
:10A3F0000E930DF168094AE61AF0100349D11AF0DC
:10A40000400146D0069A52F8040B0692194680B2D3
:10A4100009E71AF0100342D11AF040013FD0069A22
:10A4200052F8040B0692194680B20123FBE600297C
:10A4300040F0E1831AF0200F069B68D0073323F029
:10A4400007031A465B6852F8080B06921946002B60
:10A45000C0F20483029B013300F08A839DF82F3001
:10A46000079350EA01032AF0800A00F054830A2877
:10A4700071F1000380F01283303001238DF8670002
:10A48000CDF804A003930DF16704E9E6FAF75CFE4A
:10A49000D7E5069B53F8040B06930B46C3E6069BD1
:10A4A00053F8040B06930123BDE6069B53F8042BD7
:10A4B0000492002A80F20D83049A06935242049279
:10A4C0003B784AF0040A03E63C4614F8013B2A2B89
:10A4D00000F0AF83A3F13002092A274698BF002479
:10A4E00000F28F8317F8013B04EB840402EB440471
:10A4F000A3F13002092AF5D90294EAE5002940F0D7
:10A5000084834AF0100A1AF0200F069B96D153F864
:10A51000040B06931AF0100F40F09B821AF0400FC4
:10A5200000F0978240F3C0310B4600B28FE73B78D2
:10A530004AF0800ACCE53B7801212B20C8E53B7826
:10A540004AF0010AC4E53B7800287FF4C1AD01213F
:10A550002020BDE5069B4FF000028DF82F2001263C
:10A5600053F8042B8DF840200693039610ACBAE6FE
:10A57000002940F04D83BD4A09921AF0200144D0D1
:10A58000069A073222F00702516852F8080B069229
:10A590001AF0010F0BD050EA010208D08DF83130CB
:10A5A00030238DF830304AF0020A02233BE60223C2
:10A5B00039E6002940F022831AF0200F40F09A82F9
:10A5C0001AF0100F40F0CC821AF0400F00F0C88251
:10A5D000069B059953F8042B0693118057E53B78A9
:10A5E0006C2B03BF7B784AF0200A01374AF0100A2F
:10A5F0006EE53B784AF0400A6AE5002940F0F882AF
:10A600009B4A09921AF02001BAD11AF0100240F0C8
:10A610001B821AF0400100F01782069C54F8040BCC
:10A620000694114680B2B3E7069D55F8044B4FF0EF
:10A6300000038DF82F30002C00F0A482029B5E1CDA
:10A6400000F072821A4600212046FBF731FA0028FA
:10A6500000F0BE82031B03939DF82F300793002365
:10A660000695CDF804A00293FAE53B784AF0200A5B
:10A670002EE5069B53F8040B069330238DF83030FB
:10A6800078238DF831307A4B09934AF0020A002181
:10A690000223C8E5DDF804A0012B3FF4E8AE022B4D
:10A6A0001AAC12D1099A00F00F030009D35C04F828
:10A6B000013D40EA0170090950EA0103F3D11AABE8
:10A6C0001B1BCDF804A00393CAE500F00703C008E4
:10A6D00040EA4170C908303350EA0105224604F8C7
:10A6E000013DF2D11AF0010FE9D0302BE7D0302331
:10A6F000023A04F8013C1AAB9B1ACDF804A003936C
:10A700001446ADE503981A9401231B900F900E9305
:10A710000DF1680909F1080957E6049B9D1B002DFE
:10A720007FF733AE102D40F37B82DFF848A152460D
:10A730001023A246144607E001F1020E09F10809B0
:10A740001146103D102D1DDD4A1C1030072AC9E9A5
:10A750000043CDE90E20EFDD0DAA002800F08C802B
:10A76000414658460DF16809FFF716FC00287FF4B2
:10A77000A3ADDDE90E10103D102D01F1010E4FF0DB
:10A780001003E1DC234654469A462844BEF1070FE5
:10A79000CDE90EE0C9F800A0C9F8045040F3A48147
:10A7A000002800F0F8810DAA41465846FFF7F4FB57
:10A7B00000287FF481ADDDE90232DDE90E109D1A3B
:10A7C000002D01F1010C0DF168097FF7E4AD102DAA
:10A7D000DFF8A0A02BDD52461023A246144607E066
:10A7E00001F1020C09F108091146103D102D1BDD85
:10A7F0004A1C1030072AC9E90043CDE90E20EFDDDD
:10A800000DAA414618B358460DF16809FFF7C4FB7D
:10A8100000287FF451ADDDE90E10103D102D01F13F
:10A82000010C4FF01003E3DC234654469A462844BB
:10A83000BCF1070FCDE90EC0C9F800A0C9F804505B
:10A8400000F3E38009F108090CF1010CA3E54FF0D6
:10A85000010C01460DF16809C7E70DAA41465846AB
:10A86000FFF79AFB00283FF4C2AD25E52CAE0308A4
:10A8700068DB04089CA403084FF0010E01460DF1AB
:10A8800068095EE7002800F0D2800DAA41465846CC
:10A89000FFF782FB00287FF40FADDDE90E100DF10C
:10A8A000680901F1010C4CE502200CAB1B901A93D6
:10A8B0004FF0010C0DF16809614609F1080901F139
:10A8C000010C5EE5102D40F38D81DFF880A3DDE9FA
:10A8D0000EC052461023A2466146144607E001F11D
:10A8E000020C09F108091146103D102D1BDD4A1C10
:10A8F0001030072AC9E90043CDE90E20EFDD0DAA8B
:10A9000020B3414658460DF16809FFF745FB002882
:10A910007FF4D2ACDDE90E10103D102D01F1010CD9
:10A920004FF01003E3DC2346614654469A46284420
:10A930000729CDE90E10C9F800A0C9F8045000F3AA
:10A940009C8009F1080901F1010CE4E401464FF093
:10A95000010C0DF16809C7E7019B0E9059074CD512
:10A96000049B9C1B002C48DD0DF16809102C40F362
:10A970005281DFF8D8A20E9A53461025B2461E46E1
:10A9800006E0911C09F108091A46103C102C19DD4B
:10A99000531C1030072BC9E90065CDE90E30F0DDFE
:10A9A0000DAA28B341465846FFF7F6FA00287FF46F
:10A9B00083ACDDE90E20103C102C02F101010DF1F9
:10A9C0006809E5DC334656469A4620440729C9E91A
:10A9D00000A4CDE90E107FF700AD70B10DAA41467D
:10A9E0005846FFF7D9FA00287FF466AC0F98F4E4D4
:10A9F000012102460DF16809C7E7DDE90423B242EF
:10AA0000ACBF9B189B190593F1E400283FF47AAE84
:10AA10000DAA41465846FFF7BFFA00287FF44CAC18
:10AA20000E9B0F9803F1010C0DF16809B3E4079B2D
:10AA3000002B69D14FF0010C01460DF16809A0E42B
:10AA40000E920DF1680923E4069A52F8040B06925F
:10AA50009EE5C1170B46002BBFF6FCAC2D234042F0
:10AA60008DF82F30079361EB41010123FFF7E1BB24
:10AA7000029B03931AACFFF7F3BB002862D00DAA28
:10AA800041465846FFF788FA00287FF415ACDDE907
:10AA90000E100DF1680901F1010C3CE41AAC0A2218
:10AAA000002306460D4601F009FE303204F8012D60
:10AAB0000023304629460A2201F000FE0A2E75F1D5
:10AAC0000003ECD21AAB1B1BCDF804A00393FFF7D5
:10AAD000C7BB06933B78FFF7FBBA30238DF867308E
:10AAE0000DF16704FFF7BCBB09F108090EF1010C79
:10AAF00071464AE4DDE9050353F8041B0693C217C7
:10AB0000C1E90002FFF7C3BA02200CAB1B901A93F5
:10AB10000DF16809D1E6029B002B7FF4ADACCDF8B6
:10AB200004A00393FFF79BBB20460695CDF804A035
:10AB3000F6F7A6FC9DF82F300793002303900293AD
:10AB4000FFF78EBB9DF82F3063B301239C461B9308
:10AB50000DF12F031A930DF168096046FFF7ECBB66
:10AB6000069B059953F8042B11600693FFF78FBAE3
:10AB70009DF82F3007937AE4012BDDF804A07FF4D1
:10AB80008EAD79E4029E304C0695062E28BF06262F
:10AB90000396FFF7A8BB4FF0010C01460DF16809C1
:10ABA000FFF7F3BB079B002B7FF47EAE01464FF00F
:10ABB000010C0DF16809FFF7E8BB8DF82F00FFF7D6
:10ABC00087BB0DAA41465846FFF7E6F9FFF774BB6D
:10ABD000029B03939DF82F300695CDE901A00793C2
:10ABE000FFF73EBB0E990F98DFF860A001319EE69B
:10ABF0008DF82F0004E58DF82F001BE48DF82F0051
:10AC0000DAE400220292FFF764BA8DF82F0078E4AC
:10AC10008DF82F00AFE40E99DFF830A00131D4E6B3
:10AC2000DFF82CA0E646B0E54FF0FF330593FFF7C1
:10AC300048BB069A7B78274652F8044B069244EAB2
:10AC4000E4740294FFF744BA7CDB04088CA4030884
:10AC50009CA4030810B4054C8446134620685DF894
:10AC6000044B0A466146FFF7DFB900BF1802002017
:10AC700070B50C468989ADF58D6D21F00201ADF8F6
:10AC80000C10616E1991E189ADF80E10E169079120
:10AC9000616A09911AA9009104914FF480610291AF
:10ACA00005910021069169460646FFF7BDF9051E8C
:10ACB00007DB69463046FAF71DF9002818BF4FF048
:10ACC000FF35BDF80C305B0603D5A38943F0400384
:10ACD000A38128460DF58D6D70BD00BF10B4034CE7
:10ACE000D4F8E040A4465DF8044B6047580A0020C1
:10ACF00049B1FF2A02D80A70012070478A230360F5
:10AD00004FF0FF3070470846704700BF00B50B4C4E
:10AD100025681446EE681A4685B003460D464CB1C8
:10AD200007490095CDE901143046064900F0BCF80A
:10AD3000F5F722FB04490C46F3E700BF1802002098
:10AD400034DC040844DC040840DC040808B513467D
:10AD50000022FFF7DBFF00BF10B502FB01F1F5F7A2
:10AD60006FFB044668B150F8042C22F00302043A49
:10AD7000242A18D8132A06D802460023C2E9003331
:10AD80009360204610BD00231B2AC0E900330FD971
:10AD9000242AC0E9023311BF00F11002036100F15F
:10ADA00018024361E9E70021F5F70AFF204610BDCC
:10ADB00000F10802E1E700BF70B50C460646FAF75D
:10ADC00001F8E36A054633B1E16930469847002847
:10ADD000B8BF4FF0FF35A3891B0619D4216B41B1D1
:10ADE00004F14003994202D03046FAF71DFA0023DD
:10ADF0002363616C21B13046FAF716FA00236364CD
:10AE0000FAF7A6F90023A381FAF7A4F9284670BD42
:10AE100021693046FAF708FAE0E700BFB1B138B56A
:10AE200004460D4608B1836B4BB1B5F90C300BB934
:10AE3000002038BD29462046BDE83840BCE7FAF777
:10AE400083F9B5F90C30002BF2D0F3E700207047FE
:10AE5000C0B138B50C4B1D6804460DB1AB6B4BB19E
:10AE6000B4F90C300BB9002038BD21462846BDE8A6
:10AE70003840A1E72846FAF767F9B4F90C30002BFF
:10AE8000F1D0F2E700207047180200200CB400B5A2
:10AE900083B004AB53F8042B0193FFF7C5F803B05C
:10AEA0005DF804EB02B070470EB410B583B005AB8B
:10AEB000064C53F8042B019301462068FFF7B4F8C1
:10AEC00003B0BDE8104003B0704700BF1802002077
:10AED0002DE9F04782B0824688461446FAF794FC82
:10AEE000012803D108F1FF33FE2B36D9424604F185
:10AEF0005C0301A9504600F03BFD421C064632D0DF
:10AF000030B39DF804C00DF10509002509E0236860
:10AF10005A1C226083F800C00135B54218D219F8D6
:10AF200001CBA368013B002BA360F0DAA769BB4209
:10AF300061462246504602DBBCF10A0FE7D100F021
:10AF4000B3FC431CE8D10646304602B0BDE8F087AA
:10AF50004646304602B0BDE8F0875FFA88FC8DF8BF
:10AF600004C00646CFE7A389304643F04003A381DF
:10AF700002B0BDE8F08700BFB2F90C3013F4005FF7
:10AF80000BD110B4546E43F4005344F4005454668F
:10AF900093815DF8044BFFF79BBFFFF799BF00BF9C
:10AFA00030B5104B1D680C4683B001460DB1AB6B3C
:10AFB0008BB1B4F90C309A0406D4626E43F400539A
:10AFC00042F40052A38162662246284603B0BDE8DF
:10AFD0003040FFF77DBF01902846FAF7B5F8019998
:10AFE000E7E700BF1802002070B50C46084D034685
:10AFF0000026204611461C462E6002F0BDFC431C74
:10B0000000D070BD2B68002BFBD0236070BD00BF4B
:10B01000F00F00202DE9F0410469B4EB611F2FDD32
:10B0200000F1140E4E1111F01F0C0EEB84050EEB07
:10B0300086032BD05EF8262004339D4222FA0CF1C1
:10B04000CCF1200818D977461A6802FA08F20A43A8
:10B0500047F8042B53F8041B9D4221FA0CF1F3D856
:10B06000A41BA300053B9B0801330EEB83044EF8A1
:10B070002310C9B1043417E0416174460029F9D1A5
:10B080000023036100234361BDE8F0819D4288BF36
:10B0900000F11002F4D953F8041B42F8041F9D423A
:10B0A000F9D8A41B0EEB8404A4EB0E039B1074458B
:10B0B0000361E7D0BDE8F0812DE9F04FAE4C2DEDF6
:10B0C000028B24688BB008EE100A20468946039252
:10B0D00007930494F6F7D4F9D9F800302118024602
:10B0E00011F801BC9978302940F0E5816FF001003A
:10B0F000C01A033300EB030A1C4613F8011B302966
:10B10000F8D0DFF8788218F80130002B00F0F780D3
:10B110002378002718F803303D4626462BB116F851
:10B12000013F18F80330002BF9D104990292304600
:10B13000F6F714FA029A0190002800F09680002D8C
:10B1400040F096803378019503F0DF03502B3546AD
:10B1500000F09880C9F80060002F40F0B0802B1BF1
:10B16000013B072B394604DD5B10072B01F1010180
:10B17000FADC18EE100A0592FAF7EAFC059A02903A
:10B18000002800F07182029BAC4203F1140606967F
:10B1900080F0E7810027C2F10103B946059310E072
:10B1A000202F00F097803946043715F8013C18F835
:10B1B0000330554603F00F038B40A54249EA0309CB
:10B1C00016D915F8013C5B4505F1FF3AE8D1059B1E
:10B1D0005344A342E4D31846049909920893F6F71E
:10B1E000BDF9DDE908320028DAD11D46A542E8D8CC
:10B1F00046F8049B069BF61A029BB6101E61484651
:10B20000FAF784FD039B76011C68301AA04200F314
:10B21000B780C0F22F810027039B019A9B6893425D
:10B22000C0F293810399019A4B68934240F3848062
:10B230009D1AAC4200F3C480CA68022A00F0C6819D
:10B24000032A00F0BE81012A00F0A28118EE100A44
:10B250000299FAF7A3FC5025169A0023284613609A
:10B260000BB0BDEC028BBDE8F08F002D00F011811A
:10B27000AD1BAB000193337803F0DF03502B354651
:10B280007FF468AF6B782B2B00F0F2802D2B6ED003
:10B290006E1C002018F803104B1E182B65D873780D
:10B2A00018F803301039013633BB00B14942019B15
:10B2B000C9F800600B440193002F3FF450AFBAF17E
:10B2C000000F14BF0025062528460BB0BDEC028BED
:10B2D000BDE8F08F002146F8049B0427894664E707
:10B2E00001EB810103EB4103A3F1100116F8013FCB
:10B2F00018F80330002BD8D0192BF1DDD5E70499CD
:10B3000001922046F6F72AF9019A002876D1A15C2D
:10B3100018F80130A518002B72D030292C4605D121
:10B3200014F8013F302BFBD018F80330B3FA83F741
:10B330007F094FF0010AF0E6012557B1039BDB6856
:10B34000022B65D0032B67D0012B00F0888045F0DD
:10B350001005169B029A1A60079B019A1A602846EC
:10B360000BB0BDEC028BBDE8F08F2E46F2E601205B
:10B37000AB78AE1C8EE700BFACA50308ACA40308F5
:10B38000029D061B31462846FBF700F9074678B1B7
:10B39000721E53110699012751F8231002F01F0362
:10B3A00007FA03F30B4203D0BA4200F3E48002270A
:10B3B000019B0298334431460193FFF72BFE2BE7A4
:10B3C0006E1E002F40F0CB80002E40F0CE80731117
:10B3D000069A029852F8232006F01F06012303FA6A
:10B3E00006F61642294618BF47F00207FFF712FE7D
:10B3F000039B5B680193641B02259EE72178254629
:10B4000001F0DF01502900F0BF80C9F8005056E775
:10B41000179BC3F101031793179B002B97D0029B37
:10B42000DDF818901E6900214B464FEA860809EBAB
:10B43000860003E0984243F8041C40D91F4653F8A5
:10B44000042BB2F1FF3FF5D00132022D3A6000F03B
:10B45000C28014F01F0440F0E180212579E7BA078B
:10B460007FF575AF069B1B681F43FB07D7D46EE7BC
:10B4700000207DE7DDE90131221A9B1A18EE100A3F
:10B480000193FAF7CFFD0346143302900693002789
:10B49000C2E6B35C18F80310B018064600293FF462
:10B4A00053AE16F8013F18F803100029F9D1801B9C
:10B4B0008100019148E69C1C4FF0000A21E6029BA6
:10B4C0009B689E4280F28E803346029901EB830294
:10B4D00001330B61022D4FF0010151617BD09E427F
:10B4E000B7DA002B40F3A780029A09EB8303516976
:10B4F00002F1180083424FEA510140F2AF804C46FE
:10B50000026841EAC27144F8041B50F8041B8342EC
:10B510004FEA5101F4D8029A9B1A193B9B08013358
:10B5200049F8231009EB8303002940F09B8002991E
:10B53000A3EB090292104B450A617FD0039B019A4D
:10B540009B6801329342019287DA029918EE100A41
:10B55000FAF724FB169A00231360A325B4E601270B
:10B5600035E7069E4FF0000942E602983146FBF7A8
:10B570000DF807462BE7B11E2846FBF707F8002811
:10B580003FF415AF032713E700230193012779E662
:10B59000AC427FF45BAE012C08D00298611EFAF732
:10B5A000F5FF00283FF452AE039B5B6807990B60E0
:10B5B000029B069901221A610A60169A622513609D
:10B5C00082E6179A002A3FF441AEEFE7179A002A65
:10B5D0007FF43CAEEAE7039B1B68013BA34231D0FA
:10B5E0002225B6E6029B596818EE100A0131FAF7D7
:10B5F000AFFA074600283DD002990B6902339A0042
:10B600000C310C30F5F7C6F9029918EE100AFAF76A
:10B61000C5FA07F114093B69029756E7C844C4F11B
:10B62000200458F8040CFAF771FBA042BFF615AFDE
:10B63000029B1B6955E7029A00231361029A0023BB
:10B6400053617BE7631104F01F0459F823200123A1
:10B65000A34013420CBF222521257AE6C9F8001029
:10B660004B4669B1043362E7074B0848029ADE2172
:10B67000FFF74CFB044B05483A468421FFF746FB95
:10B68000029B1961DAE700BF9CDB040874DC040844
:10B6900010B4046809E014F8013FA3F1410CBCF1B7
:10B6A000190F98BF2033934209D111F8012B002ABA
:10B6B000F1D10134046001205DF8044B7047002093
:10B6C0005DF8044B704700BF2DE9F04F096885B065
:10B6D0004B1111F01F01029002EB8303039140F024
:10B6E0008E801D1F0193029B01991C68002341F865
:10B6F000043C61780134002900F09780DFF87091F4
:10B70000A846AC469A461E460EE0202900F28B80E1
:10B71000B24506DAC44501D2072B5BDD624551D341
:10B72000082314F8011FA1B119F801000028ECD07A
:10B730000133082B06F101063ADCDCF800100901A0
:10B7400000F00F000843CCF8000014F8011F002996
:10B75000EAD1002E69D0E04501D9072B73DD62459F
:10B7600051D2111F634653F8040B41F8040F9D4258
:10B77000F9D2A5EB0C0323F00303691C04330CF18D
:10B78000010C614538BF04231344002143F8041B16
:10B790009D42FBD2019B53F8043C2BB9AA4248D0EE
:10B7A00055F8043D002BF9D0052005B0BDE8F08F19
:10B7B0006245B6D200234CF8043C1946ACF1040CA7
:10B7C0000123BDE70023ACF104084CF8043CB24669
:10B7D000C446A6E7C3F108018900DCF80030C1F1D6
:10B7E000200E60468B46416801FA0EF73B4303602A
:10B7F00021FA0BF340F8043F4045F4D38EE7191DBE
:10B8000001911D466FE7039B002BC3D0039B01985A
:10B81000C3F120014FF0FF33CB4050F8041C0B4024
:10B8200040F8043CB9E7292909D0042005B0BDE857
:10B83000F08F012305202B6005B0BDE8F08F029941
:10B8400001340C6085E7C3F108039B00DCF80010AD
:10B85000C3F120076446666806FA07F001432160D9
:10B8600026FA03F144F8041FA045F4D877E700BF97
:10B87000ACA4030838B5074D0022044608462A60E8
:10B8800002F08AF8431C00D038BD2B68002BFBD097
:10B89000236038BDF00F00209FED010B704700BF03
:10B8A000000000000000F87FF8B50D46144606467B
:10B8B00010B1836B002B43D0B4F90C20A369A360B3
:10B8C000170790B21BD52369CBB1EDB281042F4687
:10B8D00022D522686169D31A994229DD0133A16812
:10B8E0000139A160511C2160157062699A422AD009
:10B8F000A389DB0701D50A2D25D03846F8BD21469E
:10B900003046F8F77DF920BBB4F90C20236990B2DA
:10B91000EDB281042F46DCD442F40052A281626E63
:10B92000616922F4005262662268D31A9942D5DC1A
:10B9300021463046F9F7DEFA58B922680123CEE7EE
:10B94000F9F702FCB8E721463046F9F7D3FA0028A8
:10B95000D3D04FF0FF37D0E710B4044C03460A466B
:10B9600020685DF8044B1946FFF79EBF18020020BF
:10B9700070B5054684B01C4639B10B4ED6F8E06070
:10B98000B047431C09D004B070BD0A460649D1F83F
:10B99000E06001A9B047431CF5D100228A23226050
:10B9A0002B6004B070BD00BF580A002070B5104B6A
:10B9B00084B01D68144658B10E4B0A46D3F8E060B7
:10B9C000014623462846B047431C0BD004B070BD47
:10B9D000084A2346D2F8E06001A902462846B0474B
:10B9E000431CF3D100228A2322602B6004B070BD77
:10B9F00018020020580A002081F0004102E000BF38
:10BA000083F0004330B54FEA41044FEA430594EA1E
:10BA1000050F08BF90EA020F1FBF54EA000C55EA59
:10BA2000020C7FEA645C7FEA655C00F0E2804FEA2A
:10BA30005454D4EB5555B8BF6D420CDD2C4480EA0C
:10BA4000020281EA030382EA000083EA010180EA3C
:10BA5000020281EA0303362D88BF30BD11F0004F8A
:10BA60004FEA01314FF4801C4CEA113102D04042C0
:10BA700061EB410113F0004F4FEA03334CEA1333FB
:10BA800002D0524263EB430394EA050F00F0A78013
:10BA9000A4F10104D5F1200E0DDB02FA0EFC22FA0E
:10BAA00005F2801841F1000103FA0EF2801843FA02
:10BAB00005F359410EE0A5F120050EF1200E012AF3
:10BAC00003FA0EFC28BF4CF0020C43FA05F3C01831
:10BAD00051EBE37101F0004507D54FF0000EDCF1AA
:10BAE000000C7EEB00006EEB0101B1F5801F1BD353
:10BAF000B1F5001F0CD349085FEA30004FEA3C0C57
:10BB000004F101044FEA445212F5800F80F09A804C
:10BB1000BCF1004F08BF5FEA500C50F1000041EB50
:10BB2000045141EA050130BD5FEA4C0C404141EB54
:10BB30000101013C28BFB1F5801FE9D291F0000F4F
:10BB400004BF01460020B1FA81F308BF2033A3F1FE
:10BB50000B03B3F120020CDA0C3208DD02F1140CF5
:10BB6000C2F10C0201FA0CF021FA02F10CE002F130
:10BB70001402D8BFC2F1200C01FA02F120FA0CFC29
:10BB8000DCBF41EA0C019040E41AA2BF01EB045172
:10BB9000294330BD6FEA04041F3C1CDA0C340EDC70
:10BBA00004F11404C4F1200220FA04F001FA02F3B3
:10BBB00040EA030021FA04F345EA030130BDC4F171
:10BBC0000C04C4F1200220FA02F001FA04F340EA66
:10BBD0000300294630BD21FA04F0294630BD94F017
:10BBE000000F83F4801306BF81F480110134013DFE
:10BBF0004EE77FEA645C18BF7FEA655C29D094EA6F
:10BC0000050F08BF90EA020F05D054EA000C04BFEC
:10BC10001946104630BD91EA030F1EBF00210020D7
:10BC200030BD5FEA545C05D14000494128BF41F076
:10BC3000004130BD14F580043CBF01F5801130BDDA
:10BC400001F0004545F0FE4141F470014FF0000065
:10BC500030BD7FEA645C1ABF194610467FEA655C16
:10BC60001CBF0B46024650EA013406BF52EA0335B8
:10BC700091EA030F41F4002130BD00BF90F0000FA6
:10BC800004BF0021704730B54FF4806404F13204E2
:10BC90004FF000054FF0000150E700BF90F0000F9B
:10BCA00004BF0021704730B54FF4806404F13204C2
:10BCB00010F0004548BF40424FF000013EE700BF92
:10BCC00042004FEAE2014FEA31014FEA02701FBF22
:10BCD00012F07F4393F07F4F81F06051704732F054
:10BCE0007F4208BF704793F07F4F04BF41F40021AB
:10BCF000704730B54FF4607401F0004521F0004109
:10BD00001CE700BF50EA010208BF704730B54FF092
:10BD100000050AE050EA010208BF704730B511F093
:10BD2000004502D5404261EB41014FF4806404F1CB
:10BD300032045FEA915C3FF4D8AE4FF003025FEA51
:10BD4000DC0C18BF03325FEADC0C18BF033202EBD5
:10BD5000DC02C2F1200300FA03FC20FA02F001FA2F
:10BD600003FE40EA0E0021FA02F11444BDE600BFD2
:10BD700070B54FF0FF0C4CF4E06C1CEA11541DBF81
:10BD80001CEA135594EA0C0F95EA0C0F00F0DEF84C
:10BD90002C4481EA030621EA4C5123EA4C5350EA31
:10BDA000013518BF52EA033541F4801143F4801382
:10BDB00038D0A0FB02CE4FF00005E1FB02E506F013
:10BDC0000042E0FB03E54FF00006E1FB03569CF068
:10BDD000000F18BF4EF0010EA4F1FF04B6F5007F6E
:10BDE00064F5407404D25FEA4E0E6D4146EB0606E0
:10BDF00042EAC62141EA55514FEAC52040EA5E5069
:10BE00004FEACE2EB4F1FD0C88BFBCF5E06F1ED812
:10BE1000BEF1004F08BF5FEA500E50F1000041EB49
:10BE2000045170BD06F0004646EA010140EA0200F6
:10BE300081EA0301B4EB5C04C2BFD4EB0C0541EA18
:10BE4000045170BD41F480114FF0000E013C00F32D
:10BE5000AB8014F1360FDEBF002001F0004170BD51
:10BE6000C4F10004203C35DA0C341BDC04F114046A
:10BE7000C4F1200500FA05F320FA04F001FA05F2F6
:10BE800040EA020001F0004221F0004110EBD370C3
:10BE900021FA04F642EB06015EEA430E08BF20EAEF
:10BEA000D37070BDC4F10C04C4F1200500FA04F392
:10BEB00020FA05F001FA04F240EA020001F0004124
:10BEC00010EBD37041F100015EEA430E08BF20EA97
:10BED000D37070BDC4F1200500FA05F24EEA020EDF
:10BEE00020FA04F301FA05F243EA020321FA04F00E
:10BEF00001F0004121FA04F220EA020000EBD370C5
:10BF00005EEA430E08BF20EAD37070BD94F0000FC4
:10BF10000FD101F00046400041EB010111F4801FF8
:10BF200008BF013CF7D041EA060195F0000F18BFA9
:10BF3000704703F00046520043EB030313F4801FE5
:10BF400008BF013DF7D043EA0603704794EA0C0F9F
:10BF50000CEA135518BF95EA0C0F0CD050EA4106B5
:10BF600018BF52EA4306D1D181EA030101F0004132
:10BF70004FF0000070BD50EA410606BF104619465A
:10BF800052EA430619D094EA0C0F02D150EA013666
:10BF900013D195EA0C0F05D152EA03361CBF1046A7
:10BFA00019460AD181EA030101F0004141F0FE4146
:10BFB00041F470014FF0000070BD41F0FE4141F4CA
:10BFC000780170BD70B54FF0FF0C4CF4E06C1CEACA
:10BFD00011541DBF1CEA135594EA0C0F95EA0C0F7F
:10BFE00000F0A7F8A4EB050481EA030E52EA03353A
:10BFF0004FEA013100F088804FEA03334FF080555B
:10C0000045EA131343EA12634FEA022245EA111587
:10C0100045EA10654FEA00260EF000419D4208BF38
:10C02000964244F1FD0404F5407402D25B084FEAE5
:10C030003202B61A65EB03055B084FEA32024FF491
:10C0400080104FF4002CB6EB020E75EB030E22BFEE
:10C05000B61A754640EA0C005B084FEA3202B6EBAE
:10C06000020E75EB030E22BFB61A754640EA5C005D
:10C070005B084FEA3202B6EB020E75EB030E22BFED
:10C08000B61A754640EA9C005B084FEA3202B6EBEE
:10C09000020E75EB030E22BFB61A754640EADC00AD
:10C0A00055EA060E18D04FEA051545EA16754FEA0F
:10C0B00006164FEAC30343EA52734FEAC2025FEA2D
:10C0C0001C1CC0D111F4801F0BD141EA00014FF0BC
:10C0D00000004FF0004CB6E711F4801F04BF01438D
:10C0E0000020B4F1FD0C88BFBCF5E06F3FF6AFAEA9
:10C0F000B5EB030C04BFB6EB020C5FEA500C50F139
:10C10000000041EB045170BD0EF0004E4EEA1131BB
:10C1100014EB5C04C2BFD4EB0C0541EA045170BDC2
:10C1200041F480114FF0000E013C90E645EA060E06
:10C130008DE60CEA135594EA0C0F08BF95EA0C0F34
:10C140003FF43BAF94EA0C0F0AD150EA01347FF47C
:10C1500034AF95EA0C0F7FF425AF104619462CE753
:10C1600095EA0C0F06D152EA03353FF4FDAE1046B6
:10C17000194622E750EA410618BF52EA43067FF407
:10C18000C5AE50EA41047FF40DAF52EA43057FF497
:10C19000EBAE12E74FF0FF3C06E000BF4FF0010CA2
:10C1A00002E000BF4FF0010C4DF804CD4FEA410C06
:10C1B0007FEA6C5C4FEA430C18BF7FEA6C5C1BD0D3
:10C1C00001B050EA410C0CBF52EA430C91EA030F54
:10C1D00002BF90EA020F0020704710F1000F91EAB1
:10C1E000030F58BF994208BF90422CBFD8176FEA7F
:10C1F000E37040F0010070474FEA410C7FEA6C5C4D
:10C2000002D150EA013C07D14FEA430C7FEA6C5C53
:10C21000D6D152EA033CD3D05DF8040B704700BF7F
:10C220008446104662468C461946634600E000BFCD
:10C2300001B5FFF7B7FF002848BF10F1000F01BD9F
:10C240004DF808EDFFF7F4FF0CBF012000205DF86A
:10C2500008FB00BF4DF808EDFFF7EAFF34BF0120EF
:10C2600000205DF808FB00BF4DF808EDFFF7E0FF88
:10C2700094BF012000205DF808FB00BF4DF808EDD9
:10C28000FFF7CEFF94BF012000205DF808FB00BF40
:10C290004DF808EDFFF7C4FF34BF012000205DF822
:10C2A00008FB00BF4FEA410C7FEA6C5C02D150EA08
:10C2B000013C0AD14FEA430C7FEA6C5C02D152EA9E
:10C2C000033C02D14FF0000070474FF0010070476F
:10C2D0004FEA410212F5001215D211D56FF47873AE
:10C2E000B3EB625212D94FEAC12343F0004343EA51
:10C2F000505311F0004F23FA02F018BF404270472C
:10C300004FF00000704750EA013005D111F00040B5
:10C3100008BF6FF0004070474FF00000704700BF4B
:10C320004A0011D212F5001211D20DD56FF47873B4
:10C33000B3EB62520ED44FEAC12343F0004343EA09
:10C34000505323FA02F070474FF00000704750EA54
:10C35000013002D14FF0FF3070474FF000007047BE
:10C360004FEA4102B2F1E04324BFB3F5001CDCF117
:10C37000FE5C0DD901F0004C4FEAC0024CEA50704F
:10C38000B2F1004F40EB830008BF20F0010070477E
:10C3900011F0804F21D113F13872BCBF01F0004081
:10C3A000704741F480114FEA5252C2F11802C2F1B3
:10C3B000200C10FA0CF320FA02F018BF40F0010034
:10C3C0004FEAC1234FEAD32303FA0CFC40EA0C00E6
:10C3D00023FA02F34FEA4303CCE77FEA625307D123
:10C3E00050EA01331EBF4FF0FE4040F4400070475A
:10C3F00001F0004040F0FE4040F40000704700BFF4
:10C4000080F0004002E000BF81F0004142001FBF09
:10C410005FEA410392EA030F7FEA226C7FEA236C12
:10C420006AD04FEA1262D2EB1363C1BFD218414007
:10C4300048404140B8BF5B42192B88BF704710F09D
:10C44000004F40F4000020F07F4018BF404211F040
:10C45000004F41F4000121F07F4118BF494292EAA8
:10C46000030F3FD0A2F1010241FA03FC10EB0C00D4
:10C47000C3F1200301FA03F100F0004302D5494261
:10C4800060EB4000B0F5000F13D3B0F1807F06D30E
:10C4900040084FEA310102F10102FE2A51D2B1F106
:10C4A000004F40EBC25008BF20F0010040EA0300FB
:10C4B0007047490040EB0000013A28BFB0F5000F7B
:10C4C000EDD2B0FA80FCACF1080CB2EB0C0200FA31
:10C4D0000CF0AABF00EBC25052421843BCBFD04080
:10C4E0001843704792F0000F81F4000106BF80F4FA
:10C4F00000000132013BB5E74FEA41037FEA226CBD
:10C5000018BF7FEA236C21D092EA030F04D092F087
:10C51000000F08BF0846704790EA010F1CBF0020BB
:10C52000704712F07F4F04D1400028BF40F0004018
:10C53000704712F100723CBF00F50000704700F038
:10C54000004343F0FE4040F4000070477FEA22625F
:10C5500016BF08467FEA23630146420206BF5FEA30
:10C56000412390EA010F40F4800070474FF0000330
:10C5700004E000BF10F0004348BF40425FEA000CF7
:10C5800008BF704743F0964301464FF000001CE09F
:10C5900050EA010208BF70474FF000030AE000BFF5
:10C5A00050EA010208BF704711F0004302D5404233
:10C5B00061EB41015FEA010C02BF844601460020A5
:10C5C00043F0B64308BFA3F18053A3F50003BCFAC0
:10C5D0008CF2083AA3EBC25310DB01FA02FC63446D
:10C5E00000FA02FCC2F12002BCF1004F20FA02F274
:10C5F00043EB020008BF20F00100704702F1200267
:10C6000001FA02FCC2F1200250EA4C0021FA02F2C7
:10C6100043EB020008BF20EADC7070477BB972B9B7
:10C620000029BEBF00204FF0004106E008BF0028EF
:10C630001CBF6FF000414FF0FF3001F093B9ADF136
:10C64000080C6DE904CE002909DB002B1ADB00F091
:10C65000B7F8DDF804E0DDE9022304B0704740429A
:10C6600061EB4101002B1BDB00F0AAF8DDF804E0D0
:10C67000DDE9022304B0404261EB4101524263EB29
:10C6800043037047524263EB430300F099F8DDF82F
:10C6900004E0DDE9022304B0404261EB4101704750
:10C6A000524263EB430300F08BF8DDF804E0DDE970
:10C6B000022304B0524263EB4303704753B94AB9B3
:10C6C000002908BF00281CBF4FF0FF314FF0FF309A
:10C6D00001F048B9ADF1080C6DE904CE00F070F836
:10C6E000DDF804E0DDE9022304B0704707EE900AAC
:10C6F000F5EEC07AF1EE10FA01D400F023B8F1EEB5
:10C70000677A08B517EE900A00F01CF8404261EB1A
:10C71000410108BD38B50022002304460D46FFF74D
:10C7200099FD28B920462946BDE8384000F02AB8CE
:10C73000204605F1004100F025F8404261EB41013F
:10C7400038BD00BFD0B5FFF7BBFA0C4B0022064640
:10C750000F46FFF70DFBFFF7E3FD0446FFF78EFAE8
:10C76000074B0022FFF704FB02460B4630463946D2
:10C77000FFF746F9FFF7D4FD2146D0BD0000F03D9C
:10C780000000F041D0B50C4B002206460F46FFF7E3
:10C79000EFFAFFF7C5FD0446FFF770FA074B0022DA
:10C7A000FFF7E6FA02460B4630463946FFF728F90E
:10C7B000FFF7B6FD2146D0BD0000F03D0000F0417E
:10C7C0002DE9F047089D04468E46002B4DD18A4244
:10C7D000944669D9B2FA82F252B101FA02F3C2F177
:10C7E000200120FA01F10CFA02FC41EA030E944008
:10C7F0004FEA1C48210CBEFBF8F61FFA8CF708FB29
:10C8000016E341EA034306FB07F199420AD91CEB00
:10C81000030306F1FF3080F01F81994240F21C8132
:10C82000023E63445B1AA4B2B3FBF8F008FB10337A
:10C8300044EA034400FB07F7A7420AD91CEB0404AF
:10C8400000F1FF3380F00A81A74240F2078164447F
:10C85000023840EA0640E41B00261DB1D440002304
:10C86000C5E900433146BDE8F0878B4209D9002D68
:10C8700000F0EF800026C5E9000130463146BDE8F2
:10C88000F087B3FA83F6002E4AD18B4202D382425C
:10C8900000F2F980841A61EB030301209E46002D0B
:10C8A000E0D0C5E9004EDDE702B9FFDEB2FA82F260
:10C8B000002A40F09280A1EB0C014FEA1C471FFABE
:10C8C0008CFE0126200CB1FBF7F307FB131140EAA5
:10C8D00001410EFB03F0884208D91CEB010103F172
:10C8E000FF3802D2884200F2CB804346091AA4B234
:10C8F000B1FBF7F007FB101144EA01440EFB00FE08
:10C90000A64508D91CEB040400F1FF3102D2A6456C
:10C9100000F2BB800846A4EB0E0440EA03409CE70B
:10C92000C6F12007B34022FA07FC4CEA030C20FAB8
:10C9300007F401FA06F31C43F9404FEA1C4900FAD8
:10C9400006F3B1FBF9F8200C1FFA8CFE09FB181155
:10C9500040EA014108FB0EF0884202FA06F20BD9C8
:10C960001CEB010108F1FF3A80F08880884240F218
:10C970008580A8F102086144091AA4B2B1FBF9F05C
:10C9800009FB101144EA014100FB0EFE8E4508D957
:10C990001CEB010100F1FF346CD28E456AD90238DC
:10C9A000614440EA0840A0FB0294A1EB0E01A142C1
:10C9B000C846A64656D353D05DB1B3EB080261EB2F
:10C9C0000E0101FA07F722FA06F3F1401F43C5E909
:10C9D000007100263146BDE8F087C2F12003D8403F
:10C9E0000CFA02FC21FA03F3914001434FEA1C4781
:10C9F0001FFA8CFEB3FBF7F007FB10360B0C43EA73
:10CA0000064300FB0EF69E4204FA02F408D91CEB22
:10CA1000030300F1FF382FD29E422DD90238634420
:10CA20009B1B89B2B3FBF7F607FB163341EA0341C0
:10CA300006FB0EF38B4208D91CEB010106F1FF380F
:10CA400016D28B4214D9023E6144C91A46EA004606
:10CA500038E72E46284605E70646E3E61846F8E698
:10CA60004B45A9D2B9EB020864EB0C0E0138A3E7E1
:10CA70004646EAE7204694E74046D1E7D0467BE7C2
:10CA8000023B614432E7304609E76444023842E73A
:10CA900003685A004CBF43F0004323F0004318449E
:10CAA000704700BF2DE9F84329B34F1E04461546D1
:10CAB0003E464FF0000808EB060101EBD17149102A
:10CAC00004EBC1094846FFF7E3FF0346C8000830FE
:10CAD0008F42204409D0AB4209D8FFF7D9FF013873
:10CAE000A8420AD201F10108E5E7AB4205D9884521
:10CAF00001D04E1EDFE74FF000094846BDE8F8833D
:10CB0000012807D0022807D0044B00280CBF184684
:10CB1000002070470248704702487047D9D100088A
:10CB2000DDD10008E1D1000830B5234B83B00446C5
:10CB30008D1E3BB301A92846AFF30080E8B10199EF
:10CB40002A46FFF7AFFF0146B8B1FFF7A1FF4B68D8
:10CB5000A064012B2CD0002B01F1040024DBFFF793
:10CB600097FF0023C4E913030368002B11DBFFF7D1
:10CB70008FFF2061002003B030BD00230920236116
:10CB800003B030BD0D4B0E49C91AC91018460191AA
:10CB9000D6E7C3F30360FFF7B3FF0028206114BF9B
:10CBA0000020092003B030BD0123C4E91303DBE7F3
:10CBB000002323610520DEE7000000008CE004086C
:10CBC0009CEC04080368DA0710B5044606D49B07FA
:10CBD00000F1480009D500F05BFC2368590709D52E
:10CBE0001A070ED5DB0613D510BD00F049FC2368EB
:10CBF0005907F5D404F1D00000F052FC23681A075D
:10CC0000F0D404F5A87000F053FC2368DB06EBD4E5
:10CC100004F5E870BDE8104000F08EBC09207047B4
:10CC20000346006800B11844704700BF704700BF5A
:10CC300070B504460E46316C2046FFF775FF054679
:10CC400088B9326C626123693246214601209847D7
:10CC50000828F0D0072806D12846316CFFF7E6FFF8
:10CC6000301D00F001FCF3F787FB00BF2DE9F04712
:10CC70000D1DD0F80C80D0F81890074614460FCD43
:10CC8000ADF5727D0DF10C0CACE80F000FCDACE8EA
:10CC90000F000FCDACE80F0095E80F0002AE4FF08B
:10CCA000000E8CE80F00C6F800E020E0336C7B61DA
:10CCB0004FF4F07231467AA8F3F76CFE3B697AAA1A
:10CCC000394650469847889B73642146CDE90069F0
:10CCD00005463B463A460120C0470446E0B94FF4BA
:10CCE000F0727AA93046F3F755FE082D1AD1316C4F
:10CCF0003846FFF719FF09345FFA84FA0546002821
:10CD0000D4D0B36B73643A46CDE900693B464AF030
:10CD100010010120C04700B1092528460DF5727D9C
:10CD2000BDE8F087072DF7D12046316CFFF77EFF75
:10CD300003A800F099FB00BF406C7047F0B5CB6BC7
:10CD40000B6401F1040C0E460546BCE80F00F9B077
:10CD500001AC0FC4BCE80F000FC4BCE80F000FC447
:10CD60009CE80F004FF0FF3784E80F00009706E0C3
:10CD70002B696A46294698470828044608D1109925
:10CD80002846FFF7D1FE0028F2D0092079B0F0BD87
:10CD90006846FFF717FF062CF7D131462846FFF704
:10CDA00047FF00BFC160D96B826119640022194638
:10CDB0005CE700BF70B5C66843690B64AEB9036930
:10CDC0000A4604460D46014602209847072805D02A
:10CDD00008280FD129462046FFF72AFF3046296C44
:10CDE000FFF724FF281D00F03FFB0122FFF73EFF65
:10CDF000F3F7C2FAF3F7C0FAC2681AB1CA6B0A6451
:10CE0000002233E79AE700BF704700BF83680146FE
:10CE10000BB1012018477047012912D009D873B906
:10CE20000F2A0CD800EB820218465368009A136050
:10CE300070470339012994BF012002207047022066
:10CE400070470846704700BF00B585B00A4600230A
:10CE500003A900911946FFF7DFFF039805B05DF8BD
:10CE600004FB00BF012912D009D873B90F2A0CD8CE
:10CE700000EB8200009A126842601846704703393E
:10CE8000012994BF01200220704702207047084604
:10CE9000704700BF10B584B0002303AC0392009428
:10CEA0000A461946FFF7DEFF04B010BD70B5D36B1C
:10CEB000136402F1040C05460C46BCE80F00ADF506
:10CEC0000E7D0DF15C0EAEE80F00BCE80F00AEE881
:10CED0000F00BCE80F00AEE80F009CE80F004FF019
:10CEE000FF368EE80F00169610E0FFF7D3FF2146BD
:10CEF00016A8A847034616AA6946082083B9049BCA
:10CF00009847052806460CD0092809D02699684676
:10CF1000FFF70AFE03466A460C2116A8002BE4D050
:10CF2000092616A8FFF74EFE30460DF50E7D70BDA2
:10CF30002DE9F04FCC6C89B01E4654F8043B0694A2
:10CF40000D46174600F00308002E79D01A0C1B047A
:10CF500005938DF81D200223D2B204EB82048DF8D4
:10CF60001C302B6DB8F1020F08BFAC6B13F001033E
:10CF70000CD005A9384600F079FB18B9082009B093
:10CF8000BDE8F08F092009B0BDE8F08FD4F800A00B
:10CF9000BAF1000FEDD0019300F008030293022EC6
:10CFA0004AD0B4F800A0B4F802900434AB6C29F075
:10CFB000010B0F2138469B44FFF746FF834539D8C4
:10CFC0002AF001039B44834594BF002001204FEACF
:10CFD000490303F002030AF0010A43EA0A03012BA2
:10CFE00049D0022B32D0002BCCD1B8F1000F02D0A7
:10CFF000002840F0CD800434D4F800A0BAF1000F2E
:10D00000CDD105A9384600F031FB0028BAD1019BEB
:10D01000002BB3D00F213846FFF716FF0E21024632
:10D020003846FFF737FF38466A4A0F21FFF732FFCD
:10D030000720A8E70020CAE7D4F804900834B5E731
:10D040001B0205930323ADF81C308AE7236823F005
:10D05000004BB8F1000F45D128B1029A002A5CD0EC
:10D06000BBF1000F74D0002B00DA04340BF1010B7C
:10D0700004EB8B04C0E7B8F1000F19D1B0B16368BD
:10D080002268991C4FEAD2723FF47CAF05F1580137
:10D090000133049100F09080201DFFF7C1FD04AB27
:10D0A000014628462BF0BCFD00285BD10834A3E7DD
:10D0B0000D213846D5F82090FFF7C6FE8145F5D101
:10D0C000AB6A9C42F2D12046FFF7E2FC0F210246F8
:10D0D0003846FFF7DFFE38462A460021FFF7DAFE22
:10D0E000072050E70D213846D5F82090FFF7ACFE19
:10D0F000814501D02368B6E7AB6A9C42FAD104238C
:10D100000022C5E90B23E318C5F828B06B63236838
:10D11000002B59DB01230193A8E705F15803CDF853
:10D120000C8004F1040AB04691461E460EE05046BB
:10D130000496FFF775FD0022014604AB284609F16D
:10D1400001090AF1040A2BF06BFDE0B9D945EED1D3
:10D150000D213846FFF778FE049BAC62C5E9080351
:10D16000062010E781460D213846FFF76DFEB9F124
:10D17000020F286225D12B46049A43F82C2F6B62AC
:10D18000AC620620FFE646462368DDF80C806AE7BD
:10D190002046FFF77DFC04340246AC632846144663
:10D1A0002BF098FD00283FF4EDAE384622460F21C3
:10D1B000FFF770FE0720E6E60D213846FFF744FE34
:10D1C0002862049B6B62DBE70BF1010004EB80003B
:10D1D0007AE700BF859D03080023A9E60123A7E69F
:10D1E0000223A5E62DE9F0430646C3B015461C46CA
:10D1F000042900F2BF80DFE801F09E57BD2D030037
:10D20000002C40F0B780102A00F2B4800368D806E2
:10D2100000F1F98020AF384600F098F9B46B394638
:10D2200000234FF0010C0CFA03F22A42204603F1CE
:10D23000010303D050F8042B0A600446042B01F1CB
:10D240000401F0D13846B46300F076F9002043B011
:10D25000BDE8F083032C40F08D8094B204EB1243C0
:10D26000102B4FEA124500F2858003681F0700F17A
:10D27000D28020AF384600F03DF9B26B07EBC50114
:10D2800054B10B46D01A01EBC401E4001D5843F819
:10D29000045B8B42FAD122443846B26300F008F9AD
:10D2A000002043B0BDE8F083012C4FEA124895B24C
:10D2B0005CD0052C5ED108EB0509B9F1200F59D8D7
:10D2C000B8F10F0F79D9A946002D40F08A80B36BD1
:10D2D0006DB320AF4FF0000907EBC807043F03EB25
:10D2E000C50553F8041B47F8041FAB42F9D1B9F147
:10D2F000000F0FD06F464146102938BF102107EBB1
:10D30000C101843903EBC90553F8040B41F8040F3C
:10D31000AB42F9D1012C00F08680B8F10F0FB56354
:10D3200047D9B9F1000F02D0684600F0B9F80020E3
:10D3300043B0BDE8F083ECB9806B23461FFA82FC52
:10D340000124371D04FA03F212EA0C0F014604D03F
:10D3500051F8042B47F8232008460133102BF1D154
:10D3600015F40055E3D1B063284604E008EB05034B
:10D37000102B03D9022043B0BDE8F083B8F10F0FA2
:10D38000F8D83368DA0706D5304623F0030340F8AF
:10D39000483B00F079F820AF384600F075F8B36BE1
:10D3A000002D97D11D460435B563384600F068F866
:10D3B000BDE720A800F06CF8B3E7B9F1100F40D931
:10D3C000A9F110093368D90708D523F001033046C5
:10D3D00043F0020340F8483B00F05EF8B9F1000F5B
:10D3E00032D033685A0720D4B8F10F0F25D96F46D1
:10D3F0003846C8F1100500F057F8002DB36B7FF7E1
:10D400007AAF20AF68E723F01003336006F5E870C9
:10D4100000F09CF8FEE623F00803036000F5A87016
:10D4200000F068F825E720AFBDE7304623F004039D
:10D4300040F8D03B00F038F8D6E720A800F02CF8F0
:10D44000D5E74FF00009BDE7B8F10F0F3FF63FAF4A
:10D4500020AF384600F020F8B36B002D7FF43AAFD0
:10D46000384600F015F862E700F1340191E8380021
:10D470009C46A6464CF8045D90E8FF0FE54600BDCB
:10D4800090EC210B704700BF80EC210B704700BF70
:10D4900090EC200B704700BF80EC200B704700BF62
:10D4A000D0EC200B704700BFC0EC200B704700BFD2
:10D4B000F0EC0201F0EC0211F0EC0221F0EC023190
:10D4C000F0EC0241F0EC0251F0EC0261F0EC027180
:10D4D000F0EC0281F0EC0291F0EC02A1F0EC02B170
:10D4E000F0EC02C1F0EC02D1F0EC02E1F0EC02F160
:10D4F000704700BFE0EC0201E0EC0211E0EC022119
:10D50000E0EC0231E0EC0241E0EC0251E0EC0261BF
:10D51000E0EC0271E0EC0281E0EC0291E0EC02A1AF
:10D52000E0EC02B1E0EC02C1E0EC02D1E0EC02E19F
:10D53000E0EC02F1704700BFB0FC0181B0FC01914A
:10D54000B0FC01A1B0FC01B1704700BFA0FC01819B
:10D55000A0FC0191A0FC01A1A0FC01B1704700BF9B
:10D56000EC4600B52DE900502DE9FF1F4FF00003F8
:10D570002DE90C0001A9FFF7E1FBDDF840E012B056
:10D58000704700BFEC4600B52DE900502DE9FF1FA4
:10D590004FF000032DE90C0001A9FFF70BFCDDF8AB
:10D5A00040E012B0704700BFEC4600B52DE90050D6
:10D5B0002DE9FF1F4FF000032DE90C0001A9FFF733
:10D5C0001BFCDDF840E012B0704700BFEC4600B530
:10D5D0002DE900502DE9FF1F4FF000032DE90C004D
:10D5E00001ABFFF7DFFBDDF840E012B0704700BF92
:10D5F000EC4600B52DE900502DE9FF1F4FF0000368
:10D600002DE90C0001AAFFF751FCDDF840E012B053
:10D61000704700BF027A03467AB9427AA2B14168E4
:10D62000013A10B44272086803220C1D1A720202F9
:10D630005C60000E10BC1A6070470068013A1A72F4
:10D6400002021A60000E7047B020704700B585B026
:10D65000002303AA009219460C22FFF7DDFB039872
:10D6600005B05DF804FB00BFF0E700BF2DE9F04313
:10D67000054685B00E464FF000083046FFF7CAFF5A
:10D68000B028044600F0BA80070620D500F0F00369
:10D69000802B4DD0902B36D0A02B60D0B02B74D0E7
:10D6A000C02B00F08B8000F0F803D02B0BD100F0E2
:10D6B00007020132052342F4002201212846FFF728
:10D6C00091FD0028D9D0092005B0BDE8F083830082
:10D6D000DBB21F1D0DF10C0900231946CDF8009097
:10D6E0000D222846FFF798FB039BCDF800906006BB
:10D6F0004CBFDF1BFF1800230D2219462846039755
:10D70000FFF7B0FBB9E700F00D030D2BDBD003AF43
:10D71000002300F00F02194600972846FFF77CFB14
:10D72000002300970D2219462846FFF79BFBA4E72C
:10D730003046FFF76FFF24022043B0F5004FC2D000
:10D7400004010023A2B219462846FFF74BFD00282A
:10D75000B9D114F4004F18BF4FF001088DE7C24350
:10D7600002F007034FF47F621A41010702F47F625F
:10D770004FF0000348BF42F4804219462846FFF7A5
:10D7800031FD00283FF479AF9DE7B1283BD0B228A6
:10D7900000F09380B32841D000F0FC03B42B92D06A
:10D7A00000F007020132012342F400221946284604
:10D7B000FFF718FD00283FF460AF84E7C6284AD081
:10D7C000C72854D000F0F803C02B63D0C82868D015
:10D7D000C9287FF478AF3046FFF71CFF020300F042
:10D7E0000F0002F470220130024301210523284674
:10D7F000FFF7F8FC00283FF440AF64E7B8F1000FF2
:10D8000018D0002060E73046FFF704FF02460028EA
:10D810003FF459AF10F0F003C8D054E73046FFF79B
:10D82000F9FE020300F00F03013302F470221A43E1
:10D830000123BBE703AC43460E2241460094284631
:10D84000FFF7EAFA009443460F2241462846FFF7C5
:10D8500009FB404638E73046FFF7DCFE020300F0E4
:10D860000F03013302F470221A4303239EE730466C
:10D87000FFF7D0FE024600283FF425AF10F0F0037A
:10D880007FF421AF04212846FFF7ACFC00283FF4C9
:10D89000F4AE18E700F00F020132032342F4202215
:10D8A00084E73046FFF7B6FE00F0F00200F00F0309
:10D8B0001032013343EA023297E700230DF10C09DD
:10D8C0000D221946CDF800902846FFF7A5FA3046FC
:10D8D000FFF7A0FE02064FF002040CD5039B00F0F8
:10D8E0007F00A040184403903046FFF793FE0306E4
:10D8F00004F10704F2D4039BCDF8009000F07F02FE
:10D90000A24003F501731A440023039219460D2225
:10D910002846FFF7A7FAB0E610B5C26C536884B08A
:10D920004FF0030C08321C0208461B0E01A901949B
:10D9300002928DF80CC08DF80D30FFF797FE04B001
:10D9400010BD00BF08B5FFF78FFE806C08BD00BF9B
:10D9500008B5FFF789FEC06CC379023300EB830082
:10D9600008BD00BF704700BF024B58221A604FF03D
:10D97000FF307047F00F0020024B58221A604FF022
:10D98000FF307047F00F0020024B58221A604FF012
:10D99000FF307047F00F0020024B58221A60002021
:10D9A000704700BFF00F0020024B58221A604FF062
:10D9B000FF307047F00F0020024B58221A604FF0E2
:10D9C000FF307047F00F0020024B58221A604FF0D2
:10D9D000FF307047F00F0020FEE700BFDFF838D0BF
:10D9E000002103E00D4B5B58435004310C480D4BB4
:10D9F00042189A42F6D30C4A02E0002342F8043B54
:10DA00000A4B9A42F9D302F045FE13F0D7FAF2F727
:10DA1000E3FC13F031FB704700000220C8EC04085F
:10DA200000000020A00F0020A00F0020F4F900202B
:10DA3000FEE7000008480068006880F308884FF09F
:10DA4000000080F3148862B661B6BFF34F8FBFF356
:10DA50006F8F00DF00BF000008ED00E0DFF80C0072
:10DA6000016841F4700101607047000088ED00E03A
:10DA70000E4B1B6882B000220133019208D04FF098
:10DA8000500383F31188BFF36F8FBFF34F8FFEE70F
:10DA90004FF0500383F31188BFF36F8FBFF34F8FA5
:10DAA000019B002BFCD002B0704700BFC80B0020C8
:10DAB00010B44FF08073074C40F8043C21F0010192
:10DAC0006FF0020340E9034140E909325DF8044B7D
:10DAD0004438704771DA00080000000000000000C0
:10DAE000074B19680868B0E8F04F80F30988BFF366
:10DAF0006F8F4FF0000080F311887047AFF3008004
:10DB000058A200204FF0500383F31188BFF36F8FAA
:10DB1000BFF34F8F0B4A13680133012B136000D002
:10DB200070474FF0E023D3F8043DDBB2002BF7D071
:10DB30004FF0500383F31188BFF36F8FBFF34F8F04
:10DB4000FEE700BFC80B0020084A136843B94FF036
:10DB5000500383F31188BFF36F8FBFF34F8FFEE73E
:10DB6000013B13600BB983F311887047C80B002089
:10DB7000EFF30980BFF36F8F154B1A681EF0100F7B
:10DB800008BF20ED108A20E9F04F10602DE9090050
:10DB90004FF0500080F31188BFF34F8FBFF36F8FAA
:10DBA00009F0B8FB4FF0000080F3118809BC196838
:10DBB0000868B0E8F04F1EF0100F08BFB0EC108AF4
:10DBC00080F30988BFF36F8F704700BFAFF3008009
:10DBD00058A2002008B54FF0500383F31188BFF31B
:10DBE0006F8FBFF34F8F09F015FA28B14FF0E02384
:10DBF0004FF08052C3F8042D002383F3118808BD31
:10DC00004FF0E02200230649136193610B68054839
:10DC1000A0FB03039B090721013B5361116170477E
:10DC2000A00E0020D34D62104FF0E0233D4AD3F800
:10DC3000001D914241D0D3F8002D3B4B9A4233D086
:10DC400030B53A4B3A4C1A783A4883B0FF21D2B2F9
:10DC5000019219701B78DBB28DF803309DF8033008
:10DC60009DF8032003F05003072112062370016082
:10DC700048BF06220FD59DF803305B00DBB28DF85C
:10DC800003309DF803301B06114602F1FF32F2D437
:10DC900003291BD001604FF0500383F31188BFF3B9
:10DCA0006F8FBFF34F8FFEE74FF0500383F3118860
:10DCB000BFF36F8FBFF34F8FFEE74FF0500383F337
:10DCC0001188BFF36F8FBFF34F8FFEE7019B174A99
:10DCD0004FF0E0244FF44071DBB201601370D4F8D0
:10DCE000203D43F47003C4F8203DD4F8203D43F0B8
:10DCF0007043C4F8203DFFF783FF0F4B00251D60E4
:10DD0000FFF7ACFED4F8343F43F04043C4F8343F4F
:10DD1000FFF790FE09F0FEFAFFF7AAFE284603B0CF
:10DD200030BD00BF71C20F4170C20F4100E400E07E
:10DD3000F40F0020F80F0020C80B0020EFF305833C
:10DD40000F2B0ED91149124A5B5C12789A4208D9FE
:10DD50004FF0500383F31188BFF36F8FBFF34F8FE2
:10DD6000FEE74FF0E0230B4AD3F80C3D126803F4B2
:10DD7000E063934208D94FF0500383F31188BFF357
:10DD80006F8FBFF34F8FFEE7704700BFF0E300E0F7
:10DD9000F40F0020F80F002001207047B6EE000AB3
:10DDA000704700BFB6EE000A704700BF9FED010A42
:10DDB000704700BF5E74513F9FED010A704700BF7E
:10DDC0005E74513F90F82C00A0F10200B0FA80F090
:10DDD0004009704790F82800A0F10200B0FA80F0E6
:10DDE0004009704710B5254BDFED257A84460C4677
:10DDF0000FCB84B0B4EEE70A0DF1100EF1EE10FA7D
:10DE00000EE90F0033D5DFED1F7AB4EEE70AF1EE2D
:10DE100010FA2FD5F3EE047AB4EEE70AF1EE10FA19
:10DE200054BF0123002399002CB104AA02EB830301
:10DE300053F8103C2360BCF82430B3F5AA6F03D12B
:10DE4000BCF826308B420FD0DCF81400ACF826105A
:10DE50004FF4AA630022ACF824308CF82C2018B1BF
:10DE6000BCF8181004F0E8FA012004B010BD0C2131
:10DE70000323D9E708210223D6E700BFA89F0308A0
:10DE80000000A0420000204290F82C302BB1C36962
:10DE900023B11B69028C1A4200D07047002380F81E
:10DEA0002C3070472DE9F04F074691B041F4004601
:10DEB0004FF0010A4FF47A7B27F8286FCDE90CABBD
:10DEC00000230B930A9700F10C092A4D0F92044688
:10DED00099E803000DF1200805F10C0E88E8030015
:10DEE000BEE80F00EC46ACE80F009EE80F008CE89F
:10DEF0000F0095E80E00A06814F046FF20B9002539
:10DF0000284611B0BDE8F08F50460BF0E1FC0A97AF
:10DF1000CDF834B02685CDF830A099E8030004F19F
:10DF20002A030B9305F10C074FF6FF7388E80300F3
:10DF300063850FCF6E460FC697E80F0086E80F0087
:10DF400095E80E00A06814F01FFF05460028D6D003
:10DF500050460BF0BDFC638D4BF6EF629342CED082
:10DF60000F9A002ACCD0C3F30A032846138011B0BD
:10DF7000BDE8F08FE8A5030810B582B001AA002122
:10DF80000446FFF78FFF88B10DF106024FF40061E0
:10DF90002046FFF787FF48B1BDF80600BDF8043002
:10DFA000000400F40000184302B010BD4FF0FF3031
:10DFB00002B010BD70B5C2F30A028EB01143012643
:10DFC0004FF47A72CDE90C62044600F10C0301852E
:10DFD000114D93E8030004F128030A9300230B93E7
:10DFE00005F10C0E08AB83E80300BEE80F00EC4619
:10DFF000ACE80F009EE80F008CE80F0095E80E00DB
:10E00000A06814F0C1FE044610B130460BF060FC6D
:10E0100020460EB070BD00BFE8A5030890F82C3074
:10E02000022B00F0838010B50446406982B018B11D
:10E03000218B002204F000FA28200BF049FC6069D3
:10E04000002384F82C3018B1218B012204F0F4F95C
:10E05000142009F007FDA28C4FF480512046FFF7F1
:10E06000A9FF10B9002002B010BDA28C4FF480515E
:10E070002046FFF79FFF0028F4D0A28C4FF4805178
:10E080002046FFF797FF0028ECD0A28C4FF4805178
:10E090002046FFF78FFF0028E4D0A28C4FF4805178
:10E0A0002046FFF787FF0028DCD0E28C4FF4C051F8
:10E0B0002046FFF77FFF0028D4D064200BF008FC37
:10E0C000012384F82C300DF106024FF480512046D4
:10E0D000FFF7E8FE0028C5D0A28CBDF806309A42B2
:10E0E000C0D10DF106024FF4C0512046FFF7DAFE11
:10E0F0000028B7D0E28CBDF806309A42B2D1204653
:10E10000FFF73AFF0028ADD1EFF3108372B694F811
:10E110002C20012A04BF022284F82C2083F31088CB
:10E1200094F82C00831E584258419CE70120704708
:10E13000704700BF704700BF82B010B48BB001AC15
:10E1400084E80700019A0D931168029A1C460B6837
:10E1500012686FF0010003400B60CB680340CB6096
:10E160004B6943F001034B6108614C621368034043
:10E170001360D468039B04401B68D460546944F066
:10E18000010454610E9C106154621C6804401C60C0
:10E19000DC680440DC605C69049144F001045C616B
:10E1A0000F9C18615C620C6810681968059244F055
:10E1B000010440F0010041F001010794089006932A
:10E1C0000991EFF3108372B6DDE90410DDE906244E
:10E1D0000C60DDE908410460116083F310880BB026
:10E1E0005DF8044B02B070470448054A036D1B6894
:10E1F000934200D170475030184700BF0C8D00206B
:10E2000035E100080448054A836B1B68934200D13E
:10E2100070473830184700BF948B002031E1000868
:10E2200030B53F4B2DED028BDA6B85B005461046BD
:10E230000C460BF01BFE3B48FFF7C4FD98B93A486B
:10E24000FFF7C0FD002833D135483849384A6FF010
:10E25000040404606FF0260301200B60136005B016
:10E26000BDEC028B30BD314B3249DA6B68460DF0A4
:10E2700095FD2F4B2F49DA6B9DED008A02A80DF01A
:10E280008DFD9DF80430002BD9D09DF80C30002B6B
:10E29000D5D09DED027A2B7BF1EE487A77EEC77AE6
:10E2A0005BB3C5ED007A85ED018A85ED027AC6E79C
:10E2B0001E4B2149DA6C68460DF070FD1C4B1E495F
:10E2C000DA6C9DED008A02A80DF068FD9DF804301F
:10E2D000002BB9D09DF80C30002BB5D09DED027A03
:10E2E000237BF1EE487A77EEC77A7BB1C4ED007AF2
:10E2F00084ED018A84ED027AA6E70123C5ED007A58
:10E3000085ED018A85ED027A2B7398E70123C4ED30
:10E31000007A84ED018A84ED027A237394E700BFCA
:10E32000002001408C8C0020BC8C0020002101408A
:10E3300000220140B08D0020608F002008B502F05F
:10E34000D7FA01F02BFA084A084B1178FF2918BFB9
:10E350001346DA78032A00D0FEE71A79062AFBD1A1
:10E360005B79382BF8D108BD0078FF1F0000002032
:10E3700070B582B002F0B6F901F0C4F901F01AFEEE
:10E3800001F06AFE01F03CF801F03AF900F058FEA5
:10E3900000F08EFE01F0F0FB01F0B2FE01F0DCF8BF
:10E3A00000F0BEFE00F00CFF00220121062003F069
:10E3B000DFF9062003F01AFA00220121072003F0FA
:10E3C000D7F9072003F012FA00220121082003F0F8
:10E3D000CFF9082003F00AFA00220121092003F0F6
:10E3E000C7F9092003F002FA002201210A2003F0F4
:10E3F000BFF90A2003F0FAF900220121172003F0E7
:10E40000B7F9172003F0F2F900220121282003F0C8
:10E41000AFF9282003F0EAF9002205214D2003F08E
:10E42000A7F94D2003F0E2F9002211462C20544CAC
:10E4300003F09EF92C2003F0D9F994F88931002BD0
:10E4400035D194F88A31002B3CD194F89931002BC6
:10E4500043D194F898313BB194F88731072B00F001
:10E460008680012384F8CC32464BD86840F0010006
:10E47000D860DC68444844F00204DC609C6844F0E6
:10E4800080049C6000224FF4805103F0D5FF2820C7
:10E490000BF01EFA01224FF480513B4803F0CCFFF1
:10E4A00044F620600BF014FA012002B070BD374B27
:10E4B000D4F88C211B685A6001F030FC94F88A3142
:10E4C000002BC2D0324BD4F890211B685A6001F067
:10E4D00041FC94F89931002BBBD02E4E06F1180365
:10E4E00093E803006D46002385E8030001221946E6
:10E4F000284613F039FE06F1200393E803000023B9
:10E5000085E8030001221946284613F02DFE06F186
:10E51000280393E80300002385E80300012219463D
:10E52000284613F021FE012009F09CFAB3692BB1B3
:10E530001B69B28B1A4214BF01230023306A28B131
:10E540000269B18C11420CBF00200220B26A2AB1CC
:10E550001269B18D114218BF43F00403184340F013
:10E5600068000D4BC0B2187002F02EF971E794F8F4
:10E570008831072B3FF478AF012384F8CC3273E75E
:10E5800010E40020002004E000040240140E0020EB
:10E59000180E0020048C0020C8F900202DE9F0435B
:10E5A0008FB0EFF3108472B6304F314E3A68316855
:10E5B0009368DFF8D0902F4D23F440139360886860
:10E5C0002D4A00EA090088602868816801EA09018B
:10E5D00002F10C08816007CA0DF1080E8EE80700F1
:10E5E00098E8070005AB83E807009EE807000DF1F7
:10E5F000200C8CE8070093E807000EAB03E9070046
:10E600000EAA034612E903008DE803009CE8070008
:10E61000FFF792FD396832688868184E2B6840F41D
:10E62000801088609068304390609D68144835433E
:10E630009D606FF0040500680D6015601D606FF04F
:10E6400002050D6015601D606FF020050D601560FE
:10E650006FF001021D600261C36843F00103C360F3
:10E6600084F310880FB0BDE8F08300BF189B002032
:10E67000609B0020A89B0020B89F0308000010109A
:10E68000D0930020FFFFCFCF034B834200D07047D1
:10E69000024814F0C1BB00BFC09800209C9100202C
:10E6A000034B834200D07047024814F0B5BB00BF53
:10E6B000C09800209C910020034B834200D07047FB
:10E6C000024814F0A9BB00BFC09800209C91002014
:10E6D000014811F0A7BD00BF109100201F4B204939
:10E6E0001B6820486FF0010210B51A610A680478AF
:10E6F000C2F3001C644522D01B4C80F800C0236884
:10E7000003F52453043302F0100223604AB1174A80
:10E7100040F2D663CB638B634B63D36393635363E2
:10E7200010BD1348134B90F8E0221A70A0F58040FA
:10E7300012F00CFC104B4D22C3F8002E10BD0F48F8
:10E740004FF4002200230DF04BFABDE810400C48B6
:10E750004FF4002200230DF043BA00BFD0930020F5
:10E760000004014050880020A491002000000140D6
:10E7700010E40020FC0F002000E100E0B08D00203C
:10E78000608F00202DE9F04F834BDFF830928BB083
:10E79000D9F800601A6802AD06AC00235707C5E936
:10E7A0000133C4E901330293EB600693E36006D5BD
:10E7B0007A4B1B6803F00603062B00F0B8807848FC
:10E7C0004FF0007200230DF00BFA002375484FF054
:10E7D00000720DF005FA744B5B6C13F4004300F00B
:10E7E000BA80724B5B6C13F4004300F0C0800DF1F3
:10E7F000100898E803008DE8030008AF95E80C00C6
:10E800006748A6F256610DF03DFC97E803008DE8DD
:10E810000300644894E80C0031460DF033FC3146A7
:10E82000634813F039FA634B5C4A596A490089B26C
:10E8300013689807FCD55F4BDFF884A15B6A9AF8F0
:10E840000020DFF880B15B009BB2581A1AB1CBE907
:10E85000C513CBF81C03DBF82033834238BF0346D3
:10E86000CBF820334C4B1B685B0705D54B4B1B6823
:10E8700003F00603062B4DD049484FF000720023E9
:10E880000DF0AEF947484FF0007200230DF0A8F9E3
:10E8900098E803008DE8030006F50A5195E80C009E
:10E8A0003F482E310DF016FD97E803008DE8030078
:10E8B00006F52455043594E80C003A4829460DF035
:10E8C00009FD06F5E941364836310DF06BFD06F5D8
:10E8D000F64134480C310DF065FDD9F800309D4209
:10E8E00009D02F48102200230DF07AF92D4810226C
:10E8F00000230DF075F99BF8E0321BB19AF8003057
:10E9000083F0010300228BF8E0328AF800200BB07C
:10E91000BDE8F08F284B1B6803F00603062BABD134
:10E9200021462846FFF77CFC0028B1D1A4E7224B02
:10E930001B6803F00603062B7FF441AF21462846EF
:10E94000FFF76EFC00283FF43AAF174B5B6C13F4F3
:10E9500000437FF446AF9DF814207AB10293C5E9D5
:10E960000133124B5B6C13F400437FF440AF9DF80E
:10E97000242052B10693C4E9013338E701230292FF
:10E98000C5E901228DF814302BE701230692C4E972
:10E9900001228DF824302AE70020014000210140A7
:10E9A000B08D0020608F0020000001400004014075
:10E9B00010A40020001C004000220140A49100206F
:10E9C000FC0F002010E40020014803F015BF00BF39
:10E9D000E0A10020014803F05DBE00BFE0A10020DF
:10E9E000014804F087BB00BF1094002010B5382107
:10E9F00004462AF00DF8204610BD00BF10B5502186
:10EA000004462AF005F8204610BD00BF2DE9F04F5E
:10EA1000D648DFF8E8B3D64DD64CD74A00232DEDC3
:10EA2000048BCBE90003D548E86002F11801E060EF
:10EA300000F58060C5E90021C4E900216B614FF455
:10EA400080422B8385F82C306361238384F82C303B
:10EA5000E8610423E0614FF4005022822882C84A12
:10EA6000C848C5F808B095B0C4F808B00F212B8489
:10EA700023840DF0A5FF0423C14AC34819460DF0B5
:10EA80009FFFC24AC249002029F03EFFC1480DF055
:10EA9000BFFFC1480DF0BCFFBE4FBA4EBB4ABF49D5
:10EAA000DFF8D8A2DFF85893DFF85883DFEDBC8A8F
:10EAB0009FEDBC9A9FEDBC8A002029F025FFCDE98F
:10EAC00001679FEDBA0AAA4BB94900950622503753
:10EAD0003836B8480CF0C0FE9FEDB40AA54BB649D5
:10EAE0000297CDE900460622B448B54C0CF0B4FEBE
:10EAF0004FF40073CDF818B0ADF84C30CDF848A005
:10EB000012A903C91022ADF83C202022ADF8442000
:10EB100004AAADF83430CDF84090CDF83890CDF857
:10EB200030A00A9282E8030010A903C902AB0B933C
:10EB300083E803000EA903C98DE803000DF1300C32
:10EB40009CE80C009F49A0480EF020F84FF40043C9
:10EB50004FF04001CDF818B0ADF83C10ADF84C3096
:10EB6000CDF848A012A903C90A9AADF83430CDF8FF
:10EB700030A0CDF84090CDF8389082E80300802393
:10EB8000ADF8443010AA92E803000B9BDFF878B28E
:10EB900083E803000EAB93E803008DE803000CABA1
:10EBA0000CCB8A498A480DF0F1FF0026894BC8F842
:10EBB000003001250227C8F8103040223146C8E94C
:10EBC0000266C8E90666A8F8046088F80650A8F846
:10EBD000146088F816502046F1F7F2FF28223146DB
:10EBE000C4ED018AC4ED028A84ED039AA76227630B
:10EBF000A76304F14000F1F7E3FFDFF810C2DFF88C
:10EC000010E2DFED755A9FED756ADFED756A9FEDD5
:10EC1000757ADFED757A754B84ED139AC4ED118A20
:10EC2000C4ED128AA76684ED1B8A2767A76784ED67
:10EC30001D8A84ED1F8A624603206D4911604FF4DE
:10EC40008067576400264FF07E514FF0804A43F6AC
:10EC500050194FF07A575163116417651076557645
:10EC6000C2F81CB0C2ED085A82ED096AC2ED0B6A07
:10EC700082ED0C7AC2ED0E7A82ED128A82F83C6047
:10EC80005665C2F828A0C2F84CA0FF2743F8B41C70
:10EC900043F8B01C43F8AC1C43F8981C4A4455494F
:10ECA00043F8A41C03F89C7C03F8B86C03F8B76C19
:10ECB00003F8A85C03F8A06C03F89F5C03F89E5C63
:10ECC00003F89D5C03ED258A724503F8907C43F8B8
:10ECD000841C4FF00207484943F88CBC43F888BCB9
:10ECE00043F8786C03F8746C03ED1C8A03ED1B8AFF
:10ECF00003F8686C03ED198A03F8606C03ED178A5A
:10ED000003F8586C03ED158A03F8506C03ED138A71
:10ED100003ED128A03ED118A03ED108A03ED0F8AC9
:10ED200003ED0E8A03ED0D8A03ED0C8A03ED0B8AC9
:10ED300003ED0A8A03ED098A03ED088A03ED078AC9
:10ED400003ED068A03F8146C03F8135C03F8126CE5
:10ED500043F8801C03ED048A03ED038A03ED018A66
:10ED600043F8087C4B447FF468AF53E0C098002020
:10ED70008C8C0020BC8C002048A6030800080240B0
:10ED80006CA60308948B0020CC8B0020100200207E
:10ED900005E200080C8D00205C8D0020E9E10008F0
:10EDA00000007A440118CF3A00000000FFFFF94448
:10EDB00068920020B08D0020D0930020608F00204A
:10EDC0001C9100201C9300205488002058930020A0
:10EDD000F4890020DCAC0308ABAA2A3EABAAAA3E09
:10EDE0009A99993F0000807F0AD7233C004F00206A
:10EDF00030AD030800002041000020C19C9100209C
:10EE000000040240EC8C00200000A041B01500205E
:10EE100050880020CDF82080DFF898810090CDE95F
:10EE2000024C544C059408F12C03CDF81880DFF8FF
:10EE300088912660C4F804A0C4F844A02664DFF8D2
:10EE40007CA107934FF07C53CDF810A0CDF804902F
:10EE50003146A360E360A364E36401223B46464875
:10EE60000BF07AF9454A0892454B464A03930292C1
:10EE70000AF5D87308F184020493079209F5D07358
:10EE800008F158024034CDE9007305940692082336
:10EE9000072201213C480BF05FF93C4B3C4A3D48BE
:10EEA0009A6004211A619A611A629A634FF480721F
:10EEB0009983998698624FF40041A3F87C20986565
:10EEC0001867202210201E609E809D819F8208244A
:10EED0009987A3F87410A3F854202F492F4A9885D6
:10EEE000A3F84C002E4E2F4D2F489C844027A3F8AA
:10EEF0004440A3F864704FF400748027A3F85C408A
:10EF00001A631A649A641A651A669A669A67A3F86D
:10EF10006C70C3F88020C1E90065A3F88440886064
:10EF200015B0BDEC048BBDE8F08F01231F4DC3F17C
:10EF30000103382404FB0354AC4210D129F06AFECB
:10EF400000231B4DC3F10103502404FB0354AC42C6
:10EF5000F4D054F8503D1B6820469847F7E754F822
:10EF6000383D1B6820469847E6E70123E9E7002380
:10EF7000DCE700BFA891002000100020FC8C0020DE
:10EF8000004F00205C910020D8120020048C00204B
:10EF900000000240000802401091002000040240DE
:10EFA000949300200100020003000400948B0020D1
:10EFB0000C8D0020640D002054880020B08D0020AE
:10EFC00030B5014689B000222D2002F0D1FB2D2062
:10EFD00002F00CFC0025164B02951A6C154C42F4FD
:10EFE00080721A641B6C03F4807301A903A8029356
:10EFF000029B04F095FF04F073FF0F4A0F49216054
:10F000004300A2FB03239B0C013B40F2E732204666
:10F01000C4E903256360A56005F0B4FD10B10120CB
:10F0200009B030BD204605F04FFB09B030BD00BF30
:10F03000003802402C92002083DE1B430020004059
:10F0400010B51848184901608CB04FF6FF71C160C7
:10F050000321002301240422039103A9C0E9013301
:10F06000CDE90434CDE90632CDE90834CDE90A32E0
:10F07000036105F0F7FD48B900230A4801A9CDE96D
:10F08000013305F0EDFF30B90CB010BD0748D821B1
:10F0900000F0EAFBF0E70548DF2100F0E5FB0CB0EB
:10F0A00010BD00BF1C9300200004004080A6030890
:10F0B00010B51848184901608CB04FF6FF71C16057
:10F0C0000321002301240422039103A9C0E9013391
:10F0D000CDE90434CDE90632CDE90834CDE90A3270
:10F0E000036105F0BFFD48B900230A4801A9CDE935
:10F0F000013305F0B5FF30B90CB010BD0748F92158
:10F1000000F0B2FBF0E705484FF4807100F0ACFB73
:10F110000CB010BD589300200008004080A60308E2
:10F1200000B524482449002387B04FF0FF32C0E9DE
:10F130000013C0E90232036105F078FDF8B900233D
:10F140001C486946CDE9003305F08AFF58BB0A2206
:10F150000123CDE9022300210F230822CDE9041366
:10F1600014480DEB020105F009FEB0B911480C225C
:10F1700002A905F003FE40B907B05DF804FB0F4893
:10F1800040F2111100F070FBD9E70C484FF4937175
:10F1900000F06AFB07B05DF804FB084840F221115B
:10F1A00000F062FBE2E705484FF48C7100F05CFB75
:10F1B000CDE700BF94930020000C004080A6030818
:10F1C0000A480B4908B542F603120023C0E90013B0
:10F1D000C0E90232036105F0D5FC00B908BDBDE805
:10F1E0000840044840F2731100F03EBBA492002096
:10F1F000001C004080A60308124A0368934282B0B4
:10F2000012D0114A934201D002B070470F4B002236
:10F2100001921A6C42F080021A641B6C03F08003A6
:10F220000193019B02B07047084B002200925A6C78
:10F2300042F001025A645B6C03F001030093009BEF
:10F2400002B0704700000140001C0040003802403E
:10F250000368B3F1804F82B012D0114A934201D0BB
:10F2600002B070470F4B002201925A6C42F002022A
:10F270005A645B6C03F002030193019B02B0704778
:10F2800003F50E33002200921A6C42F001021A6458
:10F290001B6C03F001030093009B02B0704700BF9A
:10F2A0000004014000380240124A0368934282B0D1
:10F2B00012D0114A934201D002B070470F4B002286
:10F2C00001921A6C42F004021A641B6C03F00403EE
:10F2D0000193019B02B07047084B002200921A6C08
:10F2E00042F002021A641B6C03F002030093009BBD
:10F2F00002B070470004004000080040003802409F
:10F300000E4B02689A4200D0704700B583B003F5F7
:10F310000B3300220192196C41F0080119641B6C37
:10F3200003F00803019332200121019B02F020FA2F
:10F33000322003B05DF804EB02F058BA000C004034
:10F3400070B52A4A0368934286B007D0B3F1804F64
:10F350001FD0274A93422CD006B070BD4FF46043B3
:10F36000244801A9002402260125CDE90136CDE972
:10F370000344059502F086FE4FF4E0631E480193B6
:10F3800001A9CDE90264CDE9044502F07BFE06B097
:10F3900070BD00230122174805924FF440650224F6
:10F3A00001A9CDE90154CDE9033302F06BFE06B0AB
:10F3B00070BD80230325104805950024022601A96D
:10F3C000CDE90136CDE9034402F05CFE094805951C
:10F3D00001A9CDE90156CDE9034402F053FE4FF4F3
:10F3E000E0730648019301A9CBE700BF000001408C
:10F3F00000040140000402400000024000080240F6
:10F4000010B55248524C6022002394B040F6AC51E3
:10F4100082600222C0E90043C0E90313426105F0A3
:10F42000B1FB00285BD14FF480534848029302A9F6
:10F4300005F0D2F9002840F08380444805F0DAFB5B
:10F44000002878D1414805F0B9FB00286ED1202270
:10F4500000233E486946CDE9002305F001FE00285F
:10F460005FD10022702339480C9206A9CDE90632FB
:10F47000CDE90822CDE90A2205F076FD00284BD11E
:10F480003248042206A905F06FFD00283FD12F481D
:10F49000082206A905F068FD002833D100232B4877
:10F4A00006930C2206A905F02FFD30BB4FF4006136
:10F4B0004FF480620023CDE90D1214244FF4005262
:10F4C000224813930DA9CDE90F34CDE9113205F08F
:10F4D000EDFD48B91D48FFF733FF14B010BD1D48BE
:10F4E000532100F0C1F99EE792211A4800F0BCF9BF
:10F4F0001648FFF725FF14B010BD1648862100F00E
:10F50000B3F9D3E71348802100F0AEF9C6E71148FC
:10F510007B2100F0A9F9BAE70E48762100F0A4F9A2
:10F52000AEE70C486A2100F09FF99AE70948632189
:10F5300000F09AF98BE707485E2100F095F981E722
:10F540000448592100F090F977E700BF6892002045
:10F550000000014080A6030810B5274800238AB0A8
:10F560004FF0804460214FF48052C0E90043C0E96D
:10F570000212036105F03EFB28BB00231E4801A9CF
:10F58000CDE9013305F06CFD80BB00237021022220
:10F59000CDE90313059218480793082203A905F043
:10F5A000E3FCF0B90C2241F20104002312480DEBF8
:10F5B0000201CDE9044305F0D7FC48B90E48FFF736
:10F5C000BFFE0AB010BD0D48A52100F04DF9D4E7EB
:10F5D000BC210A4800F048F90748FFF7B1FE0AB01D
:10F5E00010BD0648B52100F03FF9DBE70348AC2128
:10F5F00000F03AF9C9E700BFE092002080A60308B6
:10F6000010B53D483D4C6022002390B040F6AC510F
:10F6100082600222C0E90043C0E90313426105F0A1
:10F62000E9FA00283FD12022002333486946CDE97A
:10F63000002305F015FD002857D1002270232E4825
:10F64000089202A9CDE90232CDE90422CDE90622D1
:10F6500005F08AFC002842D12748042202A905F0BF
:10F6600083FC002835D1082223480DEB020105F068
:10F670007BFC40BB4FF400614FF480620023CDE976
:10F68000091214244FF400521B480F9309A9CDE925
:10F690000B34CDE90D3205F009FD50B91648FFF7DE
:10F6A0004FFE10B010BD164840F2391100F0DCF8E2
:10F6B000B9E74FF4B171124800F0D6F80E48FFF7E1
:10F6C0003FFE10B010BD0E484FF4AB7100F0CCF807
:10F6D000D0E70B4840F2511100F0C6F8C3E70848E4
:10F6E0004FF4A67100F0C0F8B6E705484FF4A071DA
:10F6F00000F0BAF8A1E700BFD09300200004014059
:10F7000080A6030800B583B0234B00220092186B3B
:10F7100040F400101863186B00F40010009000987B
:10F720000192186B40F4800018631B6B03F4800394
:10F73000042101930B20019B02F01AF80B2002F028
:10F7400055F800220A210D2002F012F80D2002F0D7
:10F750004DF800220A210F2002F00AF80F2002F0D3
:10F7600045F800220A21102002F002F8102002F0D1
:10F770003DF800220A21112001F0FAFF112002F0C9
:10F7800035F800222F20032101F0F2FF2F2003B0D3
:10F790005DF804EB02F02AB80038024070B594B06E
:10F7A000294A2A4B00200190116C41F080511164CC
:10F7B000126C02F080520192019A02901A6842F48F
:10F7C00080421A601B6803F48043092002934FF4BF
:10F7D00080324FF48003CDE908020224029D0F938A
:10F7E00001210425A822072308A8CDE90D14CDE99D
:10F7F0001052CDE9124304F0E7F800B1FEE74FF4F0
:10F80000A05205904FF480530F26052103A8CDE99F
:10F810000364CDE9062304F0C3FA044600B1FEE711
:10F8200004F058FB0A4BA3FB0030800902F000F8FB
:10F83000284602F017F8224631464FF0FF3001F01B
:10F8400097FF14B070BD00BF003802400070004048
:10F85000D34D6210034B02689A4200D0704701F00A
:10F8600061B800BF00200040FEE700BF0368B3F1AD
:10F87000A04F00D0704710B54FF4C05286B002239D
:10F88000CDE90123002401A903220A230F4805938F
:10F89000CDE9034202F0F6FB0D4B596B41F08001BC
:10F8A00059630094596C41F4804159645B6C03F4D2
:10F8B00080432246009306214320009B01F058FF1D
:10F8C000432001F093FF06B010BD00BF00000240CE
:10F8D0000038024070B5D0F8EC5382B005F2AA2689
:10F8E00000F56F7104463046019108F0D7FE95F897
:10F8F000AA32019903F06003402B03D195F8AB3293
:10F90000502B06D0D4F8EC0302B0BDE8704008F0EC
:10F910002DBBD5F8B832B5F8B0229B680121C5E9F6
:10F92000A512284631469847B5F8B03203B908B158
:10F9300002B070BD284602B0BDE8704008F01CBFA0
:10F94000C1EBC10300EB8303D0F8EC03D3F804222E
:10F9500008F03CBBC1EBC10300EB8303D0F8EC0320
:10F960005A6C08F069BB00BFD0F8EC0308F0FCBB90
:10F9700010B5C16804460039D0F8EC0318BF012166
:10F9800008F0DAFBD4F8EC03BDE8104008F0ACBB9B
:10F9900010B50446D0F8EC0308F0D2FB2268D2F888
:10F9A000003E43F00103C2F8003E236A23B1034A3C
:10F9B000136943F00603136110BD00BF00ED00E0C2
:10F9C000D0F8EC0308F0C6BBD0F8EC0308F0DCBBC1
:10F9D000D0F8EC0308F0D6BBD0F8EC0308F0D6BBA7
:10F9E000D0F8EC0308F0D4BB02780AB100207047CD
:10F9F000194B10B5C3F8EC034FF0A044C0F8C43263
:10FA000006200221C3E900401846C3E90312C3E9F6
:10FA10000521C3E90722C3E90B225A6203F0E6FA83
:10FA2000A0B980210C4803F0CBFF402200210A48F6
:10FA300003F09CFF40220121074803F097FF40227A
:10FA40000321054803F092FF002010BD034840F257
:10FA50005911FFF709FFE4E71094002098A6030866
:10FA600008B5D0F8C40203F02FFB032896BF024B61
:10FA70000320185C08BD00BFB4A60308944608B56F
:10FA80001A46D0F8C402634603F04AFE032896BF24
:10FA9000014B0320185C08BDB4A6030808B5D0F8D4
:10FAA000C40203F081FE032896BF024B0320185CBA
:10FAB00008BD00BFB4A6030808B5D0F8C40203F01F
:10FAC000FDFE032896BF024B0320185C08BD00BF53
:10FAD000B4A6030808B5D0F8C40203F01FFF03283A
:10FAE00096BF024B0320185C08BD00BFB4A60308F4
:10FAF0000A06D0F8C43206D4C1EBC10103EB810180
:10FB000091F8FA01704701F07F01C1EBC10103EBED
:10FB1000810191F83A00704708B5D0F8C40203F0AB
:10FB2000EDFD032896BF024B0320185C08BD00BF03
:10FB3000B4A6030808B5D0F8C40203F097FE032862
:10FB400096BF024B0320185C08BD00BFB4A6030893
:10FB500008B5D0F8C40203F057FE032896BF024B45
:10FB60000320185C08BD00BFB4A6030808B5D0F890
:10FB7000C40203F071FE08BD10B51148114C4FF4DA
:10FB800082720023C0E900424FF400610122C0E903
:10FB90000231C0E904324FF4007418210A22C0E98E
:10FBA0000641C0E90833C0E90A3204F029FA00B975
:10FBB00010BDBDE8104004485221FFF755BE00BFFC
:10FBC000C0980020003C0040B8A603083B4B0268E8
:10FBD0009A4200D07047F0B587B003F5FE33002598
:10FBE00000951A6C42F400421A641B6C03F4004343
:10FBF000022100934FF4A0520126CDE90211009B8F
:10FC000001920623044601A92D48CDE904634FF46F
:10FC1000006702F037FA039629482A4E019701A996
:10FC200002F030FA284B33604023C6E90153E36801
:10FC30004FF48062C6E903524BBBC6E9053300238B
:10FC40004FF400321F487362C6E9073201F016FE16
:10FC500070BB1E4DE2681E49A66400234FF480600D
:10FC6000C5E90013C5E90233B4632861A2B9C5E947
:10FC7000052200234FF4803214486B62C5E9073235
:10FC800001F0FCFD78B9E564AC6307B0F0BD4FF45A
:10FC90000053C6E90573D2E74FF400624FF40053F6
:10FCA000C5E90523E5E70B48A021FFF7DDFDEAE7FD
:10FCB00008488921FFF7D8FDCBE700BF003C004092
:10FCC0000008024060980020B860024000980020C0
:10FCD00010600240B8A603080D4B02689A4200D09B
:10FCE00070470C4A136C10B523F4004304464FF4DC
:10FCF000E0511364084802F0F3FAA06C01F056FEDC
:10FD0000E06C01F053FEBDE81040332001F07CBDF3
:10FD1000003C004000380240000802400A480B49FD
:10FD200008B50C220023C0E90233C0E90432C0E95F
:10FD30000633016005F048FB00B908BDBDE8084086
:10FD400003485121FFF790BDD89A0020004C004095
:10FD5000CCA603080A480B4908B50C220023C0E9C9
:10FD60000233C0E90432C0E90633016005F02CFB20
:10FD700000B908BDBDE8084003486421FFF774BD21
:10FD8000989A002000440040CCA6030870B5584A59
:10FD90000368934282B0044604D0564A93424BD043
:10FDA00002B070BD002302F5F6320093116C524E82
:10FDB00041F400211164126C5049B36002F4002236
:10FDC00000924FF00062C6E9001200984FF4806183
:10FDD0004FF480723046C6E90331C6E90533C6E9FF
:10FDE0000833F26101F04AFD002872D1444D4549C3
:10FDF00066634FF000620023C5E9001228464021E7
:10FE00004FF48062C5E90213C5E90533C5E907333C
:10FE1000B4632A616B6201F031FD002854D125637F
:10FE2000342000220A21AC6301F0A2FC342002B08D
:10FE3000BDE8704001F0DABC002302F5FA3201930C
:10FE4000116C314E41F400311164126C2F49B360D2
:10FE500002F4003201924FF00062C6E900120198EC
:10FE60004FF480614FF480723046C6E90331C6E931
:10FE70000533C6E90833F26101F000FD70BB244D83
:10FE8000244966634FF000620023C5E9001228464A
:10FE900040214FF48062C5E90213C5E90533C5E985
:10FEA0000733B4632A616B6201F0E8FCD8B92563BB
:10FEB000262000220A21AC6301F05AFC262002B061
:10FEC000BDE8704001F092BC13489421FFF7CCFCD0
:10FED000A5E711488221FFF7C7FC87E70E48B62146
:10FEE000FFF7C2FCCBE70C48C821FFF7BDFCDEE7FB
:10FEF000004C00400044004018990020406002403F
:10FF00007899002070600240D899002088600240F3
:10FF1000389A0020A0600240CCA6030808B5096802
:10FF200028F00EFC002008BD08B5044B002218681C
:10FF3000022107F05FFE002008BD00BF44E700205B
:10FF400008B5044B00221868012107F053FE002079
:10FF500008BD00BF44E7002021280CD100234FF04A
:10FF6000C20C012008220B7081F801C08870CB7090
:10FF70000B714B718A710020704700BF4029844685
:10FF80000FD80B4B812AD3F8BC320ED0832A08D16C
:10FF90005C331B7A3BB9134605480A46614608F0B4
:10FFA0008BBD03207047012070474433F1E700BF49
:10FFB000509E002030B52448244C254900230122BE
:10FFC0008FB04FF48035C0E90045C0E90A13836063
:10FFD000036183610362C360C2610363426100F035
:10FFE000C5FC08BB0624012200231748039301A97E
:10FFF000CDE9014200F034FE08BB012206210023B6
:020000040801F1
:10000000CDE905124FF4801409920F4807934FF47D
:10001000803205A9CDE90C24CDE90A33089300F01C
:10002000CDFE30B90FB030BD0A485E21FFF71CFC91
:10003000D8E708487821FFF717FC0FB030BD054816
:100040006821FFF711FCD8E7189B00200020014031
:100050000100000FE4A6030810B52648264C4FF413
:1000600080310023C0E9004101228EB04FF080545E
:100070004FF06061C0E90A14836003618361036229
:10008000C360C2610363426100F070FC08BB0D24D1
:10009000012200231748039301A9CDE9014200F092
:1000A000DFFD08BB01220A210023CDE905124FF430
:1000B000801409920F4807934FF4803205A9CDE9C7
:1000C0000C24CDE90A33089300F078FE30B90EB065
:1000D00010BD0A489221FFF7C7FBD8E70748AC21BB
:1000E000FFF7C2FB0EB010BD04489C21FFF7BCFB1C
:1000F000D8E700BF609B002000210140E4A6030870
:1001000010B52648264C4FF480310023C0E9004149
:1001100001228EB04FF080544FF06061C0E90A14A4
:100120008360036183610362C360C26103634261F0
:1001300000F01CFC08BB0C24012200231748039389
:1001400001A9CDE9014200F08BFD08BB01220B2182
:100150000023CDE905124FF4801409920F4807934C
:100160004FF4803205A9CDE90C24CDE90A33089378
:1001700000F024FE30B90EB010BD0A48C621FFF7CA
:1001800073FBD8E70748E021FFF76EFB0EB010BD08
:100190000448D021FFF768FBD8E700BFA89B0020E8
:1001A00000220140E4A60308F0B5424A03689342E6
:1001B00089B007D0404A93423FD0404A93425BD037
:1001C00009B0F0BD00263E4B00965A6C3D4D42F4FE
:1001D00080725A645B6C03F48073009303272F23AF
:1001E00003A904463848009A0393CDE9047601F048
:1001F00049FF70233548039303A90497059601F03E
:1002000041FF334A6E624FF48063C5E900262B61DB
:100210004FF400624FF40053C5E9052328464FF41C
:100220008073C5E90266C5E9073601F027FB00289F
:1002300039D1A563AC6309B0F0BD0024204B019413
:100240005A6C214842F400725A645B6C03F40073E8
:100250000193032503A92F230393CDE90454019BA4
:1002600001F010FF70231948059403A9CDE9033567
:1002700001F008FF09B0F0BD114B134800240294AF
:100280005A6C42F480625A645B6C059403F4806398
:10029000032202930F2503A9CDE90352029B01F02B
:1002A000F1FE09B0F0BD0B484FF48A71FFF7DCFA9C
:1002B000BFE700BF002001400021014000220140B3
:1002C00000380240F09B002000080240000002407D
:1002D00010640240E4A6030810B582B00024224B4B
:1002E00000945A6C42F480425A645A6C02F4804280
:1002F0000092009A01941A6C42F080521A641B6CAE
:1003000003F0805301930320019B01F01FFA224662
:1003100021466FF00B0001F02BFA224621466FF0C8
:100320000A0001F025FA224621466FF0090001F08B
:100330001FFA22466FF00400032101F019FA224649
:1003400021466FF0030001F013FA22460F216FF0EF
:10035000010001F00DFA22460F214FF0FF3002B0EC
:10036000BDE8104001F004BA0038024012230148F1
:100370000B8070474C0E0020042301480B8070470F
:10038000600E002010B5044C04480A46214608F0CF
:100390009DF9204610BD00BF509C0020F8A6030820
:1003A00010B5044C04480A46214608F08FF920464F
:1003B00010BD00BF509C002040EA002010B5044C46
:1003C00004480A46214608F081F9204610BD00BFC6
:1003D000509C002008A7030810B5044C04480A46A6
:1003E000214608F073F9204610BD00BF509C002044
:1003F00024A7030810B5044C04480A46214608F017
:1004000065F9204610BD00BF509C002030A70308AE
:100410000020EE2908B5108002D0062905D008BDBD
:100420001346122204481A8008BD0449044808F003
:100430004DF9024808BD00BF640E0020509C00200A
:1004400040A70308704700BF1B4A1C49536C10B4F7
:1004500023F4404353644B6C0468194A8FB023F46F
:1004600040434B640294D0E9014303940493D0E9E0
:100470000434C16805910693D0E9061307940891E6
:100480000993936A0A93D2F888200E4B0B925B6B08
:100490000C930A9BC3F340238DF806300A9B01227C
:1004A000C3F300238DF807300D920D9B002BFCD178
:1004B0000FB05DF8044B704700000140000401409C
:1004C00000ED00E000EF00E01EF0040F0CBFEFF3C2
:1004D0000880EFF30980FFF7B7BF00BF0549064A60
:1004E0004B6C23F440434B64536C23F440435364FC
:1004F000F6E700BF000001400004014008B5FFF727
:10050000EDFF00BF08B5FFF7E9FF00BF704700BF70
:1005100007F0E0BB014801F021BB00BF00980020BC
:10052000014801F01BBB00BF18990020014801F0F1
:1005300015BB00BF78990020014801F00FBB00BF38
:10054000D8990020014801F009BB00BF389A00206B
:10055000014801F003BB00BF60980020014800F093
:10056000CBBF00BF780E0020014800F0C5BF00BF20
:10057000780E0020014800F0BFBF00BF780E0020B9
:10058000014800F0B9BF00BF780E0020014805F017
:10059000ABB800BF989A002008B5044804F0E8F909
:1005A000BDE80840024804F0E3B900BFD093002042
:1005B0002C920020014803F07BBF00BFC0980020B0
:1005C000014805F091B800BFD89A002010B5094C39
:1005D00009490022204607F089FC0849204607F017
:1005E0009DFC2046064908F05FFA2046BDE8104011
:1005F00007F0AABC509E0020300E0020A80E00205C
:100600001C0E0020214B02689A4200D0704730B582
:1006100087B0002403F5EA3300941A6C42F00072AC
:100620001A641B6C03F00073009302224FF44071B4
:1006300003230925CDE9011200981548059501A964
:10064000CDE9034301F01EFD22462946132001F0A7
:100650008FF8132001F0CAF822462946142001F031
:1006600087F8142001F0C2F822462946152001F02F
:100670007FF8152001F0BAF822462946162001F02D
:1006800077F8162001F0B2F807B030BD00640040E2
:10069000000402401049114BD1F8882042F4700246
:1006A00010B4C1F888201A680D4C002042F00102F5
:1006B0001A6098601A6822F0847222F480321A60FC
:1006C0005C601A684FF0006422F480221A60D860DF
:1006D0008C605DF8044B704700ED00E0003802408C
:1006E00010300024F0B58BB0334B344E344F00241F
:1006F00000941A6B42F004021A63196B01F00401B2
:10070000009100990194196B41F080011963196BF4
:1007100001F08001019101990294196B01221143AA
:100720001963196B1140029102990394196B41F0FE
:1007300002011963196B01F00201039103990494FA
:10074000196B41F0080119631B6B03F00803049354
:1007500030464FF4C041049B01F06EFE22463846FD
:100760004FF4805101F068FE01254FF4C04305A904
:100770003046CDE90535CDE9074401F083FC30462C
:1007800005A948F210230593CDE9064401F07AFC4F
:1007900038464FF4805305A90593CDE906540894D3
:1007A00001F070FC04230748079505A9CDE905343D
:1007B00001F068FC0BB0F0BD0038024000080240B8
:1007C00000040240000C024010B50D4B0D4C4100DE
:1007D0000D480022C3E900404FF480441846C3E9A5
:1007E0000221C3E90442C3E906221A6201F028FE8D
:1007F00000B910BDBDE8104004484F21FFF734B8E0
:10080000E0A1002000540040A086010074A7030866
:10081000304B02689A4200D0704770B582B0002316
:100820002D4A0193116C2D4E41F400111164126C8C
:100830002B49B36002F4001201924FF00072C6E936
:10084000001204464FF4806101984FF480723046E4
:10085000C6E90331C6E90533C6E90833F26101F0A0
:100860000DF860BB1F4D2049A6634FF000720023B6
:10087000C5E90012284640214FF48062C5E9021301
:10088000C5E90533C5E90733B4632A616B6200F03B
:10089000F5FFC8B90022092165631F20AC6300F091
:1008A00067FF1F2000F0A2FF20200022092100F096
:1008B0005FFF202002B0BDE8704000F097BF0B48FA
:1008C0006E21FEF7D1FFCDE708488021FEF7CCFF6F
:1008D000E0E700BF005400400038024020A10020A3
:1008E0001060024080A10020A060024074A70308AD
:1008F00008B50B4B1A6842F400721A601A6842F489
:1009000080621A601A6842F480721A60032000F054
:100910001DFF0620FEF754FBFFF7DEFC002008BD9C
:10092000003C0240034A044B11681B780B441360DF
:10093000704700BF34A20020A40E0020014B1868AD
:10094000704700BF34A2002038B50446FFF7F6FF19
:10095000631C054602D0044B1B781C44FFF7EEFFD6
:10096000431BA342FAD338BDA40E0020002800F098
:100970009D8038B5036C04463BB1236CDB060CD577
:10098000002384F83C30012038BD436480F83C30BB
:10099000FFF70AFC236CDB06F2D4236C474A23F4EE
:1009A000885323F0020343F0020323645168236851
:1009B00021F44031516051686068014351605A68C8
:1009C0002569A06822F480725A60596841EA0521BD
:1009D0005960596821F0407159605A6802435A6061
:1009E0009968E06821F4006199609A68A16A0243FD
:1009F0009A60334A914250D09868E56A20F070605E
:100A000098609A6811439960996821F04051996003
:100A10009A682A439A609968A06921F00201996056
:100A20009A68216A42EA40029A60002940D05968D7
:100A3000626A41F400615960586820F4604058606F
:100A4000511E5A6842EA41325A60DA6AE169256BFE
:100A5000606922F47002DA62DA6A013942EA01520C
:100A6000DA629A6822F400729A60996841EA452134
:100A70009960996821F4806199609A6842EA8022BD
:100A800000209A606064236C23F0030343F00103A9
:100A90002364002384F83C3038BD9A6822F07062E9
:100AA0009A609A6822F040529A60B4E70120704739
:100AB0005A6822F400625A60C7E700BF0023014071
:100AC0000100000F70B590F83C3082B00546012B54
:100AD0004FF0000001906CD001232E6885F83C3067
:100AE000B368DB0714D4B36843F00103B360324B3F
:100AF0001868324BA3FB0030800C00EB40000190E3
:100B0000019B2BB1019C013C019401980028F9D173
:100B1000B368DC073CD5286C20F4E06020F00100CD
:100B200040F4807028647368580505D52B6C23F455
:100B3000405343F480532B642B6CA86B13F4805305
:100B40001CBF6B6C23F006036B64002385F83C30FC
:100B500013460A461A49C1631A4901641A49C16415
:100B60006FF022013160716841F080617160B1689D
:100B700041F48071B16006F14C0100F051FF134B5C
:100B80005B68DB0607D12B68986810F040500AD0EC
:100B9000002002B070BD0E4A2B689342F8D19868CD
:100BA00010F04050F4D19A6842F080429A6002B04E
:100BB00070BD022002B070BDA00E002083DE1B437A
:100BC000D90B0108390C0108490C01080023014028
:100BD00000200140704700BF836B1A6C12F0500F69
:100BE00025D11A6C196842F4007210B51A648A682B
:100BF00012F0405F17D19A69AAB9CA6A12F4700F4D
:100C000002D08A6850050ED44A6822F020024A6059
:100C10001A6C22F480721A641A6CD20403D41A6C0F
:100C200042F001021A641846FFF7D4FF10BD9B6B17
:100C3000DB6C1847704700BF08B5806BFFF7FAFF01
:100C400008BD00BF704700BF806B08B54023036438
:100C5000436C43F004034364FFF7F4FF08BD00BF97
:100C600030B590F83C3083B00022012B019200F0A7
:100C70009C80012380F83C300C680368092C2DD837
:100C80001D698A6804EB440E4FF0070C0CFA0EFC49
:100C900025EA0C051D611D6902FA0EF22A431A614C
:100CA0004A68062AA4462FD802EB8202596B053AFD
:100CB0004FF01F0E0CFA02FC0EFA02F221EA0202B9
:100CC0005A635A6B4CEA02025A63394A934230D053
:100CD000002380F83C30184603B030BD1FFA84FC76
:100CE0000CEB4C02DD68A2F11E0E072202FA0EF296
:100CF00025EA0202DA608A68DD6802FA0EF22A4307
:100D0000DA604A68062ACFD90C2A02EB820236D86A
:100D1000196B233A1F250CFA02FC05FA02F221EAAC
:100D200002021A631A6B4CEA02021A63204A9342C7
:100D3000CED1122C32D0A4F11003012BC8D81D4AF9
:100D40005368102C43F400035360C1D11A4B02F1D5
:100D500046721B6802F52E3202F28332A2FB032395
:100D60009B0C03EB83035B000193019B002BAFD033
:100D7000019B013B0193019B002BF9D1A8E7D96AA4
:100D8000413A1F250CFA02FC05FA02F221EA02029E
:100D9000DA62DA6A4CEA0202DA6296E7D2F80433DF
:100DA00043F48003C2F8043392E7022003B030BD5D
:100DB0000020014000230140A00E0020F0B590F873
:100DC0003C30CE69012B00F0C880012380F83C3014
:100DD0000D680368092D68D81C698A6805EB450C05
:100DE000072707FA0CF724EA07041C611C6902FABA
:100DF0000CF222431A61AC469A6BD1F810E04C68B1
:100E000022F440129A639F6B0EF1FF3247EA0257B9
:100E1000E21CA2EB0E029F63D2B29F6B02EB820236
:100E20004FF01F0E0CFA02FC0EFA02F227EA020241
:100E30009A639A6B4CEA02029A63494A96429A680C
:100E400022F470229A609A6866D016439E609A686F
:100E50000E6A22F440129A609A6832439A608A6954
:100E6000002A34D05A6842F480625A604A69002AE3
:100E700034D05A68022C42F480525A6034D0032C89
:100E800059D0012C4CD01A6AC96822F47F6222F032
:100E90000F021A621A6A0A431A62324A934230D027
:100EA000002380F83C301846F0BD1FFA85FC0CEB9F
:100EB0004C02A2F11E040727DA68A74022EA0702C3
:100EC000DA608A68A240DC682243DA6094E75A68F4
:100ED00022F480625A604A69002ACAD15A68022CF8
:100EE00022F480525A60CAD19A69C96822F47F629A
:100EF00022F00F029A619A690A439A61194A934251
:100F0000CED1122D22D0103D012DC9D8164A5368DA
:100F100043F400035360C3E722F440129A609EE753
:100F20005A69C96822F47F6222F00F025A615A6935
:100F30000A435A61B1E7DA69C96822F47F6222F094
:100F40000F02DA61DA690A43DA61A6E7D2F80433FC
:100F500043F48003C2F80433A2E70220F0BD00BFCF
:100F600001000F00002001400023014000287BD039
:100F700038B590F820300446002B72D022681368F0
:100F800023F002031360FFF7D9FC054604E0FFF7E6
:100F9000D5FC431B0A2B5BD823685A689107F6D40B
:100FA0001A6842F001021A60FFF7C8FC054604E027
:100FB000FFF7C4FC401B0A284AD823685A68D207A6
:100FC000F6D5227E012A1A680CBF42F0800222F078
:100FD00080021A60627E012A1A680CBF42F0400249
:100FE00022F040021A60A27E012A1A680CBF42F069
:100FF000200222F020021A60E27E012A1A680CBF49
:1010000022F0100242F010021A60227F012A1A68B0
:101010000CBF42F0080222F008021A60627F012A27
:101020001A680CBF42F0040222F004021A60D4E9EC
:101030000220216902430A43606961680243013961
:101040000A4300200121DA61606284F8201038BD73
:10105000636A052243F40033636284F82020012090
:1010600038BDFFF7CFFA89E70120704790F82020BC
:10107000012A0AD090F82020022A034605D0426AAD
:1010800042F4802201205A627047404BD3F800227C
:101090000120024330B4C3F80022D3F8002222F426
:1010A0007C52C3F80022D3F800224C6A42EA0422A0
:1010B000C3F800224A69D3F81C42904024EA000495
:1010C000C3F81C42CD69C443002D45D1D3F80C525E
:1010D0002540C3F80C52D200CD688B8802F18042C3
:1010E00002F5C84243EA0543C2F840328D680B88D6
:1010F00043EA0543C2F844328B69244A33BBD2F831
:1011000004322340C2F804320B69C3B91F4BD3F831
:1011100014221440C3F814420B6A012B05D11B4A58
:10112000D2F81C321843C2F81C02184AD2F8003216
:1011300023F00103002030BCC2F800327047134A8C
:10114000D2F814320343C2F81432E5E7D2F804327D
:101150000343C2F80432D7E7012DCDD1D3F80C52A6
:101160000543C3F80C52D2000D688B8802F180420F
:1011700002F5C84243EA0543C2F840328D688B89C4
:1011800043EA0543C2F84432B6E700BF00640040BA
:1011900070B590F82030012B044606D0436A012632
:1011A00043F400234362304670BD0268DEB202237E
:1011B00080F82030136823F001031360FFF7BEFBB3
:1011C000054604E0FFF7BAFB431B0A2B08D8236847
:1011D0005B6813F00103F5D11E466362304670BDB3
:1011E000636A052243F40033636284F820203046AA
:1011F00070BD00BF38B590F82030022B044605D0F2
:10120000436A43F480130120636238BD02681368A7
:1012100043F001031360FFF791FB054604E0FFF77D
:101220008DFB431B0A2B0CD823685A68D207F6D5CE
:101230001A68012122F002021A6084F820100020AE
:1012400038BD636A052243F40033636284F82020CA
:10125000012038BD844690F82000012803D09CF876
:10126000200002283ED1DCF8000010B4846864013C
:1012700005D48468240102D48468E40043D58468DA
:10128000C4F3016C012404FA0CF41C608B688BB36A
:10129000CC6823434C6843EAC4030CF118042401CE
:1012A000035100EB0C130C69C3F88441097D01293B
:1012B0004FEA0C1C05D1D3F8841141F48071C3F8B6
:1012C000841160445168C0F88C111268C0F88821FC
:1012D000D3F880215DF8044B42F001020020C3F8EE
:1012E00080217047DCF8243043F480230120CCF8BF
:1012F00024307047CB680C6843EA44540CF118035F
:101300001B01C450CDE7DCF824305DF8044B43F4F6
:1013100000130120CCF82430704700BF90F8203033
:10132000012B05D090F82030022B01D0002070470F
:10133000036898689A689B681201C0F3806048BF90
:101340000130DB00F3D50130704700BF30B590F8B5
:101350002040012C844603D090F82000022872D14E
:10136000DCF80040002961D1E068850763D004EB18
:1013700001104FEA011ED0F8B05105F00405956048
:10138000002D6CD1D0F8B0516D0D1560D0F8B05172
:10139000C5F34005D560D0F8B45105F00F051561CF
:1013A0007444D0F8B451D0F8B401D4F8B841C5F3BE
:1013B0000725000C956150611C70DCF80020724418
:1013C000D2F8B821120A5A70DCF800207244D2F820
:1013D000B821120C9A70DCF800207244D2F8B821BF
:1013E000120EDA70DCF800207244D2F8BC211A71B7
:1013F000DCF800207244D2F8BC21120A5A71DCF8E1
:1014000000207244D2F8BC21120C9A71DCF8002042
:101410007244D2F8BC21120EDA71E1B9DCF8002076
:10142000D36843F020030846D36030BD01299ED124
:10143000206980079BD1DCF8243043F4001301209D
:10144000CCF8243030BDDCF8243043F48023012074
:10145000CCF8243030BD012906D0002030BDD0F8B2
:10146000B051ED08556091E7DCF80020136943F0B6
:1014700020030020136130BD90F82030012B05D0EF
:1014800090F82030022B01D000207047036819B972
:10149000D86800F003007047186900F00300704737
:1014A00090F82020012A034609D090F82020022A33
:1014B00005D0426A42F4802201205A6270471A68BD
:1014C0005369194300205161704700BF90F82020F4
:1014D000012A034609D090F82020022A05D0426A4A
:1014E00042F4802201205A6270471A68536923EA45
:1014F00001010020516170472DE9F84F03685C69D4
:10150000D3F804809F68D3F80CB0D3F810A0D3F8B8
:10151000189014F00106054620D017F001060DD0F2
:1015200001229A60BB0700F1C4807E0700F1E380CE
:1015300017F0080600F0E8804FF48056F8050BD548
:101540002B684FF48072B9059A6000F1AE807A057D
:1015500040F1CC8046F40056F80365D4270702D545
:101560001BF0100F6BD1600703D51BF0080F40F084
:101570008D80A10704D52B68DB689A0740F0828034
:10158000630602D51AF0100F48D1A70602D51AF04B
:10159000080F62D1E00603D52B681B6999077CD13F
:1015A000A20302D518F0100F5ED1E30302D518F0A4
:1015B000080F60D1270405D518F0040F06D12B6859
:1015C00004225A60002E40D1BDE8F88FE00504D512
:1015D00019F0010F18BF46F00106A10504D519F056
:1015E000020F18BF46F00206620504D519F0040F79
:1015F00018BF46F004062305E1D519F07009DED0C6
:10160000B9F1400F00F08B8057D8B9F1200F78D096
:10161000B9F1300F5FD146F0200656E02B6810225A
:1016200046F480661A61B0E72B684FF48032B90344
:101630009A6036D47A0354D546F400468EE72B6878
:10164000102246F40076DA608DE76B6A1E43284666
:101650006E6212F015FEBDE8F88F2B6808221A6141
:10166000284612F007FE95E72B6810225A6028469C
:1016700012F002FE99E72B6808225A60284612F001
:10168000FDFD97E7284612F0DBFD79E72B6808227D
:10169000DA60284612F0E0FD6BE7284612F0E8FD1C
:1016A0007EE7284612F0BAFD58E7284612F0AAFD58
:1016B00052E712F09BFD002640E7B9F1500F1DD014
:1016C000B9F1600F08BF46F480762B689A6922F062
:1016D00070029A6174E7B9F1100FF6D146F008066E
:1016E000F3E73B0317D546F4803637E73B050ED5C5
:1016F00046F4804630E74FF400661FE746F0800668
:10170000E3E746F01006E0E712F094FD16E72846FE
:1017100012F092FD20E7284612F090FD1EE746F0F9
:101720004006D2E7406A704790F82020012A03461D
:1017300009D090F82020022A05D0426A42F4802283
:1017400001205A6270470020586270470749CA68F2
:1017500003024FF6FF0003F4E0630240134343F03B
:10176000BF6343F40033CB60704700BF00ED00E07F
:101770001C4BDB68C3F3022300B5C3F1070EBEF1B7
:10178000040F03F1040C28BF4FF0040EBCF1060F48
:101790001BD9033B4FF0FF3C0CFA03FC22EA0C027E
:1017A0004FF0FF3C0CFA0EFC21EA0C019940002896
:1017B00041EA02010CDB00F16040090100F56140E3
:1017C000C9B280F800135DF804FB00221346E7E776
:1017D000054B00F00F0009010344C9B219765DF80A
:1017E00004FB00BF00ED00E0FCEC00E0002808DB9B
:1017F0004109044A00F01F00012303FA00F042F8F7
:101800002100704700E100E000280DDB4309074993
:101810000122203300F01F0002FA00F041F82300FB
:10182000BFF34F8FBFF36F8F704700BF00E100E041
:101830000138B0F1807F10D210B44FF0E023084C93
:1018400058614FF0F00C84F823C0002207211046A5
:101850009A615DF8044B196170470120704700BF21
:1018600000ED00E04FF0E022042813690CBF43F0C4
:10187000040323F004031361704700BF38B5044626
:10188000FFF75CF8002C67D023680222002184F85F
:10189000341084F835201A6822F0010205461A60D7
:1018A00005E0FFF74BF8431B052B39D823681A686E
:1018B000D107F6D4D4E90120E16802430A43D4E910
:1018C0000451A0692A430A43E1691D6802430A439F
:1018D00033492940256A2A430A43616A042926D0EC
:1018E0001A605A6922F007021143D8B22D4A596191
:1018F0001038A2FB005212092B4923F47F73895C34
:10190000E16523F003035F2888BF04333F228A4048
:10191000A36500209A600123606584F8353038BDE6
:1019200003232022626584F83530184638BDD4E997
:101930000B5129430A431A605969A26A21F0070131
:10194000114341F00401002DCFD038B9012A23D032
:1019500032F00202C9D108E0012038BDB0F5005FC5
:101960000CD0022A03D9032ABFD1EA01BDD5012335
:101970004022626584F83530184638BD032AB4D851
:1019800001A050F822F000BF6F1901086B1901087F
:101990006F19010899190108B5F1C07FA5D1E6E7D3
:1019A0003F8010F0ABAAAAAA88A7030800282FD06E
:1019B00090F83520022AD3B22BD00368164AD9B248
:1019C000103930B4A2FB014212091C68134D24F0F7
:1019D0000104AD5C1C6000221A605A609A60DA60F3
:1019E0001A6121225A6123F47F7323F003035F29D4
:1019F00088BF04333F210022A940C56583659960F3
:101A0000426580F8342080F8352030BC104670479D
:101A100001231846704700BFABAAAAAA88A70308EB
:101A200070B490F83440856D012C39D090F8354071
:101A30004FF0010C644580F834C005D0002380F8D5
:101A4000343070BC02207047022680F8356004688C
:101A500000264665266826F4802626606360836833
:101A6000402B0EBFA260A160E260C26D08BFE160C2
:101A70003F239340AB602368026C43F0160323605E
:101A8000636943F0800363611AB1236843F008037C
:101A90002360236843F001030020236070BC70477B
:101AA000022070BC704700BF70B50446866DFEF71B
:101AB00045FF94F83530022B06D00023802284F8AD
:101AC00034306265012070BD23681A6822F0160266
:101AD0001A605A6922F080025A61226C054632B3BC
:101AE0001A6822F008021A601A6822F001021A60CD
:101AF00005E0FEF723FF431B052B0FD823681B6867
:101B000013F00103F5D1E16D3F228A400121B2605B
:101B100084F8343084F83510184670BD0320202234
:101B20000023626584F8343084F8350070BDA26CFF
:101B3000002AD5D1D8E700BF90F83530022B03D06A
:101B400080234365012070470268052380F8353003
:101B5000136823F001030020136070472DE9F04162
:101B600082B0744A866D156800230193C36D346892
:101B700008229A402242804604D001680F68780704
:101B800000F18A8001229A40224204D0D8F8001045
:101B90004969090678D404229A40224204D0D8F830
:101BA000001009688F0767D410229A40224204D09F
:101BB000D8F800100F68380749D420229A402242F2
:101BC00017D0D8F800100C68E00612D5B26098F86B
:101BD0003520052A73D00B6813F4802F0B6800F0B2
:101BE0009080190340F19B80D8F83C300BB14046FF
:101BF0009847D8F854303BB3D8F85430DA071BD59F
:101C0000D8F800204C49052388F835301368A1FB2B
:101C1000051523F00103AD0A136002E01368DB072A
:101C200004D5019B0133AB420193F7D90022012374
:101C300088F8342088F83530D8F84C3023B1404645
:101C400002B0BDE8F041184702B0BDE8F081B260D3
:101C50000A6812F4802F0A682AD1D70503D40A68CB
:101C600022F008020A60D8F84020002AA5D0404699
:101C70009047D8F85C30A0E7B260D8F8542042F022
:101C80000402C8F854208FE7B260D8F8542042F01C
:101C90000202C8F854207EE70F6827F004070F609F
:101CA000B260D8F8542042F00102C8F8542069E725
:101CB0001203D8D5D8F84820002AD8D17DE70A6881
:101CC00022F016020A604A6922F080024A61D8F8BE
:101CD000402052B30A6822F008020A603F2202FA4A
:101CE00003F3D8F85010B3600022012388F83420A1
:101CF00088F835300029A7D0404602B0BDE8F04151
:101D0000084713F480737FF46FAF0A6822F0100263
:101D10000A60012288F8343088F8352064E7D8F862
:101D20004430002B7FF463AF63E7D8F84820002AE3
:101D3000D0D1D3E7A00E0020B5814E1B1B4BDA6833
:101D4000D10605D51A49CA6910200243CA61D86074
:101D5000164BDA68920606D51549CA69202042F06A
:101D60000802CA61D860114BDA68500606D51049DE
:101D7000CA69402042F00402CA61D8600B4BDA689D
:101D8000110606D50A49CA69802042F00202CA61DA
:101D9000D860064BDA68920706D50549CA69022061
:101DA00042F02002CA61D860704700BF003C024088
:101DB00038A20020064B1A69002A01DB0020704778
:101DC0000449054A59605A601869C00F704700BF3E
:101DD000003C024023016745AB89EFCD034A1369FC
:101DE00043F0004300201361704700BF003C0240F5
:101DF000014BD869704700BF38A20020124B70B564
:101E000000220446DA61FEF799FD104D064601E016
:101E1000611C0DD1EB68DA03FAD4EB68DB0744BF31
:101E20000123EB60094BD86810F0F20008D170BDB7
:101E300024B1FEF783FD801BA042EBD9032070BDC7
:101E4000FFF77CFF012070BD38A20020003C02405B
:101E50002DE9F0412F4D95F818C0BCF1010F30D09D
:101E600080461C464CF2503001230E4617462B7616
:101E7000FFF7C4FF18B100232B76BDE8F081264B95
:101E8000B8F1000F20D0B8F1010F33D01A6922F455
:101E900040721A61B8F1020F1A6922D042F44072FE
:101EA0001A611A6942F001021A61376074604CF2DB
:101EB0005030FFF7A3FF184A136923F001031361A1
:101EC000D9E70220BDE8F081196921F44071196158
:101ED000196919611969FAB241F001011961327089
:101EE000E5E742F400721A611A6942F001021A61D0
:101EF0003760DCE7196921F440711961196941F40F
:101F0000807119611969BAB241F001011961328019
:101F1000CDE700BF38A20020003C024039B10129C2
:101F20001CD002290CBF4FF400714FF440710D4BCF
:101F30001A6922F440721A611A69114319611A6907
:101F400022F0F8021A611A6942EAC00040F0020069
:101F500018611A6942F480321A6170474FF4807137
:101F6000E5E700BF003C0240144B1A6891050FD50D
:101F70001A6822F400721A601A6842F400621A6049
:101F80001A6822F400621A601A6842F400721A6039
:101F90000A4B1A6852050FD51A6822F480621A603B
:101FA0001A6842F480521A601A6822F480521A6049
:101FB0001A6842F480621A60704700BF003C024019
:101FC0002DE9F8432D4F3B7E012B38D001230446E9
:101FD0004CF2503088463B76FFF710FF064648BB70
:101FE0004FF0FF33C8F800302368012B2BD0D4E921
:101FF00002532B44AB421BD9DFF8849005E0D4E9AF
:10200000022301351344AB4212D9217C2846FFF745
:1020100085FF4CF25030FFF7F1FED9F8103023F075
:10202000FA03C9F810300028E9D0C8F80050064675
:10203000FFF79AFF00233B763046BDE8F88302267F
:102040003046BDE8F8830E4D23692A6922F44072B8
:102050002A612A6942F004022A612A691B029BB2A2
:10206000134343F480332B614CF25030FFF7C6FE2C
:102070002B6923F0040306462B61D9E738A2002020
:10208000003C02402DE9F04F00230D68DFF8488244
:1020900083B003E00133102B00F0A48001229A40AA
:1020A00032EA050402EA050CF4D14E6826F0100964
:1020B000B9F1020F00F09980D0F800B04FEA430E5A
:1020C000032404FA0EF406F0030A2BEA040B09F1C8
:1020D000FF390AFA0EFA4AEA0B0AB9F1010F6FEA60
:1020E0000404C0F800A040F2A980C26814408A68C5
:1020F00002FA0EF22243F700C260CBD50022019211
:10210000D8F844206D4F42F48042C8F84420D8F8F3
:10211000442002F480420192019A23F0030202F16A
:10212000804202F59C3203F00309D2F808E04FEA3E
:1021300089090F2404FA09F4B8422EEA040424D0D1
:1021400007F58067B84200F08F805D4FB84200F01D
:1021500092805C4FB84200F095805B4FB84200F02F
:1021600098805A4FB84200F09B80594FB84200F017
:102170009E80DFF868E170450CBF4FF0070E4FF00E
:10218000080E0EFA09F944EA09049460514A1268EB
:102190006FEA0C0EF4034F4C54BF0EEA02024CEAF5
:1021A000020222606468B2034A4A54BF0EEA040481
:1021B0004CEA040454609468464AF70254BF0EEA9D
:1021C00004044CEA04049460D268B40203F10103ED
:1021D000404C54BF0EEA02024CEA0202102BE260AD
:1021E0007FF45CAF03B0BDE8F08F4FEAD30E00EB95
:1021F0008E0E0C69DEF820A003F007094FEA89096A
:102200004FF00F0B04FA09F40BFA09F92AEA09094D
:1022100044EA0904CEF82040D0F800A04FEA430E6B
:10222000032404FA0EF406F003092AEA040A09FA60
:102230000EF949EA0A09E443C0F80090D0F808A072
:10224000CF680AEA040A07FA0EF949EA0A09C0F84F
:102250000890D0F8049029EA0209C6F300129A40C7
:1022600042EA0902426040E74FF0010E0EFA09F916
:1022700044EA090489E74FF0020E0EFA09F944EA2C
:10228000090482E74FF0030E0EFA09F944EA090443
:102290007BE74FF0040E0EFA09F944EA090474E7EB
:1022A0004FF0050E0EFA09F944EA09046DE74FF004
:1022B000060E0EFA09F944EA090466E70000024036
:1022C00000080240000C02400010024000140240CE
:1022D00000180240003C014000380240001C02404F
:1022E0002DE9F04F0023DFF844A1DFF84481DFF847
:1022F00044B102E00133102B72D0012505FA03F23C
:1023000032EA0104F6D106684FF0030E03FA05F431
:102310000EFA04F423FA0EFC26EA040600EB8C0CF9
:10232000066003F00706DCF820900F27B60007FAD6
:1023300006F629EA0606CCF82060866826EA040636
:102340008660466826EA02064660C66826EA0404F5
:1023500023F0030606F1804606F59C36C46003EAC6
:102360000E04D6F808C0A400A74050456FEA020248
:1023700007EA0C0C36D0584539D0264DA84239D042
:10238000254DA8423AD0254DA8423AD0244DA84226
:102390003BD0244DA84229D0234DA8420CBF07258D
:1023A000082505FA04F4A445A4D1B46824EA070773
:1023B000B760D8F800401440C8F80040D8F804408E
:1023C0001440C8F80440D8F808401440C8F8084041
:1023D000D8F80C4001332240102BC8F80C208CD1C7
:1023E000BDE8F08F0024A44584D1DEE7062505FA78
:1023F00004F4F8E7022505FA04F4F4E70EFA04F40D
:10240000F1E7042505FA04F4EDE7052505FA04F4DF
:10241000E9E700BF00080240000C02400010024043
:102420000014024000180240001C0240000002405C
:10243000003C01400004024002B909048161704778
:1024400000286AD038B590F83D30044603F0FF020A
:10245000002B4DD02268324D242384F83D30136880
:1024600023F00103136001F03BFD2E4B2268A3FB18
:10247000001361689B0CA942536024D84900B0FB4B
:10248000F1F040F6FC7101330842136208BF0420EA
:10249000D4E90731D0610B43D4E903011360014350
:1024A000D4E9053003439160D3601168002341F003
:1024B000010120201160236484F83D00236384F827
:1024C0003E30184638BD184D4FF4967C0CFB03F394
:1024D000A5FB03539B0901331362A3686BB901EB9E
:1024E0004101B0FBF1F0C0F30B039BB90120CFE732
:1024F00080F83C20FEF78CF9ACE701EB810101EBA1
:102500008101B0FBF1F0C0F30B03002BEED040F4DF
:102510004040BDE740F40040BAE70120704700BFEB
:10252000A086010083DE1B43D34D6210704700BFBD
:10253000704700BF704700BF704700BF704700BFC3
:10254000704700BF704700BF704700BF704700BFB3
:10255000704700BF10B590F83D30293B012B044671
:1025600057D990F83D30602B036805D05A681205A2
:102570005CBF202280F83D200022226384F83E20A8
:102580001A6822F400621A605A6812F400621DD0C0
:102590005A68606B22F400625A6090F83530012B63
:1025A00057D03A4B0365FFF7C7FA50B12268606B0A
:1025B0001368202123F00103136084F83D10036D9C
:1025C000984794F83D30282B13D010BD94F83D1057
:1025D000602925D05A69520604D5626A1B69511CCC
:1025E000616213702046FFF7B1FF94F83D30282B4D
:1025F000EBD1236C5B07E8D500232549E16220225B
:102600002363204684F83D2084F83E30FFF798FF8E
:1026100010BD002328220363036880F83D20AFE744
:10262000202184F83D1022645A69510605D5626A5A
:102630001B69511C6162137023681A6822F0010241
:102640001A602046FFF784FF94F83D30282BBCD158
:10265000CFE7A06B0D4B0365FFF76EFA0028B0D0F3
:1026600023685A69500605D5626A1B69511C61626C
:10267000137023681A68A06B22F0010220211A60EF
:1026800084F83D10036D98479BE700BFA12F010818
:102690000000FFFF30B5036855495C695A680C4279
:1026A00083B01ED0D1051CD5016C41F0010101643D
:1026B00014F4813F6FF48071596149D0016C41F08D
:1026C0000201016414F4823F6FF4007159611DD15D
:1026D00014F4843F01D0D20532D4036C63B903B043
:1026E00030BD14F4813F0CD0D505E7D414F4823FFB
:1026F000EED0036C002BF2D003B0BDE83040FFF702
:1027000029BF14F4823FE3D0D105E6D590F83EC04E
:10271000428D90F83D10056BBCF1200F92B2C9B20A
:102720001AD0026C42F00402026490F83E20102A93
:102730003ED06FF480625A6114F4843FCDD00368B8
:10274000026C6FF4006142F0080202645961C4E750
:1027500014F4823FDAD1BBE7002AE2D101F0F7029C
:10276000212A03D02829DCD1212DDAD190F83D206F
:10277000C16A0429D2B220D008291ED0212AD8D17A
:102780001C49C16202632021002280F83D1080F8BC
:102790003E205A6801906FF4806122F4E0625A6032
:1027A00059611A680A401A60FFF7C4FE0198C3E72E
:1027B0001A6842F400721A60BBE7282ADED10D4A7B
:1027C000C2625A6801906FF4806122F4E0625A603C
:1027D00059611A6822F480621A6000212023016383
:1027E00080F83D3080F83E10FFF7AAFE0198A3E77D
:1027F000000101000000FFFFF0B503689D695A6900
:102800005C6890F83E1010298DB03FD05FFA81FCD3
:10281000BCF1400F3AD099491140002900F0CC801A
:10282000A10500F17E8196492940002900F03481FC
:1028300094491140002900F08181650540F17E81B5
:1028400091491140002940F07E8190F83D10428D61
:1028500092B2C9B2C2B1426A541C446212781A617F
:10286000428D013A92B24285428D92B262B92929D3
:102870000AD15A68212422F4806228215A60046314
:1028800080F83D10FFF756FE0DB0F0BD12F0011FAD
:1028900039D0A60500F130817C491140002966D06D
:1028A0007749294000293BD076491140002977D04B
:1028B000670575D574491140002900F08281A6058D
:1028C000E2D5C16A90F83D20212ADDD1428D92B235
:1028D000002A40F04081042900F00682082900F017
:1028E000038211F5803F00F0FF81596821F4E06117
:1028F000596011242023046380F83E2080F83D3085
:10290000FFF714FEC0E76149114000292FD0A1054F
:10291000C6D5416CC9B21961594929400029C3D1B2
:102920005B491140002941D065053FD5564911400A
:10293000002900F02881A405A6D5C16A428D92B273
:10294000042A00F0B381428D92B2032A00F0BF81C5
:10295000428D92B2022A00F00282426A1B69511C27
:1029600041621370438D013B9BB243858CE7434921
:102970001140002994D0A70592D590F83E10C76A5F
:10298000D0F830C090F83D60222EC9B200F04281EC
:1029900000210A9159690A9199690A910A997FE778
:1029A0003949114000298AD10DB0F0BD3649114096
:1029B0000029C0D10DB0F0BD364E1640002E3FF4B8
:1029C00032AFA6057FF52FAF90F83D405A6822F44C
:1029D000E0625A600B915A690B921A6842F0010248
:1029E0001A600B9A1A6822F480621A605A681205FB
:1029F000E4B20ED590F83D20222A00F04B8190F8E9
:102A00003D202A2A00F04681426B1268526892B239
:102A10004285428D92B2C2B15A69570709D5426ABE
:102A20001B69511C41621370428D0368013A92B2D6
:102A300042855A69560608D5426A1B69511C416293
:102A40001370438D013B9BB24385036C002B40F018
:102A5000FE80A4F12802022A40F20581036B222B9A
:102A600002D0222C7FF410AF00232022036380F8D1
:102A70003D2080F83E30FFF75FFD05E702000100D2
:102A800004001000800001000400010008000100A3
:102A900040000100100001009F491140002964D04E
:102AA000610562D59D491140002963D190F83D1020
:102AB000428D92B2C9B2002A3FF4E6AE426A1B6967
:102AC000541C44621370438D013B9BB24385438D7C
:102AD0009BB2002B7FF4D8AE2A297FF4D5AE0268D2
:102AE00053682224282123F480635360046380F810
:102AF0003D10FFF721FDC7E690F83E10402900F099
:102B0000AB800169B1F5804F78D0016D002940F0AC
:102B1000B580416CC91101F0060141F0F001196165
:102B2000BEE699699B6981F004011F0654BF828942
:102B3000028BC1F38001FFF701FDA5E67749114043
:102B400000293FF4A1AEA4057FF59EAE428D92B25E
:102B5000002A3FF499AE426A511C416212781A6110
:102B6000438D013B9BB243858EE66C4911400029A1
:102B70003FF48AAEA2057FF587AE428D92B2002A5D
:102B80003FF482AEE9E690F83D20222A7FF47CAE45
:102B9000428D92B2032A40F23A81426A1B69511C6B
:102BA00041621370438D013B9BB24385438D9BB2C1
:102BB000032B7FF469AE0268536823F4806353608B
:102BC00062E690F83D20048D90F83E10C56AD2B2BE
:102BD000C9B2002C78D1212A00F0EF8040297FF47F
:102BE00053AE222A7FF450AE428D92B2002A40F0BA
:102BF000F9805A6822F480625A6045E690F83D10E8
:102C00002129416C16BF41F0010101F0FE01C9B25A
:102C1000196145E6066D16B9402900F01981066D67
:102C200026B90169B1F5404F00F01981418D89B293
:102C3000002977D103915969039199690391039907
:102C4000196841F4007119600021016528E60DB092
:102C5000BDE8F040FFF77EBC016D09BB416C01F09F
:102C6000FE0119611CE62E49C1622022036380F82F
:102C70003D2080F83E30FFF763FC05E6016D012939
:102C80007FF40EAE416CC91101F0060141F0F10173
:102C9000196105E6826B1268526892B24285B8E605
:102CA000416C41F00101C9B21961F9E55A68416A04
:102CB00022F480625A604A1C1B6942620B70438D89
:102CC000013B9BB24385DFE5212A8DD086E75A6818
:102CD000416A22F480625A601A6822F480621A60A3
:102CE0004C1C1B694462E9E75A6822F4E0625A60AE
:102CF0001A680021202442F400721A60016380F8EF
:102D00003D4090F83E3080F83E10402B7FF4F8AD07
:102D1000FFF718FCB8E500BF400001000400010007
:102D20000000FFFF418D89B2012900F0AE80418D86
:102D300089B2022900F0C480196841F480611960E9
:102D40005968090503D5596841F48051596000213B
:102D500009915969099199690991099974E70139AA
:102D600001291A6840F2898042F400721A60426AAE
:102D70001B69511C41621370438D426A0168013B1B
:102D80009BB243850B69511C41621370438D0168EE
:102D9000013B9BB243854B68002223F440732024FF
:102DA0004B6080F83D40026390F83E3080F83E2052
:102DB000402B4AD0FFF7BCFB66E5042D94D0082DCC
:102DC00092D015F5803F8FD05A6822F4E0625A60A5
:102DD00011212023016380F83E4080F83D30FFF749
:102DE000A5FB51E590F83E20402A7FF4B4AE026D79
:102DF000002A40F0A380C26C012A826C00F0BE80E1
:102E0000C2F307221A61036D013303653CE5012A11
:102E10003FF63AAD1A68446A22F480621A605A6832
:102E200022F4E0625A601B69621C42622370438D87
:102E3000013B9BB22022438580F83D20016390F83E
:102E40003E3080F83E10402BB4D1FFF77DFB1BE5F0
:102E500001965969019199690191019920E50296BC
:102E600059690291996902910299196841F4807136
:102E70001960016D0131016512E522F480621A606A
:102E80001A6842F480721A6071E717F5803F41D0EA
:102E9000042F2FD0082F2DD0BCF1120F2AD0C16AD9
:102EA0000229196814BF21F4806141F4806119601E
:102EB0000021069159690691996906910699C3E620
:102EC000C16A022919684AD021F480611960196821
:102ED00041F40061196059680E0503D5596841F441
:102EE00080515960002108915969089199690891A8
:102EF0000899A9E6196821F48061196000210791F9
:102F000059690791996907910799196841F4007106
:102F1000196099E6196821F480611960596811F403
:102F2000006120D0196821F48061196000210491AA
:102F30005969049199690491049985E6026D012A01
:102F400022D0026D022A7FF49FAC90F83D20222A05
:102F500021D090F83D20212A7FF496ACFBE541F486
:102F600080611960B7E705915969059199690591E3
:102F70000599196841F40071196065E6D2B21A61C9
:102F8000036D023303657FE4826CD2B21A61036D74
:102F90000133036578E41A6842F480721A6073E4BE
:102FA000806B0268116810B521F48061446B116078
:102FB000816B0023438523650B6590F83D106029E4
:102FC0004FF0200180F83D1080F83E3006D01368A5
:102FD00023F001031360FFF7B9FA10BD036413680F
:102FE00023F001031360FFF7B3FA10BD002868D087
:102FF000F0B5032305468BB0044680F8B933FCF7DF
:1030000035FC286802F094FC54F810EBA446BCE8A8
:103010000F006F460FC7BCE80F000FC79CE8030006
:1030200087E803002E1D96E80E00704602F01EFC95
:103030000021286802F084FC00212B462A46012743
:10304000084682F83810D18701310F29C2E91000F3
:1030500082F8397082F83B00D06402F11C02F0D192
:1030600000222F68114602F1400083F8F821DA8728
:1030700007EB800001320F2AC3E9801183F8F911B0
:1030800083F8FB11C3F80C12416003F11C03EAD171
:103090000FCCEC46ACE80F000FCCACE80F0094E886
:1030A00003008CE80300384696E80E0002F062FC4C
:1030B0000123286885F8B93302F0CAFF00200BB05D
:1030C000F0BD0120704700BF90F8B833012B0ED03F
:1030D00010B504460123006884F8B83302F0AAFF53
:1030E000206802F01DFC002084F8B80310BD022007
:1030F000704700BF2DE9F04FD0F8008087B004463C
:10310000404602F0E3FF10B107B0BDE8F08F05467E
:10311000206802F0ABFF0028F6D0206802F0A6FF7E
:1031200010F0020F20681EBF436903F002034361E1
:1031300002F09CFF000300F16B814FF0000A206851
:1031400002F094FF420300F1BF80D4F800B058466B
:1031500002F08CFF0028C0F20082206802F086FF97
:1031600001054AD4206802F081FFC3046ED42068B0
:1031700002F07CFF10F4005F206849D102F076FF76
:1031800010F0100F206813D0836923F010038361BF
:10319000D8F82050C5F34343022B05F00F0600F08A
:1031A000EB81062B00F0BD81836943F0100383613E
:1031B00002F05CFF070700F18F81206802F056FFE4
:1031C000C60200F17E81206802F050FF850200F106
:1031D0006D81206802F04AFF400000F15E812068A6
:1031E00002F044FF41078FD523685D686A0700F14C
:1031F000E5815A682A435A6086E7D8F80838DA0722
:1032000000F1D8812068436903F400634361AAE7B1
:1032100002F060FF2068C36823F47053C36002F0BB
:103220007FFC002840F06C812268E0604FF400735E
:103230006361D36843F41053D3602046FCF798FBD6
:103240002068436903F40053436197E7D8F80438D2
:10325000206823F001031021C8F8043802F04EFC66
:10326000616808F5006651B108F51063FF22013569
:103270008D429A60C3F8082203F12003F7D14FF082
:10328000FF33B361F36943F00113F361236B002B48
:1032900040F02B81736943F00B037361336943F092
:1032A0000B033361D8F80038217C206823F4FE63D7
:1032B000C8F8003804F56F7202F028FF20684369EF
:1032C00003F48053436153E7206802F0DBFED4F837
:1032D00000B08146824600283FF439AFCDE902852F
:1032E000264608F510674FF0000A09E05FEA590921
:1032F0000AF1010A06F11C0607F1200700F02481FB
:1033000019F0010FF2D05FFA8AF85846414602F0F0
:10331000CBFEC30705461AD502990122D1F83438ED
:1033200002FA0AF223EA0203C1F834380123BB602F
:103330002369012B03D1D6E910231344736441465A
:103340002046FCF707FB2169012900F04B81280783
:1033500044BF0823BB60E90644BF1023BB606A0674
:1033600044BF4023BB60AB0744BF0223BB602806B9
:10337000D4F800B0BAD50BF5106303EB4A13194625
:10338000F26C306C8969CDF814B09C46336DD51A57
:10339000854228BF054689B2E81CB1EB900F29D9B8
:1033A000CDF810901146B9462746644618E0356CB2
:1033B000716C9D4228BF1D463B7C00934246ABB2D8
:1033C000584602F0CBFD736CA1692B447364336DD6
:1033D00089B2E81C2B44B1EB900F336504D9F16C32
:1033E0008B42A1EB0303E2D33C464F46D4F800B036
:1033F000DDF81090002D7FF479AF059B0121D3F803
:10340000342801FA0AF122EA0102C3F834286DE7F0
:10341000206802F02FFE064600283FF48EAE08F525
:103420003067A1464FF0000A08E076080AF1010A69
:1034300007F1200709F11C093FF481AEF107F4D52B
:103440005FFA8AF12068029102F024FE10F0010F69
:10345000834619D00123BB6023690299012B0CD14B
:103460003B69D9F80022C3F31203D31AC9F810320A
:10347000D9F804321344C9F804322046FCF760FA44
:103480002169012900F09F801BF0080F5FD11BF01C
:10349000100F1CBF1023BB60C7E72046FCF79CFA47
:1034A0002068436903F08043436199E620465FFA50
:1034B0008AF1FCF789FA2068436903F40013436139
:1034C00088E620465FFA8AF1FCF782FA20684369B1
:1034D00003F48013436177E62046FCF745FA206841
:1034E000436903F00803436168E6D6F8843043F08B
:1034F0000B03C6F88430736C43F00B037364D1E69E
:1035000003224023E260636100F0E4FC6C4B6D4AEF
:103510000344934274D82268D36843F47053D36051
:103520008BE6082204F56F714046C6EBC60602F032
:103530002BFD04EB8602C5F30A13D2F810122068A3
:103540000B44C2F810322FE6DDE90285FFE5204684
:10355000FCF7C0F90823BB6099E7D8F8043823F0DA
:103560000103C8F804382046FCF72AFA20684369AA
:1035700003F000434361F1E547F6F0731D423FF469
:1035800013AEC6EBC60604EB8606C5F30A12D6F8E0
:103590000412404602F0F8FCD6F804322068C5F365
:1035A0000A152B44C6F80432D6F810322B44C6F85C
:1035B0001032F9E52046FCF7EBF923E62046FCF74C
:1035C0000FFA236815E6BAF1000F7FF45DAFD4F867
:1035D0000C32002B7FF458AF206804F56F7202F0B4
:1035E00095FD51E7BAF1000F7FF4B1AEE36C002B0B
:1035F0007FF4ADAE206804F56F7202F087FDA6E699
:10360000314B324A0344934205D82268D36843F4CD
:103610006053D36011E62E4AA0F57403A3F510534E
:10362000934205D82268D36843F45053D36004E62C
:10363000284AA0F18373A3F5E743934205D2226899
:10364000D36843F44053D360F7E5234B234A034444
:10365000934205D82268D36843F43053D360ECE535
:103660001F4B204A0344934205D22268D36843F497
:103670002053D360E1E51C4B1C4A0344934205D21E
:103680002268D36843F41053D360D6E5184AA0F1FA
:10369000B773A3F55853934205D22268D36843F415
:1036A0000053D360C9E5134B134A03449342226885
:1036B000D36834BF43F4E05343F4C053D360BCE554
:1036C000405327FFFF340C00401E1BFF3F420F00FA
:1036D0007F4F120020D6130060B6E5FE5FE31600B0
:1036E00000D3CEFE40771B00C05BB3FEC09121002B
:1036F00020753800E05459FEE09C410090F8B83342
:10370000012B0BD010B504460123006884F8B833B0
:1037100002F080FC002084F8B80310BD022070473E
:1037200010B50446080626D4C1EBC10004EB8000A6
:103730004FF01C0E0EFB014EC0F8002200220EF5C9
:10374000FC7E80F8F81180F8FB3180F8F921022B1B
:1037500004BF00238EF8043094F8B833012B21D035
:103760000123206884F8B833714602F0F5F900208F
:1037700084F8B80310BD01F07F0CCCEBCC0104EB56
:1037800081014FF01C0E0EFB0C4E0A6401220EF15B
:10379000380E81F838C081F83B30A1F83EC081F87E
:1037A0003920D4E7022010BD4AB2002A10B50446E1
:1037B00018DB1C2303FB0103D20F83F8F81183F8F5
:1037C000F92194F8B823012A03F5FC731AD00122D9
:1037D000206884F8B823194602F006FA002084F81D
:1037E000B80310BD01F07F011C2303FB0103D20FBE
:1037F00083F8381083F8392094F8B823012A03F1AC
:103800003803E4D1022010BD10B501F07F04C4EBF1
:10381000C40C00EB8C0C1C21CCF80C320023CCF82F
:1038200004228CF8F841CCF810328CF8F931036995
:1038300001FB0401012B08BFCCF80822006801F548
:10384000FC71DAB21CB902F00DFB002010BD02F0D1
:103850002DFA002010BD00BF01F00F01C1EBC10126
:1038600000EB8101B1F81002704700BF10B501F004
:103870007F04C4EBC40C00EB8C0C1C21CCF84C3046
:103880000023CCF850300123CCF844208CF8384089
:103890008CF83930036901FB0401012B08BFCCF817
:1038A000482000683831DAB21CB902F0DBFA002097
:1038B00010BD02F0FBF9002010BD00BF4AB2002A83
:1038C00038B50D46044618DB1C2303FB010303F542
:1038D000FC730121D20F99701D705A7094F8B823AF
:1038E0008A4218D084F8B8132068194602F05CFBAD
:1038F00055B1002084F8B80338BD01F07F051C23C2
:1039000003FB05033833E4E7217C206804F56F727C
:1039100002F0FCFBEDE7022038BD00BF4AB2002AEE
:1039200038B5044618DB1C2303FB010303F5FC73C5
:10393000D20F00259D7019705A7094F8B823012A8F
:1039400011D00122206884F8B823194602F04AFBFE
:1039500084F8B853284638BD01F07F011C2303FBCF
:1039600001033833E4E7022038BD00BF10B4046817
:10397000606A31B940EA0240A06200205DF8044B61
:103980007047A36AB1F1010C00EB13400CD0002387
:103990001946403104EB810101334968DBB26345CC
:1039A00000EB11401946F4DB0CF1400C04EB8C0CDD
:1039B00040EA0240CCF804005DF8044B0020704758
:1039C0000368002059627047002800F068812DE9E3
:1039D000F0410368DD0782B004462FD59E498A680E
:1039E00002F00C02042A00F0ED808A6802F00C025A
:1039F000082A00F0E3806368B3F5803F00F0EC80B4
:103A0000B3F5A02F00F04D81934D2A6822F4803247
:103A10002A602A6822F480222A60002B40F0E1808C
:103A2000FCF78CFF064605E0FCF788FF801B642846
:103A300000F201812B689B03F6D423689F0728D5E9
:103A4000854A916811F00C0F00F09A80916801F09E
:103A50000C01082900F09080E368002B00F00E8133
:103A60007E4B7D4E01221A60FCF768FF054605E09B
:103A7000FCF764FF401B022800F2DD8033689807E2
:103A8000F6D53368226923F0F80343EAC2033360B2
:103A900023681A075BD458073AD56F4A136C13F0A2
:103AA000805340F089800193136C43F0805313647A
:103AB000136C03F080530193019B0125684E33681A
:103AC000D90540F1A880A368012B00F0B880052B30
:103AD00000F02381604E326F22F001023267326FB4
:103AE00022F004023267002B40F0AE80FCF726FF84
:103AF00041F28838074605E0FCF720FFC01B40452F
:103B000000F29980336F9807F6D4002D40F0D380EF
:103B1000A369C3B1504DAA6802F00C02082A36D03E
:103B2000022B4E4B4FF000021A6600F0CA80FCF7E1
:103B300005FF044604E0FCF701FF001B02287AD8C9
:103B40002B689B01F7D4002002B0BDE8F0816369C7
:103B50000BB3424B404E0122C3F8802EFCF7EEFE21
:103B6000054604E0FCF7EAFE401B022863D8736FA9
:103B70009B07F7D523688EE7526856023FF56CAF76
:103B8000354A126895073AD5E268012A37D00120F4
:103B900002B0BDE8F081314A2F4EC2F8803EFCF7FA
:103BA000CDFE054604E0FCF7C9FE401B022842D8C2
:103BB000736F9F07F7D4DDE700257FE74A6850025F
:103BC0007FF519AF244A126891037FF537AF626819
:103BD000002A7FF433AFDAE71F4A136843F48033D7
:103BE0001360FCF7ABFE1C4E054604E0FCF7A6FE96
:103BF000401B64281FD833689A03F7D51DE7164980
:103C000020690A6822F0F80242EAC0020A601A0734
:103C10007FF541AF9BE7336843F480733360FCF773
:103C20008DFE07463368DA053FF54DAFFCF786FE9B
:103C3000C01B0228F6D9032002B0BDE8F081064A75
:103C4000136F43F001031367FCF778FE024F06463B
:103C500041F288380BE000BF0038024000004742C4
:103C600000700040FCF76AFE801B4045E3D83B6FC4
:103C70009B07F7D5002D3FF44BAF1CE02C4A2D4E8F
:103C80001360FCF75BFE054604E0FCF757FE401BA3
:103C90000228D0D833689907F7D42368F9E60120C1
:103CA0007047244B1A6842F480221A601A6842F462
:103CB00080321A6095E71F4A136C23F08053136417
:103CC00026E7FCF73BFE064604E0FCF737FE801BC8
:103CD0000228B0D82B689901F7D4D4E90731626A79
:103CE0000B4343EA8213D4E90A21520843EA0163F1
:103CF000013A0F4943EA024301226B600A66FCF76E
:103D00001DFE0C4D044604E0FCF718FE001B0228C3
:103D100091D82B689A01F7D515E7064B1A6F42F038
:103D200004021A671A6F42F001021A678CE700BF9B
:103D30000000474200380240164908B58B6803F07E
:103D40000C03042B1BD0082B17D14A684B68496819
:103D500013F4800302F03F0213D10F48C1F388111E
:103D6000A1FB0001F8F7AAFC0A4B5B68C3F301430F
:103D700001335B00B0FBF3F008BD074808BD0748FE
:103D800008BD0648C1F388110023A1FB0001F8F724
:103D900095FCE9E7003802400024F40000127A00A4
:103DA000002800F08680474A136803F00F038B4217
:103DB0002DE9F0410D46044609D2CBB213701368C9
:103DC00003F00F038B4202D00120BDE8F08123688D
:103DD000980714D5590704D53B498A6842F4E05244
:103DE0008A601A0704D538498A6842F460428A60BA
:103DF0003549A0688A6822F0F00202438A60DF0732
:103E000021D56268012A56D0931E012B2E4B1B68C8
:103E10004CD99907D8D52C4EB36823F0030313432C
:103E2000B360FCF78BFD41F28838074604E0FCF7ED
:103E300085FDC01B404543D8B368626803F00C039E
:103E4000B3EB820FF3D11F4A136803F00F03AB42A9
:103E500006D9EBB21370136803F00F03AB42B3D172
:103E600023685A0706D51849E0688A6822F4E052A8
:103E700002438A601B0707D5134A2169936823F41C
:103E8000604343EAC1039360FFF756FF0E4A0F4CAD
:103E900092680F49C2F303120346A25C0620D34086
:103EA0000B60FBF78DF80020BDE8F0819801B2D4DB
:103EB0008AE701207047044B1B689E03ABD483E75D
:103EC000032082E7003C0240003802405CA7030860
:103ED000A00E0020014B1868704700BFA00E002004
:103EE000044B05499B68054A0868C3F38223D35CE9
:103EF000D840704700380240A00E00206CA703088D
:103F0000044B05499B68054A0868C3F34233D35CF8
:103F1000D840704700380240A00E00206CA703086C
:103F20000E4B0F2202609A6802F0030242609A6808
:103F300002F0F00282609A6802F4E052C2609B686C
:103F4000DB0810B403F4E053054C036123685DF80B
:103F5000044B03F00F030B60704700BF00380240B2
:103F6000003C02402DE9F04180460F4616461D46B2
:103F7000D8F8003001E06A1C0CD19C6837EA0402D2
:103F80000CBF4FF0010C4FF0000C6645F3D1002040
:103F9000BDE8F0813DB1FCF7D1FC069BC01AA842F8
:103FA000E6D3D8F800305A68D8F8041022F0E002BE
:103FB000B1F5827F5A6016D0D8F82820B2F5005F9C
:103FC00007D00122002388F8512088F850300320C0
:103FD000DEE71A684DF6FF710A401A601A6842F46B
:103FE00000521A60EDE7D8F80820B2F5004F02D071
:103FF000B2F5806FE0D11A6822F040021A60DBE768
:1040000000283BD038B590F8512000230446836245
:1040100002F0FF0162B31846D4E90131E268256875
:104020000B431343D4E904120B431343E269022107
:1040300084F851101343226A29681343A26921F0BE
:104040004001296002F4007C616A120C43EA0C030F
:1040500002F0040203430A432B606A60EB6900200C
:1040600023F400630122EB61606584F8512038BDC0
:1040700080F85010FBF7AAFDA06ACDE70120704739
:1040800090B10268022310B580F85130136823F014
:10409000400304461360FBF71FFE0020606584F8B0
:1040A000500084F8510010BD0120704790F8503046
:1040B000012B4ED010B590F851300446012B4FF033
:1040C000010084F85000D8B23ED100293DD0002A2A
:1040D0003BD00023A068A2864FF0030C84F851C0A7
:1040E0006365E2862268E387B0F5004FC4E91033C8
:1040F000A363A38708BF1368A06C216304BF43F4C4
:1041000080431360144B0364144BC363144BC364A8
:1041100000230365E38E0C329BB2FDF781FC23681C
:104120001A68520603D41A6842F040021A605A68AC
:1041300042F020025A605A6842F002025A6000239C
:1041400084F85030002010BD0220002384F8503045
:1041500010BD0220704700BF2D43010881430108B4
:104160005D43010870B5044690F85000012867D0FF
:10417000012084F8500094F8510001285FFA80FC77
:104180000ED06068B0F5827F04D00220002384F84E
:10419000503070BDA0680028F7D1BCF1040FF4D1F5
:1041A00000294BD0002A49D0002B47D094F8510069
:1041B0002163012804BF052084F8510000206065B8
:1041C000E386E38794F85110A3860429A387C4E902
:1041D000100007BF1B491C4B1C491D4BE06CA26320
:1041E000C0E90F31E38F21681A4EC66400259BB2E7
:1041F0000C310565FDF714FC2268A06C5368216B37
:1042000043F001035360E38E0C329BB2C0E90F55BB
:10421000C0E91355FDF704FC23681A68520603D45D
:104220001A6842F040021A605A6842F020025A604E
:104230005A6842F0020200205A60A7E70120A5E771
:10424000022070BD3D430108FD4301084D430108B4
:104250004D4401085D43010870B5856804460E466B
:104260001DB94368B3F5827F4DD094F85030012BCF
:1042700052D0012384F8503094F85130012BD8B239
:104280003CD1002E3BD0002A39D0042384F8513091
:104290002168E06CA28700236365B5F5004FE287D3
:1042A000E386C4E91033A38608BF0B68A66304BF86
:1042B00023F480430B60194B0364194BC363194B00
:1042C000C36400230365E38F32469BB20C31FDF7D4
:1042D000A7FB23681A68520603D41A6842F040020A
:1042E0001A605A6842F020025A605A6842F001028D
:1042F0005A60002384F85030002070BD0220002353
:1043000084F8503070BD042580F851501346BDE844
:1043100070400A46FFF726BF022070BD3D430108EA
:10432000FD4301085D430108704700BF08B5806B7D
:10433000FFF7FAFF08BD00BF704700BF08B5806BEC
:10434000FFF7FAFF08BD00BF704700BF08B5806BDC
:10435000FFF7FAFF08BD00BF704700BF806B02681F
:1043600008B5536823F003035360436D012143F004
:104370001003436580F85110FFF7EEFF08BD00BF42
:1043800030B5054685B0846BFCF7D8FA2B681A68FF
:1043900012F480721BD121684B6823F002034B603A
:1043A0000090642380212046FFF7DCFDA0B9A368BC
:1043B00033B922680393D368039393680393039BF1
:1043C00001230022E28684F85130636D83B92046D0
:1043D000FAF75AF905B030BD636D43F02003636509
:1043E000636D43F020036365A368002BE8D1E0E729
:1043F0002046FFF7B1FF05B030BD00BF08B5036828
:10440000806B1B68DB050FD4D0E900215368B1F540
:10441000827F23F00303536009D001230022C28767
:1044200080F85130436D73B9FAF73AF908BD8368E3
:10443000B3F5004F02D0B3F5806FEED1136823F0CF
:1044400040031360E9E7FFF787FF08BD30B5054675
:1044500083B0846BFCF772FA2B681A6812F48072CE
:1044600013D10090642380212046FFF77BFD88B99B
:1044700021684B68002223F0030301204B60E28691
:10448000E28784F85100636D6BB92046FAF714F99E
:1044900003B030BD636D43F020036365636D43F08B
:1044A00020036365E4E72046FFF756FF03B030BD05
:1044B000026810B55168936803F0410CBCF1010F1C
:1044C00084B004465AD0980701D508065ED413F488
:1044D000B07F51D088064FD558060ED594F85100BC
:1044E000032842D0606D40F0040060650020009019
:1044F000D068009090680090009898060CD5606D88
:1045000040F0010060650020029090680290106801
:1045100020F0400010600298D80508D5636D002097
:1045200043F008036365039093680393039B636DF3
:1045300013B3536823F0E003536001208B0784F822
:10454000510029D05368E06C23F00303536018B185
:10455000134B0365FDF7F0FAA06C68B1104B0365CF
:1045600004B0BDE81040FDF7E7BA00230193D3681B
:10457000019393680193019B04B010BD11F0400FAB
:10458000A1D0036C04B0BDE810401847636C20460E
:1045900004B0BDE8104018472046FFF7DDFEEBE70A
:1045A000A545010808B5806B0023C387C386FFF7C4
:1045B000D3FE08BD036A23F001030362036A70B4EB
:1045C000446882690D6822F073022A438D6823F0E3
:1045D00002032B430E4DA8420AD005F58065A84280
:1045E00006D049684460826170BC416303627047D1
:1045F000CD6823F008032B43D1E9056524F440740A
:1046000046EA050C23F004034CEA0404E9E700BF82
:1046100000000140036A23F480730362036A70B4EC
:104620004468C2690D6822F073022A438D6823F43E
:10463000007343EA05230F4DA8420AD005F58065B3
:10464000A84206D049684460C26170BCC16303627D
:104650007047CD6823F4006343EA0523D1E905657B
:1046600024F4405446EA050C23F4806344EA0C1415
:10467000E8E700BF00000140036A23F480530362AF
:10468000036A30B44468C2690D6822F4E64242EA23
:1046900005228D6823F4005343EA0533094DA842EF
:1046A0000AD005F58065A84206D049684460C26119
:1046B00030BC0164036270474D6924F4804444EACD
:1046C0008514F2E700000140034600201B68DA6809
:1046D00042F00102DA601A6842F001021A60704783
:1046E000704700BF03680122186A02FA01F120EA4C
:1046F00001001862186A0A4A01439342196209D0FC
:1047000002F58062934205D01A6842F0010200204F
:104710001A6070475A6C42F400425A64F4E700BFD2
:10472000000001400C2908D8DFE801F02A0707073C
:10473000240707071E07070718000368186A0122E5
:1047400002FA01F120EA010018621A6A11431962A3
:104750001A6842F0010200201A6070470368DA68A4
:1047600042F01002DA60E9E70368DA6842F0080212
:10477000DA60E3E70368DA6842F00402DA60DDE752
:104780000368DA6842F00202DA60D7E7C1B10429AF
:1047900020D003681A6A22F001021A621A6A42F0F3
:1047A00001021A621A6A22F010021A621A6A42F0B0
:1047B00010021A621A6842F0010200201A60704763
:1047C00003681A6A22F001021A621A6A42F00102B0
:1047D0001A62EFE70368E5E790F83830012B00F044
:1047E000988030B402680124022380F8384080F8B1
:1047F000393094680B6824F47F4424F07704502BFC
:10480000946000F0888027D8202B00F09C803AD953
:10481000302B70D0402B16D14C68CD68116A21F036
:104820000A012143146A24F001041462936923F0FD
:10483000F00343EA051393611162936823F0700358
:1048400043F0470393600023012280F8392080F869
:10485000383030BC18467047B3F5805F7AD01DD928
:10486000B3F5005FEFD1D1E9015394682B43CD68D4
:1048700024F47F4143EA05230B439360936843F498
:1048800080439360DFE7002B3CD0102BDBD1936893
:1048900023F0700343F017039360D4E7602B11D02B
:1048A000702BD0D1D1E9015394682B43CD6824F407
:1048B0007F4143EA05230B439360936843F07703FA
:1048C0009360C0E7146ACB684D6824F0100414624A
:1048D000916921F4704141EA0331136A916123F037
:1048E000A00343EA05131362936823F0700343F0B7
:1048F00067039360A7E7936823F0700343F03703DF
:104900009360A0E7936823F0700343F0070393607C
:1049100099E7022070474C68CD68116A21F00A01BE
:104920002143146A24F001041462936923F0F00314
:1049300043EA051393611162936823F0700343F017
:10494000570393607FE7936823F0700343F02703D6
:10495000936078E7936823F00703936073E700BFE1
:10496000704700BF704700BF704700BF704700BF6F
:1049700003681A69910710B5044602D5DA689207F0
:104980005FD41A69500702D5DA68510746D41A690C
:10499000120702D5DA6810072ED41A69D20602D59A
:1049A000DA68D00618D41A69D10702D5DA68D207B6
:1049B0005DD41A69100602D5DA6811065FD41A6947
:1049C000520602D5DA68500661D41A69910602D5FA
:1049D000DA68920643D410BD6FF010010822196105
:1049E0002276DB6913F4407F204664D0FFF7BAFFDC
:1049F000002223682276D6E76FF0080104221961AD
:104A00002276DB699907204652D1FFF7A9FF20469D
:104A1000FFF7AAFF002223682276BEE76FF00401A9
:104A20000222196122769B6913F4407F20463CD113
:104A3000FFF796FF2046FFF797FF002223682276B4
:104A4000A5E76FF002010122196102769B699B07BD
:104A500025D0FFF787FF00222368227691E76FF0C9
:104A6000200220461A61BDE8104000F049BB6FF0FB
:104A700001021A612046FAF7EDFE236899E76FF00C
:104A800080021A61204600F03DFB236897E76FF033
:104A900040021A612046FFF769FF236895E7FFF798
:104AA0005FFF2046FFF760FFD5E7FFF75BFFC4E736
:104AB000FFF758FFAEE7FFF753FF2046FFF754FF1D
:104AC00096E700BF2E4A0368904230B444D0B0F15C
:104AD000804F30D0A2F57C4290422CD002F580620B
:104AE000904228D002F58062904224D002F57842AC
:104AF000904231D002F57052904220D002F580628F
:104B000090421CD002F58062904218D0A2F59832F3
:104B1000904214D002F58062904210D002F580627B
:104B200090420CD08C680A6803600123C4628262E0
:104B300030BC436170474A6823F070031343CD686B
:104B40008C680A6823F440732B4303600123C4621A
:104B5000826230BC436170474C68CA6823F07003BE
:104B6000234323F44073134303608B68C3620B68D1
:104B700083620B690363012330BC4361704700BF4C
:104B800000000140C0B110B590F83930044603F080
:104B9000FF0263B12146022384F8393051F8040B37
:104BA000FFF790FF012384F83930002010BD80F812
:104BB0003820FAF721FBEDE701207047C0B110B5AE
:104BC00090F83930044603F0FF0263B12146022316
:104BD00084F8393051F8040BFFF774FF012384F88F
:104BE0003930002010BD80F83820FFF779FDEDE75F
:104BF00001207047C0B110B590F83930044603F079
:104C0000FF0263B12146022384F8393051F8040BC6
:104C1000FFF758FF012384F83930002010BD80F8D9
:104C20003820FAF715FBEDE701207047C0B110B549
:104C300090F83930044603F0FF0263B121460223A5
:104C400084F8393051F8040BFFF73CFF012384F856
:104C50003930002010BD80F83820FAF751FBEDE71D
:104C600001207047002847D070B590F839300C46C5
:104C7000054603F0FF02002B39D02946022385F8B0
:104C8000393051F8040B836823F007038360FFF782
:104C900019FF2968A66888688A69A36922F44072A6
:104CA00022F0030246EA0323134323F47C422369E0
:104CB000E6691B0143EA0623E66833430E6A26F0E1
:104CC000AA0C266A22F0FC0243EA06331343666903
:104CD0006268246842EA0612204342EA0C02012478
:104CE00088608B610A6285F83940002070BD80F8C9
:104CF0003820FAF7D9FAC0E70120704770B4046A87
:104D000024F0010404621C4C8569066AA0421FD08D
:104D1000B0F1804F1CD0A4F57C44A04218D004F51B
:104D20008064A04214D004F58064A04210D004F541
:104D30007844A0420CD004F57054A04208D0A4F5E9
:104D40009434A04204D025F0030242F0010203E0B3
:104D500025F0030C4CEA02021B0126F00A0C22F09B
:104D6000F002DBB201F00A01134341EA0C01836156
:104D700070BC0162704700BF00000140F8B590F8B8
:104D80003830012B00F08C800D46022301210446AF
:104D900080F8381080F8393072B3042A0368286824
:104DA0003AD0082A5BD01E6A6F68EA68AD6826F4BC
:104DB00080561E62D96921F44071120341EA07212D
:104DC00021F4704192B20A43196ADA61000300F4D7
:104DD000204021F4204101431962D96921F4406146
:104DE000D961DA6942EA0522DA610020012384F8F8
:104DF000393084F83800F8BDD5E90012EB68006856
:104E0000FFF77CFF2368A868996921F00C0199617C
:104E10009A6902439A61E8E71E6A6F68EA68AD68BA
:104E200026F010061E62996921F44071120341EACE
:104E3000072121F4704192B20A43196A9A61000174
:104E400000F0A00021F0A00101431962996921F44A
:104E5000406199619A6942EA05229A61C5E71E6A32
:104E60006968EA68AD6826F480761E62DE6926F01D
:104E700003061201314321F0F001D2B20A43196A4C
:104E8000DA61000200F4206021F42061014319621C
:104E9000D96921F00C01D961DA692A43DA61A4E702
:104EA0000220F8BD036A23F010030362036A70B4A2
:104EB000446882690D6822F4E64242EA05228D6860
:104EC00023F0200343EA05130E4DA8420AD005F54E
:104ED0008065A84206D049684460826170BC8163E5
:104EE00003627047CD6823F0800343EA0513D1E9DC
:104EF000056524F4406446EA050C23F0400344EAC7
:104F00008C04E8E70000014090F83830012B28D0ED
:104F100010B504460223012084F8380084F83930A3
:104F20000C2A0BD8DFE802F0070A0A0A150A0A0A57
:104F3000190A0A0A11002068FFF73CFB0020012330
:104F400084F8393084F8380010BD2068FFF794FBEE
:104F5000F4E72068FFF7A6FFF0E72068FFF75AFBA9
:104F6000ECE70220704700BF38B590F83830012BCD
:104F700074D00D4602230121044680F8381080F8D1
:104F800039300C2A19D8DFE802F007181818381839
:104F90001818511818181F0000682946FFF70AFB57
:104FA00023682869996941F008019961996921F09C
:104FB000040199619A6902439A610020012384F8EF
:104FC000393084F8380038BD00682946FFF754FBB3
:104FD00023682869D96941F40061D961D96921F44C
:104FE0008061D961DA6942EA0022DA610020012396
:104FF00084F8393084F83800E5E700682946FFF77F
:1050000051FF23682869996941F4006199619969A0
:1050100021F4806199619A6942EA00229A61002034
:10502000012384F8393084F83800CCE70068294639
:10503000FFF7F0FA23682869D96941F00801D961BE
:10504000D96921F00401D961DA690243DA610020EB
:10505000012384F8393084F83800B4E7022038BDE1
:1050600090F83830012B1FD002460368022070B43C
:1050700082F839005C680E684D6824F070045C604A
:10508000586830435860986820F0800098609968AC
:10509000002429434FF0010C996082F839C082F84E
:1050A0003840204670BC70470220704790F8383076
:1050B000012B23D010B4D1E9024323F440730246FC
:1050C000234348680C6823F48063034323F400639C
:1050D0000869234323F48053034348698C6923F40C
:1050E0000053034323F440431068002123434364E7
:1050F00082F8381008465DF8044B7047022070476C
:10510000704700BF704700BF026811692DE9F8437E
:105110000446C068A368256921F440510143116128
:10512000D168E0692B43656921F416412B4321F0D6
:105130000C0103430B43D3605369A16923F440730B
:105140000B43B0F5004F53619D4B00F09C809A4299
:105150005AD003F580639A4256D0FEF7C1FEDFF8BD
:105160006482636800EB800000EB80009B00B0FB72
:10517000F3F3A8FB03235B091F01FEF7B1FE65688B
:1051800000EB800000EB8000AD00B0FBF5F5FEF712
:10519000A7FE636800EB80009B0000EB8000B0FB83
:1051A000F3F0A8FB003040094FF0640909FB1053ED
:1051B0001B013233A8FB03235B0903F0F006FEF763
:1051C0008FFE656800EB800303EB8303AD00B3FB48
:1051D000F5F5FEF785FED4E9002300EB800000EB37
:1051E00080009B00B0FBF3F3A8FB03135B0909FBF2
:1051F00013531B013233A8FB0313C3F3431333438D
:105200003B449360BDE8F883FEF77AFEDFF8B48193
:10521000636800EB800000EB80009B00B0FBF3F3C1
:10522000A8FB03235B091F01FEF76AFE656800EB1C
:10523000800000EB8000AD00B0FBF5F5FEF760FEEE
:10524000636800EB80009B0000EB8000B0FBF3F094
:10525000A8FB003040094FF0640909FB10531B0103
:105260003233A8FB03235B0903F0F006FEF748FE88
:10527000656800EB800000EB8000AD00B0FBF5F549
:10528000FEF73EFEA7E79A425AD003F580639A42A2
:1052900056D0FEF725FEDFF82C81636800EB800016
:1052A00000EB80005B00B0FBF3F3A8FB03235B097A
:1052B0001F01FEF715FE656800EB800000EB800023
:1052C0006D00B0FBF5F5FEF70BFE636800EB8000A8
:1052D00000EB80005B00B0FBF3F3A8FB03235B094A
:1052E0004FF0640909FB1353DB003233A8FB03239F
:1052F0001B0903F4F876FEF7F3FD656800EB800305
:1053000003EB83036D00B3FBF5F5FEF7E9FDD4E98C
:10531000002300EB800000EB80005B00B0FBF3F3A8
:10532000A8FB03135B0909FB1353DB003233A8FB13
:105330000313C3F342133B4433449360BDE8F88343
:10534000FEF7DEFDDFF87C80636800EB800000EB99
:1053500080005B00B0FBF3F3A8FB03235B091F0194
:10536000FEF7CEFD656800EB800000EB80006D006D
:10537000B0FBF5F5FEF7C4FD636800EB800000EBC1
:1053800080005B00B0FBF3F3A8FB03234FF064093C
:105390005B0909FB1353DB003233A8FB03231B0912
:1053A00003F4F876FEF7ACFD636800EB80005B0069
:1053B00000EB8000B0FBF3F5FEF7A2FDA7E700BF0E
:1053C000001001401F85EB5160B338B590F83930BB
:1053D000044603F0FF0203B32268242384F8393023
:1053E000D36823F400532046D360FFF78DFE236873
:1053F0001A6922F490421A615A6922F02A025A610B
:10540000DA680025202142F40052DA60E56384F86E
:10541000391084F83A10284638BD80F83820FAF759
:10542000B5FCD9E701207047F8B5044690F839007B
:1054300020282DD151B34AB394F83800012827D041
:105440000120E28484F83800A284206BDFF84CC08D
:10545000104F114E21621346226800254FF0210E95
:10546000E563043284F839E0C0E90FC7C0E9136589
:10547000FCF7D6FA23686FF040021A6084F83850BF
:105480005A6942F0800228465A61F8BD0120F8BDF1
:105490000220F8BDA555010881560108755501087F
:1054A00090F83A30202B3CD1002938D0002A36D051
:1054B00070B590F83830012B82B0044633D0012308
:1054C000002580F838302223C563816280F83A30A5
:1054D0008285406B154E056513460A462168C663F2
:1054E000134E0664134EC6640431FCF799FA236820
:1054F00001951A6801925A68019284F83850019A0D
:10550000DA6842F48072DA605A6942F001025A6144
:105510005A69284642F040025A6102B070BD01202B
:10552000704702207047022002B070BDB5550108D7
:1055300071560108815601080368DA6822F49072F6
:1055400010B5DA605A6922F001025A615A695206AE
:10555000044609D55A69406B22F040025A6118B1DD
:1055600000230365FCF7A0FA00202023E08584F8DF
:105570003A3010BD08B50368806B1B6813F4807364
:105580000AD10268C384536923F080035361D3684E
:1055900043F04003D36008BD22F05CFE08BD00BFAD
:1055A000704700BF08B5806BFFF7FAFF08BD00BF6A
:1055B000704700BF08B50368806B1B6813F48073E5
:1055C00010D10268C385D36823F48073D360536914
:1055D00023F0010353615369202123F040035361F9
:1055E00080F83A10FFF7E4FF08BD00BF08B590F857
:1055F0003A30222B1ED18368B3F5805F1BD003693C
:1056000023BB836A0268591C526881621A70C38D79
:10561000013B9BB2C3856BB90368DA6822F49072D0
:10562000DA605A69202122F001025A6180F83A10AA
:10563000FFF7BEFF08BD0269836A82B9026852683B
:10564000C2F3080223F8022B8362E0E70368826A50
:105650005B68511C03F07F0381621370D7E7026817
:105660005268D2B223F8012B8362D0E7704700BFA3
:1056700008B5806BFFF7FAFF08BD00BF704700BF99
:1056800008B5806B0368596990F83920212A0BD03E
:10569000596990F83A20222A16D0C36B43F01003C0
:1056A000C363FFF7EBFF08BD0906F1D50022C284F2
:1056B000DA68202122F0C002DA6080F839105969D6
:1056C00090F83A20222AE8D14A06E6D50022C2857F
:1056D000DA6822F49072DA605A69202122F001021D
:1056E0005A6180F83A10D8E703681A6870B516074F
:1056F000DD68596904460CD1960601D5A9066BD41C
:10570000100601D5290640D4560601D5680658D49E
:1057100070BD01F0010105F490700843F0D0D60788
:1057200005D5E80503D5E06B40F00100E0635607BE
:1057300020D559B1E16B900741F00201E16376D5C4
:10574000E16B41F00401E163110719D4E16B002919
:10575000DED0920601D5AE066CD45A69E56B02F034
:10576000400205F0080515433AD12046FFF786FFB1
:10577000E56370BD960753D41007E7D50029E5D03F
:10578000E16B41F00801E163E0E794F83920212A58
:10579000BED1A268B2F5805F226A50D0511C21624E
:1057A00012785A60E28C013A92B2E284002AAFD1B8
:1057B000DA6822F08002DA60DA6842F04002DA60E9
:1057C00070BDDA68202122F04002DA60204684F8B9
:1057D000391022F03FFD70BDBDE87040FFF706BFF5
:1057E000DA6822F49072DA605A69202122F001020C
:1057F0005A6184F83A105A69550614D55A69606B93
:1058000022F040025A6170B1134B0365FCF794F922
:1058100000283FF47DAF606BBDE87040036D184712
:1058200000298DD192E72046FFF728FF70BD1107B0
:105830008CD5A5E72046FFF7D9FE23688DE71188B0
:105840002069C1F30801596010B902322262A9E748
:1058500001322262A6E700BF5D58010808B5806BDF
:105860000023C385C384FFF709FF08BD84B00DF191
:10587000040C8CE80E00069B012B30D1836B0D9A33
:1058800023F480338363C36823F4840323F0400349
:10589000C360C368012A23F44013C36039D01F4B8F
:1058A00001E0013B0DD00269002AFADA02691B4BC4
:1058B00042F00102026101E0013B02D00269D1071E
:1058C000FAD4049B012B07D1836843F0060383605D
:1058D000836843F020038360002004B07047C268EF
:1058E0000E4B42F04002C26001E0013B0DD0026964
:1058F000002AFADA0269094B42F00102026101E072
:10590000013B02D00269D207FAD44FF4803383639B
:10591000D7E7C36843F48013C360C0E7400D0300BA
:10592000034600209A6842F001029A60704700BF67
:10593000034600209A6822F001029A60704700BF77
:1059400008B5C368012923F0C043C36009D019B961
:10595000C36843F08043C3603220FAF7F5FF0020AC
:1059600008BDC36843F00053C3603220FAF7ECFF70
:10597000002008BD84B02DE9704307AC84E80E0018
:10598000119C0A9D836B002C40F08D8043F4001322
:1059900083630023C0F8003E0C9BD0F80028C0F8B9
:1059A0000028012B00F5006C00F09480D0F800383E
:1059B00043F00303C0F800384FF4846303614C4B99
:1059C00001E0013B02D002699606FAD4102303617C
:1059D000474B01E0013B02D00269D206FAD4002213
:1059E0004FF0FF33CCF81020CCF81420CCF818304E
:1059F000CCF81C2071B300F5106396464FF0904927
:105A00004FF0FF081E680132002EB4BFC3F80090AB
:105A1000C3F800E08A42C3F810E0C3F8088003F13D
:105A20002003EFD1002200F5306396464FF09049F5
:105A30004FF0FF081E680132002EB4BFC3F800907B
:105A4000C3F800E08A42C3F810E0C3F8088003F10D
:105A50002003EFD1DCF81030012D23F48073CCF853
:105A6000103024D000226FF08043826143611DB961
:105A7000836943F01003836181691E4B0D9A0B43C8
:105A800083611AB1836943F008038361012C05D156
:105A9000836943F0804343F004038361BDE87043AE
:105AA000002004B0704743F40023836371E7124B76
:105AB000CCF83030DCF8303043F4803343F003036B
:105AC000CCF8303000226FF08043DCF83010826177
:105AD0004361D1E7099B23B9D0F80038C0F80038FA
:105AE0006AE7D0F8003843F00103C0F8003863E7F4
:105AF000400D030000383C8000018000890141F026
:105B00002001064A016101E0013A05D0036913F062
:105B10002003F9D11846704703207047400D030059
:105B200000F50062D0F8080810F0060012D0936863
:105B300003F00603022B0CD0936803F00603062B38
:105B400007D0936803F00603042B14BF0020022043
:105B500070470320704700BF30B44B78012B21D031
:105B600091F800C0D0F81C484FF4803303FA0CF3CE
:105B700000F53062234302EB4C12C0F81C38136866
:105B80001B040CD48B681068C978C3F30A03034361
:105B900043EA814343F0805343F400431360002001
:105BA00030BC70470C78D0F81C58A34000F5106248
:105BB0009BB22B4302EB4412C0F81C381368180444
:105BC000EDD48B681068C978C3F30A03034343EA32
:105BD000814343EA845343F0805343F4004300205D
:105BE00030BC1360704700BF30B44B78012B2BD012
:105BF00091F800C000F5306101EB4C114FF00062EC
:105C00000B684FF0804423F400430B600A60264A7F
:105C10000C6001E0013A44D08B6813F01003F9D115
:105C2000D0F8041841F48061C0F80418D0F81C18AA
:105C30004FF4803202FA0CF221EA020130BC00F586
:105C400000621846D16170470C7800F5106101EBD5
:105C500044114FF000630A684FF0804522F400427F
:105C60000A600B60104B0D6001E0013B19D08A689F
:105C70005500FAD44FF484620B4B026101E0013B02
:105C800002D002699206FAD40123D0F81C28A3405E
:105C90009BB222EA030330BC00F500620020D3610E
:105CA0007047032030BC7047400D03002DE970435E
:105CB0004C78012C47D00C7800F5306303EB44138B
:105CC0004C691D69ED0CED041D611D6925F0FF5542
:105CD00025F4C0151D615CB38E68614D3444013CF0
:105CE000B4FBF6F405EAC445A4B206FB04F41E694D
:105CF00035431D611D69C4F312042C431C61012A44
:105D000004BFCA685A61CA78012A0AD1D0F80828A3
:105D100012F4807F1A680CBF42F0005242F08052A9
:105D20001A601A6842F004421A600020BDE87083CD
:105D30008C681D69C4F312042C431C611C6944F473
:105D400000241C61DBE70E784D6900F5106303EB5E
:105D50004613BDB3D3F810C0D1F808904FEADC4C1D
:105D60004FEACC4CC3F810C0D3F810E0DFF8F0C015
:105D70002EF0FF5E2EF4C01EC3F810E0D3F81080A2
:105D800005EB090E0EF1FF3EBEFBF9FE0CEACE4C10
:105D90004CEA080CC3F810C0D3F810E0C5F3120C9D
:105DA0004CEA0E0CC3F810C091F803C0BCF1010F0F
:105DB00046D0012A51D0D0F83428B4401443C0F85A
:105DC0003448AEE71C6924F0FF5424F4C0141C616D
:105DD0001C6944F400241C611C69E40CE4041C618B
:105DE000012A91F803C024D0BCF1010F99D1D0F859
:105DF000084814F4807F1C680CBF44F0005444F041
:105E000080541C601C6844F004441C60002A8CD13F
:105E1000ADB20335AD0888D0CB6800F5805000EBFB
:105E2000063603EB850153F8042B32609942FAD110
:105E30007BE70C695C61BCF1010F7FF472AFD6E7C0
:105E40001C6924F0C0441C611C69012A44F0005400
:105E50001C61CCD10C695C61C9E70A695A6160E7D1
:105E60000000F81F4B78012B70B427D00B784C69D9
:105E700000F5306000EB43100369DB0CDB040361C9
:105E8000036923F0FF5323F4C01303618B689CB9AB
:105E9000046944F4002404610469C3F31203234336
:105EA000012A036104BFCB684361036843F00443E4
:105EB0000360002070BC70474B61E9E791F800C0B7
:105EC0004C6900F5106303EB4C136CB31D698E68CD
:105ED000ED0CED041D611D6925F0FF5525F4C0157D
:105EE0001D611D69B44245F4002588BF4E611D61E6
:105EF0001D6988BF3446C4F312042C431C611C681E
:105F0000012A44F004441C6022D04B69002BD0D0FD
:105F1000D0F83428012303FA0CFC4CEA0202C0F842
:105F2000342870BC002070471C6924F0FF5424F40E
:105F3000C0141C611C6944F400241C611C69E40C3D
:105F4000E4041C611C68012A44F004441C60DCD198
:105F50000A695A61002070BC704700BF10B49DF8F8
:105F600004406CB903339B080AD000F5805000EB65
:105F7000023201EB830351F8040B10608B42FAD11B
:105F800000205DF8044B7047033292080AD000F5F8
:105F9000805C01EB8200DCF8003041F8043B884271
:105FA000F9D17047084670474B78012B0B7810D019
:105FB00000F5306000EB43100368002B03DB03683F
:105FC00023F080430360036843F400130360002060
:105FD000704700F5106000EB43100368002BEEDA09
:105FE000F1E700BF4B78012B0B780CBF00F5106078
:105FF00000F5306000EB4310036823F400130360E6
:10600000CB78023B012B03D8036843F08053036035
:1060100000207047D0F8003823F4FE63C0F8003841
:10602000D0F80038090101F4FE611943C0F80018E6
:106030000020704708B503460320D3F8042822F057
:106040000202C3F80428FAF77FFC002008BD00BF55
:1060500008B503460320D3F8042842F00202C3F82F
:106060000428FAF771FC002008BD00BF426980696E
:1060700010407047D0F8183800F50060C06918402B
:10608000000C7047D0F8183800F50060C06918405F
:1060900080B2704700F5306303EB411100F50060FA
:1060A0008A6840691040704710B4D0F81048D0F8A2
:1060B000343800EB4110CB40DB01D0F80809DBB2EB
:1060C000234318405DF8044B704700BF406900F05F
:1060D00001007047D0F8003923F4FF6323F0070371
:1060E00000F50062C0F80039936803F00603042B42
:1060F00005D1D0F8003943F00303C0F800395368E4
:1061000043F4807300205360704700BF10B4002434
:10611000C0F8104BD0F8104B44F40024C0F8104BDA
:10612000D0F8104B44F01804C0F8104BD0F8104BC6
:10613000012944F0C044C0F8104B05D14FF0802134
:10614000C0F8142BC0F8001B00205DF8044B70470A
:1061500000F108034FF0FF310022C0E90131C0E92E
:1061600003330260704700BF00230361704700BF24
:1061700043689A688A60026810B49C684B60013278
:10618000616099605DF8044B08610260704700BF70
:1061900030B40D686B1C10D000F108031C465B681E
:1061A0001A68AA42FAD902684B60013299608C6081
:1061B0006160086130BC0260704704696368F2E79F
:1061C000036910B4D0E901125C688A6084425160AE
:1061D00008BF5A601A685DF8044B0021013A01615A
:1061E0001A601868704700BF70B50446006CA66B53
:1061F00020B925684DB30136A66370BD1546024629
:106200007DB96068EAF7C6FB6368226C1344A26834
:106210006360934224BF2368636001362846A66307
:1062200070BDE068EAF7B6FB226CE36851429B1A46
:106230002268E360934202D2A3680B44E360022D1C
:1062400008D001360020A66370BDA06801F0AEF949
:10625000A560D0E7012E38BF01260020CCE700BFA3
:1062600070B50546F7F74EFC95F845305CB2002C4A
:1062700014DD05F1240603E0631EDAB25CB26AB1F4
:106280006B6A304653B101F06DF80028F4D001F08C
:1062900005F9631EDAB25CB2002AF1D1FF2385F85A
:1062A0004530F7F751FCF7F72DFC95F844305CB218
:1062B000002C14DD05F1100603E0631EDAB25CB2B7
:1062C0006AB12B69304653B101F04CF80028F4D084
:1062D00001F0E4F8631EDAB25CB2002AF1D1FF23C8
:1062E00085F84430BDE87040F7F72EBC38B5E0B112
:1062F00004460D46F7F706FCD4E90F2321686160D8
:1063000003FB02F2D31A0A44A2600022A2630B44E8
:10631000FF2284F84420E36084F8452075B923699E
:10632000C3B9F7F711FC012038BD4FF0500383F3D8
:106330001188BFF36F8FBFF34F8FFEE704F110009A
:10634000FFF706FF04F12400FFF702FFF7F7FCFB5D
:10635000012038BD04F1100001F004F80028E0D05D
:106360004FF0E0234FF08052C3F8042DBFF34F8F5E
:10637000BFF36F8FD5E700BF40B94FF0500383F3F1
:106380001188BFF36F8FBFF34F8FFEE770B50E46D6
:10639000044669B9482001F0D9FC054698B12D6042
:1063A000C5E90F4601212846FFF7A0FF284670BD2A
:1063B00001FB00F0483001F0C9FC054618B100F1BE
:1063C00048030360ECE70025284670BD2DE9F04343
:1063D00085B00192002875D088461E4604460029E3
:1063E00064D0022E0BD1E36B012B08D04FF0500389
:1063F00083F31188BFF36F8FBFF34F8FFEE701F078
:106400006DF80546002866D000254FF0000907E02A
:10641000F7F79AFB2046FFF723FF00F03BFF01252B
:10642000F7F770FBA26BE36B9A4264D3022E62D043
:10643000019F002F77D0002D59D0F7F785FB00F092
:10644000DBFDF7F75FFB94F84430FF2B08BF84F8BF
:10645000449094F84530FF2B08BF84F84590F7F737
:1064600073FB01A902A800F0D1FF00285FD1F7F764
:1064700049FBA26BE36B9A42CAD1F7F765FB01991E
:1064800004F1100000F054FF2046FFF7E9FE00F091
:1064900001FF0028C3D14FF0E0234FF08052C3F832
:1064A000042DBFF34F8FBFF36F8FB8E7036C002B42
:1064B00097D04FF0500383F31188BFF36F8FBFF372
:1064C0004F8FFEE74FF0500383F31188BFF36F8FB8
:1064D000BFF34F8FFEE7019B002B96D04FF0500388
:1064E00083F31188BFF36F8FBFF34F8FFEE702A8CE
:1064F00000F080FFA1E7324641462046FFF774FED8
:10650000636ADBB948B14FF0E0234FF08052C3F823
:10651000042DBFF34F8FBFF36F8FF7F715FB0120EB
:1065200005B0BDE8F083F7F70FFB3846F8E72046E3
:10653000FFF796FE00F0AEFE0020F1E704F1240024
:1065400000F010FF0028E8D0DDE700BF00284AD0A7
:106550002DE9F0410E4617461D46044621B3022D93
:106560000BD1E36B012B08D04FF0500383F311885C
:10657000BFF36F8FBFF34F8FFEE7F7F7DFFBEFF34C
:1065800011884FF0500383F31188BFF36F8FBFF36F
:106590004F8FA26BE36B9A4212D3022D10D00020D2
:1065A00088F31188BDE8F081036C002BD7D04FF041
:1065B000500383F31188BFF36F8FBFF34F8FFEE754
:1065C0002A4694F8455031466DB22046FFF70CFE3E
:1065D0006B1C11D06B1C5BB284F84530012088F332
:1065E0001188BDE8F0814FF0500383F31188BFF3A9
:1065F0006F8FBFF34F8FFEE7636A002BEED004F17D
:10660000240000F0AFFE0028E8D0002FE6D00120E3
:106610003860C5E770B3036C70B5064643B14FF000
:10662000500383F31188BFF36F8FBFF34F8FFEE7E3
:1066300003680C463BB3F7F781FBEFF311854FF08E
:10664000500383F31188BFF36F8FBFF34F8FB36B8A
:10665000F26B9A4223D996F845200133FF2AB3639F
:1066600053B220D001335BB286F84530012085F368
:10667000118870BD4FF0500383F31188BFF36F8F03
:10668000BFF34F8FFEE78368002BD4D04FF0500349
:1066900083F31188BFF36F8FBFF34F8FFEE70020A6
:1066A00085F3118870BD736A002BDFD006F12400DA
:1066B00000F058FE0028D9D0002CD7D0012020604F
:1066C000EEE700BF2DE9F04385B00192002800F00D
:1066D000A0800D460446002947D000F0FFFE0028A8
:1066E0004FD0F7F70FFAA66B002E67D1019B002B56
:1066F00035D002A800F07EFE374604F124084FF0A2
:10670000E029F7F721FA00F077FCF7F7FBF994F8A6
:106710004430FF2B08BF84F8447094F84530FF2BB9
:1067200008BF84F84570F7F70FFA01A902A800F036
:106730006DFE002831D1F7F7E5F9A36B002B52D09D
:10674000F7F702FA2046FFF78BFD00F0A3FDF7F7FD
:10675000D9F9A66B002E31D1019B002BD1D1F7F7CF
:10676000F3F9002005B0BDE8F083036C002BB4D032
:106770004FF0500383F31188BFF36F8FBFF34F8F38
:10678000FEE7019B002BACD04FF0500383F3118840
:10679000BFF36F8FBFF34F8FFEE72046FFF760FD1B
:1067A00000F078FDF7F7AEF9A36B002BD7D0F7F721
:1067B000CBF9F7F7A7F9A66B002ECDD0226C52B11A
:1067C000E168A36811449942E16024BF2168E16057
:1067D0002846EAF7DFF8013EA663236913BBF7F703
:1067E000B3F90120BEE7F7F7AFF90199404600F091
:1067F0009FFD2046FFF734FD00F04CFD0028D8D166
:106800004FF08053C9F8043DBFF34F8FBFF36F8F34
:10681000CFE74FF0500383F31188BFF36F8FBFF3BF
:106820004F8FFEE704F1100000F09CFD0028D6D049
:106830004FF0E0234FF08052C3F8042DBFF34F8F89
:10684000BFF36F8FCBE700BFF0B585B00191002893
:1068500055D0066C044646B14FF0500383F31188BF
:10686000BFF36F8FBFF34F8FFEE700F037FE054693
:1068700000284DD03546F7F745F9A36B00278BBBB1
:10688000019B002B00F09B80002D59D0F7F75CF99D
:1068900000F0B2FBF7F736F994F84430FF2B08BF4D
:1068A00084F8447094F84530FF2B08BF84F8457095
:1068B000F7F74AF901A902A800F0A8FD002833D192
:1068C000F7F720F9A36B002B44D0F7F73DF92046EA
:1068D000FFF7C6FC00F0DEFCF7F714F9A36B012507
:1068E000002BCDD02268013BA363002A00F08580F5
:1068F0002369002B70D1F7F727F9012627E04FF025
:10690000500383F31188BFF36F8FBFF34F8FFEE700
:10691000019B002B39D04FF0500383F31188BFF354
:106920006F8FBFF34F8FFEE72046FFF799FC00F013
:10693000B1FCF7F7E7F8A36B33B1F7F705F9CBE74D
:1069400002A800F057FDA1E7F7F7FEF8FEB93046C0
:1069500005B0F0BDF7F7F8F823683BB3019904F1EF
:10696000240000F0E5FC2046FFF77AFC00F092FCE2
:106970000028B1D14FF0E0234FF08052C3F8042D2E
:10698000BFF34F8FBFF36F8FA6E7064673E7F7F7A6
:10699000B9F8616A19B1236B1968C1F10701A068E0
:1069A00000F060FE0026F7F7CFF8D0E7F7F7AAF877
:1069B000A06800F0A3FD0646F7F7C6F8CEE746B19B
:1069C0004FF0500383F31188BFF36F8FBFF34F8FE6
:1069D000FEE7F7F7B9F8BAE704F1100000F0C2FCDF
:1069E000002888D04FF0E0234FF08052C3F8042DE8
:1069F000BFF34F8FBFF36F8F7DE700F09DFEA06068
:106A000076E700BF2DE9F84310B30E46174604465B
:106A100091B1F7F793F9EFF311894FF0500383F336
:106A20001188BFF36F8FBFF34F8FA56BCDB9284689
:106A300089F31188BDE8F883036C002BE9D04FF08F
:106A4000500383F31188BFF36F8FBFF34F8FFEE7BF
:106A50004FF0500383F31188BFF36F8FBFF34F8F55
:106A6000FEE794F84480226C4FFA88F852B1E1684E
:106A7000A36811449942E16024BF2168E160304677
:106A8000E9F788FF013DB8F1FF3FA56309D008F1A0
:106A900001035BB284F84430012089F31188BDE81A
:106AA000F8832369002BF7D004F1100000F05AFCA2
:106AB0000028F1D0002FEFD001203860B8E700BFE8
:106AC000F8B51B4B1B4E1C6833680546181D0F4656
:106AD000FFF776FB48B933681749DA6A012303FAEE
:106AE00002F20B6823EA02030B606B1C17D03368B9
:106AF00064195C6007D3114B18683168BDE8F84031
:106B00000431FFF745BB0E4B186831680431FFF7BD
:106B10003FFB0C4B1A68A24288BF1C60F8BD002FD7
:106B2000E5D031680848BDE8F8400431FFF720BBE4
:106B30007CA3002058A2002004A3002060A2002013
:106B40005CA2002034A3002054A300201A4B10B5EF
:106B500000221A4C1A602268236812681B6B9A4242
:106B600023D9174B1B68B3FA83F3DBB2C3F11F03BE
:106B700003EB8303134A990002EB8303505840B997
:106B80004FF0500383F31188BFF36F8FBFF34F8F24
:106B9000FEE758680831406858600A44904204BFD4
:106BA00040685860C368236010BD20682168343194
:106BB0000AF0BCF8D5E700BF80A3002058A200204F
:106BC00004A3002064A2002080B5174D174F184E73
:106BD000DFF860804FF0E02A4FF0805914E0F6F7BC
:106BE00091FFFB68DC68201DFFF7EAFA3368013B80
:106BF00033602B68013B2B60F6F7A6FF206B01F09A
:106C000035F9204601F032F92B68002BE7D1D8F88E
:106C10000030012B05D9CAF8049DBFF34F8FBFF395
:106C20006F8F0AF095F8EFE7F4A2002068A3002028
:106C3000F0A2002064A200202DE9F84F96008046C3
:106C400030460D46994601F081F8002800F0838017
:106C50000746542001F07AF80446002800F08880A6
:106C6000076332463846A521E9F7AAFFD4F830A0D9
:106C7000002D00F0868005F1FF3C04F133030F3551
:106C80001CF8017F03F8017F0FB1AC45F8D1002358
:106C900084F843300A9D062D28BF06254FF0000BCF
:106CA000271DE56265643846C4F848B0043EFFF726
:106CB0005BFA564404F11800C5F10705FFF754FAD2
:106CC000C4F84CB0A56184F850B0246164624A46AF
:106CD000414626F00700F6F7EBFE0B9B206003B160
:106CE0001C60F6F70FFF404A404E136801331360F3
:106CF0003368002B48D0DFF81881D8F8003073B320
:106D0000E06ADFF810913A4D3A4A2B680133394670
:106D10002B601768012505FA00F300EB80003B4368
:106D200009EB80001360FFF723FAF6F70DFFD8F8A0
:106D300000301BB33268E36AD26A9A421ED24FF027
:106D4000E0234FF08052C3F8042DBFF34F8FBFF301
:106D50006F8F284601E04FF0FF30BDE8F88F3368B1
:106D6000E06ADB6ADFF8AC90834298BF3460CAE720
:106D7000384601F07BF84FF0FF30EEE72846BDE8DB
:106D8000F88F84F8345085E734601368012B05D000
:106D9000E06ADFF88090DFF87880B4E7DFF874907D
:106DA0004D4609F18C0828461435FFF7D1F9A8455E
:106DB000F9D1DFF86480104D4046FFF7C9F9284645
:106DC000FFF7C6F90D48FFF7C3F90D48FFF7C0F903
:106DD0000C48FFF7BDF90C4BE06AC3F800800B4B81
:106DE000DFF82C801D608EE7F0A2002058A2002062
:106DF00000A3002004A300201CA300203CA300202B
:106E000068A3002054A300205CA2002060A2002000
:106E100050A3002064A2002008A3002070B50446FF
:106E2000354DF6F76FFE002C4CD0261D3046FFF78F
:106E3000C7F938B9E26A314902EB82039B00CB58AB
:106E4000002B2ED0A36A1BB104F11800FFF7B8F98C
:106E50002B4A1368013313602B68A34229D0294AB7
:106E6000206B1368013B136001F000F8204600F02E
:106E7000FDFF254B1A68126872B11A68234BD2685D
:106E8000D26852681A60F6F75FFE214B1B6813B197
:106E90002B68A34218D070BD1C4B4FF0FF321A6014
:106EA000F1E71C49012393400A6822EA03020A60C1
:106EB000C8E719483146FFF75BF9184A13680133F0
:106EC0001360E0E72C68B0E7154B1B6843B14FF047
:106ED000500383F31188BFF36F8FBFF34F8FFEE72B
:106EE0004FF0E0234FF08052C3F8042DBFF34F8FD3
:106EF000BFF36F8F70BD00BF58A2002064A20020B6
:106F000000A30020F0A200205CA2002034A30020F7
:106F100050A3002004A3002068A30020F4A20020B6
:106F2000FCA2002010B5044682B0F6F7EBFD34B1A8
:106F3000E06A0190F6F708FE019802B010BD014B1F
:106F40001C68F5E758A2002010B50446F6F7F6FED7
:106F5000EFF311834FF0500282F31188BFF36F8F6C
:106F6000BFF34F8F1CB1E06A83F3118810BD034A51
:106F70001468E06A83F3118810BD00BF58A2002096
:106F800030B5174B1749184883B00024CDE90043AA
:106F900080222346FFF750FE01280CD0013001D09B
:106FA00003B030BD4FF0500383F31188BFF36F8FF0
:106FB000BFF34F8FFEE74FF0500383F31188BFF309
:106FC0006F8FBFF34F8F0949094A0A4B4FF0FF35C6
:106FD0000D6010601C6003B0BDE83040F6F724BEC1
:106FE00030A3002090A70308C96B010834A3002038
:106FF00050A300207CA30020024A136801331360D1
:10700000704700BFFCA20020014B1868704700BF0A
:107010007CA300202DE9F04F4E4B1B6883B0002B62
:107020004CD14D4B1D6801351D60002D54D04B4B8C
:107030000193019B1B68AB425BD8494EDFF8388156
:107040003368DFF838911C68002C76D0454F002457
:107050004FF0010A24E00091FFF7B2F8DBF8282096
:1070600000990BF1180012B1FFF7AAF80099DBF8AC
:107070002C003B680AFA00F200EB80001A4308EB90
:1070800080003A60FFF774F8D9F80030DBF82C2064
:10709000DB6A9A4228BF012433681B68002B4CD05E
:1070A0003368DB68D3F80CB0DBF804200BF1040183
:1070B00095420846CFD2019B1A601FE02A4A136806
:1070C000013300241360294B1B68002B0CBF2046A2
:1070D000012003B0BDE8F08F214B1A681268CAB1D5
:1070E0004FF0500383F31188BFF36F8FBFF34F8FBF
:1070F000FEE7DFF88480DFF884900024D9F80030C0
:10710000DB6A03EB83039B0058F80330022B28BF94
:107110000124D8E7164A18681168196015491060EB
:107120000A6801320A601A6812685AB90B4B019357
:107130001A464FF0FF3313607BE7019A4FF0FF339D
:107140001360DBE71B68054ADB680192DB685B685C
:1071500013606EE7FCA200207CA3002034A3002073
:107160005CA2002004A30020F8A2002080A300203D
:1071700060A2002038A3002064A2002058A20020B2
:107180002DE9F04F83B0F6F7BDFC384B1A68013A91
:107190001A601B68002B59D1354B1B68002B55D04A
:1071A000DFF8E4A0DAF80030002B5CD0314DDFF8D6
:1071B000DC80314FDFF8D8900126DAF80C30DC683B
:1071C00004F1040B04F11800FEF7FAFF5846FEF72D
:1071D000F7FFE06A2A6806FA00F300EB8000134329
:1071E000594608EB80002B60FEF7C2FF3B68E26A5D
:1071F000DB6A9A4228BFC9F80060DAF80030002B39
:10720000DBD11E4B1A68126842B31A681C4BD26855
:10721000D26852681A601B4E346844B10125FFF7EA
:10722000F9FE08B1C9F80050013CF8D13460D9F832
:1072300000305BB14FF0E0234FF08052C3F8042DD3
:10724000BFF34F8FBFF36F8F012000E0002001904C
:10725000F6F77AFC019803B0BDE8F08F084B4FF0C9
:10726000FF321A60D7E7DFF82890D4E7FCA20020AD
:10727000F0A2002004A3002058A200205CA200205D
:1072800034A30020F8A200203CA3002064A2002028
:1072900080A30020064B1B6843B94FF0500383F3D3
:1072A0001188BFF36F8FBFF34F8FFEE7FFF768BF03
:1072B000FCA2002010B550B94FF0E0234FF08052EF
:1072C000C3F8042DBFF34F8FBFF36F8F10BD104C69
:1072D000216841B14FF0500383F31188BFF36F8FE2
:1072E000BFF34F8FFEE7236801332360FFF7E8FB0E
:1072F000236843B94FF0500383F31188BFF36F8FB6
:10730000BFF34F8FFEE7FFF73BFF0028D4D010BD3F
:10731000FCA20020044B1B681BB1044B01221A6025
:107320007047FFF713BC00BFFCA2002080A3002021
:1073300060B110B50A4B0C4619681831FEF728FFEA
:1073400020460121BDE81040FFF7BABB4FF05003C3
:1073500083F31188BFF36F8FBFF34F8FFEE700BF3A
:1073600058A2002070B5C368DC6882B0002C2CD015
:1073700004F118052846FEF723FF184B1B687BB164
:1073800017482946FEF7F4FE164BE26A1B68DB6AD3
:107390009A4285BF144B01200020186002B070BDD6
:1073A000211D124D01910846FEF70AFFE36A2E687F
:1073B0000F48019901229A4003EB8303324300EB0B
:1073C00083002A60FEF7D4FEDEE74FF0500383F31C
:1073D0001188BFF36F8FBFF34F8FFEE7FCA2002031
:1073E0003CA3002058A2002080A3002004A300207A
:1073F00064A20020034A044B12681B68C0E9002302
:10740000704700BF38A300207CA3002028B3F0B54C
:107410000D4683B0C1B10446F6F774FB2B681D4AD4
:10742000581C116830D0DFF870C0D4E90060DCF877
:107430000070BE421AD0884218D801200190F6F799
:1074400083FB019803B0F0BD4FF0500383F3118824
:10745000BFF36F8FBFF34F8FFEE74FF0500383F3FF
:107460001188BFF36F8FBFF34F8FFEE7A1EB000EC4
:1074700073450BD95B1ADCF80010126803442B60CB
:107480000020C4E90012D9E70020D7E700232B60D1
:107490000120D3E77CA3002038A30020014B012268
:1074A0001A60704780A3002068B1036B1A78A52A80
:1074B0000FD1C3F10101C81813F8012FA52AFAD082
:1074C000C0F38F007047044B1868036B1A78A52A25
:1074D000EFD00020704700BF58A20020054B1B686A
:1074E00033B1054B1B68002B0CBF022000207047F6
:1074F0000120704750A30020FCA2002070B5044674
:1075000082B0C8B1264DC36A2A68D26A934215D2A6
:107510008269002A04DB2A68D26AC2F1070282610A
:10752000204E626903EB830306EB83039A420ED07D
:107530002B68DB6AE362012002B070BD2B68406CEF
:10754000DB6A98422CBF0020012002B070BD211DD3
:1075500008460191FEF734FE019970B9E06A124ABB
:1075600000EB80039B00F35843B9012303FA00F0BA
:10757000136823EA0003136000E00B4A2B681568C8
:10758000D86AE062012404FA00F300EB80002B4388
:1075900006EB80001360FEF7EBFD2046CCE700BF52
:1075A00058A2002064A2002004A3002020B3F0B55C
:1075B000294B1B68834283B0044608D04FF0500328
:1075C00083F31188BFF36F8FBFF34F8FFEE79B6C80
:1075D0004BB1C16A426C013B9142836400D06BB1F4
:1075E000002003B0F0BD4FF0500383F31188BFF3C8
:1075F0006F8FBFF34F8FFEE700207047011D0846D5
:107600000191FEF7DDFD0199A0B11448144A636CA5
:107610001668E3620125C3F10707A76105FA03F4C1
:1076200003EB830300EB830034431460FEF7A0FDFB
:107630002846D6E7E56A0948094A05EB85039B0019
:10764000C358002BE3D1012303FA05F5136823EA9D
:1076500005031360DBE700BF58A2002064A20020EE
:1076600004A30020002843D030B5836C83B00446C7
:1076700053B1406CE26A814238BF01468A4201D070
:10768000012B0AD003B030BD4FF0500383F31188B3
:10769000BFF36F8FBFF34F8FFEE7244B1B68A342EE
:1076A00027D0A369E162002BA8BFC1F10701204DDB
:1076B000A8BFA16102EB8202616905EB82039942D6
:1076C000E0D1211D08460191FEF77AFD0199E26A99
:1076D000C0B10123174C934090001044226805EB81
:1076E00080001343236003B0BDE83040FEF740BD87
:1076F00070474FF0500383F31188BFF36F8FBFF3D0
:107700004F8FFEE702EB82039B009000EB581BB10A
:107710000123084C9340E0E7064C0123D4F800C055
:1077200093402CEA030CC4F800C0D6E758A200200E
:1077300064A2002004A30020044B1A681AB119683F
:107740008A6C01328A641868704700BF58A2002012
:107750002DE9F043234C83B00E46804615469946EA
:10776000F6F7D0F9216891F8501002290BD0236860
:10777000DF6C27EA0807DF642368012183F85010D3
:10778000B9F1000F18D1F6F7DFF9F6F7BBF915B12B
:107790002368DB6C2B60236893F85030022B19D0E0
:1077A000002023680190002283F85020F6F7CCF9DE
:1077B000019803B0BDE8F0834846FFF781F94FF028
:1077C000E0234FF08052C3F8042DBFF34F8FBFF377
:1077D0006F8FD8E72368D96C21EA06060120DE64A2
:1077E000DFE700BF58A2002010B3F0B51E4683B0FB
:1077F0000F4615460446F6F785F90EB1E36C336083
:1078000094F850600223F6B284F85030042D52D818
:10781000DFE805F006171B050300022E38D0E764E9
:10782000012E16D00126F6F78FF9304603B0F0BDD1
:107830004FF0500383F31188BFF36F8FBFF34F8F67
:10784000FEE7E16C3943E164EAE7E36C0133E364AA
:10785000E6E7211D1E4D01910846FEF7B1FCE36AE3
:107860002F681C48019906FA03F203EB83033A439D
:1078700000EB83002A60FEF77BFCA36A53B14FF054
:10788000500383F31188BFF36F8FBFF34F8FFEE771
:107890000026C8E7104BE26A1B68DB6A9A42C1D92E
:1078A0004FF0E0234FF08052C3F8042DBFF34F8F09
:1078B000BFF36F8FB7E7E36C0133B1D04FF05003E4
:1078C00083F31188BFF36F8FBFF34F8FFEE700BFC5
:1078D00004A3002064A2002058A2002068B32DE970
:1078E000F04182B00F4615461E460446F6F726FACA
:1078F000EFF311884FF0500383F31188BFF36F8FBC
:10790000BFF34F8F0EB1E36C336094F850600223E5
:10791000F6B284F85030042D58D8DFE805F0061789
:107920001B050300022E24D0E764012E16D001208F
:1079300088F3118802B0BDE8F0814FF0500383F363
:107940001188BFF36F8FBFF34F8FFEE7E16C3943B0
:10795000E164EAE7E36C0133E364E6E7A36A53B169
:107960004FF0500383F31188BFF36F8FBFF34F8F36
:10797000FEE70020DCE71B4B1B680BBB211D084604
:107980000191FEF71DFCE06A174B184A01998640E9
:1079900000EB800002EB80001A6816431E60FEF7C1
:1079A000E7FB134BE26A1B68DB6A9A42BFD9089B6C
:1079B00013B1089A012313600E4B01201860B7E73A
:1079C0000D4804F11801FEF7D3FBEAE7E36C01333D
:1079D000ABD04FF0500383F31188BFF36F8FBFF329
:1079E0004F8FFEE7FCA2002004A3002064A2002029
:1079F00058A2002080A300203CA3002008B5FFF778
:107A0000BFFA002008BD00BF10B584460B46BCF885
:107A10001020DCF80010BCF908C0406884B0BCF14C
:107A2000840F14BF0CF103040024009403AC0194F0
:107A3000FFF702F901280CBF0398002004B010BD25
:107A400008B5EFF3058333B1FFF77EFA062806D8B1
:107A5000033800B208BDFFF765FA0628F8D984207C
:107A600008BD00BF08B5012838BF0120FFF722FC80
:107A7000002008BD00B5002385B0CDE90233EFF347
:107A80000583BBB102AB0093012203ABFFF726FFD6
:107A9000012815D1029B4BB14FF0E0234FF08052EB
:107AA000C3F8042DBFF34F8FBFF36F8F039805B05A
:107AB0005DF804FB03AB0122FFF796FE0128F5D029
:107AC0004FF00040F3E700BF30B585B00023044617
:107AD0000293EFF3058048B18223019304AB13E9CD
:107AE000070084E80700204605B030BD1346154660
:107AF00002AAFFF72DFE012805D00DB90195EDE78B
:107B000040230193EAE7029B002BB4BF862308239E
:107B10000193E3E7012910B502D00024204610BDEF
:107B2000084603220021FEF727FC04460028F5D072
:107B300000231A461946FEF749FC204610BD00BF37
:107B400010B582B00024019410B3EFF3058333B96C
:107B5000FEF77AFE012818D1002002B010BD01AA5C
:107B60002146FEF74FFF01280FD1019B002BF3D0D8
:107B70004FF0E0234FF08052C3F8042DBFF34F8F36
:107B8000BFF36F8F204602B010BDFF2002B010BDC2
:107B9000802002B010BD00BF10B582B00024019457
:107BA000EFF305839BB101A9FEF734FD012814D141
:107BB000019BABB14FF0E0234FF08052C3F8042D8E
:107BC000BFF34F8FBFF36F8F204602B010BD1A4630
:107BD0001946FEF7FBFB012802D0FF2002B010BDC2
:107BE000002002B010BD00BFD0E900010022FEF766
:107BF000C3BB00BF10B584B0002401910394EFF320
:107C000005835BB1234603AA01A9FEF79FFC012867
:107C10000CD1039B6BB9002004B010BD012A38BF02
:107C2000012201A9FEF7D2FB0128F4D0FF2004B005
:107C300010BD4FF0E0234FF08052C3F8042DBFF386
:107C40004F8FBFF36F8F204604B010BD30B50B4689
:107C500085B00021CDE90213044673B30091EFF320
:107C6000058191B902A918461546FEF72BFD01289A
:107C70002DD0002D18BF4025019504AB13E9070056
:107C800084E80700204605B030BD6A46184602A9C0
:107C9000FEF7B8FE009B01280CBF102200220192C3
:107CA000002BEAD04FF0E0234FF08052C3F8042DB0
:107CB000BFF34F8FBFF36F8FDFE78023019304ABD8
:107CC00013E9070084E80700204605B030BD102303
:107CD0000193D2E708B5FFF701FC012800D108BDE8
:107CE000BDE80840F5F776BF10B4164B1A461B687E
:107CF0008342FBD3516802EB010C60450BD0416815
:107D000000EB010C63450ED0904203605DF8044B1C
:107D100018BF1060704744681046214400EB010C06
:107D200063455160F0D1084C2468A342ECD0D3E9FC
:107D3000003490422144C0E900315DF8044B18BF83
:107D40001060704794A3002084A300202DE9F04127
:107D5000404E0446FFF750F93368002B57D03E4B96
:107D60001D682C422FD174B304F1080160071CBFB9
:107D700021F00701083131B3DFF8EC80D8F800704A
:107D80008F4220D33548046803E0236823B120469E
:107D90001C4662688A42F8D33368A34213D0236832
:107DA00006680360531A102B06F1080616D96018EE
:107DB00042070ED04FF0500383F31188BFF36F8F4B
:107DC000BFF34F8FFEE7FFF765FA00263046BDE8A8
:107DD000F08143606160FFF787FF6268204B19689C
:107DE000BF1A8F4238BF1F602A430023C4E9003204
:107DF000C8F80070FFF74EFA7307E7D04FF0500352
:107E000083F31188BFF36F8FBFF34F8FFEE7154BDE
:107E10001348114F5D0714BFDA1D1A4603F580336E
:107E2000A3F1080323F0070318BF22F0070211464D
:107E30009A1A02600C48094D0260002029606860AF
:107E40004FF00045C3E900003360C1E900323D60F6
:107E500087E700BF84A3002088A3002094A300200C
:107E600090A30020000000108CA30020D0B11A4A7B
:107E700050F8043C126813420BD050F8081C91B122
:107E80004FF0500383F31188BFF36F8FBFF34F8F11
:107E9000FEE74FF0500383F31188BFF36F8FBFF3FA
:107EA0004F8FFEE7704700B523EA020383B040F826
:107EB000043C0190FFF7A0F8084A0198116850F8B7
:107EC000043C08380B441360FFF70EFF03B05DF865
:107ED00004EBFFF7DFB900BF88A300208CA30020CC
:107EE000014B1868704700BF90A30020A0B1D0F8E4
:107EF000B83213B10023C0F8B832D0F8CC3213B185
:107F00000023C0F8CC3209B1C0F8B412012380F8C4
:107F10009C320270F7F768BD0320704730B583B01C
:107F20000024ADF8064059B18B6AC0F8B812054676
:107F30000DF106009847C5F8CC02204603B030BDCD
:107F4000032003B030BD00BFF7F78ABDD0F8B832C8
:107F50000BB11B6818470320704700BF08B5D0F865
:107F6000B8320BB15B689847002008BD38B50446AD
:107F700000F2AA25284600F091FB94F8AA12B4F862
:107F8000B022C4F898220123C4F8943201F01F03F0
:107F9000012B09D0022B13D063B1204601F08001E0
:107FA000BDE83840F7F788BD29462046BDE838408F
:107FB00000F0A4BA29462046BDE8384000F0F6B8E3
:107FC00029462046BDE8384000F0C8BA70B50546DD
:107FD00039B91346D0F89422032A0C460ED000205B
:107FE00070BDD0F8B8329B6933B190F89C22032A57
:107FF00002D1BDE870401847032070BDD0E9571288
:1080000091420DD8D0F8B8321B6923B190F89C2268
:10801000032A00D19847284600F0AEFB0020DFE796
:10802000891A8A4228BF0A46C0F85C11194600F036
:108030009BFB204670BD00BF70B5044659B913467E
:10804000D0F89422022A16D094F8A032012B4FF0D7
:1080500000000DD070BDD0F8B8325B6933B190F834
:108060009C22032A02D1BDE870401847032070BD4E
:1080700084F8A00270BDD0E90726B2420D4616D89A
:1080800024D0D4F8B832DB681BB194F89C22032AC0
:1080900019D080212046F7F70FFD204600F078FB2D
:1080A00094F8A032012B4FF00000D3D1E0E7921BEF
:1080B000C261194600F042FB2B462A46294620465B
:1080C000F7F746FDC0E720469847E2E783699A4202
:1080D000D7D8D0F898229342D3D20A4600F02EFB8C
:1080E000C4F89852E8E700BFD0F8BC320021012262
:1080F00070B5044680F89C22C0F894124160C0F824
:10810000A4121BB1D0F8B8325B6898474025002212
:1081100011462B4601262046F7F7B0FCA4F864610F
:10812000C4F860512B46002280212046F7F7A6FCB8
:10813000A6842562002070BD01740020704700BF36
:1081400090F89C2280F89D22042380F89C32002025
:10815000704700BF90F89C32042B04BF90F89D320A
:1081600080F89C320020704790F89C22032A01D0AE
:108170000020704708B5D0F8B832DB6903B19847E2
:10818000002008BD00207047002070470020704785
:10819000D0F8B822012180F89C122AB108B55268A3
:1081A00001799047002008BD00207047F0B50C7899
:1081B00004F06004202C83B00E4605460ED0402CFF
:1081C0000CD0A4B180212846F7F776FC0021284680
:1081D000F7F772FC0024204603B0F0BDD5F8B832A2
:1081E0009B683146284603B0BDE8F04018474F78F9
:1081F000092FE7D801A353F827F000BF5B820108DD
:1082000089820108C5810108A7820108C58101088A
:10821000AF820108E7820108C581010803830108D4
:10822000258201088E78B44F012E3E7000F237810E
:1082300090F89C32022B00F02081032B00F0FA8092
:108240008021F7F739FC00212846F7F735FC39780B
:108250002846FFF783FE0324BDE790F89C32013BDC
:10826000022B65D8CB88022B62D1D0F8A432012230
:10827000C2600BB10323C360022205F10C01284642
:1082800000F04EFA3C46A6E790F89C32013B022BE8
:108290004ED84B88012B9ED10023C5F8A432284626
:1082A00000F06AFA97E74B88012B94D1F5E78B88A9
:1082B000002B3DD1CB88002B3AD14E887F2E37D86A
:1082C00090F89C32032B33D0F1B280F89E12F7F76E
:1082D00023FC284600F050FA002E00F0FE80022316
:1082E00085F89C3277E74A880023ADF80630130AF8
:1082F000013B062B1CD8DFE803F06C5F4C1B1B42D4
:108300002600CA88012A13D190F89C32022B00F271
:108310008A80002B3FF456AF0146002341F8083F06
:1083200000F0FEF957E7D0F8B4325B68002B5DD15E
:1083300080212846F7F7C0FB00212846F7F7BCFB51
:10834000204603B0F0BD037C002BF1D1D0F8B83249
:108350000DF106001B6B984707234370F288002A33
:108360009DD0BDF80630002BE2D09A4228BF1A46B5
:1083700001462846ADF8062000F0D2F92BE7037C31
:10838000002BD5D1D0F8B8320DF106005B6B9847C1
:10839000E4E7D1B2052900F2A48001A353F821F04B
:1083A000278301081B8401080F840108F783010853
:1083B000E383010803840108037C002B40F08480E0
:1083C000D0F8B8320DF106009B6A9847022343703B
:1083D000C4E7D0F8B432007C1B680DF10601984761
:1083E000BCE7D0F8B4325B69002BA1D0287C0DF13A
:1083F00006019847B2E7D0F8B4321B69002BF5D1DB
:1084000096E7D0F8B4329B69002BEFD190E7D0F813
:10841000B432DB68002BE9D18AE7D0F8B4329B682C
:10842000002BE3D184E7032B7FF4CCAE011D00F0D9
:1084300077F9D0E6002E3BD0416801293FF42FAFF9
:10844000C9B2FFF78BFD397869602846FFF77EFDDA
:10845000064600283FF423AF80212846F7F72CFB7F
:1084600000212846F7F728FB29792846FFF776FDF3
:10847000022385F89C323446ADE6002E3FF40FAF60
:1084800001214160FFF762FD044600287FF450AFF0
:10849000284600F071F9032385F89C329BE6802181
:1084A000F7F70AFB00212846F7F706FB032492E6BC
:1084B0000223314680F89C324660FFF74FFD284684
:1084C00000F05AF9344686E6D0F8B8320DF10600CD
:1084D000DB6A98470223437040E7012385F89C320A
:1084E00079E6D0F8B8329B6B002B3FF421AF0DF149
:1084F0000602984732E700BF9CA3002038B50B78EE
:1085000003F06002402A0D4604460BD05B0609D5F5
:108510008021F7F7D1FA00212046F7F7CDFA0025A0
:10852000284638BD94F89C32013B022B12D82B7997
:10853000012B0FD8D4F8B83229469B6820469847BB
:10854000EB880546002BEBD10028E9D1204600F04E
:1085500013F9E5E780212046DBE700BF70B50B7813
:1085600003F06003202B0D4604460CD0402B0AD0AC
:108570008BB180212046F7F79FFA00212046F7F7BC
:108580009BFA002070BDD4F8B832294620469B687B
:10859000BDE8704018476B788A88012BD1B23BD078
:1085A000032B28D0002BE4D190F89C32022B51D021
:1085B000032BDED101F00F0303EB8303120600EB64
:1085C000830356D4B3F86431002BD2D001F07F037B
:1085D000142505FB030505F5AA752BB12046F7F711
:1085E00087FA002854D001232B6002222946204616
:1085F00000F096F8C5E790F89C32022B21D0032BAF
:10860000B7D16B8823B94A0602D0EB88002B41D042
:10861000204600F0B1F8B4E790F89C32022B10D05D
:10862000032BA6D16B88002BABD14E062DD1204653
:1086300000F0A2F8D4F8B83229469B682046984743
:108640009FE74B0695D0F7F737FA80212046F7F7DA
:1086500033FA96E748068CD111064CBF04F1140199
:1086600004F5AA7100230B600222204600F058F89E
:1086700087E79B8C002B3FF47CAF01F07F035D1CF0
:1086800005EB850500EB8505A7E7F7F723FACEE7AD
:108690002860AAE7F7F710FABAE700BF0B78037073
:1086A0004B7843704B8843808B888380CB88C38012
:1086B000704700BF10B580210446F7F7FDF920464A
:1086C0000021BDE81040F7F7F7B900BF18B30378F1
:1086D00030B40BB30446C0F1010C04EB0C0314F8E6
:1086E000015FDBB2002DF8D101335B00DCB21380F7
:1086F00003230C704B7004785CB1022300255A1CD4
:10870000D2B2CC548D5410F8014F0233DBB2002C9E
:10871000F5D130BC7047704702242346E7E700BF1D
:1087200008B513460A460221C0E90633C0F8941280
:108730000021F7F7FFF9002008BD00BF08B5134678
:108740000A460021F7F7F6F9002008BD08B51346E0
:108750000A460321C0E95633C0F894120021F7F706
:10876000F7F9002008BD00BF08B513460A460021EE
:10877000F7F7EEF9002008BD08B504220023C0F881
:10878000942219461A46F7F7D5F9002008BD00BF14
:1087900008B505220023C0F8942219461A46F7F7B7
:1087A000D7F9002008BD00BFD0F8C03283B110B5A2
:1087B000D0F8BC4294F84000FF2807D09B6894F89A
:1087C000412021469847FF2384F84030002010BD07
:1087D000002070476A23038000487047E40E0020A1
:1087E0000A23038000487047500F0020012970B50C
:1087F000D0F8BC6204460D4615D0032911D1683665
:1088000029462046F7F7B2F9D4F8BC32706043B17C
:10881000D4F8C0322A46DB68311D0020984700207A
:1088200070BD032070BD5036EAE700BF38B5D0F800
:10883000BC52BDB301EB810C00EB8C0C0B46DCF899
:1088400018205AB1D0F8C442C1EBC10E04EB8E041B
:10885000246CB2FBF4FE04FB1E242CB1012B0BD0C4
:10886000032B14D0002038BDCCF8184023462246F4
:10887000F7F760F9204638BD0B4B0024186885F8DF
:108880004C4022460321FFF7B5F9204638BD064B80
:108890000024186885F8644022460421FFF7AAF9ED
:1088A000204638BD032038BD44E700202DE9F041C3
:1088B0000B78D0F8BC8282B0002613F060050C461D
:1088C00007468DF80560ADF8066021D0202D16D141
:1088D000CD88002D3AD01B0651D5D0F8C032607833
:1088E0009B682A4641469847E288414638463546C5
:1088F000FFF716FF08E090F89C32032B4AD0214680
:108900003846FFF7D7FE0325284602B0BDE8F081C0
:108910004E780B2EF3D801A353F826F0F788010800
:1089200009890108FF880108FF880108FF880108FC
:10893000FF880108FF880108FF880108FF880108F7
:10894000FF8801086B89010861890108D0F8C032ED
:1089500048789B682A469847284602B0BDE8F081CF
:1089600090F89C32032BCFD0C9E790F89C32032BB0
:10897000C5D101220DF10501FFF7D2FEC4E74B7806
:1089800088F8403088F841502A464146FFF7DEFE1D
:108990003546B9E702220DF10601FFF7C1FE354663
:1089A000B2E700BF38B5044600258121F7F776F815
:1089B000012125872046F7F771F88221A4F8785124
:1089C0002046F7F76BF88321E5642046F7F766F851
:1089D000A4F8605003212046F7F760F8D4F8BC32C1
:1089E000A4F8A0514BB1D4F8C0325B689847D4F8D2
:1089F000BC02E7F71DFDC4F8BC52002038BD00BF23
:108A000070B504467420E7F70BFD0546D8B3012680
:108A1000C4F8BC024023022281212046F7F72EF839
:108A200031464023022226872046F7F727F81022F6
:108A3000A4F84E204023A4F8786102228321204626
:108A4000F7F71CF840230222A4F8606003212046B7
:108A5000F7F714F8032282210823A4F8A061204626
:108A6000F7F70CF8D4F8C032A4F84C601B689847AC
:108A7000002385F84C3085F8583085F8643085F847
:108A80007030184670BDC4F8BC02022070BD00BF33
:108A90006A23038000487047E40E00206A230380A5
:108AA00000487047E40E002019B1C0F8C012002041
:108AB00070470320704700BF38B5D0F8BC426CB196
:108AC000812B9C460DD0832B08D194F864305C3404
:108AD00003F0FF0563B10125284638BD032528466C
:108AE00038BD94F84C30443403F0FF05002BF2D12C
:108AF00013460A4661464FF0010C84F808C0F7F7A8
:108B000019F8284638BD00BF10B5D0F8BC423CB1BA
:108B10009C4613460A466146F7F71AF8002010BD36
:108B2000032010BDF0B5044685B00F461D4602B1C6
:108B3000106094F828301BBB02AE95E8030004F1E6
:108B4000200383E8030097E8030004F1180282E899
:108B500003006068022284F82820026804F10F03F1
:108B60001568236103930D4B04F10C02CDE9003429
:108B700002926B46314604F10802A84705B0F0BDE9
:108B800003238DF808302B683A68039202AE002B5D
:108B9000D3D096E8060068689847CEE70D920108A2
:108BA0002DE9F04389B002AC84E80600DDF840907E
:108BB0000C461746054603B1186095F82830002B7F
:108BC00040F0868006AEA7EB0408B8F17F0F0BD902
:108BD000D9F80030079403228DF8182023B196E8C5
:108BE0000600D9F80400984799E8030005F120032E
:108BF00083E803005FFA88F2AA232B736A7305F1F6
:108C00000C000821E82305E0013911F0FF015FFAAB
:108C10008CF30CD013F0800F4FEA430CF4D05B00C0
:108C20000139DBB211F0FF0183F03703F2D1534079
:108C3000082204E0013A12F0FF02CBB20CD013F08C
:108C4000800F4FEA4301F5D05B00013ADBB212F02E
:108C5000FF0283F03703F2D1C5E90647AB73B8F1E1
:108C6000000F45D041F2373343F6655C14F8012B11
:108C7000082183EA02235A0013F4004F92B214BF72
:108C800082EA0C035B0001F1FF3208BF9BB212F0D5
:108C9000FF01F0D1A742E9D11A0ADBB20690686859
:108CA0002B74EA7302681468134A049205F10F03E7
:108CB00004AA022185F8281007936B61009296E8B8
:108CC0000600059505F10803A04709B0BDE8F0834B
:108CD00003238DF81830D9F80030079406AE002B26
:108CE0003FF471AF96E80600D9F8040098476AE7A8
:108CF00037231322D2E700BF718F010842682A4947
:108D000070B41468646801238C4280F828303CD128
:108D1000506882F8283001684D68A54231D1426818
:108D200080F8283011684C68AC422ED1506882F827
:108D3000283001684D68A54223D1426880F8283068
:108D400011684C68AC4220D1506882F82830016824
:108D50004D68A54215D1426880F8283011684E68E8
:108D6000AE4217D1546882F8283021684D68B54268
:108D700015D1D4E90101026884F8283070BC536829
:108D800018472B46916870BC1847816823461046E7
:108D900070BC184781683346104670BC184720469F
:108DA0002B46916870BC1847FD8C010842682A491F
:108DB00070B41468646801238C4280F828303CD178
:108DC000506882F8283001684D68A54231D1426868
:108DD00080F8283011684C68AC422ED1506882F877
:108DE000283001684D68A54223D1426880F82830B8
:108DF00011684C68AC4220D1506882F82830016874
:108E00004D68A54215D1426880F8283011684E6837
:108E1000AE4217D1546882F8283021684D68B542B7
:108E200015D1D4E90101026884F8283070BC536878
:108E300018472B46916870BC184781682346104636
:108E400070BC184781683346104670BC18472046EE
:108E50002B46916870BC1847AD8D010830B50346AC
:108E600089B093F828C002A8BCF1010F80E8060081
:108E700031D09DF80820FAB9039C59698C4238D347
:108E8000BCF1020F5ED0BCF1030F43D0BCF1040F64
:108E90001FD1D3E90714586A83F82820C3E90822B0
:108EA0008DF818200791A4B108AB13E906002346FA
:108EB00009B0BDE8304018471C6A8DF81820002121
:108EC0009A69586A83F82810C3E908110792002CA0
:108ED000EAD109B030BD1C6A9969586A8DF818C08A
:108EE0000022C3E9082283F828200791002CDBD157
:108EF000EFE75868026815681C4A049204AA0092B9
:108F00000694079108AA059312E906000833A847BA
:108F100009B030BD5868016803F111020C685A614C
:108F2000042183F8281003F10F0507920F490695D5
:108F300004AA009208AACDE9041312E90600083336
:108F4000A047C6E75868DD690168084A5D610324E7
:108F500083F828400C68069206A9009103F11802D4
:108F6000079306CA0833A04709B030BD718F0108C6
:108F700000B585B0EC468CE8060086469CE8030008
:108F800002AB83E8050093E80600704605B05DF883
:108F900004EBFFF763BF00BFF0B5044687B094F859
:108FA00028306846012B80E8060000F095809DF887
:108FB0000020002A6DD1019922698A427DD8022BB6
:108FC00000F0AD80032B00F09580042B40F08280F0
:108FD000D4E90550002D00F0EA8000EB050C0746AF
:108FE00041F2373343F6655617F8012B082183EA1F
:108FF00002235A0013F4004F92B214BF82EA060310
:109000005B0001F1FF3208BF9BB212F0FF01F0D10B
:109010006745E9D1227B04F10C0183EA022343F680
:109020006557082213F4004F4FEA43061CBF5B004C
:109030009BB202F1FF320CBFB3B27B4012F0FF02D1
:10904000F0D1627B082683EA022343F665575A0073
:1090500013F4004F92B214BF82EA07035B0006F1DB
:10906000FF3208BF9BB212F0FF06F0D1002B40F098
:10907000A580266A84F8283005448DF81030606A8F
:109080000595C4E908332EB306AB13E90600334651
:109090000FE0256AA169606A8DF810200023C4E9F9
:1090A000083384F828300591A5B106AB13E9060012
:1090B0002B4607B0BDE8F0401847606803681D689C
:1090C000514B049105920293039402AB04F1080200
:1090D00004A9A84707B0F0BD256AA169606A8DF8A8
:1090E00010300022C4E9082284F828200591002DC0
:1090F000DBD1EFE76068016804F10E030D682361BE
:109100000593414B042284F82820CDE9023404F170
:1091100008020C3402AB049404A9A847DAE7227BC6
:10912000AA2A21D194F90D10657B002904F10C06BF
:1091300039DB04F10D0004F10F07422151400822F0
:109140004B0011F0800F08BF4900DBB202F1FF3283
:1091500014BF83F03701C9B212F0FF02F0D1874289
:1091600028D010F8012BE9E71D4604F10C06012375
:1091700004F10F07F1182A463046E7F7A5FC6068AE
:10918000BB1B0268AB4294BFF618761915681E4BDC
:10919000CDE90267CDE9043404F1080204AB02A969
:1091A000A84707B0F0BD012504F10F07E2E741F23F
:1091B00037332FE781B115460323DBE76068026888
:1091C000022504F10F0384F8285015680E4A236124
:1091D00004910593029277E7D4E906320320D21A6C
:1091E000954284F82800606828BF1546AA4294BFBB
:1091F00099185919026865611D4425611568029323
:109200000391014BC6E700BF0D92010800B585B080
:10921000EC468CE8060086469CE8030002AB83E837
:10922000050093E80600704605B05DF804EBFFF713
:10923000B3BE00BF38B5D0E9002400230D469E46DA
:109240000CB1944229D912F801CB02600CFA03FC4C
:109250000833202B4EEA0C0EF2D1BEF1FF3F1ED098
:10926000194B1A68724501D8012038BDD5E90004B0
:10927000A2EB0E02241A9442144928BF1446224637
:109280007144E7F787FBD5E90032D21AA24294BFB6
:109290009B181B1901202B6038BD002038BD0C4BDA
:1092A00069681C682B68002224FA02F0083209B1B0
:1092B0009942F2D918702B68202A03F101032B6020
:1092C000F2D10120D1E700BF389904085CBD030842
:1092D0002CEA0020D0F80C3170B42BB3426880F82F
:1092E00014111068244944688C4235D150680168D3
:1092F0004D680123A54282F8283029D1426880F8C0
:10930000283011684E68AE422BD1546882F828305C
:1093100021684D68B54229D1D4E90101026884F879
:10932000283070BC536818474A1ED0F81841D0F84E
:109330001C51D2B2012AC0E9463398BF03212CB197
:109340000A4623460146284670BC184770BC704741
:109350002B46916870BC184719461046234670BCCE
:10936000184781683346104670BC184720462B4684
:10937000916870BC184700BFFD8C01082DE9F047CB
:109380008CB002AB83E806009DF8081002292FD0AC
:1093900001292DD059BB039B4FF0000C0446E64633
:1093A00000F18C06002B3DD09E4226D200F18D01AB
:1093B0008B4290F88C2020D90D7842EA052215B214
:1093C000002D1ADB4A1C981A052830D82068534B08
:1093D000026815680A9604F58672CDE908340B9286
:1093E00008AB06AA0AA9A8470CB0BDE8F08703217C
:1093F0000CB0BDE8F047FFF76DBF04F586780DF1BE
:10940000200906AF0AAD20683A462946434F056851
:109410004B462D68CDE90A68CDE90874A8470CB021
:10942000BDE8F08790F88C2000F18D01C4E7002B97
:109430004CD0934247D98A1C9342487843D912F8BA
:1094400001EB40EA0E2E0FFA8EF8B8F1000FCEF3C2
:109450000E0031DB68BB012713F801EC13F8021C86
:1094600041EA0E218F42B1D1934204D9511C8B4263
:1094700052D932F802CBA168049202398C45A3F18B
:109480000203E146059388BF1FFA81F904F10E0338
:1094900006AF06933A464B4404A9079311F076F8B9
:1094A000B8F1000F15DB04F586780DF120090AAD3F
:1094B000A9E71B490F88CFE7D4F80C110029C9D0C0
:1094C000C4F81031ABE74FF00008BEE748788A1CBB
:1094D000B5E722466FEA4545DDE906136FEA5545D3
:1094E00022F80C5F5B1A60680E490568C3F102033D
:1094F0004B441344D5F800A0CDE90A230DF120090F
:1095000004F58678CDF800900AADCDE908144346FD
:1095100095E80600D04776E70A46ACE729950108AA
:1095200030EA00205195010800B585B0EC468CE882
:10953000060086469CE8030002AB83E8050093E83A
:109540000600704605B05DF804EBFFF717BF00BFDB
:1095500030B484B06C4684E8060090F814410022D0
:109560000346C0F80C2174B9D0F81021B2B10392AF
:109570008DF8084004AA12E90600C0F8104104B0B2
:1095800030BCFFF7FBBED0F81851D0F81C01611EAB
:109590000129C3E9462298BF032415B904B030BCA1
:1095A0007047194622462B4604B030BC184700BF0E
:1095B000034603C903F58C7210B582E803001A460E
:1095C00086B052F88C0B046824680492054A03F5AF
:1095D0008671CDE90223059102AB01AA04A9A04737
:1095E00006B010BD2995010810B40346EFF31081B1
:1095F00072B60A4A106860B1094C24680344A34259
:1096000094BF13604FF0FF3081F310885DF8044B76
:109610007047044800681060EEE700BFA0A3002078
:10962000600F00205C0F0020F5EEC00AF1EE10FA8A
:10963000B5EEC00A54DBF1EE10FA30DB9FED6F7A25
:1096400060EE877AF4EEC07AF1EE10FA40F384808F
:1096500070EE276AB7EE007A37EEC00A77EE667AC8
:10966000B6EE007A77EEC07A67EE877A37EE800A38
:1096700070EE266AB5EEC00AF1EE10FA06DBB7EE20
:10968000007AB4EEC70AF1EE10FA4ED90023037047
:10969000C0ED016AC0ED027A80ED030A7047DFED8C
:1096A000587A60EEA77AF4EEC07AF1EE10FA40F341
:1096B00081809FED547ADFED516AF7EE007A90EEEB
:1096C000E60AE0EEC77AF6EE006A77EEC07A67EE59
:1096D000A67AF0EE676AE0EE876A36EE800AC9E79E
:1096E000F1EE10FA6BDBDFED467A60EEA77AF4EE6E
:1096F000C07AF1EE10FA44DDDFED407A60EEA77A31
:10970000B1EE407A37EE677AF7EE006A70EE677A6C
:1097100076EEC76AB6EE000A76EEE76A66EE806A13
:1097200036EE870A70EE277AA4E7F5EEC07AF1EEFE
:1097300010FAABDBF4EEC77AF1EE10FAA6D8F5EE2C
:10974000C06AF1EE10FAA1DBF4EEC76AF1EE10FA8E
:1097500094BF012300239AE770EE677AB7EE000A00
:109760009FED287A30EE670AF6EE006AA0EEC70A8F
:1097700020EE260A70EE277AF0EE676AE0EE876A3E
:1097800078E79FED216ADFED1D6AF0EE407AB7EED3
:10979000007AE0EEA67AA0EEC67AB6EE000A37EEC0
:1097A000677A27EE000A70EE276AF0EE667AE0EE3E
:1097B000867A5FE79FED117A60EE877A48E7DFED02
:1097C0000F7A60EEA77AF4EEC07AF1EE10FA97DD28
:1097D00037EEC00AF7EE006A9FED0B7A76EEC06AAC
:1097E000F6EE007AE0EEC76A66EEA76AF0EE667AF9
:1097F000E0EE877A37EE800A3CE700BF3ACD133FB0
:109800003ACD13BF3ACD933F3ACD93BFF0EEC06A45
:10981000F0EEE07AF4EEE67AF1EE10FAB0EE407A8D
:10982000D4BFB0EE676AB0EE666A27D4DFED226A75
:109830009FED225ADFED225A77EEA66AC6EE267A0F
:10984000DFED206A27EEA76AE6EE055AE5EE866AA6
:1098500066EE866AE6EEA77AB0EE670AF5EEC00A13
:10986000F1EE10FA48BFDFED187AB5EEC07A48BFC6
:1098700037EEC00AF1EE10FA1BD47047DFED0E7A16
:109880009FED0E5ADFED0E5A76EEA76ADFED0F7AE6
:1098900086EE260A9FED0B6A60EE006AE6EE855AB8
:1098A000A6EEA56A66EE866AA0EE260A37EEC00A24
:1098B000D4E7B1EE400A70470000800016733EBD49
:1098C0004423233E2CBEA7BEDB0F4940DB0FC93F1C
:1098D0002DE9F8430F4D8046F7F730F86C6A0746DC
:1098E000F7F72CF88742F7D14FF47A79094E09FB44
:1098F0000747F7F723F8756A0446F7F71FF884421D
:10990000F7D1ED1B09FB0454444501D200BFF0E739
:10991000BDE8F88300200040DFED207AB5EEC00AF4
:1099200060EE277AF1EE10FABDEEE77A04D517EE75
:10993000103A013B07EE103AB8EEC77A9FED180ACD
:1099400077EEC77A67EE807ABCEEE77A17EE103AC8
:109950009BB2B3F5007F1BD207EE103AB8EE470A70
:109960005A1C77EEC07A91B20E4AB7EE000A02EBAB
:10997000830302EB810230EE670AD3ED006A92EDB9
:10998000007A20EE260A67EE877A30EE270A7047C3
:1099900077EEC07A01210023E6E700BF83F9223E7B
:1099A000000000446CD104089FED227A20EE070AE3
:1099B000F5EE007A30EE270AB5EEC00AF1EE10FAA5
:1099C000FDEEC07A04D517EE903A013B07EE903ACF
:1099D000F8EEE77ADFED186A70EE677A67EEA67A3E
:1099E000BCEEE77A17EE103A9BB2B3F5007F1BD2BC
:1099F00007EE103AB8EE470A5A1C77EEC07A91B2D9
:109A00000E4AB7EE000A02EB830302EB810230EE4E
:109A1000670AD3ED006A92ED007A20EE260A67EE1F
:109A2000877A30EE270A704777EEE67A0121002325
:109A3000E6E700BF83F9223E000000446CD1040831
:109A400010B4EFF3108172B60D4A0E48D2F87C4183
:109A5000D2F854240023C4F8C030C2F8C0300A4BF6
:109A60001B680022DA634FF0010C41F2010280F81A
:109A700000C01A6481F310885DF8044B704700BF82
:109A800000100020C8A30020E09200200F4A38B543
:109A90001178EFF3108072B60D4B00241B68147020
:109AA00041F20102DC631A6480F3108861B1094D50
:109AB0002146D5F87C0101F0FBFFD5F8540421467E
:109AC000BDE8384001F0F4BF38BD00BFC8A3002096
:109AD000E092002000100020F8B5384C384DD4F842
:109AE0007C01002101F0E4FFD4F85404002101F0CE
:109AF000DFFF002240F2D66055F822301B68586321
:109B00009863D863196A41F001011962196A41F03A
:109B100004011962196A41F010011962196A41F0D1
:109B200040011962196A41F480711962196A6C3234
:109B300041F48061D82A1962DED1224A224B126890
:109B4000196893682148224D43F0010393608B68A4
:109B5000026843F001038B60936843F00103936054
:109B60000220FDF77FFFF4F719FD2B68002741F273
:109B70000106DF6308211E642846FAF7B3FD0C21B5
:109B80002846FAF7AFFD134B93F8A83103B9F8BD97
:109B9000EFF3108172B6D4F854042B68D4F87C51DA
:109BA0000022C5F8C020C0F8C0200B4ADF630120A6
:109BB00010701E6481F31088F8BD00BF00100020F3
:109BC000B08D0020189B0020609B0020A89B0020E7
:109BD000E092002010E40020C8A3002030B5194A0C
:109BE000194D1A4900234FF480300124C5E90010B3
:109BF000C5E90A2385B010222846AB602C61AC6110
:109C00002B62EB60EA612C636C61F6F7AFFE90B9F2
:109C10000294044600946946013428460194F7F7FB
:109C20001FF840B9102CF5D1094907482246F6F72C
:109C300049FF05B030BD074B012283F8CC2205B0A7
:109C400030BD00BF0100000F189B00200020014024
:109C5000A4A3002010E4002082B002AB03E90300BB
:109C60002B49BDF80420884212D02A49884206D0E8
:109C70002949884225D04FF6FF7002B07047012A6B
:109C80001DD0022A4FF6FF7008BF092002B07047AE
:109C9000012A11D0022A24D0042A2AD0082A2CD042
:109CA000102A22D0202A2CD0402A2ED0802A4FF6EB
:109CB000FF7008BF0720E0E7002002B070470820CF
:109CC000DBE7012A13D0022A15D0042A0BD0082A78
:109CD00015D0102A17D0202A4FF6FF7008BF0F208A
:109CE000CBE70120C9E70C20C7E70420C5E70A201D
:109CF000C3E70220C1E70B20BFE70320BDE70D202B
:109D0000BBE70520B9E70E20B7E70620B5E700BF9F
:109D100000000240000402400008024000B583B089
:109D20006B4683E8030093E80300FFF795FF0F28D5
:109D300009D8074B33F8103000EE103ABBEECA0AD0
:109D400003B05DF804FBBFEE000A03B05DF804FB4E
:109D5000A4A3002000B585B06A4682E8030092E81B
:109D6000030002AB83E80300FFF776FF0F280DD84E
:109D7000094BDFED0A7A33F8103000EE103ABBEEF3
:109D8000CA0A20EE270A05B05DF804FB9FED040A1D
:109D900005B05DF804FB00BFA4A30020333353409B
:109DA000333353C02DE9F0412DED028B214EDFF806
:109DB0009880DFED218A9FED218A82B06F46204C8A
:109DC000204D04E00835B54204F10C042AD0206887
:109DD0000CF064F90028F5D0AB882A680092ADF841
:109DE000043097E80300FFF737FF0F281ED838F834
:109DF000103007EE903AF8EE677A67EEA87A67EED1
:109E0000887A87EE887A206808350C3414ED020AC7
:109E100054ED017A77EEC07AA7EE870A0CF052F97A
:109E2000B542D4D10A20FDF71DFEC8E7BFEE007A87
:109E3000E9E700BF8C8C00200000803933335340A9
:109E40000CE60020048C0020A4A300200F2807D8D3
:109E5000054B33F8103000EE103ABBEECA0A7047DB
:109E6000BFEE000A704700BFA4A3002007EE900ACF
:109E70009FED047A044BF8EE677A67EE877AC3EDBC
:109E8000007A7047CDCC7A3C640F002038B56C4B1B
:109E9000D3F87C2192F89C1000295BD0D2ED307A67
:109EA0009FED687A77EE877AD3F8543493F89C2044
:109EB0001AB193ED307A77EE877A634800F58043E4
:109EC00093F8A821002A48D0D3ED695AF5EEC05A7C
:109ED000F1EE10FA40F38D8093ED687A5B4AF1EE73
:109EE000676A76EEC76A92ED006A93F8B42166EE6F
:109EF000A56A86EE867A42B193ED6E5AD3ED6F6A0B
:109F0000B4EEE65AF1EE10FA78D4B4EE477AF1EEF8
:109F100010FA80F18E80DFED4E6AB4EEE67AF1EE53
:109F200010FA02DB4B4A01211170B5EEC07AF1EE56
:109F300010FA5BD4DFED466AB4EE667AF1EE10FA01
:109F4000C8BFB0EE667A66EE076A86EEA56A77EE5F
:109F5000867A06E0DFED3B7AA6E79FED3A7AB0EE2F
:109F6000476A3D4AD0ED114AD2ED006AD3ED705AEE
:109F70003A4937EEE65AF4EEE75AE4EE856AF1EE36
:109F800010FA81ED006AC2ED006A47D4D3ED716A20
:109F9000F4EEE76AF1EE10FA22DCF7EE007A37EE23
:109FA000C77AF0EE477AFEEECA7A17EE904AA4F12D
:109FB000280525EAE575631B272B35D9EFF31082B9
:109FC00072B6274B1B7843B1264B1B680021D9631F
:109FD00041F201011964DD631C6482F3108838BD0D
:109FE000BDE838401848082106F060BF9FED157A9B
:109FF000A9E7BDE83840802106F058BF76EE454A13
:10A0000076EEC56A84EEA65AB5EEC05AF1EE10FAA5
:10A0100048BF9FED0C5A37EE057A76E7BDE8384029
:10A020000948102106F042BF0748202106F03EFFF4
:10A03000C4E7BDE838400448402106F037BF00BF00
:10A04000001000200000000010A40020640F002079
:10A050003333733FD0A30020D4A30020CCA300202F
:10A06000C8A30020E092002010B5094C0FCC86B0A8
:10A070000DF1040CACE80F002368CCF8003000218F
:10A0800001A8FDF7C1FC034B186006B010BD00BF6E
:10A09000D09F0308C4A30020D0ED067AF5EEC07A65
:10A0A000F1EE10FA0AD49FED0D7AF4EEC77AF1EED4
:10A0B00010FA07DD0A4BC0F8D03270470023C0F811
:10A0C000D03270479FED077A67EE877AFCEEE77A29
:10A0D00017EE903AC0F8D032704700BF300E0349F7
:10A0E00000B6F7FF0000FA450368194001607047A9
:10A0F000036819430160704790F87032B3B1D0F82B
:10A100008C3223B11B69B0F890221A420FD1D0E9EA
:10A110009E31013B41F1FF31D0F8242102F540523C
:10A120004FF0010CC0E99E3182F83CC97047D0E97C
:10A130009E31013341F10001EEE700BF836810B5A5
:10A14000044613B1032201469847204610BD00BFC4
:10A15000C0437047000000002DE9F04F0446416005
:10A160006381B149B14B23600C9BBDF9240022816E
:10A170008846A08103F5405B8A46B8E80F00DFED12
:10A18000AC7A9FEDAC1AC4ED067A002504F12407E1
:10A19000C4E904552577E58325840FC7B8E80F0087
:10A1A0000FC798E8030087E80300BAE80F004FF0F4
:10A1B000010E04F14C0C84ED0E1A84F83DE084F895
:10A1C0003EE0ACE80F00BAE80F00ACE80F0098E8FA
:10A1D0000300DFED996ADFED991ADFED992A9FED13
:10A1E000993A9FED994ADFED994A9FED996A9FED63
:10A1F000997AB2EE042AF3EE043A64220A238CE838
:10A200000300C4ED171AC4ED166A84F864E084ED07
:10A210001D2AC4ED1E2A84ED1F3AC4ED203A84EDB8
:10A22000214AC4ED224AC4E929238B4BC4F8D43017
:10A230000A9BC4F8D0300C9BC4F82431874BC4F877
:10A240002831C4E92B55C4E92D55C4E92F55C4E97B
:10A250003155C4ED266A84ED366AC4F88C50C4EDDD
:10A26000247AC4ED257AC4F89C5084F8A050C4F830
:10A27000CC50C4ED377A84F8E050C4ED397A84F8D4
:10A28000E850C4ED3B7AC4ED3C7A84F8F45084F88D
:10A29000F850C4F8FC500B9BC4F8203102260D9BEB
:10A2A000C4ED407AC4E95256C4ED417AC4F808615D
:10A2B000C4ED437AC4F81061C4ED457AC4F818615E
:10A2C000C4ED477A84ED4B7A84ED4C7A84ED4D7A77
:10A2D000C4ED4E7AC4ED4F7AC4ED507AC4ED517A94
:10A2E000C4ED547AC4ED557AC4F85861C4ED577A78
:10A2F000C4ED587AC4F86461C4ED5A7AC4F86C614C
:10A30000C4ED5C7AC4F87461C4ED5E7AC4F87C3143
:10A310000E9BC4F880310F9BC4F88431109BC4F8A5
:10A3200088319FED3F5B119BC4E963354FF40063B7
:10A33000C4E96555C4E96755C4E96955C4E96B5575
:10A34000C4E96D55C4E96F55C4E97155C4E9735545
:10A35000C4E97555C4E97755C4E97955C4E97B5515
:10A36000C4F86432C4E97D5584ED9E5BC4E9805530
:10A37000C4E98255C4E98455C4E98655C4E98855C1
:10A38000C4E98A55C4E98C55C4E98E55C4E9905591
:10A39000C4E99255C4E99455C4E99655C4F8FC51F2
:10A3A000C4F8605284F86852C4F86C5284F8705251
:10A3B0000A9BA4F88852C4E9A055C4E9AA55C4E987
:10A3C000AC55C4E9AE55C4E9B055C4E9B255C4F8BA
:10A3D0008C52A4F8905284F8A4521C630B9B84F80E
:10A3E00094621C600D9BCBF8D848C3F884400E9B48
:10A3F000C4F895521C600F9BC4F8995204F2952939
:10A40000A4F89D52C4F8A092C4F8D0521C61109BCD
:10A410001C61119B2046DC60BDE8F08FAFF300802B
:10A420000000000000000000E49F0308A0A803084B
:10A430000000000063141D44000048430000C843AE
:10A44000CDCCCC3EDB0F4940000020420000C8428A
:10A45000C74B6B410000807F84AC03081CAE03082F
:10A460004B4B9FED4C3ADFED4C7A9FED4C7ADFED94
:10A470004C3ADFED4C4A9FED4C5A9FED4C6ADFEDB4
:10A480004C6A2DE9F04F9E4684469B4600F1240716
:10A4900000F14C05BEE80F0095B0EA46AAE80F00AF
:10A4A000BEE80F00AAE80F009EE803008AE8030058
:10A4B000BBE80F000DF128094E46A9E80F00BBE8E4
:10A4C0000F00A9E80F009EE803004FF001038DF88C
:10A4D00019308DF81A30E84689E803009A46B8E842
:10A4E0000F0000248DED053ACCE90444CCED067A4A
:10A4F0008CF81C400FC7B8E80F000FC798E803009E
:10A500008DF840A08DED0D7A87E803000FCECDEDDC
:10A510000E3A0FC50FCE0FC596E80300B2EE044AFF
:10A52000F3EE045A64220A2385E803008CED1D4AE9
:10A53000CCED1E4A8CED1F5ACCED205A8CED216AD1
:10A54000CCED226ACCE92923BCF80810BCF80A201B
:10A55000DCF80430CCF88C40CCE92B44CCE92D4419
:10A56000CCE92F44CCE93144CCED247ACCED257AEA
:10A570008CED267A8CF8A040CCF8CC40ACF81E10BC
:10A58000ACF82020CCF89C3015B0BDE8F08F00BFAF
:10A59000E49F030863141D440000000000004843CA
:10A5A0000000C843CDCCCC3EDB0F49400000204228
:10A5B0000000C84210B5002286B0CDE90322D0F8D1
:10A5C00064320B4A0B49B0F80CC0ADF80CC004461D
:10A5D000CDE901129B08014601A80593FDF714FA85
:10A5E0000123C4F8600284F8683206B010BD00BFD1
:10A5F0007DB5010810D0040800B585B001A84FF062
:10A60000FF320121FDF760FA01A84FF0FF3201216E
:10A61000FDF75AFA01A84FF0FF320121FDF754FA75
:10A62000012005B05DF804FB10B4C28B124C102A57
:10A6300094BF04EBC2022246034692E8030083B0B3
:10A640006A4682E80300198CC3F8840210299088B6
:10A6500088BF0949A3F8880298BF04EBC10103C968
:10A6600082E803009288C3F88C02A3F8902203B01A
:10A670005DF8044B704700BF048C002010B5044601
:10A68000C0F8CC00FFF7D0FF2368134A1B68934241
:10A6900014D1D4ED067AF5EEC07AF1EE10FA04D5B5
:10A6A0000023C4F8D032012010BD9FED0C7AF4EEE7
:10A6B000C77AF1EE10FA05DD094BF2E7204698471C
:10A6C000012010BD9FED077A67EE877AFCEEE77AEE
:10A6D00017EE903AE5E700BF99A00108300E034954
:10A6E00000B6F7FF0000FA4510B5044682B0D0F876
:10A6F0007C01019101F0DCFA0199D4F87C0101F0B0
:10A7000019FFD4F884319A7AB2B11A7D5B7D9342F5
:10A7100012D08AB1D4F8A0321B780B2B0CD04FF496
:10A72000805104F51B70FFF7E3FCD4F86C02B0FA1B
:10A7300080F0400902B010BDD4F888319A7A002A1E
:10A74000F3D01A7D5B7D9342EFD0002AEDD0D4F890
:10A75000A0321B780B2BE8D04FF4005104F51B708E
:10A76000FFF7C6FCE1E700BF08B5037F83B1D0F86F
:10A77000D02222B1013AC0F8D022184608BD4FF4C9
:10A78000006100F51B70FFF7B3FC1346184608BDC7
:10A790000123184608BD00BF2DE9F0472DED088BB9
:10A7A000044682B00D4692469846EFF3108072B68A
:10A7B00091ED007A91ED016AD4F87C31CA68C4F851
:10A7C0003421C7EE066A93F838202F69C4F838712F
:10A7D000022A4FF00007C4F878714FF000014FF0E3
:10A7E0000007C4F84C11C4F85811C4F86411C4F837
:10A7F0006C11C4F87471DFEDBA7AC4ED4B6AC4ED24
:10A800004C6A16BFF0EE476AF0EE676AB0EE677A00
:10A81000023AC4ED547AC4ED557AC4ED577AC4EDCA
:10A82000587AC4ED5A7AC4ED5C7AC4ED4F6A84ED6F
:10A83000507A18BF012283F8E02093F8EC20022A16
:10A840001CBF022283F8EC2093F8F820022A1CBFD8
:10A85000022283F8F82093F80021022A04F5B27648
:10A8600018BF022204F5A67E04F5AC7CC3F8E4E030
:10A87000C3F8F0C0C3F8FC6018BF83F8002194F857
:10A88000E020C4F8DC60022A1CBF022284F8E02029
:10A8900093F88821022A1CBF022283F8882193F8AA
:10A8A0000821022A04F5B6711CBF022283F8082190
:10A8B000C3F88411C3F8041194F8E830C4F8E41024
:10A8C000022B1CBF022384F8E830D4F82431D4F8DA
:10A8D000D02003F5405302F1D00693F8E818C3F8EE
:10A8E000E46802291CBF022183F8E81893F8F818DD
:10A8F000D8320229C3F8F4281CBF022283F8F828B2
:10A9000080F310882046FFF777FED4F87C0100F131
:10A91000C80101F08BF8D5ED047A94F89432F5EE85
:10A92000C07AB7EE009AFFEE007AF1EE10FAB8BFE7
:10A93000B0EE679A002B40F0CC80DFED698ADFED46
:10A9400069AA9FED69AADFED699AB0EE68BA9946E7
:10A950008BE0D4F8D030D7ED086AD3ED377A95ED97
:10A96000096A77EEA77AF8EEE65A6AEEE76AB0EE81
:10A97000475AA6EEA55AF1EE467AE5EE0A8AF4EEBB
:10A98000E78AF1EE10FA00F18D80F4EE468AF1EEDE
:10A9900010FAC8BFF0EE468AD5ED086AD5ED075A21
:10A9A00068EEA66AE5EE856AF4EEE67AF1EE10FA54
:10A9B00008DCB4EEE66AF1EE10FA54BFF0EE667A07
:10A9C000F0EE467A77EE277A94ED5C8A97F8383085
:10A9D000C4ED4E7A38EE478A022BB0EEC88A18BF13
:10A9E000D5ED006AD5ED057A94ED5E7AEB68C4F892
:10A9F0003431B4EEE98A08BFF0EE4B6AF1EE10FA9A
:10AA000029EE077A69EE277AC4ED4F6A02D82B7EC9
:10AA1000002B4AD1B4EEE77AF1EE10FA02DB6B7E3E
:10AA2000002B42D1D4F8D00090F88E306BB3AB7EBF
:10AA3000002B3AD1D8F808308BB1B4EEE98AF1EEA8
:10AA400010FA94BF01220022D8F80C308DF80720AC
:10AA50000DF1070140469847064600283DD00120E9
:10AA6000FDF700F894F894329BBBD4F87C7197F80A
:10AA70009C60EEB1EB7E95ED047A002B7FF469AF1C
:10AA8000DFED178AF0EE477A9EE7B4EEE98AF1EE41
:10AA900010FACFD8B9F1000FCCD10121B14602F0A4
:10AAA000DDF9C7E7F0EE678A76E7BAF1000F09D162
:10AAB0000021384600F0FCFF304602B0BDEC088BA8
:10AAC000BDE8F0875646304602B0BDEC088BBDE8C5
:10AAD000F087D4F87C710026EAE7D4F87C71E7E7C8
:10AAE00000000000DB0F49406F12833A0000003481
:10AAF000F0B5C57D85B00446002D40F03381EFF3FD
:10AB0000108672B6002D00F0DC80D4F8243103F5F5
:10AB1000405393F8E82893F8F818022A1CBF022241
:10AB200083F8E8280022C3F8E42893F8F028022AE2
:10AB30001CBF022283F8F0280022C3F8EC2893F807
:10AB40000029022A1CBF022283F800290022C3F830
:10AB5000FC28D4F82021022902F13802C3F8F42895
:10AB600002D0022283F8F828D4F8240103F0EEFD85
:10AB7000D4F82421D4F87C3102F54051012081F829
:10AB80003C0901F60C104FF0000CC0F800C093F81F
:10AB9000800102F5655208320228C3F87C211CBFEF
:10ABA000022283F88021002D40F0D580D4F8D020F7
:10ABB000D2ED177AF8EEE77A93F8380093F8ECC004
:10ABC000C3ED637A821E18BF012283F8E020BCF136
:10ABD000020F03F5CE7293F8F8C0C3F8E4201CBF4F
:10ABE000022283F8EC2003F5C872BCF1020FC3F80F
:10ABF000F0201CBF022283F8F820002D00F0AE8068
:10AC0000D4F82021283294F8E0C0C4F8DC20BCF14C
:10AC1000020F1CBF022784F8E07093F800C10328DC
:10AC200008BF04F58C72BCF1020FC3F8FC201CBFF6
:10AC3000022283F80021002D00F08980D4F8202121
:10AC4000303294F8E8C0C4F8E420BCF1020F1CBF15
:10AC5000022784F8E870032893F8880108BF04F5F8
:10AC6000887202281CBF022083F8880193F808012B
:10AC7000C3F884210228C3F804211CBF022283F8F0
:10AC800008219DB1D3ED087A9FED667AD4ED176A5D
:10AC9000F8EEE77A01F6181367EE877A01F60811E5
:10ACA00086EEA77A83ED007A81ED007A86F310882C
:10ACB000D4F87C3193F89C60002E68D0304605B003
:10ACC000F0BDD4F8240100F5405393F8C028012AC0
:10ACD0006AD8554993F8F0C84FF4367707FB021746
:10ACE000BCF1020FD7F8D07007F1E007C3F8EC7899
:10ACF0001CBF022783F8F07893F800794030012FC9
:10AD0000C3F8FC081CBF012083F800094FF436701B
:10AD100000FB021093F8E878D0F8D000022F00F181
:10AD2000D000C3F8E4081CBF022083F8E8084FF401
:10AD3000367000FB021293F8F818D2F8D0200229DE
:10AD400002F1D802C3F8F4287FF40BAF0CE7D4F873
:10AD5000D020A43275E7F7EE007A2DE7D4F8D020A2
:10AD60009C3250E70023029301226B4600F14C0114
:10AD7000FFF712FD029B06461BB1694603220846F7
:10AD80009847002E7FF4BBAE304605B0F0BD20469C
:10AD9000FFF732FCD4F87C0100F1C80100F046FE58
:10ADA0000126304605B0F0BD93F8F028C3F8EC5802
:10ADB000022A1CBF022283F8F02893F8E828022A0E
:10ADC0000CBF00220022C3F8E42893F800291CBF1E
:10ADD000022183F8E818022A0CBF00220022C3F8DF
:10ADE000FC2893F8F8281CBF022183F80019022AD6
:10ADF00017BF02210022002283F8F818C3F8F428B4
:10AE0000102103F0D5FB86F310880026304605B0EC
:10AE1000F0BD6846FFF792F91DF0FCFE86F310883E
:10AE20001DF0F8FEDB0FC94000100020F8B5D0F887
:10AE3000242102F54053044603F6141540F2022083
:10AE40002DED028BD2ED147A1083002101222960AE
:10AE500003F6181083F83C2903F61C13F1EE677A09
:10AE60000022C0ED007A19604FF4805084F8A422CB
:10AE7000FFF76EF904F51B7601463046FFF734F90B
:10AE80002046FFF735FE94F894325BB1AFE0D4F87A
:10AE90008421157DE5B9FCF7E5FD94F89432002B8B
:10AEA00040F0A580D4F87C3193F89C200120002A42
:10AEB000EDD11846002100F0FBFDD4F8243103F554
:10AEC0006453002200259A61BDEC028B2846F8BD30
:10AED0000021184600F0ECFDD4F8243103F564534A
:10AEE00000279F614FF48050FFF732F9014630464A
:10AEF000FFF7FAF8D4F8D03093ED358AD4F824313E
:10AF000040F203521A832046FFF7F2FDD4F8842161
:10AF1000D4F82431D2ED007A94F8942203F540530A
:10AF200077EE887A03F61411C1ED007A03F6041166
:10AF300081ED008A03F608110F600121A3F83C1986
:10AF400072B165E0D4F8243103F5405393F83D59CC
:10AF5000002D4FD1FCF786FD94F89432002B4ED192
:10AF6000D4F87C2192F89C1001200029EAD11046E7
:10AF700000F09EFD002DA7D0D4F8D000036800217A
:10AF80001B689847D4F82431616803F5405393F85F
:10AF9000C0288A4210D0012A0ED8204B4FF43671B7
:10AFA00001FB02320021D2F8D00003681B689847E9
:10AFB000D4F8243103F5405303F6141100220A603B
:10AFC00003F6041101260A6003F6081130460A60F0
:10AFD00083F83C69FCF746FDBDEC028BD4F86C525B
:10AFE00084F8A462B5FA85F56D092846F8BDD4F851
:10AFF0007C315EE70021104600F05AFDBCE7D4F832
:10B000007C01294600F054FDBDEC028B2846F8BDBA
:10B01000D4F87C01002100F04BFDADE700100020CA
:10B0200030B5044683B0FFF763FD637D04F52175F9
:10B03000002B41D0264B009400220121284607F026
:10B0400079F900283ED0012384F8703294F89432C4
:10B050002BB10BE0FCF706FD94F8943233B9D4F829
:10B060007C3193F89C300120002BF3D1637D0BB130
:10B07000A37D8BB9002384F87032284607F038FA94
:10B08000D4F87C01002100F013FDD4F86C02B0FA72
:10B0900080F0400903B030BD0D4B00940022012127
:10B0A000284607F047F918B90A4B012283F8CC2249
:10B0B000012384F87032E3E784F87032284607F001
:10B0C00017FAC3E7034B012283F8CC22BBE700BF8A
:10B0D000F9A0010810E4002010B5D0F87C31044636
:10B0E00082B0D868F2F748FFD4F88C31C4F88002F7
:10B0F0001A68184613689847637D0BB1A37DCBB9D6
:10B10000002384F8703204F5217007F0F1F906E0AD
:10B11000D4F87C0100F02CFD0120FCF7A3FC94F88E
:10B120009432002BF4D0D4F86C02B0FA80F04009CD
:10B1300002B010BD084B00940022012104F52170DB
:10B1400007F0F8F818B9054B012283F8CC22012347
:10B1500084F87032E3E700BFF9A0010810E4002092
:10B160002DE9F04F2DED028B00F2962600F29F277D
:10B17000DFEDB78A9FEDB78A85B0054600F1740907
:10B18000A7EB060895F89432CBB1022B00F066814C
:10B19000032B00F09581012285F8962285F89532DF
:10B1A0000222AB18002283F89522012085F8942210
:10B1B000FEF7CEFF014605F51B70FEF795FFD5F8AB
:10B1C000A0321B78013B0C2B12D8DFE813F03A01B8
:10B1D00011001100270111002D011A01EA00CC0015
:10B1E000A20089007D0022004FF4007101F0CCFD27
:10B1F000012105F51B70FEF77BFF0022D5F8A03278
:10B20000C5F89522C5F89922A5F89D2201221A7049
:10B21000B8E7D5F87C3193F89E30002BE8D0D5F80C
:10B22000D00090F86530002BDED001F093FF04468B
:10B23000002CE2D005F29524311B4145A7EB040C0C
:10B2400000F08580ACEB010E714521DA012900F098
:10B250006181BEF1000F04EB01030DDD601E03EB05
:10B260000E0B10F8012F93F800A080F800A003F84F
:10B27000012B5B45F5D174449CFBF1F301FB13C337
:10B28000002B6CD08C46C91AACEB010E7145DDDB8E
:10B29000BEF1010F00F0338104EB0C020029A2EB98
:10B2A0000E0340F3D2805C1A13F8011D12F8010D51
:10B2B0001870A3421170F7D19CFBFEF10EFB11C177
:10B2C00000294CD0F446BDE7D5F87C3193F89E3088
:10B2D000002B8DD0D5F8D00001F0ACFE0446A7E7D6
:10B2E000D5F88421D5F82431927A93F818B093F8E0
:10B2F00019A0002A40F019814FF4003105F51B70A8
:10B30000FEF7F6FED5F8243183F818B083F819A0BB
:10B3100073E7D5F87C3193F89E30002B3FF468AF8B
:10B32000D5F8D00001F034FE00283FF466AFD5F820
:10B330007C31D5F8D00093F8381005F2952401F04F
:10B34000DDFC311B4145A7EB040C7FF47BAF95F886
:10B35000953295F8962285F8952285F89632002345
:10B3600085F89E320EE7D5F87C3193F89E30002B9D
:10B370003FF43EAFD5F8D030DB6D002B3FF438AF53
:10B3800000226B46494628460292FFF705FA029BC7
:10B390000446002B3FF44CAF0322694668469847A9
:10B3A00046E7D5F87C3193F89E30002B3FF420AF70
:10B3B000D5F8D030DB6D1BB9EB7D002B3FF418AF17
:10B3C0002B68254A1B68934240F0CC80D5ED067A65
:10B3D000F5EEC07AF1EE10FA00F1B780F4EEE87AFB
:10B3E000F1EE10FA00F3C18067EE887AFCEEE77A9E
:10B3F00017EE903AC5F8D0322846FFF711FE044602
:10B4000016E7D5F87C3193F89E30002B3FF4F0AE70
:10B41000D5F8D00001F08CFF044609E7D5F87C018F
:10B4200000F0EEFD044603E7D5F87C3193F89E303A
:10B43000002B3FF4DDAED5F8D00001F073FD0446DB
:10B44000F6E62846FFF748FEF4E61C4634E700BF60
:10B45000300E03490000FA4599A00108297C002913
:10B460004BD0042285F8952201211A46687C50B100
:10B47000D5F8D03093F858302BB16B180620114610
:10B4800083F895020132A87C28B16B180720114679
:10B4900083F895020132287D28B16B180B201146E4
:10B4A00083F895020132E87C28B16B180820114618
:10B4B00083F8950201326B18012183F8951270E62A
:10B4C000D5F8D0108A8E0420012A85F8950237D04D
:10B4D0000223012291F8581029B1A91806201A4612
:10B4E00081F895020133A8182B440724012180F824
:10B4F0009542023283F8951253E60122B6E70CF129
:10B50000FF3214F802A042BB002384F800A085F8A3
:10B510009E3237E6BCF1010A94F800B017D100233F
:10B5200004F80AB085F89E322CE62846FFF77EFC28
:10B53000D5F82431044683F818B083F819A077E6CB
:10B540000C2285F896220222C4E7002352E75246D5
:10B55000611C2046E5F7B8FAE1E72146601CE5F7F3
:10B56000B3FAD1E72846984746E7034B42E76846D7
:10B57000FEF7E4FD1DF04EFB00B6F7FF08B5FFF740
:10B58000EFFD00BF4068704790F8243000228261D0
:10B5900013B1002380F82430704700BF82B010B48C
:10B5A00083B00DF1080C9DF81C4005930CE90600D2
:10B5B0000246002C45D090ED077ADDED054A9FED5F
:10B5C000324A90ED015AD0ED055A90ED026ADDED58
:10B5D000066AD0ED067AC0ED044A76EEC76A25EE1B
:10B5E000045A75EEE45A26EE046AE5EE257AA6EED4
:10B5F000267AD2ED036A80ED077AB0EEE77AF4EEB0
:10B60000C76AF1EE10FAC0ED067A2BD49DF804302B
:10B610008BB3DDED006A9FED1D7A66EE876AB7EEAB
:10B62000006A86EE267A01230020002182F8243069
:10B6300067EE277AC2ED087A03B05DF8044B02B0DA
:10B640007047DFED136AB0EE667AC0ED046AF0EE83
:10B65000667AC0ED066AD2ED036AF4EEC76AF1EECF
:10B6600010FAD3D50B4B93610120002103B05DF894
:10B67000044B02B070474FF00040002103B05DF86A
:10B68000044B02B0704700BF6F120339ABAA2A3FC8
:10B69000000000000000C07F00230372704700BF5D
:10B6A00082B010B483B00DF1080C9DF81C400593D6
:10B6B0000CE90600089A44B3037ADDED057A63B914
:10B6C000012302610372C0ED057A8261002100202E
:10B6D00003B05DF8044B02B0704790ED017A90ED35
:10B6E000056AB5EEC07A37EEC66A90ED077AFFEECE
:10B6F000006AF7EE005AF1EE10FAB8BFF0EE656A94
:10B70000A6EE267A80ED077ADDE74FF08040002133
:10B7100003B05DF8044B02B0704700BF10B5034B97
:10B72000036004461DF040FB204610BD54A90308E9
:10B7300010B5054B036004461DF036FB204608217A
:10B740001DF066F9204610BD54A9030890F8241096
:10B7500011B9002004217047117AD0F820C081B1BE
:10B760000021C2F800C05160D0ED087A90ED047A53
:10B7700067EE877A01221A71C3ED007A002000215A
:10B780007047002151600121C2F800C01172EBE73F
:10B7900010B5D0E9004122430B43C0E9002310BD9E
:10B7A000036819430160704713499FED147AD1ED86
:10B7B000007A117A67EE877AF7EE006A86EEA77A4A
:10B7C000D0ED017AF1EE677AC0ED017A67EE277A63
:10B7D00051B10021C2ED007A5160002101221960AF
:10B7E0001A7100200021704700200121C2ED007A6B
:10B7F00050601172F1E700BF640F0020ABAA2A3F2E
:10B8000010B5044608201DF0C9F90349034AC0E9F0
:10B81000001403491DF094FE54A903081DB7010844
:10B82000E0A80308094B0A4A5B6A10B45B0014786D
:10B830009BB25A1A14B1C0E900138260C3685DF864
:10B84000044B934238BF1346C3607047001C00404E
:10B85000FC0F002000000000DFED697ADFF8B8C1BE
:10B86000027187EEA77AC0F848C00722DFF8ACC1A2
:10B870000262C0F84CC04FF08042DFF8A4C182627F
:10B88000C0F850C05F4ADFF89CC14263F0B5C0F811
:10B8900054C09FED5D6ADFF890C1DFED5C6A069EE3
:10B8A000079D059F01604FF082420021C360026442
:10B8B000574BC0F870C04FF0FF4E4FF07E5C554ABA
:10B8C00001774362C0ED0B7AC0ED0C7A80F8381036
:10B8D000C3638365C0F844E0C36580F860104366C5
:10B8E000A0F86C104661856180ED020A0761C0F81E
:10B8F00068C080ED1E6AC0ED1F6A9FED3F6BC0F807
:10B90000C82027EE277A2032C0F8DCC0C0F8CC204F
:10B910004FF0010C0222C0E92111C0F874E0C0F818
:10B920008C10C0ED267AA0F89C1080F89E1080F84C
:10B93000AC10C0ED2C7AC0ED2D7AC0ED2E7AC0EDA2
:10B940002F7AC0ED307AC0ED317A80F8E010C0ED8A
:10B95000397AC0ED3A7A80F8EC10C0ED3C7AC0ED4F
:10B960003D7A80F8F810C0ED3F7A80F80011C0ED04
:10B97000417A80F8081180F8101180F81C1180EDD0
:10B98000246B80F8281180F8301180F8381180F885
:10B99000441180F85011C0ED577AC0ED587AC0EDCF
:10B9A000597AC0ED5A7AC0ED5B7AC0ED5F7A80F8C3
:10B9B000801180F88811C0ED617AC0F89021C0F83C
:10B9C0009C21C0F87031306280F8D8C0C0ED5D7A3B
:10B9D000C0ED5E7AC0ED637AC0ED657AC0ED667A3F
:10B9E000C0ED687AC0ED697AC0F88000C0ED347AA5
:10B9F00080ED357A2862F0BD0000000000000000F4
:10BA0000000000000AD7233DCDCCCC3DCDCC4C3E30
:10BA100000002041CCAD03080000704200007A44D1
:10BA20000000C8420000F042000080FFD0F88430DF
:10BA300070B50446D3F88C0103685B680D469847DF
:10BA4000EFF3108672B6D4F88430C4F8A851D3F856
:10BA5000240102F099FDD4F88430D4F8A801002222
:10BA6000C3F8002110B103681B6898470E4B93F888
:10BA7000A83113B10D4B1B783BB140F20113A4F870
:10BA80009C3086F31088012070BD4FF40002002323
:10BA900004F19000FFF77CFE86F31088012070BD52
:10BAA00086F310881DF0B6F810E40020C8A300202B
:10BAB00038B50C46EFF3108C72B60021036890F88D
:10BAC0009C50A0F89C101B685A6C22F480425A6467
:10BAD0005A6C22F400425A64C0F8A8118CF3108802
:10BAE0001DB904B12570012038BDFEF7CFF9F8E784
:10BAF000D0ED0B7A90ED0C6AD0ED136A90F8D83047
:10BB000086EE277A67EEA67A27EE277A23B1C0ED74
:10BB1000347A80ED357A70470123C0ED347A80EDB8
:10BB2000357A80F8D8307047D0ED0B7A90ED0C6AFA
:10BB3000D0ED136A90F8D830027FC0F8800086EE0E
:10BB4000277A80F89E2067EEA67A27EE277A2BB117
:10BB5000C0ED347A80ED357A012070470123C0EDC5
:10BB6000347A80ED357A80F8D8300120704700BFF4
:10BB700010B52DED028B044682B0406900F0CCFE7A
:10BB8000A06900F0C9FE94ED028ADFED137A94ED0E
:10BB9000120AE06828EE278A01A988EE000AF2F767
:10BBA00021F9A0B1E068DDED017AF7EE006A86EEDA
:10BBB000A77ADFED0A7A84ED317A27EE088A68EEFB
:10BBC000277A84ED5D8AC4ED5E7AF2F727FA02B037
:10BBD000BDEC028B10BD00BF1F859B3FCDCCCC3D83
:10BBE00010B504469030FFF7D3FDD4F884009FEDE4
:10BBF000167A402100F51B70FFF7D2FD134BD3EDF1
:10BC0000B77AF8EE677A67EE877AC4ED267AEFF3B3
:10BC1000108C72B60021236894F89C00A4F89C1044
:10BC20001B685A6C22F480425A645A6C22F4004217
:10BC30005A64C4F8A8118CF3108800B910BDBDE88F
:10BC40001040FEF723B900BF6F12033910E4002043
:10BC5000F8B505460C461646EFF3108772B6124B40
:10BC600093F8A83113B1114B1B7893B12B6822883C
:10BC70001B685A6362889A63A288DA6336B995F8BA
:10BC80009C201AB15A6C42F480425A6487F310889F
:10BC9000F8BD4FF400020023FFF7A2FFE6E787F3A9
:10BCA00010881CF0B7FF00BF10E40020C8A30020DC
:10BCB000D0F8843090ED0F0AD3F87C3110B593F8AA
:10BCC0003820022A2DED028B044627D0D3ED5D8A61
:10BCD000B4EEE80AF1EE10FAD8BFF0EE408AA0699F
:10BCE00003689B68984760690368F4EEC08AF1EEC8
:10BCF00010FAB0EE408A9B6894ED0F0AD8BFB0EE00
:10BD0000688A9847B4EEC08AF1EE10FAD8BFB0EE58
:10BD1000480ABDEC028B84ED5C0A10BD074BDFEDD9
:10BD2000087AD3ED008A68EEA78AB4EEE80AF1EE4D
:10BD300010FAD8BFF0EE408AD1E700BF640F0020B0
:10BD40007CD8103F90F8383090ED5C0AD0ED0D7A39
:10BD5000032B09D020EE270AB5EEC00AF1EE10FA47
:10BD60000FD59FED0D0A7047D0F8843020EE270ADA
:10BD7000D3ED407A20EE270AB5EEC00AF1EE10FAB4
:10BD8000EFD4D0ED117AB4EE670AF1EE10FAC8BF25
:10BD9000B0EE670A704700BF00000000A2F5BA7C51
:10BDA00040F617539C4510B5044617D8A2F500631A
:10BDB00007EE903A9FED0F7AD1ED316AF8EEE77A0F
:10BDC000012367EE877A91ED027A037167EEA67A16
:10BDD00067EE877AC0ED007A204610BD01F1900031
:10BDE0004FF480620023FFF7D3FC00232371204629
:10BDF00010BD00BF3333533A30B52DED028B8BB0FD
:10BE000000230993CDE9063304933B4B02930123AE
:10BE10003A4A3B4C8DF8243069464FF07E530094EB
:10BE2000B0EE408ACDED030A054608928DED050A75
:10BE300040F6B8340193FFF7F9FD08E0D3F87C3100
:10BE400093F89C3053B1FBF70DFE013C06D0D5F8BA
:10BE5000843093F894220120002AEFD095F89C407A
:10BE6000EFF3108C72B600212B6895F89C00A5F8B2
:10BE70009C101B685A6C22F480425A645A6C22F45B
:10BE800000425A64C5F8A8118CF3108848BBDDED58
:10BE9000066A9DED057AC6EE877AF4EE677AF1EED2
:10BEA00010FAC5ED0C7A1FD6DDED077AF4EE677A4D
:10BEB000F1EE10FA0AD6F0EEE77A87EE887ADFED37
:10BEC000117AB4EEE77AF1EE10FA05DD00220823CC
:10BED0002846FFF785FE002420460BB0BDEC028B00
:10BEE00030BDFDF7D3FFD2E7012200232846FFF73C
:10BEF00077FE0024D8E700BF0000A0420000C07F0A
:10BF000068A90308CDCC4C3E30B589B00023374931
:10BF1000059100228DF80830049306936946344B4E
:10BF20000392054607928DED010A40F2E244009328
:10BF3000FFF77CFD08E0D3F87C3193F89C3053B1D7
:10BF4000FBF790FD013C06D0D5F8843093F894229D
:10BF50000120002AEFD095F89C40EFF3108C72B6C8
:10BF600000212B6895F89C00A5F89C101B685A6C62
:10BF700022F480425A645A6C22F400425A64C5F892
:10BF8000A8118CF3108870BB069B049ADFED196A28
:10BF9000DDED075A9B1A07EE903AF8EE677A87EEC6
:10BFA000A67ADDED017ADFED146A85EE876AF0EEA0
:10BFB000E77A87EE867AB4EEE67AF1EE10FA85ED4E
:10BFC0000B7A06DBDFED0D7AB4EEE77AF1EE10FACC
:10BFD00006D90222002305F19000FFF7D9FB0024C7
:10BFE000204609B030BDFDF751FFCDE70000C07F0E
:10BFF00084A90308A037204DBD3706366F12833B56
:10C0000010B590F838302DED028B0446E3B1032BC8
:10C010001AD0022B22D1D4ED0B7A94ED0C6AD4ED18
:10C02000136A94F8D83086EE277A67EEA67A27EE60
:10C03000277AFBB1C4ED347A84ED357ABDEC028BFE
:10C04000012084F89E0010BD94ED0A8A94ED090A3F
:10C05000F0EE480A2046FFF7CFFE18B9BDEC028B80
:10C06000002010BDB0EE480A2046FFF74DFF002823
:10C07000D1D1F3E70123C4ED347A84ED357A84F825
:10C08000D830DBE782B02DE9F0410446D4ED1F7AC9
:10C090008B48D4F88460456AB1EE0E7A8AB067EEB8
:10C0A000877A10A894ED2F7A80E80C00D4F88830B5
:10C0B000B4EEE77A6D000133F1EE10FA0F46ADB23F
:10C0C000C4F888300BDB94ED2C7AD4ED5E7AF0EE78
:10C0D000C76AF4EEE67AF1EE10FA00F38B8094F87A
:10C0E0009D305A1E012A40F2BA8094F8AC30002BE1
:10C0F0007CD1744804F000FF94F8AC30002B5ED083
:10C10000D4ED297A94ED287AD4ED2A6AD4ED105A28
:10C110009FED6D6A67EEA77AE7EE077A94ED5C7A99
:10C12000E6EEA67A37EE257A67EE867A27EE077A6C
:10C13000B4EEE77AF1EE10FA00F19F80D4F8A8C1CE
:10C14000BCF1000F23D0614B1B680493DCF8003076
:10C15000D3F8048094F8AC3001228DF81420002B21
:10C1600038D18DF8243003970AAA12E907008DE828
:10C17000070004AF97E80600069B6046C04750EAF8
:10C18000010304D002460B462046FFF729FD4C4B25
:10C190004F4A5B6A11785B009BB25A1B19B1C6E922
:10C1A0009053C6F84822D6F84C32934238BF134613
:10C1B000C6F84C320AB0BDE8F04102B0704794F8BE
:10C1C0009C30002BBAD04FF0804200232046FFF76E
:10C1D00007FDB3E7D4F8A0300693D4F8A430079352
:10C1E000D4F8A8308DF824200893BCE7002384F805
:10C1F000AC307EE7D4ED2D6AB0EEE66AF4EEC67A96
:10C20000F1EE10FA7FF76BAF94ED2E5A94F89D3053
:10C21000B0EEC56AF4EEC67AF1EE10FA03F1FF3221
:10C220007FF760AF012A1AD99DF84C30002B3FF4FC
:10C230005CAFDDED105A9DED116ADDED127A94F8D8
:10C24000AC3035EEC77A76EE666A77EEC57A33B3F0
:10C2500084ED287AC4ED296AC4ED2A7A49E794F876
:10C26000AC208AB10022C4F8A020C4F8A420C4F8ED
:10C27000A820013384F89D303BE74FF4805200231F
:10C280002046FFF7ADFC59E70022C4F8A020C4F80F
:10C29000A420C4F8A820012284F8AC20E9E70123F7
:10C2A00084ED287AC4ED296AC4ED2A7A84F8AC308A
:10C2B0001FE7294606F51070FFF7B4FA1CF0AAFC38
:10C2C000001C004010A40020ABAA2A3F640F0020ED
:10C2D000FC0F002082B030B42F499DF81450496AF9
:10C2E00002AC490084E80C00D0F884408AB2002DEA
:10C2F00048D09FED2A3A90ED1F7A90ED2C6AD0ED50
:10C300002D6ADDED024A9DED035ADDED045A90EDF4
:10C310002F4AC3EE077AF7EE003A90ED2E7AF4EE4C
:10C32000637A74EEC64A35EE665A75EEC75AF1EE78
:10C3300010FAC8BFF0EE637AA4EEA76AE5EE276AAA
:10C34000A5EEA77A34EE034A80ED2C6A80ED2F4AE1
:10C35000C0ED2D6A80ED2E7A0F4B11495B6A08788B
:10C360005B009BB2991A18B1C4E98C23C4F8381247
:10C37000D4F83C328B4238BF0B46C4F83C3230BC58
:10C3800002B070470023C0F8B030C0F8B430C0F835
:10C39000B830C0F8BC30DFE7001C00406F12033932
:10C3A000FC0F0020F0B55E4A5E4B566AD0F88C2038
:10C3B000D0F88470D0F8A851013289B0C0F88C2030
:10C3C0000022CDE9032204468E4693E8070076005A
:10C3D0000DF1140C8CE80700B6B2002D79D062463E
:10C3E000D5F800C0284603ABDCF808507146A847D2
:10C3F00094F89C30B3B350EA01037AD19FED4A6AB6
:10C40000DDED056A9DED067ADDED077A66EE866A5A
:10C4100027EE067AFCEEE66A67EE867A16EE903A2A
:10C42000BCEEC77AFCEEE77AADF8043017EE103AAE
:10C43000ADF8063017EE903A002201A92046ADF87B
:10C440000830FFF705FC94F89C305BB19DF8103084
:10C4500013B1DDED037A0EE04FF080420023204659
:10C46000FFF7BEFB9FED317A0123F0EE477A8DEDA9
:10C47000037A8DF8103094ED1C7AC4ED307AB4EE66
:10C48000E77AF1EE10FA1DDC94ED1D7AB4EEE77A4E
:10C49000F1EE10FA16D4FDF7F9FC214B244A5B6A41
:10C4A00011785B009BB29A1B19B1C7E99463C7F876
:10C4B0005822D7F85C32934238BF1346C7F85C3233
:10C4C00009B0F0BD4FF4800200232046FFF788FB3F
:10C4D000E1E794F89C30002BC4D023681B685B6CA8
:10C4E00029464FF4001002460B462046FFF778FB22
:10C4F000A9E723681B685B6C13F40043F3D104299C
:10C5000008BF9842EFD10022012303928DF810302A
:10C510009FE7314607F51470FFF784F91CF07AFBAA
:10C52000001C00400CA0030800C05A450000000099
:10C53000FC0F002038B50546C068F1F7A5FCE86897
:10C54000F1F740FC98B1A86900F024FA044630B134
:10C55000686900F01FFA044688B1204638BD2846B5
:10C560004FF400320023FFF73BFB204638BD044662
:10C57000082228460023FFF733FB204638BD4FF43E
:10C58000802200232846FFF72BFBE6E770B52DED50
:10C59000048B90F88031022B82B0044600F0D580E5
:10C5A000012B00F0BF80002B40F0708190ED5F7A8E
:10C5B000D4F89C31D4ED637A012B27EE277A00F072
:10C5C000BF809FEDB76AF0EE466AD4F88450D5F884
:10C5D0007C3193F83820D3ED5C7A032A00F0D280C6
:10C5E0009FEDB06A27EEC68AF4EEC86AF1EE10FA43
:10C5F00008D427EE868AF4EEC86AF1EE10FAD8BFA6
:10C60000B0EE668AD3ED0D6AC7EE268A28EE480A98
:10C61000A7EEA70AB5EEC00AF1EE10FA00F2A88064
:10C620009FEDA19ADFED9E7AF4EEC98AF1EE10FA41
:10C6300008D4F4EEE87AF1EE10FA54BFB0EE689A3E
:10C64000B0EE679A022A06D0002384ED688A84ED52
:10C65000699AC4F89C31954B5E6A05F1D400760066
:10C66000B6B201F0D3FD914B91495B6A09785B004A
:10C670009BB29A1B19B1C5E98063C5F80822D5F8A9
:10C680000C32934238BF1346C5F80C3294F8883107
:10C69000022B00F09E80012B00F0E280002B40F086
:10C6A000F580D4ED616A94F86C30002B00F0A28024
:10C6B00094ED0B6ADFED7A7AD4ED0C5A94F86D3074
:10C6C00026EE866AB0EE677AA9EE467AE6EE087A3A
:10C6D000A5EE887AE9EE257A6BB194ED086AD4ED7F
:10C6E0000D4A9FED745AB8EEC66A66EE856AC4EECE
:10C6F000865AE6EEA57AD4F88430D3F87C3193F8E4
:10C700003830022B04BF38EE077A79EE277A0023FF
:10C7100084ED657AC4ED667AC4F8903102B0BDEC60
:10C72000048B70BDD0F87C31B3B193ED007AD4F8AE
:10C730009C31D4ED637A012B27EE277A7FF441AF49
:10C74000D4ED686A94ED696A3FE7D0F87C311BB19B
:10C750001A68002A00F081804FF08052002304F113
:10C76000900002B0BDEC048BBDE87040FFF710B83C
:10C77000B5EE400AF1EE10FA79D4F1EEC07AB1EEDE
:10C78000679A51E794F86000E0BB9FED466A27EE98
:10C79000C68AB4EEE68AF1EE10FA08DC27EE868A45
:10C7A000B4EEE68AF1EE10FA58BFB0EE668AD5ED27
:10C7B000405AD4ED166A93ED0D6AF4EEE65AF1EEA6
:10C7C00010FA58BFF0EE656A66EE266AC7EE268A52
:10C7D0001CE7D4F8843123B11A6812B9D3ED016A89
:10C7E00061E794F86C3013B994F86D3083B34FF06F
:10C7F0000062B3E794F86D3053B3DFED297AB0EE01
:10C80000677A6AE7B0EEC66AF4EEC66AF1EE10FA2D
:10C810004CBF94ED195A94ED1A5ADFED275A94ED56
:10C82000178A36EE666A26EE056AE6EE256AF4EEAB
:10C83000C86AF1EE10FABAD49FED208A27EE888AF2
:10C84000F4EEC86AF1EE10FAD8BFB0EE668AAEE731
:10C850009FED137AF0EE477A4DE793ED017AA7E664
:10C86000D4F88431002BBCD0D3ED006A1BE70191D2
:10C87000E3F756FDD4F884500199D5F87C31F0EEF9
:10C88000407A93F83820B1EE409ACDE60C48FEF796
:10C89000B7FF314605F50070FEF7C4FF1CF0BAF98A
:10C8A00000000000A4707D3F00000080001C0040DC
:10C8B000FC0F0020ABAA2A3F6F1203396666663F61
:10C8C000A4A80308C3691B7803B3D0E90532D0EDEF
:10C8D000046AD2ED007A93ED007A77EEE66A37EEDD
:10C8E000C77AC6EE877A67EE807AF5EEC07AF1EE07
:10C8F00010FA0CD4F4EE677AF1EE10FA07D6F4EEE3
:10C90000C07AF1EE10FAD8BFB0EE670A7047DFEDDB
:10C91000017AF4E70000000010B504468088FDF7B6
:10C9200095FAD4E90232DFED197A4AB103EB8202BB
:10C93000B3EC017AA0EE277A9A42F0EE477AF7D16B
:10C94000D4ED096A9FED126A94ED0A7A77EEE67AE1
:10C95000E7EE866AF0EE477A76EEC75AC4ED096ACA
:10C96000E5EE867AF4EE677AF1EE10FAC4ED0A7A13
:10C9700002D6C4ED047A10BD9FED047AF0EE477A3A
:10C9800084ED097A84ED0A7AF3E700BF0000000025
:10C990000BD7A33AC3691B7883B1836990ED047AFE
:10C9A000D3ED007AF1EE046A77EEA67AB4EEE77A78
:10C9B000F1EE10FAB4BF012000207047012070474B
:10C9C00030B500F12C05C0E902230D4C4561002370
:10C9D00000F13005C0E908330A4A818004610A4940
:10C9E0000A4C8561836200F13405012300F1240EB5
:10C9F000C5610460C162026380F8343030BD00BF9D
:10CA00000000C07F0000F0420000C842F8AA0308FE
:10CA100070B5194B194DDFF870C0044693E8030058
:10CA200082B06A4604F12C0682E80300A66004F195
:10CA30004006256166614FF6FF7504F14406002348
:10CA40000421A580A6610E480E4DE16004F1480660
:10CA5000A1872064C4E9083392E80300E661A36279
:10CA60002560C4F844C084F84830FDF7F5F8A0808C
:10CA7000204602B070BD00BF248C00200000C07FA3
:10CA80000000C8420CAB03080000F04210B5828FD2
:10CA9000094BC064102A98BF03EBC203044693E815
:10CAA000030082B06B4683E80300FDF7D5F8A08051
:10CAB000012002B010BD00BF048C002010B5828F91
:10CAC000084B102A98BF03EBC203044693E8030007
:10CAD00082B06B4683E80300FDF7BEF8A08002B089
:10CAE00010BD00BF048C0020EFF3108372B6826883
:10CAF00007EE901A1268C0F89010F8EEE77AA0F8E6
:10CB0000EA10C0ED2B7A516283F31088704700BFA2
:10CB10000B781BB10368012283F8F62001207047CF
:10CB20000B781BB10368012283F8F72001207047BE
:10CB30003AB1012A09D0022A04BF0B680360002021
:10CB40007047034B0360002070470160002070476E
:10CB50009CAB03083AB1012A09D0022A04BF0B6832
:10CB6000036000207047034B0360002070470160A2
:10CB700000207047A4AB0308038819430180704765
:10CB80000368194301607047084070472DE9F0477A
:10CB900082B08446816000F1140400F10C0102A807
:10CBA00000E90C004E48CCF8000081E80C000AAB0C
:10CBB00093E803000CAB84E8030093E803000CF156
:10CBC0001C0383E803000EAB93E803000CF124037D
:10CBD00083E80300434BCCF83C30434BCCF8443063
:10CBE000424A434E109DCCF838204FF400530024A5
:10CBF0004FF0000ECCF850303E4ACCF82C5040F2AA
:10CC00000113CCF84020CCF83040ACF83440CCF8DC
:10CC10004840CCF84CE0CCF854E0ACF85840CCE9B3
:10CC200017430FCE0CF16805ACF864400FC596E8C9
:10CC30000300DFF8C4A085E8030002274FF00409D1
:10CC40004FF6FF786046CCE92244CCE92444CCF886
:10CC500080A0ACF88490CCF898E0CCF89C70CCF82C
:10CC6000A0E0CCF8A470CCF8A8E0CCF8ACE0CCF80C
:10CC7000B0E0CCF8B4E0CCF8B8E0CCF8BCE0CCF84C
:10CC8000C0E0CCF8C4E0CCF8C840CCF8CCE0CCF89C
:10CC9000D070CCF8D4E0CCF8D870CCF8DCE0CCF88C
:10CCA000E070CCF8E4E0CCF8E8408CF8F240CCF846
:10CCB000F440CCF830E1CCF834E18CF83841ACF8F1
:10CCC0003A41CCF83C41ACF84041ACF84C81CCF84E
:10CCD0007C41ACF880418CF8984102B0BDE8F08707
:10CCE00024AC0308DB0F494200007A440AD7A33C76
:10CCF00078AB0308DB0F494101000300D0ED117A46
:10CD00009FED207A77EEA77AB5EE006A67EEA76A04
:10CD100027EE877A66EE866AB7EE006AB4EEC67AC8
:10CD2000F1EE10FA10B50246C0F88800C0ED2F7A77
:10CD3000C0ED306A0C460DD4002301218C30A2F8DE
:10CD4000E830FFF719FF106B4FF4807100F51B708E
:10CD5000FFF716FF92F8593063B1938E012B0BD079
:10CD6000022B02D1012382F88F30032C04BF012350
:10CD700082F88F30012010BD92F86530002BF4D07E
:10CD8000F0E700BF6F12033908B5024600238C306C
:10CD9000A2F8E830FFF7F0FE106BBDE808404FF452
:10CDA000807100F51B70FFF7EBBE00BF90F85830A4
:10CDB00010B50446B3B3EFF3108372B6002200211E
:10CDC000C0F89410C0F8B02083F3108890F8603059
:10CDD00003B3D0ED147A90ED157A03681D4A1B68F1
:10CDE000F8EEE77A934267EE877AFDEEE77A17EE80
:10CDF000901A2CD1EFF3108372B68268F8EEE77ABE
:10CE00001268C0F89010C0ED2B7AA0F8EA105162B9
:10CE100083F3108894F8593053B984F88F30012384
:10CE200084F88E3004F10C00BDE8104005F060BBC2
:10CE3000236BD3F8243103F54053012293F898185B
:10CE400084F88F200029EAD083F83E29E7E7984745
:10CE5000E0E700BFE9CA0108FFF7A8BF90F8583023
:10CE600013B90C3005F044BB19B990F86230002BAF
:10CE7000F7D100B583B0074B0090002201210C30A0
:10CE800005F058FA18B9044B012283F8CC2203B0FC
:10CE90005DF804FB59CE010810E40020D0ED117AB2
:10CEA0009FED147A77EEA77AB5EE006A67EEA76A6F
:10CEB00027EE877A66EE866AB7EE006AB4EEC67A27
:10CEC000F1EE10FAC0ED2F7AC0ED306A00D5704750
:10CED00008B50246002301218C30A2F8E830FFF7A4
:10CEE0004BFE106BBDE808404FF4807100F51B70DD
:10CEF000FFF746BE6F120339036BD3F87C3193F80A
:10CF00003830032B0CD090F88F300BB980F85930A3
:10CF1000B0F83A3123B990F88E300BB980F8593017
:10CF2000704700BF30B590F862200125002387B01C
:10CF3000044680F8585080F88E30C2B90090124BE9
:10CF400029460C3005F0F6F9A8B1206B002202AB9F
:10CF500000F124010492FDF71FFC049B04461BB161
:10CF600002A9032208469847204607B030BD0C307E
:10CF700005F0BEFAE9E7054B83F8CC52E5E702A8D5
:10CF8000FDF7DCF81BF046FE59CE010810E4002046
:10CF90002DE9F041066BD0F8907006F1240E04469E
:10CFA000BEE80F008EB00DF1100CACE80F00BEE82B
:10CFB0000F00ACE80F009EE80300DDED087AB0EE4C
:10CFC000087A002567EE877A8CE803004FF48078B2
:10CFD0002A4630466B4604A90295ADF828808DF8A4
:10CFE0002A50CDED097AFDF7D7FB029B05461BB110
:10CFF00069460322084698473DB1D4F8903007F1BE
:10D000000802934205DD0123E36528460EB0BDE822
:10D01000F081083FBB42B4BF4FF0FF3300232846E6
:10D02000E3650EB0BDE8F0816846FDF787F81BF0B8
:10D03000F1FD00BF2DE9F041076B07F1240E054615
:10D0400000F1F804BEE80F008EB00DF1100CACE852
:10D050000F00BEE80F00ACE80F009EE80300DDED16
:10D06000087AB0EE087A002667EE877A8CE803002B
:10D07000202231464FF4807885F865602046ADF86F
:10D0800028808DF82A60CDED097AE3F799FD2F4BC2
:10D0900003932F4B0293324638466B4604A9009502
:10D0A000FDF77AFB029B06461BB169460322084640
:10D0B00098474FF0000C85F8F6C0B6B32246634699
:10D0C0006446012752F8041B002907DD07FA03F024
:10D0D000322944EA0004C8BF4CEA000C0133082B93
:10D0E000F0D1644512D1E4B27E2C25D0BD2C21D0E4
:10D0F000DB2C23D0E72C09D104220123304685F80C
:10D10000642085F865300EB0BDE8F081002305F19C
:10D110008C001021A5F8E830FFF72EFD286B4FF4A6
:10D12000807100F51B70FFF72BFD002630460EB016
:10D13000BDE8F0810122E0E70022DEE70222DCE721
:10D140006846FCF7FBFF1BF065FD00BF11CB010833
:10D1500055CB01082DE9F04F076BDFF8CC91DFF8D4
:10D16000CC8107F1240504460FCD8FB00DF1100ED0
:10D17000AEE80F000FCDAEE80F00DDED087A95E8C0
:10D180000300B3EE0E7A67EE877A4FF0000C4FF48F
:10D19000807B4FF0010A8EE80300ADF828B08DF8CF
:10D1A0002AC0CDED097A84F8F5A0C4F868C0C4F8A7
:10D1B0006CC0C4F870C0C4F874C0C4F878C03846F5
:10D1C000C4F87CC06246C4F818C1C4F81CC1C4F8D5
:10D1D00020C1C4F824C1C4F828C1C4F82CC16B46CE
:10D1E00004A9CDE902890094FDF7D6FA029B04F167
:10D1F000680680461BB16946032208469847B4F882
:10D200008C001021FFF7C0FC002855D1B8F1000FA9
:10D2100052D094ED1A7A9FED405ADFED405A04F156
:10D220006C03F0EE476A04F180011A46F0EE667A6C
:10D23000F2EC016A76EEE77A914287EEA56ABDEEDE
:10D24000466AB8EEC66AE6EE657A35EE275AEDD143
:10D2500077EE666AC6EEA57AFDEE677AF8EEE77AB3
:10D26000E7EEE56A76EE856AF5EEC06AF1EE10FA51
:10D2700033D40122E265DFED2A5AF0EE477AB1EEAF
:10D28000086A01E0F3EC017A77EEC77A67EEA57AD7
:10D29000C7EE866AFDEE666AF8EEE66AE6EEC67AE4
:10D2A000F5EEC07AF1EE10FA48BF77EE867A994231
:10D2B00043ED017AE6D109E01A4F0FCF35460FC58D
:10D2C00097E8030085E803004FF00008002340467C
:10D2D00084F8F5300FB0BDE8F08F4FF0FF32E26513
:10D2E000DFED0E6A1A4601E0B2EC017AB1EE477A40
:10D2F000C7EE267AFDEE677A9142F8EEE77AA7EE5E
:10D30000E67A02ED017AEFD194ED1A7AB3E7684636
:10D31000FCF714FF1BF07EFC00000000DB0FC9408F
:10D320004576743F78AB030821CB010831CB010867
:10D330002DE9F84390F85830054623B190F88E60F7
:10D34000002E00F0DC80AB8E012B00F0CC80D5F8F5
:10D350009430C5F89030EFF3108672B62B6BDFED8A
:10D36000CB7AD5ED0F5AC3ED547A0022C3F84C2185
:10D37000C3F85821C3F86421C3F86C21D3F87C2189
:10D38000C3ED557A92ED097AC3ED577A77EE076AC5
:10D390004FF0FF41C3F8341192F83810C3ED4B6AD7
:10D3A000C3ED4C6ADFEDB96AC3ED587A0229C3EDCB
:10D3B0005C7A16BFB0EE475AB0EE675AB0EE677AA5
:10D3C000B6EE006AF0EE667AE5EEC67A02394FF004
:10D3D00000079FEDAF6A83ED507A87EE867ABDEE47
:10D3E000477AC3F8747118BF012103F5B27403F5CD
:10D3F000A67E03F5AC7C03F5B670B8EEC77A83ED74
:10D400004F5AE7EE467AC3ED4E6AC3ED5E6AC3ED4E
:10D41000517AC3ED5A7A82F8E01092F8EC10C2F813
:10D42000E4E002291CBF022182F8EC1092F8F81007
:10D43000C2F8F0C002291CBF022182F8F81092F84D
:10D440000011C2F8FC4002291CBF022182F8001121
:10D4500093F8E010C3F8DC4002291CBF022183F8D6
:10D46000E01092F88811C2F8840102291CBF022141
:10D4700082F8881192F80811C2F8040102291CBF31
:10D48000022182F8081193F8E820C3F8E400022A88
:10D490001CBF022283F8E82086F31088286BFDF772
:10D4A000ABF82B6BD3F87C0100F1C8014FF47A7410
:10D4B000FEF7BCFA06E093F894327BB9FAF7D2FA99
:10D4C000013C2CD02B6BD3F87C2192F89C6001207E
:10D4D000002EF0D100263046BDE8F883002110462A
:10D4E000FEF7E6FAF6E795F86560002E7FF42FAFB9
:10D4F00005F18C00A5F8E8604FF4007103E08C3072
:10D50000A5F8E8602021FFF737FB286B4FF4807106
:10D5100000F51B70FFF734FB3046BDE8F883D5F803
:10D520009090EFF3108272B62B6B296CC3F8381110
:10D530000020C3F87801C3F8744182F310882B6B84
:10D5400093F894222746A046AAB11BE0D3ED5E7A59
:10D5500095ED0F7AB4EEE77AF1EE10FA12D9D5F81C
:10D560009030DF1948EBE3780444FAF77BFA2B6B31
:10D5700093F8942232B9D3F87C2192F89C200120B0
:10D58000002AE3D1D5F8902009F108018A425FDD35
:10D590000121E965D3F87C31DFED3E6A1B6AD5EDE8
:10D5A0000F5A95ED0E6A5B0007EE103AB8EEC77A97
:10D5B000F7EE004A27EE267AD5ED146AF8EEE66A11
:10D5C000A2EB090284EEA65A002AB8BF524207EE27
:10D5D000902A27EE057AF8EEE77AC5EE876AC5ED60
:10D5E000317A77EEE67AF0EEE77A87EEA67AB4EE55
:10D5F000C67AF1EE10FA77DCEFF3108372B6D5ED50
:10D60000107A2A6BF1EE677AC2ED4E7A83F31088B6
:10D610002B6B93F894229AB13EE0D3ED5E7AF5EE4F
:10D62000C07AF1EE10FA3ED9D5F89030DF1948EB08
:10D63000E3780444FAF716FA2B6B93F894225ABB5A
:10D64000D3F87C2192F89C1001200029E5D141E714
:10D65000A9F108018A4203DA4FF0FF31E96599E741
:10D660000026042105F18C00A5F8E860FFF784FA94
:10D67000286B4FF4807100F51B70FFF781FA2B6B5C
:10D680003146D3F87C01FEF713FA24E700000000CE
:10D69000DB0FC940DB0F4940D3F87C2192F89C3066
:10D6A000002B3FF417AF10460021FEF701FA0023CC
:10D6B000384622464146EEF7B1FF04FB107707EEED
:10D6C000907AB8EEE77A07EE904AF8EE677AB6EE0F
:10D6D000006AC7EE276A0123A86485F88F3076EECA
:10D6E000867AC5ED137AF6E600260221BAE700BF76
:10D6F0002B4A4369934229D002F5806293424CD071
:10D7000002F58062934208BF022320D00022C36941
:10D7100023498B4225D001F580618B4239D001F538
:10D7200080618B4208BF02231CD0436A1C498B4294
:10D7300022D001F580618B422DD001F580618B42B2
:10D7400008BF022319D080F8F2207047002300EBB5
:10D750004303028BB3F8EC30134214BF01220022C2
:10D76000D5E7002300EB4303018CB3F8EC301942FA
:10D7700018BF42F00202D8E7002300EB4303018DFB
:10D78000B3F8EC30194218BF42F0040280F8F220DE
:10D7900070470123E6E70123EFE70123D7E700BF46
:10D7A00000000240B0F83A31DB0570B502D4012523
:10D7B000284670BD00F5A8760446304605F042FACA
:10D7C00005460028F4D0B4F84031A4F8803104F5BF
:10D7D000A673D4F83C21C4F8843104F5A773C4F8C7
:10D7E0007C21C4F88831074AE06A0123C4F88C31EF
:10D7F0000023C4E96424C4F89C31314605F09EFA44
:10D80000284670BD9DD9010830B5B0F83A31022BD9
:10D8100085B0044617D00FD8002B4ED02A492B4A8A
:10D820002B4B096912691B69A4F8F030A4F8EC10BD
:10D83000A4F8EE2005B030BDA3F58073042B2DD8DD
:10D84000FFF7B0FFEAE7B0F88230224D102B94BF0B
:10D8500005EBC3032B4693E803006B4683E8030004
:10D86000FCF75CFAB4F88430102B88BF194BF6EE45
:10D87000007A98BF05EBC30393E8030030EE670A14
:10D8800002AB84ED4C0A83E80300FCF747FAF6EE9E
:10D89000007A30EE670A84ED4D0ABFE700238C3032
:10D8A000A4F8E8300821FFF767F9206B4FF4807186
:10D8B00000F51B70FFF764F9B0E783681B685B6ACB
:10D8C000A0F8EA30AAE700BF0000024000040240CE
:10D8D00000080240048C00200246B9B308B5B0F835
:10D8E0003A31B3F5827F43D8B3F5817F1AD8B3F5C7
:10D8F000807F2FD040F201118B4239D1B0F84E31E8
:10D9000083EA132181EA111181EA910181EA51012F
:10D91000C90701D4580428D5BDE8084002F5A8700D
:10D9200005F0A2B9B0F84E319B0892F85900C2F840
:10D93000C830012182F838110028EDD0BDE8084038
:10D9400082F88F1002F5A87005F08EB900F5A87066
:10D9500005F08AB9B0F84E3183EA132181EA11113A
:10D9600081EA9101C9438907D6D1C3F30D03DCE7EE
:10D970000023A2F8E83002F18C000821FFF7FCF840
:10D98000106B4FF4807100F51B70FFF7F9F8BDE8DC
:10D99000084002F5A87005F067B900BFFFF79CBF0B
:10D9A000B0F88020134B10B5102A98BF03EBC203C8
:10D9B000044693E8030082B0EC468CE803000122A1
:10D9C000BCF80410C4F83C01A4F84011002311462F
:10D9D00004F59E7004F0C8FBD4F83C0138B1B4F8EB
:10D9E0004011012202B0BDE81040F4F725BD02B09D
:10D9F00010BD00BF048C002010B5182104468068BB
:10DA0000F6F7C4FE00212046FFF728FAA38EA4F8FB
:10DA10003A31B3F5817F44D0B3F5827F1AD000222A
:10DA20004FF482704FF40061C4E95402C4F85811F5
:10DA300001204FF40071C4E95720C4F86411182084
:10DA40000A21DB05C4E95A02C4E95C22C4F8781152
:10DA500017D410BD00224FF400600221C4E95432F3
:10DA60000123C4E95713C4F8580118214FF400707A
:10DA70000A23C4E95901C4E95B22C4E95D23A4F87F
:10DA80004C212046FFF78CFF236BD3F8243103F59C
:10DA9000405393F89828002ADBD0012283F83E29CE
:10DAA00010BD4FF4006200234FF482700221C4F8CD
:10DAB00058210122C4E95712C4E9540318214FF434
:10DAC00000700A22C4E95901C4E95B33C4E95D323C
:10DAD000D7E700BF10B52DED028B0446B0EE408AAB
:10DAE000E2F7B2FBB1EE087AC8EE077AFDEE677A8C
:10DAF000F8EEE77AFDEEC06AB0EE480AA7EEC70A74
:10DB000016EE900AB5EEC00AF1EE10FA48BF30EEFC
:10DB1000070AB1EE087AFDEEC07A17EE903A5A1F66
:10DB2000012A94BF05235A1C04EB8303D3ED1A7A10
:10DB300070EE677A98BF0022C7EE876AFDEE666ACC
:10DB400004EB8204F8EEE66A94ED1A6AE6EEC77A10
:10DB5000F5EEC07AF1EE10FA12D430EE460ABDECC2
:10DB6000028BC0EE077AFDEE677AF8EEE77AA7EE51
:10DB7000C70AB5EEC00AF1EE10FAC8BF013010BDF9
:10DB8000BDEC028B013810BD2DE9F041B0F83A210F
:10DB9000D0F8C870022A2DED068B044600F0B8813B
:10DBA00028D8002A70D0FFF7A3FD90F8F63043B1D3
:10DBB00090F8F23000EB8303D3F8F8200132C3F879
:10DBC000F82094F86530002B40F00C82D4E92483CF
:10DBD000256DB4F83A21002693FBF5F105FB1133CE
:10DBE000002BC4F8908000DA2B44D20560D5C4F82D
:10DBF00094705FE0A2F58073042B32D890F838510E
:10DC0000D0ED337A002D00F0C1819FEDEC7ADFED8D
:10DC1000EC6A37EE677AE7EE267AC0ED337AD4F80D
:10DC20009430256DFE1A002184F8381196FBF5F129
:10DC300005FB1166002EB8BF761905EBD571B6EB62
:10DC4000610FC8BF761BD4F89010334406EB01086F
:10DC500093FBF5F105FB1133002BC4F89080C6DA75
:10DC6000C2E7002508218C30A4F8E850FEF784FFB5
:10DC7000206B4FF4807100F51B70FEF781FFBDEC47
:10DC8000068B2846BDE8F081D0F89030B0F8EA6005
:10DC9000056DF61A36B203EB0608D0F89430C0F8DA
:10DCA0009080334493FBF5F105FB1133002B9BDB94
:10DCB000C4F8943094ED2CAA94ED2E9ADFEDC07A3E
:10DCC000D4ED2B8AA38EB0EE4A8AE9EE278A012B87
:10DCD000A9EE278AC4ED2B8A84ED2C8AB0EE680A5F
:10DCE00000F00581E2F7B0FAF0EE409AFDEEE99A15
:10DCF000B0EE480A19EE903AA8EB030309EE903A09
:10DD0000E2F7A2FAFDEEC07AF8EEE99AD4F8943080
:10DD100017EE900A1A1A07EE905A07EE102AF8EE3C
:10DD2000E76AB8EEC77AD4ED2F5A9FEDA65AC7EE30
:10DD3000267ABDEE676AB8EEC66ADFEDA17AA6EE76
:10DD4000C67A94ED2D6A65EEA75A77EE464AF0EE54
:10DD5000487AE5EE877AA4EE856AE5EEA98AC7EEF1
:10DD6000A65AFDEE655AF8EEE55A9FED955A84EDF8
:10DD70002D6A94ED306AC4ED2B8AE6EEE57ADFED8C
:10DD8000925A26EE055A66EE255AB0EE496AA5EE7D
:10DD9000076AF5EEC07AF1EE10FAB0EEC67A48BF27
:10DDA00077EEA67AF4EEC75AF1EE10FAC4ED2C7AAB
:10DDB00000F38F8084ED2E6A002077EECA7A216B03
:10DDC00094ED395A87EEA67AFDEE477A0022C4F820
:10DDD000D020C4F8D820D1F82421F8EEE77AC8EE94
:10DDE000A64AC6EE265A77EE677AC4ED354A77EE34
:10DDF000857A92ED105AC4ED375A87EE857ABDEEDA
:10DE0000477A0022C4F8E020A26CB8EEC77AE5EEAB
:10DE1000477AF5EEC07AF1EE10FA48BF77EE857AD0
:10DE2000C4ED397A20B994F86100002840F09E8052
:10DE3000B6EE007AB0EE475A84ED267A94F88F5009
:10DE4000002D4ED0F7EE007AC7EEA64AD1F87C112D
:10DE50009B1ABDEC068B284607EE903A0B6A9FEDA5
:10DE60005B6A94ED137A5A0006EE902AF8EEE77A90
:10DE7000F8EEE66A77EE857A66EE866A77EEC77A1E
:10DE800066EEA46A9FED526A67EEA67A25EE867A60
:10DE900087EE865ABDEE455A05EE903AB8EEC55A61
:10DEA000F8EEE55AE5EE467A0023C4F89C30D4ED4E
:10DEB000176AC4F8A430F8EEE66A67EE255A66EEF3
:10DEC000A77A65EEA65AC4ED287AC4ED2A5ABDE8B1
:10DED000F0819FED3A7A0120B0EE476A84ED2E7A08
:10DEE0006BE7BDEC068B01252846BDE8F081204696
:10DEF000FFF7F0FDA8EB000309EE903AB0EE480AF8
:10DF00002046FFF7E7FDF8EEE99AD4F8943001E7F0
:10DF1000D0ED4D0A90ED4C0AFBF778FCDFED2D7A41
:10DF2000D4F894302C4920EE270ABDEEC00A10EE3A
:10DF3000102AD21A81FB0201D617C6EBA12641F6A0
:10DF40008B0101FB1626002E40F64542B8BF76181D
:10DF50009642D4F8902012DDA6F5C4560B3E06EB8F
:10DF60000208256DB4F83A21334435E6002E47DD2A
:10DF7000DFED127AB0EE675AC4ED267A5EE706EB63
:10DF80000208256DB4F83A21334425E6B7EE007A4D
:10DF900037EE677A9FED0A6ADFED106AE7EE067AE0
:10DFA000F4EEE67AF1EE10FAC0ED337A7FF737AE91
:10DFB0008C30A4F8E850802158E600BF0000000033
:10DFC0006F120339CDCCCC3D6F128338DB0F494043
:10DFD000DB0FC94000007A44BF05B929CDCC4C3DC8
:10DFE0006F12033994F8F23094F864205340013BE7
:10DFF000052B00F29080DFE803F0716F6B69226DF2
:10E0000016D1D4ED267A5FED0A4AE6EE247AB7EE11
:10E01000007AF4EEC77AF1EE10FAB0EE675AC4ED6A
:10E02000267A05DCF5EEC07AF1EE10FAA0D405E709
:10E03000F7EE007AB0EE675AC4ED267AFEE60522C6
:10E0400094F8F550002D4BD094F8F730002B6ED09B
:10E0500094F8F430002B6ED094F8F3103C4B501A27
:10E0600083FB0063A3EBE07303EB4303A0EB4303E9
:10E07000002B66DB27D0012B68D0052B50D104EB99
:10E080008103216B91ED5A7AD3F8181101310129DE
:10E09000C3F8181157D0D3ED1A5A9FED2E6A07EE28
:10E0A000901A77EE656AF8EEE77A86EEA77A77EE51
:10E0B000257A87EE867ABDEE477AB8EEC77AE7EE24
:10E0C000467AC3ED1A7A84F8F320D8E50422B7E73C
:10E0D0000122B5E70322B3E70222B1E70022AFE74E
:10E0E000D4F894301A4ED21A86FB0216A6EBE276CA
:10E0F00006EB4606B2EB460648BF0636032ED4F8BA
:10E1000090207FF73CAF063E06EB0208256DB4F881
:10E110003A21334460E594F86330002B7FF456AD28
:10E120000025102104F18C00A4F8E8509EE594F835
:10E13000F430002BC7D1012384F8F32084F8F430A5
:10E140009DE5063397E783ED1A7ABCE7114696E71B
:10E15000ABAAAA2ADB0FC94090F8283083B190ED12
:10E16000077AD0ED096AD0ED087A37EE267AB4EE58
:10E17000E77AF1EE10FAD8BFF0EE477AC0ED077AF1
:10E18000837A027D427513B30389144A817D102B73
:10E1900098BF02EBC30213682BB11B6992881A4225
:10E1A00014BF01230023994217BF9FED0D7AD0EDD4
:10E1B000077A80ED077AF0EE477A90ED087A83755A
:10E1C000B4EEE77AF1EE10FA02D8C27A0AB103751A
:10E1D000704783F001030375FAE700BF048C002049
:10E1E00000000000D0ED017A9FED077A837A80F875
:10E1F0002830F8EE677A002267EE877AC261C0EDB8
:10E20000097A0120704700BF6F12833A38B5037B4B
:10E21000022B00F0B780012B00F08A80002B40F029
:10E22000DC8090ED027A0123027D022A00F08980D1
:10E23000012A00F0B880002A40F0CF8090ED046AF7
:10E24000012290F82040022C00F08A80012C00F07E
:10E25000A380002C40F0BC80D0ED066A90ED075AF8
:10E260000124002B00F08A80002A00F08780002C17
:10E2700000F0848090F82430826A8162002B00F0E4
:10E280009D808B1A07EE903A9FED554AD0ED0B5AC0
:10E29000F8EE677A76EEE56AC7EE844A90ED014AB9
:10E2A00066EE846AE4EEA65AC5EE257AC0ED0B5AF6
:10E2B00067EE847AF4EE677AF1EE10FA80F18580E9
:10E2C000DFED486A86EEA45AF0EEE75ADFED466AC3
:10E2D000B4EE655AF1EE10FA48BFF0EE667AD0ED72
:10E2E0000C6ADFED425AC0ED0E7AE7EEA46A002315
:10E2F000436337EE866AC6EEA57ABDEE675AC363FE
:10E300004364B8EEC55AF0EE667AE5EE657A80EDC4
:10E31000106A37EE277AC0ED0C7AC7EE257AFDEE4B
:10E32000677AF8EEE77AA7EEE57A80ED127A38BDE3
:10E330008268002A3CD092ED007A027D022A7FF4A6
:10E3400077AF0269002A3FF47CAF146894BB90F861
:10E35000204092ED016A022C4FF001027FF476AF6B
:10E360008469002C3FF47DAF25682DBBD4ED016A94
:10E3700094ED025A0124002B7FF476AF002380F83D
:10E38000243038BD8368002B3FF44EAF1A687AB949
:10E3900093ED017A012347E785696DB1D5ED006AF8
:10E3A00095ED015A5DE7046924B194ED006A48E7F0
:10E3B000002339E7002244E7002452E7002301222A
:10E3C000C362036380F8242038BDDFED077A86E757
:10E3D000FF2C02D10648FDF713FA0648FDF710FAA4
:10E3E000A037204DCDCCCC3D00000000DB0FC94054
:10E3F00028AC0308A4A803080E4B828844F27811C5
:10E4000013445B5C0E2B00D070470B4B102A98BF57
:10E4100003EBC203827918682AB90028F4D09988DE
:10E420000122F4F709B818B199880022F4F704B86A
:10E43000704700BF10A40020048C00200D4B828880
:10E4400044F2781113445B5C0E2B00D070470A4BEA
:10E45000102A98BF03EBC2038279186822B140B139
:10E4600099880122F3F7E8BF0028EFD09988F3F7E5
:10E47000E3BF704710A40020048C0020B1F5616F49
:10E480003ABF00EB810090ED160A9FED010A70473C
:10E490000000000000F5405069B100F61413D3ED00
:10E4A000007A30EE270A00F61412012382ED000AEA
:10E4B00080F83C39704700F60413D3ED007A30EE53
:10E4C000270AF0E700F54050D0F8D838D3F86C327E
:10E4D00013B9012380F89938704700BF00F1580341
:10E4E00000F56252DFED0B7A18321946B1EC017A71
:10E4F0008A4277EE877AF9D19FED077A87EE870A0D
:10E50000D3ED007A77EEC07AE3EC017A9A42F7D144
:10E51000704700BF0000000000006145037819400B
:10E52000017070470378194301707047C043C0B24F
:10E5300070470000D0ED137A9FED107A00F540533C
:10E54000F4EEC77AF1EE10FAC3F8D40811DC77EED6
:10E55000A77AF5EE006A27EEA77A27EE267A03F669
:10E56000241203F51263C2ED007A012083ED007AD4
:10E5700070479FED037ADFED037AF0E70000FA447D
:10E580000024744A00007A4500F5405303F60C114C
:10E5900003F6081C0022CCF8002000F565500A6044
:10E5A00003F5116103F644130A6002601A607047B4
:10E5B000024600F5635008B51C30FFF7B3FF074B68
:10E5C0009FED077AD3EDB77AF8EE677A02F56350DC
:10E5D00067EE877AC0ED087A08BD00BF10E400201E
:10E5E0006F12033900F5405303F69C01D3F8D82885
:10E5F00091ED006AD2F8D01091ED147AB8EEC77A96
:10E6000003F61412C6EE076A10B4D2ED007A37EEA4
:10E61000C00AB0EEC00AF4EEC06AF1EE10FA0CDBEC
:10E6200003F50A62D2ED006AC6EE877AF0EEE00AE0
:10E63000F4EEE07AF1EE10FA3ADC426DB2F5616F79
:10E640001BD207EE902A9FED227AF8EEE77A032498
:10E6500067EE877A047603F6141103F6181403F6AE
:10E660001C10C1ED007A00220121226002605DF8D9
:10E67000044B83F83C190020704700244FF0030C32
:10E68000446580F818C003F614100021016003F6F9
:10E6900018100122016003F61C100160104683F877
:10E6A000994883F83C295DF8044B83F83E2970476C
:10E6B000416D03F60C12B1F5616F146801F10102AE
:10E6C00028BF4FF4616100EB810142658C65B5E7BD
:10E6D000B4A2913990F83C2000F5405303F6141190
:10E6E00010B581ED000A0AB3D0ED107AD3F8D848FE
:10E6F00080EE277ABDEE477AB8EEC77AA7EEC70A52
:10E70000B5EEC00AF1EE10FA48BF30EE270A80EEEF
:10E71000277AD0ED117AF8EE677A67EE877A17EEEE
:10E72000900AEDF7E3FFC4E99E0110BDD0ED117A28
:10E73000D3F8D848F8EE677A67EE807A17EE900A39
:10E74000EDF7D4FFC4E99E0110BD00BF08B5037EFC
:10E75000022B13D990F83C3093B900F5635324335E
:10E760001A79022A12D0012A15D0CAB993ED000AEB
:10E7700000F5645383ED010AFFF7ACFF012008BDEB
:10E7800000F563532C331A79022AECD11B682BB1A4
:10E7900093ED010AECE71B68002BE7D1002008BDD0
:10E7A0000148FDF72DF800BFA4A80308D0ED137AA7
:10E7B0009FED0F7AF4EEC77AF1EE10FA12DC77EEE5
:10E7C000A77AF5EE006A27EEA77A27EE267A00F5FB
:10E7D000405000F6241300F51260C3ED007A80ED7E
:10E7E000007A70479FED037ADFED037AEFE700BF11
:10E7F0000000FA440024744A00007A452DE9F04FE5
:10E800002DED0A8B00F5405487B094F8E838022BC0
:10E81000054600F04881012B00F0A380002B40F05A
:10E82000A18504F6E403D3ED009A4FF0010894F8B3
:10E83000F038022B00F0A280012B00F05C81002B4D
:10E8400040F0908504F6EC0393ED00AA01230193B8
:10E8500094F80069022E00F0A480012E00F045819A
:10E86000002E40F07F8504F6FC0393ED009A01260C
:10E8700094F8F878022F00F0A680012F00F0448170
:10E88000002F40F06F8504F6F40393ED008A012712
:10E89000D4F8D828D2F8D030D3F8D010002940F0DE
:10E8A000A780D3F8D810D3ED358A4FF0010900299D
:10E8B00040F0A58093ED37CA92F870324FF0010A0C
:10E8C000002B00F0A38095F83C30002B00F0F7807F
:10E8D000B346002E00F0CE80D5F844B0D2E99E01B8
:10E8E00000235A46EDF79AFE10461946EDF758FEFA
:10E8F00007EE90BAF8EE677A94F8993889EE277A9D
:10E9000004F6141207EE900A67EE877AC2ED007AD9
:10E91000002B7ED104F61413D3ED007A87EE897AAA
:10E92000BDEE477A04F614130122B8EEC77AE7EE7B
:10E93000497AF5EEC07AF1EE10FA48BF77EE897A9F
:10E94000C3ED007A6B7E082B00F20D84DFE813F034
:10E95000F2008D02E602A2020B0486035A03B303FF
:10E960000B03D4F8E428002A00F0D680D2ED009AF8
:10E97000984694F8F038022B7FF45EAFD4F8EC3868
:10E98000002B3FF464AF1A68002A40F0CA8094F864
:10E99000006993ED01AA022E4FF0010301937FF469
:10E9A0005CAFD4F8FC68002E3FF462AF3368002BF4
:10E9B00040F0B08094F8F87896ED019A022F4FF06D
:10E9C00001067FF45AAFD4F8F478002F3FF460AF1B
:10E9D0003B68002B40F0A380D4F8D82897ED018A3B
:10E9E000D2F8D030D3F8D010012700293FF459AF26
:10E9F000D3F8D8104FF0000900293FF45BAF92F82C
:10EA000070324FF0000A002B7FF45DAF94F8993814
:10EA10003BB3B9F1000F02D0BAF1000F1AD105F5DE
:10EA2000635020211C30FFF77DFD3F4B9FED3F7A67
:10EA3000D3EDB77AF8EE677A04F50E6467EE877A5D
:10EA40004FF0000BC4ED007A584607B0BDEC0A8BBE
:10EA5000BDE8F08FF0EE4C0AB0EE680A2846FFF7EA
:10EA6000C1FD95F83C20002A3FF46CAFB346002E60
:10EA70007FF450AF05F5635040211C30FFF752FD85
:10EA8000294B9FED2A7AD3EDB77AF8EE677A04F531
:10EA90000E6467EE877A5846C4ED007A07B0BDEC85
:10EAA0000A8BBDE8F08FD4F8E438002B3FF460AF58
:10EAB0001A688ABBD3ED019A4FF00108B7E6D2E994
:10EAC0009E01EDF76DFDD5ED117A94F89928F8EED9
:10EAD000677A07EE100A87EE277A04F6141383ED9F
:10EAE000007A002A3FF42EAF93E7D4F8FC388BB1BC
:10EAF00093ED009ABCE6D4F8EC28002A00F03083AD
:10EB000092ED00AA0193A3E6D4F8F4383BB193ED5B
:10EB1000008ABDE60026ABE64FF0000887E6002736
:10EB2000B6E60023019393E610E400206F12033948
:10EB3000B4A29139D4F8D83894F8B128CAB1D5ED37
:10EB40000A6A04F6081292ED007AF1EE667AF4EEA3
:10EB5000C77AF1EE10FA08DCF4EEC76AF1EE10FAAB
:10EB600054BFF0EE477AF0EE667A04F60812C2ED72
:10EB7000007AD3F87C01FDF7E5F804F51163D3EDD5
:10EB8000007AB1EE407AB4EEE77AF1EE10FA00F3D3
:10EB9000EE82B4EE670AF1EE10FA48BFF0EE407A6A
:10EBA0002A7E04F51163C3ED007A022A04F60813E5
:10EBB000D3ED006A40D995F83C30002B00F0FD827F
:10EBC000019B002B3FF42BAF002E3FF428AF04F63F
:10EBD0000413D3ED005A85EE896ABDEE466AB8EE9D
:10EBE000C66AF1EE494AE9EE465AF5EEC05AF1EE30
:10EBF00010FA00F13F8335EECA6A04F6041386EE7C
:10EC0000095ABDEE455AB8EEC55AC3ED005AA4EEF6
:10EC1000856A94F8B038D5ED075AE5EE866A5BB19F
:10EC200004F6AC03D3ED005AB0EEC66AF4EEC65A51
:10EC3000F1EE10FA80F20283B7EE004A94F8B13890
:10EC400095ED0A6A8BB1F1EE465AF4EEE65AF1EE12
:10EC500010FA08DCB4EEE66AF1EE10FA54BFF0EEFA
:10EC6000665AF0EE465AF0EE656A94F8B2387BB117
:10EC7000BB46002F00F09D82D5ED0B4A66EE244A7C
:10EC8000F0EEC85AF4EEE54AF1EE10FA00F13583E1
:10EC9000D4F8D838D5ED085AD3F87C1195ED095A37
:10ECA00091F83800032800F0938294F83E3923B39A
:10ECB00094F8A8380BB3CB46B9F1000F00F0798275
:10ECC0005FED653AE14BC8EEA34A4FF4616EFDEE8D
:10ECD000E44A14EE906A83FB06C303EB060CF317B9
:10ECE000C3EBEC230EFB1363002BC0F2C18205EBD8
:10ECF0008303D3ED164A77EEA47A012A40F25382B9
:10ED0000BB46002F00F0558224EE256A76EEC86AD5
:10ED100004F60C13E6EE267A93ED006A77EE867A17
:10ED2000F4EEC07AF1EE10FA00F32F82B4EEE77A37
:10ED3000F1EE10FA00F31E82012A40F296829FED56
:10ED4000C47A24EE055A04F60C1393ED006A25EEFE
:10ED5000075AB0EE677AF0EE467AE5EE267A95ED40
:10ED60000C6AF1EE466AF4EEE76AF1EE10FA08DC9E
:10ED7000B4EEE76AF1EE10FA54BFF0EE676AF0EE17
:10ED8000466A04F60C13C3ED006A022800F05382B1
:10ED9000D1ED567AD1ED0C5AD1ED556A67EEA77ACE
:10EDA000B7EE085A25EE676AD1ED5B7A66EEA66A81
:10EDB000E6EE257A66EE856AE5EEE67A05F56551BA
:10EDC00004F6C4039FEDA36AD1ED006A93ED005AE7
:10EDD000DFED9F4A28EE078AB0EE664A28EE068AE3
:10EDE000F0EE003A98EE234A04F6441204F6C80303
:10EDF00092ED006AD3ED005A25EE245A77EEC67ADA
:10EE0000E5EE046A04F50D6365EEA45AA5EEA76A63
:10EE1000D3ED007AC1ED006AF4EEE76AF1EE10FA84
:10EE200082ED006A09D504F6CC03D3ED007AB4EE86
:10EE3000E76AF1EE10FA00F34B82002304F6481261
:10EE400082ED017A2020C4F84839FFF76FFB0146B4
:10EE500005F563501C30FFF761FB4FF0010B58467E
:10EE600007B0BDEC0A8BBDE8F08F04F614131868E8
:10EE700004F61813196804F61C131A6804F6041330
:10EE8000186004F60813196004F511631A60D4F8C9
:10EE9000D83851E604F6041393ED006A04F614130F
:10EEA000D3ED006A76EEC66A5AB1B346002E3FF43F
:10EEB000E1ADC6EE897AFDEE677AF8EEE77AE7EE25
:10EEC000C96A04F6081304F6181293ED007AD2ED1D
:10EED000007A9FED5F5AD5ED125A04F62412D2ED56
:10EEE000004A77EEC77A04F5126267EEA47AD2ED93
:10EEF000004AE4EEA67A04F51162A7EE857A65EE83
:10EF0000A77AA7EE056AC2ED007A83ED007A04F6CF
:10EF1000041383ED006AD4F8D8380DE69FED4C7ADF
:10EF2000D5ED0D7A04F6081367EE877A93ED007A33
:10EF300004F61813D3ED006AF0EEE77A76EEC76AAE
:10EF4000B1EE676AF4EEC66AF1EE10FA40F1838121
:10EF5000DFED3F5AD5ED126AC6EE257A37EE067A16
:10EF600067EEA67A43E004F62813DFED3B7A93EDD3
:10EF7000007ADFED376A04F6381A27EE277A9AED21
:10EF8000000AA7EE260A80EE277ABDEE477AB8EE91
:10EF9000C77AA7EE670A8AED000AFAF705FDF0EED8
:10EFA00040AA9AED000AFAF7B7FC04F62C13D3ED49
:10EFB000007A04F61413D3ED006A04F51363E7EE48
:10EFC000806AD3ED007A04F6181393ED007A04F604
:10EFD000341393ED006A04F61C13A7EEAA7AD3ED5E
:10EFE000007AE0EE467A04F60413C3ED006A04F6F4
:10EFF000081383ED007A04F51163C3ED007AD4F8A9
:10F00000D83899E59FED127AD5ED0E7A04F51163A3
:10F0100067EE877A93ED007A04F61C13D3ED006A4D
:10F02000F0EEE77A76EEC76AB1EE676AF4EEC66A8A
:10F03000F1EE10FA40F1058137EE067A04F511631E
:10F0400083ED007AD4F8D83876E500BFC5B3A29135
:10F050006F120339DB0F4940DB0FC94094F83C398C
:10F06000002B40F00A8194F83D39002B7FF462AD0B
:10F07000D4F8D838D3F8800190ED0F0AD0ED0D7A8E
:10F08000F4EEC07AF1EE10FA40F14581D0ED058A38
:10F090000321297604F60411C1ED008A04F6081153
:10F0A00000220A6004F511610A60012284F83D29FA
:10F0B0004FF0010940E594F8B408012800F20381FB
:10F0C000DFF8BCE24FF4367202FB00E2D2F8D01057
:10F0D000D1F8D020002A40F01981D1ED35AA0122C3
:10F0E000D1F8D830002B40F00F81D1ED37BA012193
:10F0F0004FF4367C0CFB00E3D3F8243103F5405386
:10F10000D3F84809002840F0FD8003F64C1393ED36
:10F1100000BA0123002A3FF482AC00293FF47FACFF
:10F12000002B3FF47CAC04F6B803D3ED007A04F670
:10F13000BC0393ED007A67EEAAAA04F6041367EE07
:10F14000AB7AC3ED00AA27EE0BBA04F60813C3EDA1
:10F15000007A04F5116383ED00BAD4F8D838EBE4F3
:10F160000192FFF775BB05F5635002215AE4F0EEFA
:10F17000477A15E5012A11D904F60C13D3ED007A6C
:10F18000DFED7A6A67EEA67AE9E5B4EEC07AF1EED1
:10F1900010FAEFDC012AB0EE407AEDD804F60C1339
:10F1A00000221A60F1E594F8B338002B40D0BB463A
:10F1B00047BB05F5635020215FE4C346B8F1000F5B
:10F1C000F7D004F6041393ED006A36EE696A20E581
:10F1D000D3ED404AD1ED163AB0EEE43AF4EEC33A3C
:10F1E000F1EE10FA09DD14EE903AF0EEE33A002B5E
:10F1F000B8BFF1EE633AF0EE634AC5EEA45A85EE6D
:10F20000245A52E5F1EE466A76EEC86A66EEA56AC1
:10F21000F4EEE67AF1EE10FA7AD436EE486A26EE8B
:10F22000256AF4EE467AF1EE10FAC8BFF0EE467A9F
:10F23000DFED4F6A74E5D1ED5B7ABFE586EE254AD6
:10F24000FCE4F4EEE76AF1EE10FAD4BFB0EE666AC1
:10F25000B0EE676AF0E6F4EEE76AF1EE10FAD4BFBA
:10F26000B0EE666AB0EE676A72E6B0EE677A95E76E
:10F2700073443CE575EE895ABDE4D4F8D838D3F828
:10F28000800104F6081393ED001AD0ED032A90EDE7
:10F29000022AD0ED011A04F60413D3ED000A04F695
:10F2A000141393ED000A00F0C7FDD4F8D838DFED51
:10F2B000307AD3F880010022C0ED0F7AB0EE670AF1
:10F2C000A4F83C29DAE605F563500821FFF7AABB4C
:10F2D00005F5635080211C30FFF724F9254BD3ED51
:10F2E000B77AF8EE677A04F50E6467EEA44A4FF039
:10F2F000000BC4ED004AFFF7A7BB05F563500121E1
:10F30000FFF790BB002305E70021F1E60022E7E6C6
:10F31000F0EE667A8CE700F077FED4F8D838D5EDB9
:10F32000127AD3F88011DFED146A8DED030A21EE15
:10F33000277AD1ED0F7A8DED051A04F6041204F642
:10F34000081077EEA67A82ED000AC0ED000A04F5F7
:10F35000116080ED007AC1ED0F7AD2ED008ACDED1B
:10F36000040AA5E60548FCF74BFA00BFA4707D3FF0
:10F370000000000010E400206F120339A4A8030865
:10F380000010002090F87C200023C0F89430C0F8D2
:10F39000983012B1002380F87C3090F8883013B197
:10F3A000002380F888300023C0F8A430704700BFE5
:10F3B00082B000B583B0EE468EE8060084469EE833
:10F3C00003000899CCF874100CF1780181E805006D
:10F3D0009CF8882005939DF81C306AB1CBB1059A42
:10F3E000069BCCF88020CCF884300020002103B0AC
:10F3F0005DF804EB02B07047002BF6D005AB93E844
:10F4000003000CF1800383E8030001238CF88830AB
:10F41000EBE78CF88830E8E782B010B588B0EE46AC
:10F420000B939DF838308EE806000022CDE90522C6
:10F430000F990792844663BBDCF80020DFED2C7A3D
:10F44000D4682C4A9442B0EE677A36D1CCF8741066
:10F450009EE803000CF1780282E803009CF8882003
:10F4600003AC84E8030072B933B101238CED207A38
:10F47000CCED217A8CF888300020002108B0BDE85E
:10F48000104002B070477BB38CED207ACCED217A2E
:10F49000F2E7DCF800209DED0D7ADDED0C7AD46802
:10F4A000144ADFED156A77EEC77A94429DED0B7A28
:10F4B00067EEA67A4FF00103C8D00E918DF81C308C
:10F4C000CDED067A08A911E903008DED057A0CAAA5
:10F4D000059B82E803009EE806006046A44608B04B
:10F4E000BDE8104002B060478CF88830C4E700BF28
:10F4F00000000000B1F301083ACD133FF8B504460F
:10F500001F46406F636CC01A80EAE07EAEEBE07E7F
:10F5100040F2567CE6452DED0C8B00F3AA8094F862
:10F520006030002B00F0EE8094F86830002B00F083
:10F530009A8094F87030002B00F0958007EE900AC6
:10F54000DFED866A94ED19AAD4ED1BCA94ED20CAAA
:10F55000D4ED21BA94ED1E9AD4ED16AA94ED17BA03
:10F56000F8EEE77AB0EE4A8A87EEA67A0D4616469E
:10F57000ACEE878AB0EE480AFAF716FAF0EE408A47
:10F58000B0EE480AFAF7C8F96BEE809A20EE4C8A82
:10F59000ECEE289A94F84830ABEEA88AD4ED236AB2
:10F5A00094ED247AD4ED057ADFED6D8A38EE476A62
:10F5B00079EEE65AA7EE867AE7EEA56A69EE288A22
:10F5C000B7EE006AC6EE287AC4ED236A84ED247A89
:10F5D000002B54D0237C002B00F0B38094F85430DF
:10F5E000002B00F0AA80D4ED14BAD4ED266A94ED75
:10F5F000026A94ED13CA94ED257A94ED03DA7BEE5A
:10F60000C8BA3BEE26BA3CEE69CAA6EE2BBA7AEE31
:10F6100087AA27EE8BBAE6EE0CAA2BEE0B0A67EE52
:10F62000AAAAAAEEAA0AB5EE400AF1EE10FA00F173
:10F630008B80B1EEC06A9FED4B5AC5EE067AF7EEAD
:10F64000005AF4EEE57AF1EE10FA67D4DFED467A6F
:10F650006DEE277AACEE277AEBEEA76A84ED257A79
:10F66000C4ED266A0FE04FF080600021BDEC0C8BEA
:10F67000F8BDBDEC0C8B4FF000700021F8BD6AEEB8
:10F68000A7AA2BEE27BA616CDFED346A6B1A07EE7E
:10F69000903AF8EEE77A87EEA67AACEE87AAB0EE5B
:10F6A0004A0AFAF781F9F0EE407AB0EE4A0AB0EE73
:10F6B00067AAFAF731F92BEE407A60EE2A7AAAEEC1
:10F6C0002A7A337AEAEE0B7A68EE876A68EEA78ABE
:10F6D000C4ED276AC4ED288ACBB186ED007AC6ED69
:10F6E000017A28EE0B8A0123A9EEAA8A3B71002039
:10F6F000002129EE089A87ED008A84ED299ABDEC55
:10F700000C8BF8BDBDEC0C8B00200121F8BD012352
:10F7100086ED007AC6ED017A3372E2E79FED136A57
:10F7200027EE067A66EE866A6AEEA7AA2BEE27BA5D
:10F7300084ED257AC4ED266AA5E74FF0005000213C
:10F7400094E70020022191E7E0F7EAFD94ED257AA5
:10F75000D4ED266AB0EE406A6DE700BFA037204DB9
:10F76000ABAA2A3FAC5C313F6F120339A4707D3FD6
:10F7700010B490F87C4034B190F888401CB15DF82A
:10F78000044BFFF7BBBE002004215DF8044B70471B
:10F7900070B516460268274D146988B00022AC4245
:10F7A000CDE90122039233D190F87C405CB390F80C
:10F7B000884044B301AAFFF7A1FE04460D4654EA6F
:10F7C00005031CD19DF80C303BB39DED010AB4EE4E
:10F7D000400AF1EE10FA20D6DDED020AF4EE600ADE
:10F7E000F1EE10FA19D604A8F9F71EFF9DF81030B3
:10F7F000D3B1069B079A7360059B3260B3602046C5
:10F80000294608B070BD04252046294608B070BDC1
:10F8100001AAA04704460D46D1E74FF480340025E5
:10F820002046294608B070BD80241D462046294642
:10F8300008B070BD71F7010810B5EFF3108472B60F
:10F8400090F82430027E4164022B80F8482000F0BA
:10F850008B80012B43D0002B40F0C580C269036A26
:10F8600090F85410002943D10121C264036580F847
:10F87000541090F83030022B40D0012B00F08180E2
:10F88000002B40F0BC80836AC26A90F860100029A7
:10F8900040D08365C26590F83830022B43D0012BED
:10F8A00000F08480002B40F0AF80D0F834C00122FB
:10F8B00090F84030C0F864C0022B80F8682043D034
:10F8C000012B68D0002B40F08B80D0F83CE0012366
:10F8D000C0F86CE080F8703084F3108810BDC36904
:10F8E000002B45D090F854101A685B680029BBD0F3
:10F8F000036590F83030C264022BBED1826A002AC0
:10F9000041D01368002B3ED190F860105368926884
:10F910000029BED1836590F83830C2650121022BE1
:10F9200080F86010BBD1426B002AC1D01368002B55
:10F930004AD190F84030D2F804C0C0F864C0012227
:10F94000022B80F86820BBD1C36B002BC0D01A6893
:10F95000002A3BD1D3F804E0C0F86CE0012380F822
:10F96000703084F3108810BDC3690BB11A6842B3BC
:10F9700090F85430002B3FF47CAF002380F85430D3
:10F9800077E7826AD2B990F86030002B83D00023E9
:10F9900080F860307FE7C26B02B3D2F800E0C0F8B5
:10F9A0006CE080F8703084F3108810BD426B002A40
:10F9B0003FF47EAFD2F800C01A4679E71368526868
:10F9C00063E75A689B684BE7002271E70023C0F8A1
:10F9D0006CE080F8703084F3108810BD134677E730
:10F9E0000C48FBF70DFFFF2B06D10B48FBF708FF78
:10F9F00084F3108819F00EF90648FBF701FFFF2B7E
:10FA000005D10548FBF7FCFE0248FBF7F9FE01486B
:10FA1000FBF7F6FEA4A8030828AC0308A0F1040035
:10FA2000FFF70ABF436A012B036B0CBF90ED0A5A24
:10FA30009FED4A5A012BC36B0CBFD0ED0D4ADFED91
:10FA4000474A012B00F0878090ED077A436CDFED89
:10FA5000445A90ED016A012B036A0CBF90ED124AE3
:10FA60009FED3E4ACB1A07EE903AF8EE676AC6EE73
:10FA7000A57AD0ED055A27EE866A75EE466AF4EE51
:10FA8000E56AF1EE10FA08DC76EE056AF4EEE56A56
:10FA9000F1EE10FA58BFF0EE656AD0ED025A90ED23
:10FAA000065AC0ED0A6A67EEA55A002234EEE56AEE
:10FAB0000023B4EEC56AF1EE10FAC262436208DCBC
:10FAC00035EEA46AB4EEC56AF1EE10FA58BFB0EE96
:10FAD000456AD0ED035A90ED045A80ED0D6A67EE49
:10FAE000A55A002274EE656A0023F4EEC56AF1EEB1
:10FAF00010FA8263036308DC75EE846AF4EEC56A6B
:10FB0000F1EE10FA58BFF0EE456A67EEA67ADFED27
:10FB1000155AC26CC0ED126A37EE877A012A87EE59
:10FB2000256ABDEE466A4FF000034364C3634FF09D
:10FB30000003C3640162B8EEC66AA6EE657A80ED82
:10FB4000107A0CBF90ED147A9FED047A77EE877AE5
:10FB5000C0ED147A704790ED107A77E7000000004E
:10FB6000A037204DDB0FC9400369002B36D093ED41
:10FB7000007A8369D0ED057A73B31B681968B4EE17
:10FB8000E77AF1EE10FA00F5804317D5012283F8E9
:10FB90002020B4EEE77AF1EE10FA13DB4FF4807216
:10FBA0001A84DA69B2F5805F11D200EB820010B4DA
:10FBB000541CDC615DF8044BC161704793F8202050
:10FBC000002AE6D193F82120002AEAD170470022CA
:10FBD000DA6183F8212070470021D0E79FED017A98
:10FBE000C7E700BF000000000378194301707047A9
:10FBF000036819430160704710B52DED048B90ED3B
:10FC0000028A9FED889A38EE088AF7EE007A28EE8D
:10FC1000099A0446B4EEE79AF1EE10FA40F1D58065
:10FC20000368D3F87C3193F89C1093F8AC2000293A
:10FC300000F0C680D3ED283AD3ED295AD3ED2A7AC5
:10FC4000002A00F0D98075EEE75ADFED777A65EE8D
:10FC5000A75A94ED036AD3ED0C4A94ED095A94ED3A
:10FC6000087A94ED070AD4ED060A93ED0B4A94ED59
:10FC7000013AD3F86411D3F86821236BDFED6B8A66
:10FC8000216226EE066AF7EE007AC7EE866A012B3D
:10FC90006262A4EEE55ADFED637A08BFD4ED0D9AF7
:10FCA000A4EEE37AA5EE270AE7EE270AB0EE405A63
:10FCB000A4EE655AF0EE604AE4EE634A66EE836AAB
:10FCC000B6EE007A66EE876A25EE057AA4EEA47A8F
:10FCD00036EE477A26EE877A67EE244A25EE077AD3
:10FCE000E4EEA70AA7EE270A18BFDFED517A94EDDC
:10FCF000057AC4ED060A0CBF69EEA77AF0EE679AA2
:10FD000077EE877A84ED070A87EEA87ABDEE477A08
:10FD1000B8EEC77AE4EE630AE7EE687AA4EE650A05
:10FD2000C4ED057AF9F772FDD4ED057A236830EE5B
:10FD3000677A28EE088AC7EE286AFDEE666AD3F86D
:10FD40007C31F8EEE66AB5EE006AA6EEE87A28EEB7
:10FD5000068AE9EE077ADFED336A28EE268AF0EEAE
:10FD6000696A87EEA86ABDEE466AE8EE076AB8EEF1
:10FD7000C66A93ED087A84ED0B0AE6EE687A0023F2
:10FD8000A362B8EEC77AB7EE006AB4EEC67AF1EEB7
:10FD900010FAC4ED057AC4ED0D6A236305D437EE7D
:10FDA000077ADFED248A67EE288AC6EEA87ABDECD2
:10FDB000048B002301221046A363C4ED0F7A10BD0B
:10FDC000DFED1B5AF0EE653A43E701211030FFF7F3
:10FDD0000BFF2068802100F51B70FFF709FFBDECC9
:10FDE000048B0023002210466361E363A263236255
:10FDF0006362A361E36110BD02211030FFF7F4FEDE
:10FE00002068802100F51B70FFF7F2FEBDEC048B2B
:10FE100000231046A2636361E36323626362A3610C
:10FE2000E36110BD6F1203393ACD133FDB0FC940B8
:10FE300000000000DB0F494021EE014A32EEA27AB9
:10FE400011EE103AC4EE077A00B5002B30EE605A7E
:10FE5000F0EEE77AB8BFF1EE677A75EE677A2DEDCE
:10FE6000028B17EE903A002B85B0F0EE408A7BDAD9
:10FE7000F1EE427AF1EE616AB1EE417AB1EE453AC5
:10FE8000B7EE006ABFEE008AF4EEC71AF1EE10FA80
:10FE9000B1EE667AC7EE225AC0ED077A48BF62EE2D
:10FEA000067A36EEC16AF6EE004A86EE277A25EE2D
:10FEB000A46A71EE263A67EE244A26EE266A48BF07
:10FEC000C0ED077AA4EEA36AC0ED092A66EE084ADF
:10FED000C0ED086AF4EEC34AF1EE10FAC0ED0C5A18
:10FEE00080ED0A7A4FDD37EEA77A72EEE76A27EEE9
:10FEF000227A27EE055AA4EE225A85EE260AB5EE9E
:10FF0000C00AF1EE10FA66D4B5EE400AF1EE10FA2E
:10FF100064D4B1EEC07A0023C36228EE078A9FED55
:10FF2000395A80ED088A78EE416AB1EE488A86EE49
:10FF3000A77AC8EE225AB4EEC57AF1EE10FAF5EEC1
:10FF4000C05ACBBF37EE056AB0EE457A27EE075AA6
:10FF5000B0EE456AF1EE10FAD8BFDFED2A5A80ED17
:10FF60000A7AC0ED0C5A18E0B0EE453AB0EE417A8C
:10FF7000F0EE616AF0EE427AF1EE622ABFEE006ABC
:10FF8000B7EE008A80E735EE466A27EE075AC6EEDE
:10FF9000264A37EE246AC0ED0B4AF0EE606AE1EEC5
:10FFA000076AB6EE007A67EE877AB0EE667AA7EE59
:10FFB000857A76EE255AC0ED040AC0ED0D5AC0EDE3
:10FFC000058A80ED061A80ED0E7A012005B0BDECA1
:10FFD000028B5DF804FB9FED0B0A9AE78DED031A87
:10FFE000CDED020A0190E0F79BF901989DED031A0F
:10FFF000D0ED077AD0ED092ADDED020AB0EE407AA5
:020000040802F0
:1000000089E700BF00000000B5EEC00AF1EE10FA6B
:1000100088B03DD4D0ED0A7AF4EEC07AF1EE10FA51
:1000200015DDD0ED060A90ED047A90ED071AA0EEEA
:10003000807AF6EE007A61EE277A60EE006AE1EEF1
:10004000000AA7EEA67AB0EE470A08B07047D0EDD6
:100050000B6A77EEA66AF4EEC06AF1EE10FA21DCC4
:10006000D0ED0D7AF4EEC07AF1EE10FA28DD70EEE4
:10007000670A90ED091A90ED057AF6EE007A60EEC7
:10008000A06A61EE277A60EE810AA7EEA67ADAE727
:1000900090ED047AD0ED060A9FED0D1AB0EE470AF6
:1000A00008B07047D0ED080A90ED0E7A9FED081A5F
:1000B00070EE677AA0EEA77AB0EE470A08B07047F4
:1000C000C1D89FED031A90ED057AF0EE410ABAE728
:1000D000000000002DE9F0418AB00A22164B02927E
:1000E0000122002403920F22CDE9044206460FCBE1
:1000F0000DF1180C8CE80F00DFF84080654644F2E3
:10010000CC1704EB440308EB83030134D85905F002
:10011000C5FF02A948B12A6830680192F4F72EFEA3
:10012000019A30681146F4F7FDFA042C05F1040534
:10013000E7D10AB0BDE8F08118A0030810A40020A0
:1001400003291EDC00EB41002E4B8088102898BF4D
:1001500003EBC0034FEA410C186890B19B8883B150
:10016000F0B50469284D1C4083B00BD16B5C274E61
:1001700063B9274F47F82120012273546A5403B012
:10018000F0BD7047214E224F0123F3E7735C204FEF
:10019000002BEFD057F82130DFF884E0D31AA3F515
:1001A0002440103870452BD873451A48DFED1A6A81
:1001B000019228BF7346834238BF0346A3F5A43398
:1001C000203B07EE903AF8EEE77A144B009187EE69
:1001D000A67A8C4403EB8C0C0CF5834393ED140A44
:1001E000D3ED157A44F2CC1377EEC07A5CF80300B5
:1001F000A7EE270A05F066FFDDE900122346B9E7FE
:100200002346B7E7048C0020ECA30020D8A30020ED
:10021000DCA30020204801000010A44710A4002007
:100220004090020003681B681A69920710B50446E3
:1002300009D41A69500712D41A6911071CD41A6913
:10024000D20626D410BD6FF002021A615A6B00214B
:10025000FFF776FF23681B681A695007ECD56FF02B
:1002600004021A619A6B01212046FFF769FF236897
:100270001B681A691107E2D56FF008021A61DA6B80
:1002800002212046FFF75CFF23681B681A69D2062B
:10029000D8D56FF010021A6120461A6CBDE81040E4
:1002A0000321FFF74DBF00BFBFF34F8F0549064B3A
:1002B000CA6802F4E0621343CB60BFF34F8F00BF04
:1002C000FDE700BF00ED00E00400FA05B1F5805F36
:1002D0003ABF00EB810090ED070A9FED010A7047DD
:1002E0000000C07F08B5FFF7DFFF00BF024B1868B2
:1002F00008441860704700BFF0A3002001F10E030E
:10030000FD2B1FD811F10C0F11DA002000290BDB97
:10031000114B4A0901F01F0153F82220012303FA6F
:1003200001F1114200D1704740F0004070474BB2DC
:10033000002B0ADB03F1604303F5614393F80003EC
:100340000009E3E74FF0FF307047044B01F00F0264
:100350001344187E0009D9E700E100E0FCEC00E05E
:1003600010B5214C8E460FCC90B0EC46ACE80F0097
:100370000FCCACE80F000FCCACE80F0094E80F00F6
:10038000BEF10F0F8CE80F0029D810AB03EB8E0ED7
:100390005EF8403C1A6862B11A681868C2F342629B
:1003A000C0F301404FF00041084340EA820010B022
:1003B00010BD5A68002AEFD19A68002AECD1DA6899
:1003C000002AE9D119690029E6D15A69212AE3D125
:1003D0001A681868C2F34262C0F30140E4E74FF0C4
:1003E000FF3010B010BD00BF28A0030830B50B4C83
:1003F00000231846251D4FF0010E54F8332042B15A
:10040000126935F833100EFA03FC114218BF40EAA6
:100410000C000133112BF0D130BD00BF048C002043
:1004200000B50A4443F6655E11F8013B4FF0080C35
:1004300080EA0320430010F4004F9BB214BF83EA0C
:100440000E0040000CF1FF3308BF80B213F0FF0C28
:10045000F0D19142E8D15DF804FB00BF08B502F08D
:1004600071FAFFF721FF00BF38B5064DE868EDF7D8
:1004700083FD0446D5F8BC01EDF77EFD014620461C
:1004800038BD00BFB08D0020174B9FED157B30B5F8
:100490004FF0000C03F5B66E0022D3E94841D3F8C3
:1004A0007C5101F5405185ED247B81F8DC28D3F89F
:1004B000D010227403F536739E45A1F88C20C1F844
:1004C000CCC043F86C2CE8D1084B80F8382093F866
:1004D000A83103B930BDBDE83040F9F7B1BA00BF6B
:1004E00000000000000000000010002010E40020C8
:1004F0002DE9F84F234803F0DDFCA8B1DFF8889020
:10050000DFF88880DFF888A04FF0020B00244FF45A
:10051000D8774FF4D07607FB049506FB048095F856
:100520003810FCF7EBFB10B90020BDE8F88F4FF452
:10053000367303FB04A4D4F82401FDF7FBFF002865
:10054000F2D0D4F88401FDF74DFE0028ECD0D4F8A9
:100550008801FDF747FE0028E6D02846FBF7E4FABD
:100560000028E1D0A869FCF791FA0028DCD02046E9
:10057000FAF784F801240028D6D0A345D5D0A346A5
:10058000C9E700BFF0E40020B08D002054880020AF
:1005900000100020102996BF054B054903EBC1014F
:1005A00003C982B06B4683E8030002B0F9F7D2BBFF
:1005B000048C002008B590F84C30032B00D008BD07
:1005C00090F84D30042BFAD972B6024B024A1A60E9
:1005D000FFF76AFEF4F90020EFBEADDE03781940A4
:1005E000017070470368194301607047037819432D
:1005F000017070471E48D0F86C32BBBBD0F87C311C
:10060000D3E92423134331D1D0F820311B7C6BBBB9
:10061000D0F8D030B3F88C3043BBD0F8243103F598
:10062000405393F8DC380BBBD0F84435E3B9D0F82D
:100630005434D3E92423134316D1D0F8F8331B7C68
:1006400093B9D0F8A833B3F88C306BB9D0F8FC3339
:1006500003F5405300F5367293F8DC3800F5B660C8
:10066000002B18BF1046704700F53670704700BF6A
:10067000001000202DE9F04F064E357B022D83B08F
:100680000AD0012D11D003233373002003B0BDE83D
:10069000F08F00BFF4A30020C04930694FF4A87266
:1006A00002F0CCF90028EED1357BBC49B38A01F5C4
:1006B000A87743F6655411F8012B082083EA02233A
:1006C0005A0013F4004F92B214BF82EA04035B0095
:1006D00000F1FF3208BF9BB212F0FF00F0D1B94227
:1006E000E9D13069736100F5A870022D306100F026
:1006F0009A81012DC7D1AA4D43F6655405F10C0727
:1007000015F8012B082183EA02235A0013F4004F45
:1007100092B214BF82EA04035B0001F1FF3208BF0A
:100720009BB212F0FF01F0D1BD42E9D10C30DFF8ED
:1007300078A2DFF878829B4FC6E904030AF5B66910
:1007400043F6655596F80CC0BCF1020FA7F1580BA3
:1007500000F05181BCF1010F95D1B38A1BF8012B38
:10076000082483EA02235A0013F4004F08BF5B00F9
:1007700092B204F1FF3414BF82EA05039BB214F075
:10078000FF04F0D1BB45E9D13069DAF810B17361EB
:100790005830BCF1020F30610BF1040100F03681DA
:1007A000BCF1010F7FF46FAF0BF1100B11F8012BAF
:1007B000082483EA02235A0013F4004F08BF5B00A9
:1007C00092B204F1FF3414BF82EA05039BB214F025
:1007D000FF04F0D15945E9D1DAF814B10C30BCF17D
:1007E000020FC6E904030BF1180100F02781BCF1E8
:1007F000010F7FF448AF0BF5635B0BF1180B11F899
:10080000012B082483EA02235A0013F4004F08BF87
:100810005B0092B204F1FF3414BF82EA05039BB27D
:1008200014F0FF04F0D15945E9D1DAF870B100F5C0
:100830006350BCF1020FC6E904030BF1040100F0A0
:100840000B81BCF1010F7FF41EAF0BF1100B11F8FF
:10085000012B082483EA02235A0013F4004F08BF37
:100860005B0092B204F1FF3414BF82EA05039BB22D
:1008700014F0FF04F0D15945E9D1DAF874110C30C5
:10088000BCF1020FC6E904038B4600F0F280BCF114
:10089000010F7FF4F8AE10311BF8012B082483EA16
:1008A00002235A0013F4004F08BF5B0092B204F118
:1008B000FF3414BF82EA05039BB214F0FF04F0D1A9
:1008C0008B45E9D1DAF878111030BCF1020FC6E996
:1008D00004038B4600F0E180BCF1010F7FF4D3AE3E
:1008E00010311BF8012B082483EA02235A0013F469
:1008F000004F08BF5B0092B204F1FF3414BF82EADC
:1009000005039BB214F0FF04F0D18B45E9D1DAF86E
:100910007C1173611030BCF1020F306101F10401F0
:1009200000F0E280BCF1010F7FF4ADAEB08A082286
:10093000FFF776FD337B70613069022B00F1080010
:10094000306100F0C980012B7FF49DAEB08A414632
:100950006822FFF765FD337B7061306958F8081C29
:100960006830022B306101F12C0100F0AC80012BCA
:100970007FF489AEB08A0C22FFF752FD337B7061A1
:10098000306958F8041C0C30022B306101F12C0145
:1009900000F09080012B7FF476AE09E088E500201E
:1009A000F8E40020E088002010100020CC8D00200A
:1009B000B08A2422FFF734FD337B70613069022B4B
:1009C00000F12400306161D0012B7FF45CAEB08A6D
:1009D0005146C022FFF724FD336970610AF5367A6B
:1009E000C033D14508F5D87807F5D07733617FF467
:1009F000A9AE01204AE630695822594602F01EF895
:100A000000287FF440AE96F80CC0A6E60C220191B7
:100A100002F014F8019900287FF435AEB38A3069EA
:100A200096F80CC0C0E60C22A1F5F07102F006F8B1
:100A300000287FF428AEB38A30695CE64FF4635235
:100A4000019101F0FBFF019900287FF41CAEB38AED
:100A5000306996F80CC0CEE60C22019101F0EEFF51
:100A6000019900287FF40FAEB38A306996F80CC064
:100A7000EBE61022019101F0E1FF019900287FF4DB
:100A800002AEB38A306996F80CC004E7C022514622
:100A900001F0D4FF00289AD0F5E51022019101F071
:100AA000CDFF019900287FF4EEADB38A306996F846
:100AB0000CC015E72422019101F0C0FF0199002824
:100AC0003FF476AFDFE50C22019101F0B7FF019909
:100AD00000283FF44FAFD6E56822414601F0AEFF53
:100AE00000283FF433AFCEE50822019101F0A6FFC4
:100AF000019900283FF41AAFC5E500BF70B582B078
:100B0000EFF3108572B63F4BD3F87C2192F89C200E
:100B1000BAB9D3F8543493F89C3093B93A4C237B48
:100B20005BB94AF6CC310122C4E904312273FFF7E4
:100B3000A1FD20B1237B012B08D003232373FFF7F2
:100B4000B3FB85F31088002002B070BD2669023621
:100B5000266101F00FFF8642EFD8206901F040FFC7
:100B60000028EAD14AF6CC320223C4E904022373F6
:100B7000FFF780FD0028E2D0227BA38AADF8063083
:100B8000022A31D0012AD8D19DF80610082283EA22
:100B9000012343F6655113F4004F4FEA43039BB220
:100BA00002F1FF3218BF4B4012F0FF02F3D19DF863
:100BB0000710082283EA012343F6655113F4004F1E
:100BC0004FEA43039BB202F1FF3218BF4B4012F0D1
:100BD000FF02F3D1226963610232226101F0BAFFA0
:100BE0000028AAD12073AAE720690DF1060101F0BF
:100BF00025FF0028A1D1A38AC6E785F3108818F045
:100C000009F800BF00100020F4A30020C043C0B2C8
:100C10007047000038B5404DEFF7D8FCF8F7DEFF1D
:100C200005F080F83D48FFF755FAD5F8D000838EDF
:100C3000DA0566D4D5F8A803838EDB0568D4D5F829
:100C40007C01FAF795FFD5F85404FAF791FFD5F82F
:100C5000D000FCF7D1FED5F8A803FCF7CDFE95F83F
:100C6000F420D5F87C31022A1CBF022285F8F4203A
:100C700003F5CE7395F8CC23C5F8EC30D5F8543491
:100C8000022A03F5CE731CBF022285F8CC23C5F8D7
:100C9000C433F8F721FFF9F7E7F94FF4FA64D5F810
:100CA0007C3193F8AC30012033B3D5F8543493F849
:100CB000AC300BB30220FFF7A9FF0146D5F82001A5
:100CC0001030FFF78BFC0220FFF7A0FF0146D5F89C
:100CD000F8031030FFF782FC0F48F9F76BFC10485F
:100CE000F9F768FC0F4B1049012283F8602008686F
:100CF000BDE83840F6F792B8F6F7B4FE013CCED125
:100D0000D8E7FCF74DFED5F8A803838EDB0596D512
:100D1000FCF746FE93E700BF001000201091002072
:100D2000D812002010A400200C94002010B5074C0D
:100D30000021D4F87C01FAF7BBFE0021D4F854045A
:100D4000FAF7B6FEF8F7A2FEFEE700BF001000209B
:100D50002DE9F04F4B4C94F8603085B013B905B0D5
:100D6000BDE8F08FF6F750F96066F7F7B9F8464D31
:100D7000DFF82CA1DFF82C91444F0346D5F8600230
:100D8000A366F6F791FB0646D5F83805F6F78CFB17
:100D9000B600D5F864323E4A8000B04294BF1B1AB8
:100DA0009B1BDAF80000D2F800B0E366F6F77CFB94
:100DB000384BABEB80001B682067D9F800001E465B
:100DC000F6F772FB344B0296A6EB80001A68606758
:100DD00038680192F6F768FB019A04F58046A2EBA9
:100DE0008000A067D6E94308F6F75EFBA8EB800019
:100DF000E067DFF8B48029480168D8F80000039163
:100E0000F6F752FB029BC4F88C30039B019AC4F89E
:100E10009830A3EB8000C4F88000D5F86402C4F8D1
:100E20008400D5F86002D6F81051C4F89020C4F8B8
:100E300088B0C4F89450F6F703FEC4F89C00DAF8C2
:100E40000000F6F7FDFDC4F8A000D9F80000F6F7A1
:100E5000F7FD02463868C4F8A420F6F7F1FD024613
:100E6000D6F80C01C4F8A820F6F7EAFD0246D8F837
:100E70000000C4F8AC20F6F7E3FDC4F8B00005B0FC
:100E8000BDE8F08F10A40020001000200C9400207A
:100E900060D10408D4D0040894A6030860A803080D
:100EA000C4F90020D0F20020C4A30020F8B5044605
:100EB0000D46EFF3108772B60E4E4FF08072D6F8E3
:100EC0007C010023FAF78CFED6F854044FF08072B0
:100ED0000023FAF785FEF8F7D9FD294604F138001A
:100EE000FFF784FB87F31088F8BD87F3108817F0AD
:100EF00091FE00BF0010002070B5134E00F5804534
:100F0000D6ED007A95ED6B7AB4EEE77AF1EE10FA51
:100F1000044607D895ED6C7AB4EEE77AF1EE10FA54
:100F20000CDB70BD0221FFF7C1FFD6ED007A95ED15
:100F30006C7AB4EEE77AF1EE10FAF2DA2046042188
:100F4000BDE87040FFF7B2BF640F0020F8B500F5B0
:100F50008046174AD6F8D832164C0133C6F8D83234
:100F6000556A07466D00D4F8D000ADB2FCF74CFCD2
:100F7000D4F8A803FCF748FC0D4B0F4A5B6A1178C4
:100F80005B009BB25A1B19B1C6E9B953C6F8EC22F3
:100F9000D6F8F032934238BF1346C6F8F032F8BDA7
:100FA00007F5854029466430FAF73CFC17F032FE1D
:100FB000001C004000100020FC0F002010B50E4C5B
:100FC0000E4A2368934205D00D4A934206D02A2B3D
:100FD0000ED110BD0B4B00BF013BFCD10A4B23606F
:100FE0000A4B83F308880A4B5B6898472368EEE74F
:100FF0002A232360FFF758F9F4F9002075FEADDECF
:10100000EFBEADDE00A86100EDFEFECA00000220CA
:101010000000FF1F0378012B70B5064603D00223A2
:101020003370002070BD406810220D4601F0B4FC02
:101030000028F4D1348905F1100043F6655115F804
:10104000013B082284EA0324630014F4004F9BB29E
:1010500014BF83EA0104640002F1FF3308BFA4B2A5
:1010600013F0FF02F0D18542E9D17368B460103308
:101070007360012070BD00BF2DE9F04FD24AD34903
:10108000D2F8103AD2F8180AB2F8162AD04ED14C3B
:101090002DED068B034442EA03421B0CC1E90023F9
:1010A0009BB0314606F10C05C3F303301B01205CF5
:1010B00001F8010B8D4243EA12734FEA0212F3D199
:1010C00000233373EDF73AF901F000FC002800F03B
:1010D0006982C14BC14C079302232370DFF864A3DC
:1010E000DFF86493DFF86483DFF864B3DFEDBCAA54
:1010F0009FEDBCAADFEDBC9A9FEDBC9A9FEDBC8A28
:10110000DFEDBC8A4FF4A87200210AF5BC70DFF74E
:1011100057FD4FF0FF40CAF8C001B748CAF8780140
:1011200040F20331B548AAF87C11AAF89C11CAF81C
:10113000C4014FF080414FF082404FF4E132CAF8D1
:10114000AC01CAF8A411AE48AE49CAF89421CAE964
:101150006322AD4ACAF89821CAE96001AB4AAC4B98
:10116000CAF8B03140F20711AAF8881100210191A4
:1011700007CACAF8B831CAF8BC310AF1E80383E8F3
:1011800007004B46CDF818A0C1469846A14FCBEDBD
:101190000EAA4FF40053CBF850300FCF14ADAC462D
:1011A0000FC597E8030085E8030000244FF0010A0B
:1011B000ABF83440CBF848408BF858408BF8594096
:1011C000CBF85C408BF862408BF863408BF864404E
:1011D0008BF865408BED0FAACBED109A8BED119A31
:1011E0008BED138A8BED158A8BF860A08BF861A0CC
:1011F000BCE80F000BF168060FC695E80300864AAD
:10120000D8F8245186E803004FF0030307CAABF86F
:101210008230D8F82031CBF888404FF0040E734468
:10122000ABF884E0ABF880A083E8070021464FF4D8
:10123000635205F11800DFF7C3FC784A6A62784A06
:10124000EA624FF0FF4205F540532A63754AAA63EC
:1012500003F6C4004FF08042AA62EA64049003F6E9
:101260009C0240F203102883F7EE007AB3EE047A72
:101270000292B5EE006A4FF48060C5ED0D7AC5EDBF
:10128000107A85ED077A85ED146A6864C5ED088AE1
:1012900003F50A61029D0391C5ED007A03F50D6720
:1012A000039D0498059703F6A40E03F6AC0CF2EE2A
:1012B000046A5D4FC5ED007A03F6B806CEED007AFC
:1012C00003F6C80183F8A8A803F6CC02CCED006AA7
:1012D000FF25C3F8B078059F83F8B458C6ED007AAF
:1012E00080ED007A81ED007AC2ED006A4F4A3A60E3
:1012F0004F4A019E83F8C06807CAD8F8803104338A
:1013000083E80700D8F884314A499C6032255D6043
:10131000DC6083ED008AD8F88831C3E90154DC60D1
:1013200083ED008AD8F88C31434D9C809C6083F813
:1013300006A0682209F11C00DFF72CFBA5F10C02C6
:1013400007CAD9F81430D9F818402C3383E80700BD
:101350000FCD2C340FC40FCD0FC42B682360404633
:10136000F9F77EF80BF5D07B09F5D87908F53678D2
:10137000002E00F00381DDF818A0FFF7B9F89AF805
:10138000CC327BB99AF88931002B40F001839AF86E
:101390008A3113B1294A126822B19AF88B31002B95
:1013A00040F044838AF8CC32ECF7E2FF002800F0EA
:1013B000AD800025DFF89C80214CDDF81CB00127B2
:1013C000A946022648E000BF0070FF1F38EA00204F
:1013D00040EA00202CAE030888E50020F4A300209A
:1013E0000AD7A33CDB0F4942DB0F494100007A4496
:1013F00000000000ABAA2A3E000404030AD723BC65
:10140000000B0B020C0C02070100030368A0030889
:1014100015AE6F4278AB030874A00308ABAAAA3ECE
:101420009A99993F0AD7233C00010101000020C18D
:1014300080A003088CA0030800A10308180E002058
:10144000088C002010E4002000100020B08D002047
:1014500054880020E40B002054F8040CA8B1238821
:101460009BB11BF805200F93032A50D9A2F10E035C
:10147000012B4CD918239B42A8F1180100F0DC8203
:10148000082B00F0E3828AF8CC720135112D08F1A7
:10149000180804F10804DFD10025012109A80995E5
:1014A000F6F738FB374B294618600424F6F748FB5B
:1014B00029460BA8CDE90B44F6F796FB324B0E9468
:1014C0001860294607230DA80D93F6F78DFB2F4BC7
:1014D0000A95186001210AA8F6F71CFB2C4B294637
:1014E0001860F6F72DFB2B4B2B491B682B4A1195E7
:1014F0009B08CDE90F120FA82946CDE91253F6F744
:1015000083FA274B1860F6F779FAFEE7FEE7CDF885
:101510004C900F2AB7D801A353F822F0191A0208E9
:10152000231A02089D190208A7190208B119020816
:10153000D1190208DB190208E5190208F919020895
:10154000871402080F1A02085D1502085D150208CB
:101550005D1502088719020887190208CDE910698C
:10156000CDF848900FA90135F0F78CFD112D08F149
:10157000180804F108047FF46FAF8DE7CDF804A0DC
:1015800004E600BF3CE7002040E7002044E70020DD
:1015900038E7002094A6030820AE0308150C0208C3
:1015A0000C940020BB4CBC4907914AF6CC32C4E9EC
:1015B000010201234FF4A872237001F0EDF9002815
:1015C0007FF48AAD2189079E40F24F1543F665509E
:1015D00016F8013B082281EA03214B0011F4004F69
:1015E0009BB214BF83EA0001490002F1FF3308BF38
:1015F00089B213F0FF02F0D1013DE9D2606823788F
:1016000000F5A870012BC4E901017FF465ADA34981
:101610000C2201F0C1F900287FF45EAD22899F4EB3
:101620000B2543F6655016F8013B082182EA032298
:10163000530012F4004F9BB214BF83EA0002520021
:1016400001F1FF3308BF92B213F0FF01F0D1013D69
:10165000E9D26368924E934F934D0C33C4E9013243
:1016600006F5B66943F6655A2378012B7FF434AD4D
:10167000A5F1580860685822414601F08DF900280C
:101680007FF42AAD218918F8013B082281EA032161
:101690004B0011F4004F9BB214BF83EA0A014900CA
:1016A00002F1FF3308BF89B213F0FF02F0D1A84561
:1016B000E9D160682378A1605830012B60607FF425
:1016C0000BADD6F810B10BF104080C22414601F025
:1016D00063F900287FF400AD21890BF1100018F8A0
:1016E000013B082281EA03214B0011F4004F9BB219
:1016F00014BF83EA0A01490002F1FF3308BF89B22F
:1017000013F0FF02F0D14045E9D160682378A16071
:101710000C30012B60607FF4DFACD6F814B10BF114
:1017200018084FF46352414601F036F900287FF45F
:10173000D3AC0BF563502189183018F8013B08220F
:1017400081EA03214B0011F4004F9BB214BF83EADE
:101750000A01490002F1FF3308BF89B213F0FF020A
:10176000F0D14045E9D160682378A16000F563506D
:10177000012B60607FF4B0ACD6F870B10BF10408B7
:101780000C22414601F008F900287FF4A5AC21891C
:101790000BF1100018F8013B81EA032108234A00ED
:1017A00011F4004F08BF490092B203F1FF3314BF98
:1017B00082EA0A0189B213F0FF03F0D14045E9D172
:1017C0006368A1600C33D6F8741132486360FFF788
:1017D00021FC00283FF482ACD6F878112D48FFF7A1
:1017E00019FC00283FF47AAC2378012B7FF474AC09
:1017F000D6F87C11606804310822019101F0CCF820
:10180000019900287FF468AC20890822FEF708FEC1
:101810002378A0606068012B00F1080060607FF40D
:101820005BAC6822394601F0B7F800287FF454AC6D
:10183000208968223946FEF7F3FD2378A0606068AE
:10184000012B00F1680060607FF446AC57F8081C7B
:101850000C222C31019101F09FF8019900287FF4AE
:101860003BAC20890C22FEF7DBFD2378A06060688A
:10187000012B00F10C0060607FF42EAC57F8041CC3
:1018800024222C31019101F087F8019900287FF47E
:1018900023AC0BE0F4A3002088E50020F8E400204E
:1018A00010100020CC8D0020E08800202089242208
:1018B000FEF7B6FD2378A0606068012B00F12400DC
:1018C00060607FF409ACC022314601F065F8002861
:1018D0007FF402AC20893146C022FEF7A1FD626888
:1018E000A06006F536760346B14502F1C00007F563
:1018F000D87705F5D07560607FF4B6AE9B46237847
:10190000012B90467FF4E8AB022214A901F044F8C1
:1019100000287FF4E1AB9DF85020238943F6655001
:1019200083EA0223082213F4004F4FEA43011CBF4D
:101930005B009BB202F1FF320CBF8BB2434012F04E
:10194000FF02F0D19DF8512043F6655083EA02234F
:101950000822590013F4004F08BF5B0089B202F15E
:10196000FF3214BF81EA00039BB212F0FF02F0D1F4
:10197000A3606368023363602378012B70D0002377
:101980002370FFF7ABBBCDE91079CDF84890E9E5BE
:101990003C4A1268002A7FF4FAAC03E5CDE91096C0
:1019A000CDF84890DEE50323CDF844901093D9E5B7
:1019B0009AF889311096002D0CBF02220122119253
:1019C00003221292002B7FF4CDAD8AF8CC72C9E5C8
:1019D0009AF88A311096002DEEE79AF88B3110961E
:1019E000002DE9E79AF898310322CDE910691292A7
:1019F000002B7FF4B7ADE8E712229AF899311092E4
:101A0000032211971292002B7FF4ACADDDE7CDE9F4
:101A10001066CDF84890A5E5CDE91099CDF848902D
:101A2000A0E5CDE91097CDF848909BE5164B1B68D3
:101A3000B3FA83F35B09B5E40B6893420AD058F814
:101A4000103C9342A8F1100104D008310B68934276
:101A50007FF419AD88453FF416AD0B79139358E523
:101A6000BDF850305B458AD12270FEF741FD002859
:101A70003FF434ABDFF814A008F1C203CAF8C8324F
:101A80007DE400BF140E00202892002010E4002006
:101A9000F8B56A4D6A4C44F2283200212846DFF737
:101AA0008FF8684A684B12781B7885F8502085F8C3
:101AB0005230664A664B67496748097885F8511085
:101AC000C5E91523654BC5F8B430654A654B6649D1
:101AD0000078E965C5E92E234FF07C53C5F8D03076
:101AE000624BEB63624B2B64624BAB644FF07E53F3
:101AF0006B6440F2036300264FF48042A5F84C303B
:101B00004FF4805138232C6085F84F00AC18C5F88D
:101B1000C81085F84E30314605F1D800DFF750F88F
:101B2000554B564AC4F8E030012104F1E003C4F8F3
:101B3000E8204FF48062C4F8F430C4F81021A4F80F
:101B4000DC6084F8E46084F8EC1004F5907305F52B
:101B50008345FF2203F80C2C0C33AB42FAD1484BDF
:101B6000C4F8B031C4F8B831C4F8BC314FF0FF4309
:101B7000C4F8C031434BC4F8C4310023C4F8A031C9
:101B80004FF08043C4F8A4314FF08243C4F8AC3125
:101B90004FF4E133C4E96333C4F894313A4E3B4F18
:101BA000012384F8893140F20333A4F89C310FCE2D
:101BB00004F5BC7CACE80F00002533688CF80030DD
:101BC00030222946C4F8745184F8A85184F8B451DD
:101BD000C4F8C851A4F88A51C4F8987104F5E670A5
:101BE000DEF7EEFFCC22294604F5FE70DEF7E8FFB3
:101BF000274B284A1B78C4F8C852FF3B18BF012363
:101C0000C4E9B455C4E9B655C4E9B955C4E9BB55EE
:101C1000C4E9BD55C4E9BF55C4E9C155C4E9C355BC
:101C2000C4E9C555C4E9C75584F8CC5284F8E052DC
:101C300084F8243315701573F8BD00BF10A400207C
:101C4000C8AE030869D104086BD10408C8A30020FA
:101C5000D0A300206AD1040868D10408B8F9002094
:101C6000C8F90020A8AE0308CCA30020640F002010
:101C7000D4A3002038EA002078AF030890D00300F6
:101C800015AE6F420AD723BC24A103080100030349
:101C90000078FF1FF4A300202DE9F04F00F58047E6
:101CA000D14AD7F8DC32C7F8D4120133C7F8DC3296
:101CB000536ACE4C83B04FEA430801900E461FFA98
:101CC00088F804F5B665A446DCF80801DCF81011C4
:101CD000DCF81821DCF82431DCF87CE103F5405312
:101CE000013001310132CCF80801CCF81011CCF8E8
:101CF0001821D3F84829DCF8D0000132C3F848296C
:101D0000D0F8A420D0F89C10D0F8D0300132C0F820
:101D1000A420D0F8D820013101330132C0F89C1042
:101D2000C0F8D030C0F8D820D0F8E010DEF890210C
:101D3000DEF89C31013101320133C0F8E010CEF8F9
:101D40009021CEF89C31DCF84C11DCF85801DCF81D
:101D50006421DCF86C310131013001320133CCF8FF
:101D60004C11CCF85801CCF86421CCF86C31DCF87B
:101D70007431DCF820010133CCF87431816A026BD4
:101D8000836B0CF5367C013101320133654581628C
:101D90000263836398D116F04FFA9548FDF7E4FE8D
:101DA000914BDFF850A25B6A9AF800105B009BB27F
:101DB000A3EB080219B1C7E9BD83C7F8FC22D7F825
:101DC0000033DFF82882DFF820B2934238BF134691
:101DD000C7F80033DBF82430D8F884014FEA430910
:101DE0001FFA89F9FCF7B8F9D8F88801FCF7B4F9BB
:101DF000DBF824309AF800105B009BB2A3EB0902D9
:101E000019B1C8E97093C8F8C821D8F8CC31934209
:101E100038BF1346C8F8CC3108F536784545D9D1D6
:101E2000714BDFF8C8815B6A4FEA430B1FFA8BFBEB
:101E300031464046F8F758FC81464046F8F794FC96
:101E4000B9F1000F00D020B9D8F87C010021F9F7D2
:101E50002FFE08F536784545EAD1634B9AF8002005
:101E60005B6A5B009BB2A3EB0B011AB1C7E9C1B37C
:101E7000C7F80C13D7F81033DFF86C918B4238BFDA
:101E80000B46C7F81033594FD9F82430D7F87C21C6
:101E90004FEA430850691FFA88F8FAF73DFDD7F872
:101EA0007C319869FAF738FDD9F824309AF8001097
:101EB0005B009BB2A3EB080219B1C7E96483C7F8C2
:101EC0009821D7F89C31D7F8D000934238BF1346F9
:101ED000C7F89C31D9F824304FEA43081FFA88F834
:101EE000FBF752FED9F824309AF800105B009BB241
:101EF000A3EB080219B1C7E96883C7F8A821D7F88E
:101F0000AC31934238BF1346C7F8AC3107F536778A
:101F1000AF42B9D1344BD4F820015F6A7F00BFB221
:101F2000FDF76AFE304B9AF800105B6A5B009BB2CB
:101F3000DA1B19B1C4E96C73C4F8B821D4F8BC3108
:101F40002949D4F82401934238BF1346C4F8BC3160
:101F50004F6A7F00BFB204F51B78FCF74FFC0028E6
:101F600000F0A280204B9AF800105B6A5B009BB2E5
:101F7000DA1B19B1C4E97873C4F8E821D4F8EC315C
:101F80001949934238BF1346C4F8EC314F6A04F53F
:101F900094707F003146BFB2FDF744FD124B9AF8B2
:101FA00000105B6A5B009BB2DA1B19B1C4E97C7359
:101FB000C4F8F821D4F8FC310B49D4F87C019342E1
:101FC00038BF1346C4F8FC314F6A31467F00BFB2B8
:101FD000FAF7DCFA044B9AF800105B6A5B009BB2DC
:101FE000DA1B69B108E000BF001C004000100020AF
:101FF000CCA40020FC0F0020C4E98473C4F818228C
:10200000D4F81C325349D4F87C01934238BF1346AC
:10201000C4F81C324F6AC8307F003146BFB2FDF7AA
:102020000BFC4C4B9AF800105B6A5B009BB2DA1B0E
:1020300019B1C4E98873C4F82822D4F82C3204F505
:102040003674934238BF1346AC4244F8AC3C7FF43C
:1020500061AF414BD3F8600210B10121F5F70AFDE1
:102060003D4BD3F8380510B10121F5F703FD3B4B8B
:10207000D3F8C8213A4B102A01D803EBC203394ADE
:102080001E6892F8384099882CB94FF00000FEF78E
:10209000B1FA85420ED07EB101242246304603B00B
:1020A000BDE8F04FF0F7C8B94FF400714046FEF7B5
:1020B00099FA57E7002EF0D103B0BDE8F08F39460A
:1020C00004F50470F9F7AEFB16F0A4FD394604F5EB
:1020D000F870F9F7A7FB16F09DFD394604F5087076
:1020E000F9F7A0FB16F096FD019B03F585404146EC
:1020F0007430F9F797FB16F08DFD019B03F58640D0
:1021000059460430F9F78EFB16F084FD494608F570
:10211000E070F9F787FB16F07DFD394604F5F070A5
:10212000F9F780FB16F076FD394604F5D870F9F71B
:1021300079FB16F06FFD414607F5D070F9F772FB99
:1021400016F068FD414607F5C870F9F76BFB16F00D
:1021500061FD00BF001C00400010002010E40020C2
:10216000048C002010A4002070B50468694DAC42B6
:1021700088B065D0684DAC4218D0684DAC4200F0D4
:102180008380674DAC4200F08D80664DAC426DD0CF
:10219000654DAC4200F09480644DAC4200F0AC80E0
:1021A000634DAC4200F09A80002047E005F55055A1
:1021B000002601962E6B46F002062E632D6B05F06D
:1021C00002050195019D80885FEA500C49D00020EE
:1021D00001305FEA5C0C80B2FAD14FEA400E4FF05A
:1021E000030C0CFA0EFC02FA0EF26FEA0C0C2668D5
:1021F00001F0030506EA0C0605FA0EF535432560E5
:1022000021F01005013D012D11D8A56803FA0EF348
:1022100005EA0C052B43A3606368C1F30011012597
:10222000814005FA00F023EA000008436060E3689B
:1022300003EA0C0C4CEA02020120E26008B070BD17
:1022400005F56055002600962E6B808846F0010645
:102250002E632D6B05F0010500955FEA500C009D83
:10226000B5D1604686466FF0030CC0E705F52055F2
:10227000002604962E6B46F010062E632D6B05F09B
:1022800010050495049D9EE705F54055002602962D
:102290002E6B46F004062E632D6B05F004050295A7
:1022A000029D90E705F53055002603962E6B46F00B
:1022B00008062E632D6B05F008050395039D82E744
:1022C00005F51055002605962E6B46F020062E6368
:1022D0002D6B05F020050595059D74E705F5E05586
:1022E000002607962E6B46F080062E632D6B05F0B8
:1022F00080050795079D66E705F5005500260696BB
:102300002E6B46F040062E632D6B05F040050695BA
:10231000069D58E700000240000402400008024009
:10232000000C02400010024000140240001802405D
:10233000001C02402DE9F041B0F804E05FEA5E0EB7
:1023400082B000F0A4804FF0000C0CF1010C5FEAA9
:102350005E0E1FFA8CFCF8D1BCF10F0F644600F240
:102360008680594D0CEB4C0E05EB8E0E0668BFF3C4
:102370005B8F5EE8007F002F04D14EE80068B8F163
:10238000000FF6D1BFF35B8F71D1504EDFF844815F
:1023900000270197776C47F4804777644FEA940EE3
:1023A000766C4FEA8E0E0EF1804E06F480460EF5E6
:1023B0009C3E01960CF0030C019EDEF808704FEA7B
:1023C0008C0C0F2606FA0CF627EA06060768474526
:1023D00021D008F58068474553D0DFF8FC80474599
:1023E0005AD0DFF8F880474545D0DFF8F4804745FC
:1023F00058D0DFF8F08047455AD0DFF8EC804745E9
:102400005CD0DFF8E88047450CBF0727082707FAAC
:102410000CFC46EA0C06CEF8086086882C48F74388
:10242000D9B9816821EA060181602949DAB1CA680F
:102430003243CA60264A51683940516011683143BD
:10244000116004EB44045661089A05EB84040120F2
:10245000C4E9013202B0BDE8F08181683143816096
:102460001B49002AE3D1CA683A40CA60E2E700206B
:1024700002B0BDE8F081032707FA0CFC46EA0C061F
:10248000C9E7012707FA0CFC46EA0C06C3E70E4D24
:10249000F4467446AE4669E7022707FA0CFC46EAA2
:1024A0000C06B8E7042707FA0CFC46EA0C06B2E76C
:1024B000052707FA0CFC46EA0C06ACE7062707FAE4
:1024C0000CFC46EA0C06A6E750E700200038024064
:1024D000003C01400000024000080240000C0240A5
:1024E000001002400014024000180240001C02408C
:1024F00081884A0822D00023013352089BB2FBD1C5
:102500000F2B1AD803EB43030D4A00684FEA830CE4
:1025100030B452F80C40844202EB830301D030BC4B
:102520007047084C256800200D432560616130BC70
:10253000C3E9010042F80C00704770471346E1E719
:1025400050E70020003C0140054B5A69D20706D5F0
:1025500004494A68012058610AB1886810477047E9
:10256000003C014050E70020054B5A69920706D510
:1025700004490A69022058610AB148691047704746
:10258000003C014050E70020054B5A69520706D530
:102590000449CA69042058610AB1086A10477047A3
:1025A000003C014050E70020054B5A69120706D550
:1025B00004498A6A082058610AB1C86A10477047FE
:1025C000003C014050E70020054B5A69D20606D571
:1025D00004494A6B102058610AB1886B1047704754
:1025E000003C014050E700201E4B5A69920610B58E
:1025F00006D51D490A6C202058610AB1486C9047E5
:10260000184B5A69540606D51749CA6C40205861C0
:102610000AB1086D9047134B5A69100606D5124946
:102620008A6D802058610AB1C86D90470D4B5A6978
:10263000D10507D50C494A6E4FF4807058610AB134
:10264000886E9047074B5A69920509D506490A6F6B
:102650004FF4007058611AB1BDE81040486F104740
:1026600010BD00BF003C014050E700202B4B5A69D1
:10267000510510B508D52A49CA6F4FF480605861DA
:1026800012B1D1F880009047244B5A69120509D540
:102690002349D1F888204FF40060586112B1D1F875
:1026A0008C0090471D4B5A69D40409D51C49D1F8B8
:1026B00094204FF48050586112B1D1F8980090479F
:1026C000164B5A69900409D51549D1F8A0204FF44A
:1026D0000050586112B1D1F8A40090470F4B5A69CD
:1026E000510409D50E49D1F8AC204FF4804058610F
:1026F00012B1D1F8B0009047084B5A6912040BD5BB
:102700000749D1F8B8204FF40040586122B1BDE824
:102710001040D1F8BC00104710BD00BF003C014084
:1027200050E70020024B00221A609A80704700BFD9
:1027300048E7002030B5002387B0416803910122AB
:10274000CDE901330223CDE904230546EFF732FB3F
:102750000A4BF322DA60694601A8EFF731FC38B979
:10276000EB682B600446EFF739FB204607B030BD1D
:10277000EFF734FBEFF73CFB07B030BD003C024005
:102780002DE9F0410746C06888424ED8BC688818D9
:10279000A0424AD2180140EA830018434C0040EAA4
:1027A000831504F00603FF249C4001F0030303EBB0
:1027B000020821F00306EFF7FDFA1D4BE443F32274
:1027C000EDB2E4B2DA600EE0396945EA04020023B2
:1027D00001EB9601D2B21846EFF73AFBA8F10408D4
:1027E00004360446D8B9B8F1030FEDD8B8F1000F9C
:1027F00010D0C8F104035B00FF221A41396964EA72
:102800000202D2B2002301EB96012A431846EFF7E9
:102810001FFB20B9EFF7E2FA0020BDE8F081EFF7E7
:10282000DDFABDE8F041EFF7E3BA4FF0FF30F4E72F
:10283000003C024070B51401054644EA820414438A
:1028400044EA821CEC68C81C20F0030004F1040E6A
:1028500070455FFA8CFCA0EB010634D3421E2D6953
:102860009208AA5CD2B27EB17600FF213141C94301
:10287000C9B222EA01020CEA01010A4304E07645EA
:102880001FD36A5C3046D2B2411F62454FEA9101C4
:10289000A0F10406F3D00CF0030CBCEB921F4FEA3E
:1028A00092110CD1A04202D809E0A04207D09200B8
:1028B000C2F38111614500F1FF30D2B2F5D0197039
:1028C00070BD3046E7E76246E5E700BF70B5194CDA
:1028D00082B0A1680DF1050303222046FFF7AAFF8D
:1028E0000DF1060303222060216A04F11800FFF7AE
:1028F000A1FF114B9DF80620A06100251D709AB123
:10290000216820460DF10703002205EB4505FFF77E
:1029100091FF54F83530094E094900221B1A104620
:1029200033600A6002B070BD012501461D7004F1DC
:102930001800E7E7680F002018E8002014E80020DE
:1029400010E8002010B5094C0949E268636A22606A
:1029500000200870A3612046FFF7ECFE034604F157
:1029600018001C46FFF7E6FE204310BD680F00204C
:1029700018E80020064B074A1B78C3F1010303EB5C
:10298000430302EBC303D3E90203C01AC00070473C
:1029900018E80020680F002070B50E4C26688418D7
:1029A000B4EBC60F13D8034608460B490B4C097805
:1029B00001EB410154F8315004EBC101AC1B4969F2
:1029C00003EBC4031944DDF7E5FF002070BD4FF0B1
:1029D000FF3070BD14E8002018E80020680F0020C8
:1029E000F8B5134B134E1B78C3F1010303EB4303FC
:1029F00006EBC305DC00D5E9023207309A1AB2EBC8
:102A0000D00F12D33159C7085B1ABB4204D22846F3
:102A1000FFF790FE40B9315901233A462846FFF7A7
:102A2000AFFE08B9044B1F60F8BD4FF0FF30F8BD92
:102A300018E80020680F002010E800202DE9F84376
:102A4000404B15461A684319B3EBC20F76D83E4B7C
:102A500004461F788946EFF7ADF93C4BF322DA6064
:102A6000A207C7F1010725D0FDB1394E07EB470397
:102A7000C84606EBC30602E0A3071BD0ADB132681F
:102A80007169002301EBC201214418F8012B18469B
:102A9000EFF7DEF90134013DC1460028ECD0EFF735
:102AA0009DF9BDE8F843EFF7A3B9EFF797F90020D8
:102AB000BDE8F883032D1ED9254E07EB4703C84612
:102AC00006EBC30601E0032D15D93368716958F888
:102AD000042B01EBC301214400230220EFF7B8F9D6
:102AE000043DC14604340028EDD0EFF777F9BDE886
:102AF000F843EFF77DB9002DD7D0154E07EB470708
:102B0000C8464D44A4EB090406EBC70601E0A845FE
:102B1000CBD07369316804EB080003EBC1010023DB
:102B2000014418F8012B1846EFF792F90028EED06F
:102B3000EFF754F9BDE8F843EFF75AB94FF0FF301B
:102B4000B6E700BF10E8002018E80020003C024073
:102B5000680F00202DE9F0411D4E1E4D34781E4FA8
:102B6000C4F1010000EB40004FEAC0083A6855F894
:102B7000081005EBC0000023FFF702FE08BB3A680F
:102B800055F808303860134445F80830134B1A6084
:102B900004EB4403DF0005EBC3033278D3F808C02D
:102BA000E95904EB4404C2F101036145337005EBBC
:102BB000C40008D201231A46FFF7E2FDEB590133A6
:102BC000EB51BDE8F081BDE8F041FFF7B3BD00BFB8
:102BD00018E80020680F002010E8002014E800200A
:102BE0000170704702680B689A4201D0002070475C
:102BF00042684B689A42F9D182688B689A42F5D153
:102C0000C268CB689A42F1D102690B699A42EDD150
:102C100042694B699A42E9D182698B699A42E5D14E
:102C2000C269CB699A42E1D1026A0B6A9A42DDD14C
:102C3000426A4B6A9A42D9D1806A8B6AC31A584257
:102C40005841704748304FF00102BFF35B8FD0E826
:102C50004F3FC0E8412F0029F9D1BFF35B8FD8B2B5
:102C6000B0FA80F040097047002380F84830704780
:102C700070B54468F4B106680546311D2046FFF77B
:102C8000B1FFC8B1E06A002835D0218E0022EFF7ED
:102C9000D3FB2E68B36C93F83530012B04D1F36C61
:102CA00093F83530012B30D0E06A20B1218E01221B
:102CB000EFF7C2FB002070BD3046F1F7E1F9A64600
:102CC000BEE80F002E6806F1040CACE80F00BEE869
:102CD0000F00ACE80F009EE807008CE807003046C4
:102CE000F1F78EF92E68E06A3268136843F040030A
:102CF00013600028C9D1B36C93F83530012BDAD1B9
:102D0000F36C93F83530012BCED1616B71B1A26BAE
:102D10003AB1A38F3046F1F725FA0028C4D101203B
:102D200070BDA28F3046F1F7C1F9F6E7A16B00291B
:102D3000BAD0A28F3046F1F78FFAEEE7002310B534
:102D400000F1040C0C46CB64EFF3108E72B64368AE
:102D5000BBB11A46DB6C002BFBD14C3214608EF3F6
:102D60001088624500D010BDFFF782FF034600289F
:102D7000F9D1226C002AF6D0606C1946BDE81040EB
:102D800010476246EAE700BF84B0F0B597B00DF196
:102D9000740C8CE80E000023CDE914331D4B129304
:102DA000FF2307468DF80730BCE80F000DF1080E31
:102DB000AEE80F00BCE80F00AEE80F009CE807008B
:102DC00028AD8EE8070095E803000DAC84E8030009
:102DD0002A9B0F932B9B10930DF107062C9B1193AD
:102DE000384602A91396FFF7A9FF9DF80730FF2B7D
:102DF00006D10120F4F736FE9DF80730FF2BF8D0FE
:102E00009DF80700003818BF012017B0BDE8F0405A
:102E100004B07047E12B02084368E3B110B50446E3
:102E2000D86A20B1198E0122EFF706FB63681A6C8D
:102E300012B1586C01219047EFF3108272B66368AB
:102E4000DB6C636082F3108823B12046BDE810403C
:102E5000FFF70EBF10BD704703681943016070474C
:102E600070B5D1F82421174B056891F8A060D1F80E
:102E70009C4002F5405288B092F8DC2800200021E6
:102E8000CDE900018DF800200FCB0DF1100C8CE87E
:102E90000F00DDE90023CDE902230DF1080EBEE8A5
:102EA0000300CDF81700CDF81B102B688DF81460C7
:102EB00064011D341B68049461462846984708B095
:102EC00070BD00BF38A1030870B5D1F8D020164BF3
:102ED000056891F8A060B2F88C20D1F89C4088B0C9
:102EE00000200021CDE90001ADF800200FCB0DF14D
:102EF000100C8CE80F00DDE90023CDE902230DF171
:102F0000080EBEE80300CDF81700CDF81B102B68A3
:102F10008DF81460640104341B68049461462846EB
:102F2000984708B070BD00BF38A10308F0B5164B34
:102F30000568D1F8206191F8A070D1F89C400FCBC2
:102F400089B00DF1100C8CE80F000020337C8DF857
:102F500014700021CDE900018DF80030DDE9002377
:102F6000CDE902230DF1080EBEE80300CDF81700ED
:102F7000CDF81B102B68640105341B68049461466E
:102F80002846984709B0F0BD38A103082DE9F04163
:102F9000164B0668D1F87C7191F8A080D1F89C405E
:102FA0000FCB88B00DF1100C8CE80F00D7F8900013
:102FB000D7F894108DF814806D4603C5DDE9002321
:102FC000CDE902230DF1080EBEE80300CDF817008D
:102FD000CDF81B103368640103341B680494614608
:102FE0003046984708B0BDE8F08100BF38A103081B
:102FF000F0B5D1F8D020184BD2F89450D2F89020E8
:10300000066891F8A070D1F89C4089B0CDE90225FE
:103010000FCB0DF1100C8CE80F000DF1080EBEE87F
:1030200003009FED0B7BCDF81700CDF81B10336824
:103030008DF8147064010A348DED007B1B680494D4
:10304000614630460095984709B0F0BDAFF3008067
:10305000000000000000000038A103082DE9F04F37
:10306000D1F87C213D4BD1F86C7291F8A0B0D1F829
:103070009C40D1F824518BB08046D1F8A002019039
:10308000D2E924020243D1F8D0200497B2F88C2070
:1030900014BF4FF001094FF00009B2F1000A0FCB45
:1030A0000DF1180C8CE80F004FEA44144FF00002A9
:1030B0004FF00003CDE9022304F101040694039CC0
:1030C000059404AEB64603CECDF81F000198CDF8A6
:1030D000231001788DF81CB0CDE904238DF8101071
:1030E000049905F5405524F0FF0444EA010495F8DD
:1030F0003D1995F8DC08D8F800504FEAC111CDE928
:10310000042318BF4FF0010A8DF81090002818BF53
:1031100041F001018DF80810049924F47F44CDE9B1
:1031200004238DF810A0049A049744EA012323F4A1
:103130007F0343EA0243029A23F07F4343EA026398
:103140000593BEE80300CDF823102B6861461B6889
:10315000284698470BB0BDE8F08F00BF38A10308A0
:10316000F0B5174A174B1268066891F8A070D1F8AD
:103170009C4089B00DF1100C0292134A156803951A
:103180000FCB0DF1080E8CE80F00BEE803009FED99
:103190000A7BCDF81700CDF81B1033688DF814703A
:1031A000640117348DED007B1B6804946146304642
:1031B0000095984709B0F0BD000000000000000035
:1031C000640F002038A10308D4A300202DE9F041AA
:1031D000154B0668D1F8207191F8A080D1F89C4079
:1031E000FD6B0FCB88B00DF1100C8CE80F007B69E4
:1031F000029303950DF1080EBEE80300CDF8170009
:10320000CDF81B1033688DF81480640115343046F6
:1032100000270026CDE900671B68049461460095ED
:10322000984708B0BDE8F08138A10308F0B50568FB
:10323000D1F87C01174B90F81C21D0F8586191F817
:10324000A070D1F89C40002AD0F8182189B008BF9E
:103250000022CDE902260FCB0DF1100C8CE80F00F7
:103260000DF1080EBEE803006401CDF81700CDF89B
:103270001B102B688DF81470143404942846002415
:103280000025CDE900451B6800966146984709B0C6
:10329000F0BD00BF38A10308F0B5D1F82421334BAD
:1032A000D1F89C4091F8A07002F5405C05460FCB28
:1032B0009CF8E86889B064010DF1100E0934022E03
:1032C0008EE80F0004948DF814703AD0012E33D09C
:1032D0000CF6E403002E46D11B6802930020002167
:1032E000CDE90001019A039202AA03CA9CF8F828CA
:1032F0000093022ACDF81700CDF81B1027D0012A21
:103300002BD0002A2FD10CF6F40CDCF800202C680E
:10331000CDE9023202AB03CBCDF81700CDF81B107C
:103320002368204600250024CDE900451B68009253
:103330007146984709B0F0BDDCF8E438002BCBD1DA
:10334000CBE7DCF8E438002BC7D05B68C5E7DCF8D6
:10335000F428002ADBD05268D9E7DCF8F428002AE8
:10336000D5D01268D3E70248F8F74AFA38A1030823
:10337000A4A8030830B5194B4FF4367202FB013391
:103380000C4600EB81020546204493F8A010D3F8C8
:103390009C30D36087B001750020CDE903006FF049
:1033A0001F0005905B01B1B1039301238DF810302C
:1033B000516819B1286803689B6898472868084ACB
:1033C0000368013405EB840400945C6803A92B4670
:1033D000A04707B030BDADF80C30E9E70010002081
:1033E000153C020810B500210446FFF7C3FF28B1C1
:1033F00020460121BDE81040FFF7BCBF10BD00BF53
:103400002DE9F0470D4607460FC98AB006AE86E89B
:103410000F0002ACDDF81F00DDF82310A446ACE875
:103420000300D7F824019DED020AFBF753F9D7F802
:103430002431DFED207ADFED206A03F5405E95E868
:103440000F0086E80F0084E80F00DDF81F00DDF8AC
:103450002310EC466746ACE80300BDF9043007EEE4
:10346000103AB8EEC77AB0EE676AA7EE266A0EF693
:10347000181A0EF61C194FF001088AED006A95E83B
:103480000F0086E80F0084E80F00DDF82310DDF858
:103490001F0003C7BDF9063007EE103AB8EEC77A31
:1034A000E7EE267AC9ED007A8EF83C890AB0BDE8CD
:1034B000F08700BF000000006F12833A2DE9F0434F
:1034C000D0F8243103F5405303F6181903F61C1500
:1034D000D0F8A0328C4693F8008006460FC987B01A
:1034E0000DF1080E8EE80F00DDF80F00DDF8131067
:1034F0006C46274603C4DDED007AC9ED007A9CE8EE
:103500000F008EE80F00DDF80F00DDF8131003C781
:10351000B8F1090F019B2B600FD1D6F87C31DFED9C
:10352000086A93ED087A77EEA77AB8EEC77A67EE65
:10353000A67A67EE277AC6ED217A07B0BDE8F08358
:10354000DB0F494070B58C46D0F824610FC986B0B6
:103550000DF1080E8EE80F00DDF80F00DDF81310F6
:1035600030766C46254603C49CE80F008EE80F00B9
:10357000DDF80F00DDF81310717603C5304606B094
:10358000BDE87040FBF7E2B8F0B58C46D0F8247186
:10359000D0F87C610FC987B00DF1080E8EE80F00DE
:1035A000DDF80F00DDF813106C46254603C4009BC0
:1035B000BB629CE80F008EE80F00DDF80F00DDF81D
:1035C000131003C5019BF36307B0F0BD70B58C46C3
:1035D000D0F880610FC986B00DF1080E8EE80F009B
:1035E000DDF80F00DDF813106C46254603C4009B80
:1035F000B3609CE80F008EE80F00DDF80F00DDF8E7
:10360000131003C5019BF36006B070BD30B4D0F851
:10361000D04023681D680FC986B00DF1180C0CE965
:103620000F00DDF80F00DDF813106B4603C300999F
:1036300020462B4606B030BC184700BF70B58C46FC
:10364000D0F824610FC986B00DF1080E8EE80F0086
:10365000DDF80F00DDF813106C46254603C4009B0F
:1036600033629CE80F008EE80F00DDF80F00DDF8F4
:10367000131003C5019B736206B070BD2DE9F041C4
:10368000284BD1F89C4091F8A080174606460FCBF6
:103690008EB006AD85E80F0097E80F000DF1280CFD
:1036A0008CE80F00DDF82F00DDF833108DF81C805A
:1036B0000DF1100EAEE803009DF8103064011C34CB
:1036C000102B069403D900200EB0BDE8F081164AF5
:1036D00002EBC30393E803008CE80300F6F73AFB20
:1036E000DDF82310DDF81F008DED010A0022002314
:1036F000CDE9022304AB1A4603C30B460399019C90
:1037000004940B43059303CA3668CDF81F00CDF827
:103710002310336802941B682946304698470EB040
:10372000BDE8F08138A10308048C00202DE9F04F9A
:1037300083467C4CABB0EDF701F9D4F89C20DBF864
:103740000C309A42064605D19BF8142094F8A0301C
:103750009A4203D000215846FFF70CFEDBF81020F8
:10376000D4F874339A4205D19BF8152094F8783335
:103770009A4203D001215846FFF7FCFDDFF8A4A1CF
:103780004FF0FF380DF1B809674B04930023059300
:10379000664B089300230993654B0C9300230D930C
:1037A000644B109300231193634B149300231593E0
:1037B000624B189300231993614B1C9300231D93B4
:1037C000604B2093002321930AF1A40302930AF58E
:1037D0002A7303930AF1A80306930AF52B73079340
:1037E0000AF1AC030A930AF52C730B930AF1B003A8
:1037F0000E930AF52D730F930AF1B40312930AF591
:103800002E7313930AF1B80316930AF52F731793C7
:103810000AF1BC031A930AF530731B930AF1C00333
:103820001E930AF531731F930AF1C4032293464B8A
:10383000249300232593454B289300232993444B3D
:103840005B6A5B009BB201930AF5327323930AF122
:10385000C80326930AF53373279306AC09E0134493
:103860009B1B23EAE373984528BF98461034A14573
:1038700016D054F8105C2B68002BF7D054F80C7C51
:103880003A68B11A8B42EAD854E90230C2072AD406
:103890000BEB60005146984708BB3A682B68DEE79F
:1038A0002B4B2C4A5B6A019912785B009BB2591A28
:1038B00022B1019ACAF8D811CAE97423DAF8DC31C6
:1038C0008B4238BF0B46CAF8DC31234B0AF5367AF7
:1038D0009A457FF459AF40462BB0BDE8F08F3E606B
:1038E0002B683246BBE742100BEB60005BF802200E
:1038F000D358CFE7174B019A1978154B5B6A5B00D9
:103900009BB29A1A21B10199CAF8D821CAE9741355
:10391000DAF8DC319A4238BF1A46CAF8DC2115F0D1
:1039200079F900BF001000205D30020899320208CA
:103930008D2F0208C92E0208612E02082D2F0208C1
:10394000F12F02082D320208CD3102086131020840
:10395000001C0040FC0F0020B0150020F0B51646FA
:103960000A68336887B003F01F04074613680846E7
:103970000D469847A31E1B2B2CD8DFE813F02E0111
:10398000210114010701F900EB002B00DE00D1003A
:10399000CA00C300BC00AA00A3009B001C00940046
:1039A000840078006C00370160005A005300430027
:1039B0003C0034002D0096E80F00D5F8804106AD9C
:1039C00005E90F00DDF80F00DDF813106B4603C3A7
:1039D000009B636007B0F0BD2946384607B0BDE8DC
:1039E000F040FFF73DBA32462946384607B0BDE8F9
:1039F000F040FFF743BE3146284607B0BDE8F0402F
:103A0000FFF71CBE96E80F00D5F8244106AD05E986
:103A10000F00DDF80F00DDF813106B4603C3009BA9
:103A2000E361D7E73146284607B0BDE8F040FFF72D
:103A3000EDBD754807B0BDE8F040FCF725BD7379D2
:103A400013B9B379002BC5D12946384607B0BDE874
:103A5000F040FFF785BB737913B9B379002BB9D167
:103A60002946384607B0BDE8F040FFF7AFBB737991
:103A700013B9B379002BADD12946384607B0BDE85C
:103A8000F040FFF7D3BB96E80F00D5F8244106AD10
:103A900005E90F00DDF80F00DDF813106B4603C3D6
:103AA000009BA36496E73146284607B0BDE8F04086
:103AB000FFF78CBDD5F8240103685B6807B0BDE84B
:103AC000F04018473146284607B0BDE8F040FFF700
:103AD0005BBD96E80F00D5F8244106AD05E90F005F
:103AE000DDF80F00DDF813106B4603C304F56454D2
:103AF000009BE3616EE73146284607B0BDE8F04021
:103B0000FFF7DCBC3146284607B0BDE8F040FFF7C0
:103B100077BC3146284607B0BDE8F040FFF712BD3C
:103B200073791BB9B379002B7FF454AF294638461B
:103B300007B0BDE8F040FFF75BBA73791BB9B37902
:103B4000002B7FF447AF2946384607B0BDE8F04068
:103B5000FFF7A2BB96E80F0006AC04E90F00DDF802
:103B60000F00DDF8131085F894026B4603C331E7AC
:103B700096E80F0006AC04E90F00DDF80F00DDF851
:103B80001310C5F89C006B4603C323E773791BB978
:103B9000B379002B7FF41EAF2946384607B0BDE845
:103BA000F040FFF7C3B973791BB9B379002B7FF4E9
:103BB00011AF2946384607B0BDE8F040FFF784B999
:103BC00073791BB9B379002B7FF404AF29463846CB
:103BD00007B0BDE8F040FFF7D9B94FF4804105F5D3
:103BE0001B7007B0BDE8F040FFF736B9BFF34F8F49
:103BF0000649074BCA6802F4E0621343CB60BFF387
:103C00004F8F00BFFDE700BF10A4002000ED00E0D3
:103C10000400FA05104B0A6810B5D3F89C40B4EBC9
:103C2000521F4FEA521C10D0D3F87423944500D091
:103C300010BD93F878230B799A42F9D1074B0A46C5
:103C4000BDE810401946FFF789BE93F8A0E00A7955
:103C50009645E9D1F3E700BF00100020D8120020FC
:103C600030B5054689B0D0F894000C46EDF75AFD02
:103C700010BB21680590CDE9021121790029034686
:103C8000024618BF0423A179D5F894000493069145
:103C90008DF81C200192EDF741FB08B909B030BD49
:103CA000D5F8940001ABE21D02A9EDF7D3FAB0FA02
:103CB00080F0400909B030BD002009B030BD00BF20
:103CC00000F1340399420CD310B500F194039942EA
:103CD0008AB0044602D20B78FF2B04D000200AB031
:103CE00010BD00207047282200216846DCF768FFDD
:103CF000D4F894006946EDF7B9F9B0FA80F04009BC
:103D00000AB010BDF0B500F1340500F19406534C33
:103D1000A6EB050C4FEAAC0C04FB0CFC8BB04FEA95
:103D2000AC0EBEF1000F109F40F38A800EEB4E0EDA
:103D300000EB0E1E0EF1340E2C4611E094F80CC070
:103D4000BCF1FF0F50D094F818C0BCF1FF0F4DD05C
:103D500094F824C0BCF1FF0F4AD03034744549D0E8
:103D600094F800C0BCF1FF0FE8D1A64253D0C4E9DB
:103D700001230023237007B13C600E79012E24D06B
:103D8000002E5FD18B680A885B05520543F004035F
:103D90000427641B314DD0F8940001961B0CA4102D
:103DA000CDE9023705FB04F40023CDE90434120CFD
:103DB000069369460123CDE907330092EDF756F9E2
:103DC000B0FA80F040090BB0F0BD0A688B68D200F1
:103DD000DB0096B29FB242F0040246F0040643F0C4
:103DE000040347F00407D4E70C34BEE71834BCE7FB
:103DF0002434BAE7DFF864E0A6EB040C4FEAAC0C1D
:103E00000EFB0CFCBCF1020F0ED0BCF1030F05D071
:103E1000BCF1010F0ED000200BB0F0BD94F800C033
:103E2000BCF1FF0FA1D00C3494F800C0BCF1FF0F1F
:103E30009BD00C3494F800C0BCF1FF0FEBD194E799
:103E40002C46DFE7082014F0A9FE054C0549064A78
:103E5000C0E90041054915F073FB00BFABAAAAAA4F
:103E600054A90308A4A803081DB70108E0A8030883
:103E70000840704710B50446D0F89400EDF7BAF941
:103E8000D4F89400EDF750FCD4F89400EDF76EF8F8
:103E900008B1002010BDD4F89400EDF779F900289E
:103EA000F7D1D4F894001321EDF7FAFAB0FA80F0C4
:103EB000400910BD8268084910B5B1FBF2F404FB5B
:103EC00002F28A42006105D1D0F8943013B15C60EF
:103ED000FFF7D0FF012010BD80841E0030B582683E
:103EE000C0F894100D4BB3FBF2F387B04B6004465F
:103EF000FFF7C0FF054670B10022CDE90322236B16
:103F00000749084A9B08CDE9011201A821460593FB
:103F1000F3F77AFDE062284607B030BD80841E00CA
:103F2000F4AE0308E54102080C4A10B4B2FBF1F408
:103F300004FB01FC944508D1D0F89420816042B183
:103F400054605DF8044BFFF795BF00205DF8044B0B
:103F5000704701205DF8044B704700BF80841E004D
:103F60002DE9F04F00F1340A00F19409754AA9EBEC
:103F70000A039B1002FB03F34FEAA3088FB008EB80
:103F8000480500EB051507460C460193343503AE92
:103F9000D7F894002146EDF76FFA00286AD06A4BF3
:103FA0000FCB86E80F000DF1130307AA2146D7F8BF
:103FB0009400EDF7CBF90999DDE90732002908BF34
:103FC0001A46DDE90A3014BF01210021003B18BF69
:103FD0000123B8F1000F8DF812008DF81010039234
:103FE0008DF8113040F3A7804FF0000C0D9A534626
:103FF000614625E08A42E64601F101002BD093F8A4
:104000000CB0BBF1000F38D18242F44600F101013F
:1040100039D093F818B0BBF1000F38D18A42E64688
:1040200001F1010039D093F824B0BBF1000F38D171
:104030008242F44600F1010139D03033AB423AD02C
:1040400093F800B0BBF1000FD4D0084661468A4215
:104050000CF1010ED3D15C45D1D1994598D0D3E96B
:10406000012031469047D7F894002146EDF704FA35
:10407000002894D10FB0BDE8F08F0146704682420F
:104080000EF1010CC5D15C45C3D10C33E5E7084600
:1040900061468A420CF1010EC5D15C45C3D118338B
:1040A000DBE70146704682420EF1010CC5D15C454A
:1040B000C3D12433D1E72348A9EB0302921000FBBC
:1040C00002F2022A22D0032A0ED0012A7FF460AF26
:1040D0000D9A1878002818BF614691427FF458AFB6
:1040E00084427FF455AFB8E71878D8B90D9A8E4658
:1040F000724501F101011BD0187B0C3350B98E467B
:10410000964501F101010AD00C33E2E718780D9AC7
:104110000028F4D0E64696450CF1010CF4D1844217
:10412000F2D19AE70D9AE64672450CF1010CE3D103
:104130008442E1D191E74FF0000C019A5346614669
:10414000BFE700BFABAAAAAA48A103082DE9F04126
:10415000067B044601213046FFF78AFE04F114086D
:10416000D0BB1F4FD4F89400EDF7DCFA03460121D1
:104170003046B3B9FFF77CFE30BB4FF0FF35204629
:104180000021FFF7EDFE20460121FFF7E9FED4F8FC
:1041900094001321EDF784F938682946F3F7D0FC31
:1041A000E0E7B3F5003FDDD1D4F89400EDF7BCFAB9
:1041B000D4F89400ECF7ECFF0028D3D1D4F89400A5
:1041C0000321EDF76DF9CDE74046FFF7AFFA01287F
:1041D00038BF01200546D2E74046FFF703F9C0E7A4
:1041E00038E7002008B5FFF7B1FF00BF08B501218F
:1041F000EDF76CF9024B1868BDE80840F3F7CCBC4A
:1042000038E7002008B50121EDF760F9024B186886
:10421000BDE80840F3F7C0BC38E7002008B501212D
:10422000EDF754F9024B1868BDE80840F3F7B4BC49
:1042300038E70020704700BF704700BF704700BFDD
:1042400008B50221EDF742F9024B1868BDE80840B5
:10425000F3F7A2BC38E7002008B51021EDF736F9D6
:10426000024B1868BDE80840F3F796BC38E7002019
:10427000704700BF704700BF704700BF704700BF66
:10428000704700BF00207047002070470020704733
:10429000007870470170704790ED000A704700BFCA
:1042A00090ED000A704700BF80ED000A704700BF24
:1042B000D0E90001704700BF007870470078704770
:1042C0000068704700787047017070470068704759
:1042D0000160704700687047007870470170704750
:1042E0000078704701707047007870470170704720
:1042F00001884288002361F30F0362F31F4382B0F9
:10430000184602B0704700BF82B00B0C018043809A
:1043100002B07047007870470170704700687047BE
:1043200001607047D0E90001704700BF0078704716
:104330000078704701707047D0E90001704700BFF6
:10434000C0E90023704700BF0068704701607047F4
:1043500000787047017070470078704701707047AF
:10436000007870470170704700787047017070479F
:10437000008870470180704700887047018070474F
:10438000008870470180704700787047017070475F
:1043900082B010B502A981E80C0004461022002169
:1043A000DCF70EFC2046BDE8104002B0704700BFAD
:1043B000A1F10801ECE700BF82B010B502A981E8C5
:1043C0000C00044610220021DCF7FAFB2046BDE871
:1043D000104002B0704700BFA1F10801ECE700BF38
:1043E00082B010B502A981E80C0004461022002119
:1043F000DCF7E6FB2046BDE8104002B0704700BF86
:10440000A1F10801ECE700BF82B010B502A981E874
:104410000C00044610220021DCF7D2FB2046BDE848
:10442000104002B0704700BFA1F10801ECE700BFE7
:1044300082B010B502A981E80C00044610220021C8
:10444000DCF7BEFB2046BDE8104002B0704700BF5D
:10445000A1F10801ECE700BF82B010B502A981E824
:104460000C00044610220021DCF7AAFB2046BDE820
:10447000104002B0704700BFA1F10801ECE700BF97
:1044800082B010B502A981E80C0004461022002178
:10449000DCF796FB2046BDE8104002B0704700BF35
:1044A000A1F10801ECE700BF82B010B502A981E8D4
:1044B0000C00044610220021DCF782FB2046BDE8F8
:1044C000104002B0704700BFA1F10801ECE700BF47
:1044D00082B010B502A981E80C0004461022002128
:1044E000DCF76EFB2046BDE8104002B0704700BF0D
:1044F000A1F10801ECE700BF82B010B502A981E884
:104500000C00044610220021DCF75AFB2046BDE8CF
:10451000104002B0704700BFA1F10801ECE700BFF6
:1045200082B010B502A981E80C00044610220021D7
:10453000DCF746FB2046BDE8104002B0704700BFE4
:10454000A1F10801ECE700BF82B010B502A981E833
:104550000C00044610220021DCF732FB2046BDE8A7
:10456000104002B0704700BFA1F10801ECE700BFA6
:1045700082B010B502A981E80C0004461022002187
:10458000DCF71EFB2046BDE8104002B0704700BFBC
:10459000A1F10801ECE700BF82B010B502A981E8E3
:1045A0000C00044610220021DCF70AFB2046BDE87F
:1045B000104002B0704700BFA1F10801ECE700BF56
:1045C0000020704782B010B502A981E80C000446B3
:1045D00010220021DCF7F4FA2046BDE8104002B0BA
:1045E000704700BFA1F10801ECE700BF0020704751
:1045F000A0F10400FAE700BF82B010B502A981E87B
:104600000C00044610220021DCF7DAFA2046BDE84F
:10461000104002B0704700BFA1F10801ECE700BFF5
:1046200082B010B502A981E80C00044610220021D6
:10463000DCF7C6FA2046BDE8104002B0704700BF64
:10464000A1F10801ECE700BF82B010B502A981E832
:104650000C00044610220021DCF7B2FA2046BDE827
:10466000104002B0704700BFA1F10801ECE700BFA5
:1046700082B010B502A981E80C0004461022002186
:10468000DCF79EFA2046BDE8104002B0704700BF3C
:10469000A1F10801ECE700BF82B010B502A981E8E2
:1046A0000C00044610220021DCF78AFA2046BDE8FF
:1046B000104002B0704700BFA1F10801ECE700BF55
:1046C00082B010B502A981E80C0004461022002136
:1046D000DCF776FA2046BDE8104002B0704700BF14
:1046E000A1F10801ECE700BF82B010B502A981E892
:1046F0000C00044610220021DCF762FA2046BDE8D7
:10470000104002B0704700BFA1F10801ECE700BF04
:1047100007B5D1E900039847002003B05DF804FB1A
:10472000A0F10400F4E700BFD1E9000310B514467E
:104730009847002814BF312330232370002363706F
:10474000012010BDA0F10400EEE700BF30B52DED53
:10475000028B83B0104600230D4601AA0B4901933A
:10476000DCF776FC01280CD19DED018A0446D5E9E1
:10477000000398472868AB68B0EE480A984720467F
:1047800000E0002003B0BDEC028B30BD84AF030815
:10479000A0F10400DAE700BF37B50193D1E90003C7
:1047A00015469847044A019903462846DCF70CFC55
:1047B000012003B030BD00BF87AF0308A0F10400A3
:1047C000EAE700BF37B50193D1E9000315469847E2
:1047D000044A019903462846DCF7F6FB012003B0A2
:1047E00030BD00BF87AF0308A0F10400EAE700BFB7
:1047F00037B50193D1E9000315469847044A01995A
:1048000003462846DCF7E0FB012003B030BD00BFC3
:1048100087AF0308A0F10400EAE700BF37B50193B2
:10482000D1E9000315469847044A019903462846F2
:10483000DCF7CAFB012003B030BD00BF87AF03081F
:10484000A0F10400EAE700BF37B50193D1E9000306
:1048500015469847044A019903462846DCF7B4FBFD
:10486000012003B030BD00BF87AF0308A0F10400F2
:10487000EAE700BF37B50193D1E900031546984731
:10488000044A019903462846DCF79EFB012003B049
:1048900030BD00BF87AF0308A0F10400EAE700BF06
:1048A00037B50193D1E9000315469847044A0199A9
:1048B00003462846DCF788FB012003B030BD00BF6B
:1048C00087AF0308A0F10400EAE700BF37B5019302
:1048D000D1E9000315469847044A01990346284642
:1048E000DCF772FB012003B030BD00BF87AF0308C7
:1048F000A0F10400EAE700BF37B50193D1E9000356
:1049000015469847044A019903462846DCF75CFBA4
:10491000012003B030BD00BF8AAF0308A0F104003E
:10492000EAE700BF37B50193D1E900031546984780
:10493000044A019903462846DCF746FB012003B0F0
:1049400030BD00BF87AF0308A0F10400EAE700BF55
:1049500037B50193D1E9000315469847044A0199F8
:1049600003462846DCF730FB012003B030BD00BF12
:1049700087AF0308A0F10400EAE700BF37B5019351
:10498000D1E9000315469847044A01990346284691
:10499000DCF71AFB012003B030BD00BF87AF03086E
:1049A000A0F10400EAE700BF37B50193D1E90003A5
:1049B00015469847044A019903462846DCF704FB4C
:1049C000012003B030BD00BF87AF0308A0F1040091
:1049D000EAE700BF37B50193D1E9000315469847D0
:1049E000044A019903462846DCF7EEFA012003B099
:1049F00030BD00BF87AF0308A0F10400EAE700BFA5
:104A000037B50193D1E9000315469847044A019947
:104A100003462846DCF7D8FA012003B030BD00BFBA
:104A200087AF0308A0F10400EAE700BF37B50193A0
:104A3000D1E9000315469847044A019903462846E0
:104A4000DCF7C2FA012003B030BD00BF87AF030816
:104A5000A0F10400EAE700BF37B50193D1E90003F4
:104A600015469847044A019903462846DCF7ACFAF4
:104A7000012003B030BD00BF8EAF0308A0F10400D9
:104A8000EAE700BF37B50193D1E90003154698471F
:104A9000044A019903462846DCF796FA012003B040
:104AA00030BD00BF87AF0308A0F10400EAE700BFF4
:104AB00037B51D46D1E900031446984710EE100A99
:104AC000E7F7FEF8044ACDE9000129462046DCF765
:104AD0007BFA012003B030BD84AF0308A0F10400CD
:104AE000E6E700BF30B585B010460D4603AA0A4977
:104AF000DCF7AEFA012801D000200AE00399019109
:104B00000446D5E9000398472868AB68019998479F
:104B1000204605B030BD00BF8EAF0308A0F10400F1
:104B2000E0E700BF30B585B010460D4603AA0A493C
:104B3000DCF78EFA012801D000200AE003990191E8
:104B40000446D5E9000398472868AB68019998475F
:104B5000204605B030BD00BF87AF0308A0F10400B8
:104B6000E0E700BF30B585B010460D4602AA0B49FC
:104B7000DCF76EFA012801D000200DE0DDE9022308
:104B80000446D5E90001CDE9002388472868A968D3
:104B9000DDE900238847204605B030BD92AF030809
:104BA000A0F10400DEE700BF37B51D46D1E90003E0
:104BB00014469847044ACDE9000129462046DCF70F
:104BC00003FA012003B030BD92AF0308A0F1040046
:104BD000EAE700BF30B585B010460D4603AA0A4982
:104BE000DCF736FA012801D000200AE00399019190
:104BF0000446D5E9000398472868AB6801999847AF
:104C0000204605B030BD00BF8AAF0308A0F1040004
:104C1000E0E700BF10B582B00C4601AA0449DCF7FA
:104C200017FA012806BF019B2370002002B010BDB7
:104C300087AF030830B40F4C0F4D5B2343F665512B
:104C400080EA03200822430010F4004F9BB214BFF7
:104C500083EA0100400002F1FF3308BF80B213F085
:104C6000FF02F0D1AC4202D014F8013FE8E730BCBB
:104C7000704700BF5CBD03083499040810B582B0CA
:104C800002AC04E90C000C4631B103689DF8101029
:104C90001B689DED000A9847204602B010BD00BF7A
:104CA00001807047FFF7FCBF00887047FFF7FCBF2B
:104CB0004160C068F9F796BAFFF7FABF40687047DD
:104CC000FFF7FCBF807A7047FFF7FCBF0181C06827
:104CD000F9F788BAFFF7FABF00897047FFF7FCBF02
:104CE00080ED040A406DF8F7D9B80000FFF7F8BF6F
:104CF00090ED040A70470000FFF7FABF80F8251016
:104D0000406DF8F7F9B80000FFF7F8BF90F82500FC
:104D100070470000FFF7FABFA0F84C10406DF8F79D
:104D20003FBE0000FFF7F8BFB0F84C00704700002E
:104D3000FFF7FABF90F82E0070470000FFF7FABFA8
:104D400090F8240070470000FFF7FABF80ED0D0ACD
:104D500000F54050D0F8BC08F9F728BDFFF7F6BFC2
:104D600090ED0D0A70470000FFF7FABF01B9C16A64
:104D7000C1627047FFF7FABFC06A7047FFF7FCBF18
:104D8000017000F54050D0F8BC08F9F7DFBC000016
:104D9000FFF7F6BF00787047FFF7FCBF10B5044679
:104DA00004F54054F9F796FC012384F83C3910BD12
:104DB000FFF7F4BF00F5645090ED050A704700005E
:104DC000FFF7F8BF80ED0C0A406EF6F791BE0000C9
:104DD000FFF7F8BF90ED0C0A70470000FFF7FABF2D
:104DE00080ED050A406EF6F783BE0000FFF7F8BFBE
:104DF00090ED050A70470000FFF7FABF80ED040A46
:104E0000406EF6F775BE0000FFF7F8BF90ED040A9C
:104E100070470000FFF7FABF436E017093F89E20C1
:104E200002B91A7F83F89E2070470000FFF7F4BF95
:104E300000787047FFF7FCBF0182006AF7F73EBEBB
:104E4000FFF7FABF008A7047FFF7FCBF0182D0F876
:104E5000BC00F5F7E9BB0000FFF7F8BF008A704718
:104E6000FFF7FCBFC181D0F8BC00F5F7DDBB000047
:104E7000FFF7F8BFC0897047FFF7FCBF00687047B5
:104E8000FFF7FCBF01807047FFF7FCBF0088704749
:104E9000FFF7FCBF4160C068F9F7A4B9FFF7FABF9C
:104EA00040687047FFF7FCBF8172C068F9F79AB994
:104EB000FFF7FABF807A7047FFF7FCBF0181C06837
:104EC000F9F790B9FFF7FABF00897047FFF7FCBF09
:104ED00090ED0F0A70470000FFF7FABF90ED0D0A42
:104EE00070470000FFF7FABF90ED0B0A7047000013
:104EF000FFF7FABF90ED120A70470000FFF7FABF04
:104F000090ED100A70470000FFF7FABF90ED0E0A0F
:104F100070470000FFF7FABF80ED040A406DF7F715
:104F2000BDBF0000FFF7F8BF90ED040A7047000016
:104F3000FFF7FABF80F82510406DF7F7DDBF0000DE
:104F4000FFF7F8BF90F8250070470000FFF7FABFA1
:104F5000A0F84C10406DF8F723BD0000FFF7F8BF34
:104F6000B0F84C0070470000FFF7FABF80F82E1031
:104F7000406D0021F7F772BFFFF7F8BF90F82E00E1
:104F800070470000FFF7FABF80F82410406D002141
:104F9000F7F764BFFFF7F8BF90F8240070470000F0
:104FA000FFF7FABF90ED370A70470000FFF7FABF2E
:104FB00090ED390A70470000FFF7FABF90ED350A0F
:104FC00070470000FFF7FABF90ED280A7047000015
:104FD000FFF7FABF80ED0D0A00F54050D0F8BC088D
:104FE000F9F7E4BBFFF7F6BF90ED0D0A704700003C
:104FF000FFF7FABF01B9C16AC1627047FFF7FABF94
:10500000C06A7047FFF7FCBF017000F54050D0F850
:10501000BC08F9F79BBB0000FFF7F6BF00787047AC
:10502000FFF7FCBF00F5645090ED050A70470000E3
:10503000FFF7F8BF80ED0C0A406EF6F759BD00008F
:10504000FFF7F8BF90ED0C0A70470000FFF7FABFBA
:1050500080ED050A406EF6F74BBD0000FFF7F8BF84
:1050600090ED050A70470000FFF7FABF80ED040AD3
:10507000406EF6F73DBD0000FFF7F8BF90ED040A63
:1050800070470000FFF7FABF00787047FFF7FCBFDA
:1050900090F8703013B190ED1B0A70479FED010A34
:1050A000704700BF00000000FFF7F2BF90F86830C3
:1050B00013B190ED190A70479FED010A704700BFC8
:1050C00000000000FFF7F2BF0182006AF7F7F6BCAC
:1050D000FFF7FABF008A7047FFF7FCBF0182D0F8E4
:1050E000BC00F5F7A1BA0000FFF7F8BF008A7047CF
:1050F000FFF7FCBFC181D0F8BC00F5F795BA0000FE
:10510000FFF7F8BFC0897047FFF7FCBF0068704722
:10511000FFF7FCBF8068FEF707BF0000FFF7FABF8C
:105120008172C068F9F75EB8FFF7FABF80F82E10F9
:10513000406D0021F7F792BEFFF7F8BF80F824100A
:10514000406D0021F7F78ABEFFF7F8BF10B504469F
:1051500004F54054F9F7BEFA012384F83C3910BD38
:10516000FFF7F4BF8068FEF7DFBE0000FFF7FABF6D
:105170002DE9F04385B004AC04E90F009DF80C70F4
:10518000DDE91025002F47D0D2E9003C00218846F8
:105190008946A1F12000C1F12006BCF1000F01D029
:1051A0009C453ED913F8014B136004FA00F024FA31
:1051B00006F68C4008313043402944EA080840EAAA
:1051C0000909E6D1DDE900432046984742460646F4
:1051D00088464B46029920468847D5E9004000237F
:1051E000C3F12001A3F1200C26FA03F208FA01F121
:1051F0000A4328FA0CFC42EA0C02083308B1A04228
:105200000AD922702C68402B04F101042C60E7D1EC
:10521000384605B0BDE8F0830027384605B0BDE844
:10522000F083DDE90003984706468846D5E700BFCE
:105230002DE9F04184B004AC04E90F009DF80C5056
:10524000DDE90C646DB3D6E9002100231F4609B1E6
:1052500091422BD912F8010B326098400833202B71
:1052600047EA0007F3D1DDE9008340469847029BF7
:105270000646394640469847D4E90031002246FAAE
:1052800002FC083209B199420BD983F800C02368A7
:10529000202A03F101032360F1D1284604B0BDE8C0
:1052A000F0810025284604B0BDE8F081DDE9000367
:1052B00098470646E0E700BF2DE9F04184B004AC12
:1052C00004E90F009DF80C60DDE90C546EB3D5E9DC
:1052D000002100231F4609B191422BD912F8010B7E
:1052E0002A6098400833202B47EA0007F3D1DDE914
:1052F000008340469847029B0546394640469847FA
:10530000D4E90031002225FA02FC083209B19942A1
:105310000BD983F800C02368202A03F1010323601E
:10532000F1D1304604B0BDE8F0810026304604B02B
:10533000BDE8F081DDE9000398470546E0E700BFDE
:10534000F0B587B006AC04E90F009DF814400E9D3F
:10535000DCB10D9B0D9A1B685268934220D00D99C9
:10536000029F5A1C0A601978039B003918BF01215B
:105370003846019198470199049B0646384698475C
:10538000D5E900232BB1934203D80024204607B06F
:10539000F0BD16702B68204601332B6007B0F0BDBE
:1053A000DDE9020398470646EAE700BF30B583B05F
:1053B000DAB11C4615468847D4E900138DED010A81
:1053C00001984FF0000C20FA0CF20CF1080C0BB114
:1053D00099420AD20A702168BCF1200F01F1010143
:1053E0002160F0D1284603B030BD0025284603B027
:1053F00030BD00BF38B50C4629B103689B6815461F
:10540000984785ED000A204638BD00BF2DE9F041E0
:1054100084B004AC04E90F009DF80C50DDE90C6485
:105420006DB3D6E9002100231F4609B191422BD963
:1054300012F8010B326098400833202B47EA00072E
:10544000F3D1DDE9008340469847029B0646394682
:1054500040469847D4E90031002226FA02FC08327F
:1054600009B199420BD983F800C02368202A03F1BF
:1054700001032360F1D1284604B0BDE8F081002586
:10548000284604B0BDE8F081DDE9000398470646F0
:10549000E0E700BFF0B587B006AC04E90F009DF867
:1054A0001460DDE90E0486B3D0E9002700231D4611
:1054B0000FB197422DD912F8011B026099400833B1
:1054C000202B45EA0105F3D1DDE90203019098475D
:1054D0000198049BF0EE407A00EE105A17EE905AB5
:1054E0009847D4E900302946002221FA02F5083213
:1054F00008B1984209D91D702368202A03F10103DD
:105500002360F2D1304607B0F0BD0026304607B028
:10551000F0BDDDE90203984710EE105AE1E700BF45
:1055200070B5059D0E4679B183B103681649DB68F5
:105530008B4224D1B2F5616F1ED200EB820090ED58
:10554000160A049B83ED000A304670BDD5E9004180
:105550001A4609B1A14215D914F801CB2C600CFAF6
:1055600003FC0833202B42EA0C02F2D103680649FF
:10557000DB688B42DED002E09FED040AE1E71146D2
:105580009847DEE70026DFE77DE401080000000021
:10559000F0B587B006AC04E90F009DF814600E9CCE
:1055A000002E2FD00D9B5A68002A2FD01B689A42DC
:1055B00038D913F8011B0D989A42036032D913F8B9
:1055C000012B0D98029F036041EA0221039B019188
:1055D000384698470199049B054638469847D4E9D0
:1055E0000032D2B193420DD21D70236801339A422A
:1055F000236007D92D121D702368304601332360C4
:1056000007B0F0BD0026304607B0F0BD0D9B0D9AE7
:105610001B6813F8011B1360D1E71D702368013369
:105620002360E7E7DDE9020398470546D7E700BFB7
:10563000F0B587B006AC04E90F009DF814600E9C2D
:10564000002E2FD00D9B5A68002A2FD01B689A423B
:1056500038D913F8011B0D989A42036032D913F818
:10566000012B0D98029F036041EA0221039B0191E7
:10567000384698470199049B054638469847D4E92F
:105680000032D2B193420DD21D70236801339A4289
:10569000236007D92D121D70236830460133236023
:1056A00007B0F0BD0026304607B0F0BD0D9B0D9A47
:1056B0001B6813F8011B1360D1E71D7023680133C9
:1056C0002360E7E7DDE9020398470546D7E700BF17
:1056D000F0B587B006AC04E90F009DF814600E9C8D
:1056E000002E2FD00D9B5A68002A2FD01B689A429B
:1056F00038D913F8011B0D989A42036032D913F878
:10570000012B0D98029F036041EA0221039B019146
:10571000384698470199049B054638469847D4E98E
:105720000032D2B193420DD21D70236801339A42E8
:10573000236007D92D121D70236830460133236082
:1057400007B0F0BD0026304607B0F0BD0D9B0D9AA6
:105750001B6813F8011B1360D1E71D702368013328
:105760002360E7E7DDE9020398470546D7E700BF76
:10577000F0B587B06C4684E80F009DF80C50DDE969
:105780000E34002D54D0D3E90021002954D0914289
:1057900069D9164616F8010B1E60B14263D95678D6
:1057A00040EA0620961CB1421E605CD9D71CB94263
:1057B00096781F6057D9D178043246EA01211A60E1
:1057C000009EADF83010ADF832000C98019B0490AB
:1057D00030469847029B0499024630460592984706
:1057E0006168BDF81400BDF816202368002935D083
:1057F00099421DD91A70236801339942236017D941
:1058000012121A7022686368511C2160002B2FD07D
:105810008B420DD95070226801329A42226007D221
:1058200000121070236828460133236007B0F0BDD2
:105830000025284607B0F0BD1146961C11F8010B53
:10584000196051781E60D61C40EA012091781E60D4
:10585000D678043241EA06211A60B1E71A7023684B
:1058600001332360CCE7DDE9000398470590B7E7F3
:105870005070226801322260D2E700BFF0B587B0D5
:1058800006AC04E90F009DF814400E9DACB10D9BD1
:105890005A68B2B11B689A4215D8DDE902039847ED
:1058A0000646D5E900230BB1934206D916702B6842
:1058B000204601332B6007B0F0BD0024204607B01E
:1058C000F0BD0D9B1B68029F0D9A13F8011B13601E
:1058D0003846039B019198470199049B0646384638
:1058E0009847DEE7F0B587B006AC04E90F009DF8F5
:1058F00014400E9DACB10D9B5A68B2B11B689A4220
:1059000015D8DDE9020398470646D5E900230BB117
:10591000934206D916702B68204601332B6007B0DE
:10592000F0BD0024204607B0F0BD0D9B1B68029F10
:105930000D9A13F8011B13603846039B0191984799
:105940000199049B064638469847DEE7F0B587B0D4
:1059500006AC04E90F009DF814400E9DACB10D9B00
:105960005A68B2B11B689A4215D8DDE9020398471C
:105970000646D5E900230BB1934206D916702B6871
:10598000204601332B6007B0F0BD0024204607B04D
:10599000F0BD0D9B1B68029F0D9A13F8011B13604D
:1059A0003846039B019198470199049B0646384667
:1059B0009847DEE7F0B587B006AC04E90F009DF824
:1059C00014400E9DACB10D9B5A68B2B11B689A424F
:1059D00015D8DDE9020398470646D5E900230BB147
:1059E000934206D916702B68204601332B6007B00E
:1059F000F0BD0024204607B0F0BD0D9B1B68029F40
:105A00000D9A13F8011B13603846039B01919847C8
:105A10000199049B064638469847DEE7F0B587B003
:105A200006AC04E90F009DF814400E9DACB10D9B2F
:105A30005A68B2B11B689A4215D8DDE9020398474B
:105A40000646D5E900230BB1934206D916702B68A0
:105A5000204601332B6007B0F0BD0024204607B07C
:105A6000F0BD0D9B1B68029F0D9A13F8011B13607C
:105A70003846039B019198470199049B0646384696
:105A80009847DEE7F0B587B006AC04E90F009DF853
:105A900014400E9DACB10D9B5A68B2B11B689A427E
:105AA00015D8DDE9020398470646D5E900230BB176
:105AB000934206D916702B68204601332B6007B03D
:105AC000F0BD0024204607B0F0BD0D9B1B68029F6F
:105AD0000D9A13F8011B13603846039B01919847F8
:105AE0000199049B064638469847DEE7F0B587B033
:105AF00006AC04E90F009DF814400E9DACB10D9B5F
:105B00005A68B2B11B689A4215D8DDE9020398477A
:105B10000646D5E900230BB1934206D916702B68CF
:105B2000204601332B6007B0F0BD0024204607B0AB
:105B3000F0BD0D9B1B68029F0D9A13F8011B1360AB
:105B40003846039B019198470199049B06463846C5
:105B50009847DEE7F0B587B006AC04E90F009DF882
:105B600014400E9DACB10D9B5A68B2B11B689A42AD
:105B700015D8DDE9020398470646D5E900230BB1A5
:105B8000934206D916702B68204601332B6007B06C
:105B9000F0BD0024204607B0F0BD0D9B1B68029F9E
:105BA0000D9A13F8011B13603846039B0191984727
:105BB0000199049B064638469847DEE7F0B587B062
:105BC00006AC04E90F009DF814400E9DACB10D9B8E
:105BD0005A68B2B11B689A4215D8DDE902039847AA
:105BE0000646D5E900230BB1934206D916702B68FF
:105BF000204601332B6007B0F0BD0024204607B0DB
:105C0000F0BD0D9B1B68029F0D9A13F8011B1360DA
:105C10003846039B019198470199049B06463846F4
:105C20009847DEE710B52DED028B0C46DAF752FBF4
:105C3000D4E90003B0EE408A9847FDEEC87A2068A8
:105C4000A36817EE901A9847BDEC028B012010BD97
:105C500038B50C46DAF73EFB10EE105AD4E90003D3
:105C600098472846E6F76EFD02460B462068A16875
:105C70008847012038BD10B52DED028B0C46DAF7B0
:105C800029FBD4E90003B0EE408A9847FCEEC87ABD
:105C90002068A36817EE901A9847BDEC028B01208C
:105CA00010BD10B52DED028B0C46DAF713FBD4E9CD
:105CB0000003B0EE408A9847FCEEC87A2068A368DB
:105CC00017EE901A9847BDEC028B012010BD10B55D
:105CD0000C462DED028BD1E90003B0EE408A9847C7
:105CE0002068A368B0EE480A9847BDEC028B0120FB
:105CF00010BD436E017093F89E2002B91A7F83F89D
:105D00009E207047FFF7F5BFD1E900231BB19342F6
:105D100001D80020704710700B68012003440B600D
:105D2000704700BF10B5194C94F889319BB194F8B5
:105D30008A31DBB1164A1068012384F8CC3270B185
:105D400012F050FA12F026FD94F89931DBB994F86C
:105D5000983193B910BD94F88A31002BF2D00D4BD5
:105D600018680028EED012F03DFAEBE7084B1868EF
:105D70000028E7D012F036FAE4E7BDE81040064903
:105D80000648FEF7ABB812F0BDFDE0E710E40020D6
:105D9000140E0020180E0020780E0020F0E40020E1
:105DA0002DE9F047474E96F89A31023B012B1446F5
:105DB0000D46904607D996F89D31023B012B2BD911
:105DC0002046BDE8F087DFF81491D9E910077B1C65
:105DD00003F03F03834213D03F3707F03F07B84239
:105DE00057D83F1A974228BF17463A464844DAF731
:105DF000D1FDD9F84020174407F03F07C9F840709B
:105E0000314B1A78002AD6D130490868012119701F
:105E10000321F1F7EFFECEE72D4FD7E91006731CF3
:105E200003F03F03834212D03F3606F03F06B042F4
:105E300019D8361A464528BF4646324629463844C0
:105E4000DAF7A8FD3A6C164406F03F063E64214B93
:105E50001A78002AB4D1204801211970006807215E
:105E6000F1F7C8FEACE7C0F14008A04528BFA04646
:105E7000424629463844DAF78DFD386CA045404447
:105E800000F03F0028BFA04645443864A4EB080852
:105E9000CFE7C0F1400A924528BF92465246484497
:105EA000DAF778FDD9F84000A245504400F03F00F1
:105EB00028BFA246C9F8400005EB0A01A4EB0A027C
:105EC0008FE700BF10E4002064F2002040E70020CC
:105ED000F0F80020ECF8002044E7002068F20020F1
:105EE00010B5024C8260C0E9004110BDC4B803087F
:105EF000037B8AB07BB107C807AB0DF1100C83E8B8
:105F000007008CE80700DDED050A9DED061A9DED02
:105F1000040A0AB0704707C904AB83E80700F2E738
:105F20007FB500236946A030009301930293FFF7E9
:105F3000DFFFB0EE410A07B05DF804FBFFF7F0BFEA
:105F40007FB500236946A030009301930293FFF7C9
:105F5000CFFFB0EE600A07B05DF804FBFFF7F0BFBB
:105F60007FB500236946A030009301930293FFF7A9
:105F7000BFFF07B05DF804FBFFF7F2BF037A84B000
:105F80004BB14268036803920293DDED030A9DED75
:105F9000020A04B0704703C904AB03E90300DDED56
:105FA000030A9DED020A04B0704700BF1FB500232D
:105FB0006946803000930193FFF7E0FFB0EE600A7E
:105FC00005B05DF804FB0000FFF7F0BF1FB500232C
:105FD0006946803000930193FFF7D0FF05B05DF86C
:105FE00004FB0000FFF7F2BF1FB5002369465830DD
:105FF00000930193FFF7C2FFB0EE600A05B05DF8B1
:1060000004FB0000FFF7F0BF1FB5002369465830BE
:1060100000930193FFF7B2FF05B05DF804FB0000A9
:10602000FFF7F2BF1FB5002369464C300093019380
:10603000FFF7A4FFB0EE600A05B05DF804FB0000B6
:10604000FFF7F0BF1FB5002369464C300093019362
:10605000FFF794FF05B05DF804FB0000FFF7F2BF07
:106060001FB500236946083000930193FFF786FFB0
:10607000B0EE600A05B05DF804FB0000FFF7F0BF6A
:106080001FB500236946083000930193FFF776FFA0
:1060900005B05DF804FB0000FFF7F2BF82B0084BCB
:1060A00001901B8880B2984207D1BDF80600B0F578
:1060B000497F2CBF0020012000E0002002B0704783
:1060C00030EA002000B589B0044B01901B8880B2F3
:1060D000984205D0002003F030BE00BF30EA002017
:1060E00000230793BDF80630013BB3F5477F03F269
:1060F0000F86DFE813F01D030D1E0D1E27030D1E76
:106100000D1E0D1E0D1E0D1E0D1E0D1E0D1E0D1E37
:106110000D1E0D1E0D1E0D1E31030D1E0D1E0D1E1E
:106120003B030D1E0D1E0D1E45030D1E0D1E0D1EE7
:106130004F030D1E0D1E0D1E59030D1E0D1E0D1EAF
:106140000D1E0D1E0D1E0D1E0D1E0D1E0D1E0D1EF7
:106150000D1E0D1E0D1E0D1E0D1E0D1E0D1E0D1EE7
:106160000D1E0D1E0D1E0D1E0D1E0D1E0D1E0D1ED7
:106170000D1E0D1E0D1E0D1E63030D1E6D037703F8
:1061800081038B030D1E95039F03A903B303BD0376
:10619000C703D103DB03E503EF03F90303040D0495
:1061A000170421042B049B04A504AF04B904C30401
:1061B000CD04D704E104EB04F504FF04090513053D
:1061C0001D05270531053B0545054F0559056305A7
:1061D0006D05770581058B0595059F05A9050906C0
:1061E00013061D06270631063B0645064F065906CF
:1061F00063066D06770681068B060D1E0D1E0D1EAD
:106200000D1E95069F06A906B306BD06C706D10654
:10621000DB06E506EF06F90603070D0717078307F8
:106220008D079707A107AB07B507BF07C907D307B6
:10623000DD07E707F107FB0705080F081908230822
:106240002D08370841084B0855085F08690873088E
:106250007D0887089108DF08E908F308FD080709A9
:1062600011091B0925092F09390943094D09570946
:1062700061096B09750982090D1E0D1E0D1E0D1E8B
:106280000D1E8F099C09A9090D1EB6090D1E0D1EB4
:106290000D1E0D1EC309D109DF090D1EED09390AB6
:1062A000470A550A630A710A7F0A8D0A0D1E0D1EE0
:1062B0009B0A0D1E0D1E0D1E0D1E0D1E0D1E0D1E0C
:1062C0000D1E0D1E0D1E0D1EA80AB60A0D1E0D1E5A
:1062D0000D1E0D1EC40AD10ADE0AEB0AF80A050BD0
:1062E000120B1F0B2C0B390B460B530B600B930B34
:1062F000A00BAD0BBA0BC70BD40BE10BEE0BFB0BDA
:10630000080C150C220C2F0C3C0C4B0C5A0C660C78
:10631000750C0D1E0D1E0D1E0D1E840C930CA20C73
:10632000B10CC00CEB0CFA0C090D180D250D320D3B
:106330003F0D4C0D590D660D730D800D8D0D9A0D91
:10634000A70DB40DC10DCE0DDB0DEA0DF90D080E34
:10635000160E0D1E4D0E0D1E5C0E6B0E0D1E7A0ED2
:10636000890E980EA70EB60EC50ED40EE30EF20ED1
:106370000D1E0D1E0D1E010F0E0F0D1E0D1E0D1EEE
:106380000D1E1B0F0D1E280F0D1E0D1E0D1E0D1EAA
:106390000D1E0D1E0D1E0D1E0D1E0D1E0D1E0D1EA5
:1063A0000D1E0D1E0D1E350F0D1E420F4F0F5C0FE3
:1063B000690F760F830FC50FD20FDF0FEC0FF90FA8
:1063C0000610131020102D103A10471054106110B1
:1063D0006E107B100D1E88100D1E0D1E0D1E0D1E45
:1063E0000D1E95109F100D1E0D1E0D1E0D1EAC10C6
:1063F000B910C610D310E010ED100D1E2B1137117F
:1064000043114F115C110D1E6811741180118C1114
:106410009911A511B2110D1E0D1E0D1E0D1E0D1E82
:10642000BF110D1E0D1E0D1EC9110D1E0D1E0D1EC0
:10643000D3110D1E0D1E0D1EDD110D1E0D1E0D1E88
:10644000E7110D1E0D1E0D1EF1110D1E0D1E0D1E50
:10645000FB110D1E0D1E0D1E05120D1E0D1E0D1E17
:106460000F120D1E0D1E0D1E19120D1E0D1E0D1EDE
:1064700023120D1E0D1E0D1E2D120D1E0D1E0D1EA6
:1064800037120D1E41120D1E0D1E0D1E0D1E9312F4
:106490009D12A712B112BB12C512CF12D912E3126C
:1064A000ED12F71201130B1315131F1329133313D6
:1064B0003D13471351135B1365136F137913831344
:1064C0008D139713A113FB1305140F141914231420
:1064D0002D14371441144B1455145F14691473149C
:1064E0007D14871491149B14A514AF14B914C3140C
:1064F000CD14D714E114EB14F514FF1409155D1530
:10650000671574150D1E0D1E0D1E0D1E0D1E811519
:106510008E159B150D1EA8150D1E0D1E0D1E0D1E94
:10652000B515C315D1150D1EDF15ED15FB15091693
:1065300017162516331641160D1E0D1E4F160D1E6D
:106540000D1E0D1E0D1E0D1E0D1E0D1E0D1E0D1EF3
:106550000D1E0D1E5C166A160D1E0D1E0D1E0D1E47
:1065600078168516BF16CC16D916E616F316001740
:106570000D171A172717341741174E175B1768178F
:10658000751782178F179C17A917B617C317D0173F
:10659000DD17EA17171826183518411850180D1E60
:1065A0000D1E0D1E0D1E5F186E187D188C189B1881
:1065B000AA18B918C818D718E418F118FE180B193A
:1065C0001819251932193F194C197D198A1997196B
:1065D000A419B119BE19CD19DC19EB19F9190D1E41
:1065E000061A0D1E141A221A0D1E301A3E1A4C1AC3
:1065F0005A1A681A761A841A921AA01A0D1E0D1EBB
:106600000D1ECD1AD91A0D1E0D1E0D1E0D1EE51ADA
:106610000D1EF11A0D1E0D1E0D1E0D1E0D1E0D1E42
:106620000D1E0D1E0D1E0D1E0D1E0D1E0D1E0D1E12
:106630000D1EFD1A0D1E091B151B211B2D1B391BC1
:10664000451B511B5D1B691B751B811B8D1B991BFA
:10665000A51BB11BBD1BC91BD51BE11B2F1C3B1C64
:106660000D1E471C0D1E0D1E0D1E0D1E0D1E531C56
:106670005C1C0D1E0D1E0D1E0D1E681C741C801C46
:106680008C1C981CA41C0D1EB01CBB1CC61CD11C51
:10669000DD1C0D1EE81CF31CFE1C091D151D201D14
:1066A0002C1D0D1E0D1E0D1E0D1E0D1E381D0D1E4A
:1066B0000D1E0D1E411D0D1E0D1E0D1E871D0D1ED6
:1066C0000D1E0D1E901D0D1E0D1E0D1E991D0D1E65
:1066D0000D1E0D1EA21D0D1E0D1E0D1EAB1D0D1E31
:1066E0000D1E0D1EB41D0D1E0D1E0D1EBD1D0D1EFD
:1066F0000D1E0D1EC61D0D1E0D1E0D1ECF1D0D1EC9
:106700000D1E0D1ED81D0D1E0D1E0D1EE11D0D1E94
:106710000D1EEA1D0D1E0D1EF31D0D1E0D1E0D1E60
:106720000D1E0D1E0D1E0D1EFC1D0D1E0D1E051E2B
:106730008B4B03938B4B04938B4B05938B4B0793A2
:1067400003F0E6BA8A4B03938A4B04938A4B059372
:106750008A4B079303F0DCBA894B0393894B04936C
:10676000894B0593894B079303F0D2BA884B039367
:10677000884B0493884B0593884B079303F0C8BA62
:10678000874B0393834B0493834B0593834B07936E
:1067900003F0BEBA834B03937E4B04937E4B059369
:1067A0007E4B079303F0B4BA7F4B0393794B04936A
:1067B000794B0593794B079303F0AABA7B4B03936C
:1067C000744B0493744B0593744B079303F0A0BA76
:1067D000774B0393774B0493774B0593774B079352
:1067E00003F096BA764B0393764B0493764B05935E
:1067F0006A4B079303F08CBA744B0393744B049366
:10680000744B0593744B079303F082BA734B039355
:10681000604B0493604B0593604B079303F078BA89
:106820006F4B0393574B0493574B0593574B079369
:1068300003F06EBA6B4B0393524B0493524B059388
:10684000524B079303F064BA674B03934D4B049389
:106850004D4B05934D4B079303F05ABA634B03938B
:106860004C4B04934C4B05934C4B079303F050BA9D
:106870005F4B0393474B0493474B0593474B079359
:1068800003F046BA5B4B0393424B0493424B059390
:10689000424B079303F03CBA574B0393394B049395
:1068A000394B0593394B079303F032BA534B03939B
:1068B000344B0493344B0593344B079303F028BABD
:1068C0004F4B03934F4B04934F4B05934F4B079301
:1068D00003F01EBA4E4B03934A4B04934A4B059365
:1068E0004A4B079303F014BA4A4B0393454B049366
:1068F000454B0593454B079303F00ABA464B039368
:10690000404B0493404B0593404B079303F000BA70
:10691000424B0393174B0493174B0593174B079365
:1069200003F0F6B93E4B0393124B0493124B0593BD
:10693000124B079303F0ECB93A4B0393114B0493BA
:10694000114B0593114B079303F0E2B9364B0393B8
:10695000084B0493084B0593084B079303F0D8B9F1
:1069600048A40020914202089542020820EA002033
:1069700054A40020A1420208A94202080CEA002007
:10698000F0E60020C5420208C9420208F8E90020EA
:1069900000E70020CD420208D1420208E4E90020CD
:1069A00010E7002020E7002030E70020D0A40020DE
:1069B000F4E40020D9420208DD420208D0E90020B8
:1069C000F8E40020814E02081D510208FCE400207A
:1069D000E1420208E5420208BCE90020E0E60020AE
:1069E00099E500209AE500209BE500209CE5002029
:1069F000A0E50020A4E50020A8E50020A9E50020EE
:106A0000ADE50020E9420208ED420208A8E90020B5
:106A1000AAE50020ABE50020ACE50020B0E50020B1
:106A2000B4E50020B8E50020BCE500208B4B0393C3
:106A30008B4B04938B4B05938B4B079303F068B9F7
:106A40008A4B03938A4B04938A4B05938A4B079393
:106A500003F05EB9894B0393814B0493814B0593FB
:106A6000814B079303F054B9854B03937C4B0493FC
:106A70007C4B05937C4B079303F04AB9814B0393FE
:106A8000774B0493774B0593774B079303F040B90B
:106A90007D4B0393724B0493724B0593724B079398
:106AA00003F036B9794B0393794B0493794B0593F3
:106AB000794B079303F02CB9784B0393784B0493ED
:106AC000784B0593784B079303F022B9774B0393E8
:106AD000634B0493634B0593634B079303F018B91F
:106AE000734B03935E4B04935E4B05935E4B07938E
:106AF00003F00EB96F4B0393694B0493694B0593F5
:106B0000694B079303F004B96B4B0393544B049305
:106B1000544B0593544B079303F0FAB8674B039318
:106B20004F4B04934F4B05934F4B079303F0F0B833
:106B3000634B0393634B0493634B0593634B07933E
:106B400003F0E6B8624B03935E4B04935E4B0593F0
:106B50005E4B079303F0DCB85E4B0393594B0493F1
:106B6000594B0593594B079303F0D2B85A4B0393F3
:106B7000544B0493544B0593544B079303F0C8B8FC
:106B8000564B03934F4B04934F4B05934F4B079337
:106B900003F0BEB8524B03934A4B04934A4B059300
:106BA0004A4B079303F0B4B84E4B0393454B049301
:106BB000454B0593454B079303F0AAB84A4B039303
:106BC000404B0493404B0593404B079303F0A0B810
:106BD000464B03933B4B04933B4B05933B4B079333
:106BE00003F096B8424B0393364B0493364B059310
:106BF000364B079303F08CB83E4B0393314B049311
:106C0000314B0593314B079303F082B83A4B039312
:106C10002C4B04932C4B05932C4B079303F078B823
:106C2000364B0393274B0493274B0593274B07932E
:106C300003F06EB8324B0393224B0493224B05931F
:106C4000224B079303F064B82E4B03931D4B049320
:106C50001D4B05931D4B079303F05AB8C0E5002068
:106C6000A1420208A94202080CEA0020C4E5002063
:106C7000C5420208C9420208F8E90020C8E5002020
:106C8000CCE50020D0E50020D4E50020D8E50020A8
:106C9000CD420208D1420208E4E9002030E600209B
:106CA000F14202080943020894E9002034E600207A
:106CB00038E600203CE6002040E6002044E60020C4
:106CC00089E50020154302081943020880E90020E5
:106CD0008AE500208BE500208CE500208DE5002072
:106CE0008EE500208FE5002090E5002091E5002052
:106CF00092E5002093E5002094E5002095E5002032
:106D000096E5002097E500208B4B03938B4B049373
:106D10008B4B05938B4B079302F0FABF8A4B03937F
:106D20008A4B04938A4B05938A4B079302F0F0BF7A
:106D3000894B0393894B0493894B0593894B0793A4
:106D400002F0E6BF884B0393844B0493844B059376
:106D5000844B079302F0DCBF844B03937B4B04937B
:106D60007B4B05937B4B079302F0D2BF804B039381
:106D70007A4B04937A4B05937A4B079302F0C8BF82
:106D80007C4B0393754B0493754B0593754B07939D
:106D900002F0BEBF784B03936C4B04936C4B05938E
:106DA0006C4B079302F0B4BF744B03936B4B04938B
:106DB0006B4B05936B4B079302F0AABF704B039389
:106DC000664B0493664B0593664B079302F0A0BF96
:106DD0006C4B03935D4B04935D4B05935D4B0793A5
:106DE00002F096BF684B03935C4B04935C4B059396
:106DF0005C4B079302F08CBF644B0393574B049397
:106E0000574B0593574B079302F082BF604B039398
:106E1000604B0493604B0593604B079302F078BF7F
:106E20005F4B03935F4B04935F4B05935F4B07935B
:106E300002F06EBF5E4B03935E4B04935E4B059373
:106E40005E4B079302F064BF5D4B0393594B049371
:106E5000594B0593594B079302F05ABF594B039373
:106E6000544B0493544B0593544B079302F050BF7B
:106E7000554B03934F4B04934F4B05934F4B079345
:106E800002F046BF514B03934A4B04934A4B059380
:106E90004A4B079302F03CBF4D4B0393454B049381
:106EA000454B0593454B079302F032BF494B039383
:106EB000404B0493404B0593404B079302F028BF8F
:106EC000454B03933B4B04933B4B05933B4B079341
:106ED00002F01EBF414B0393364B0493364B059390
:106EE000364B079302F014BF3D4B03931B4B0493A7
:106EF0001B4B05931B4B079302F00ABF394B0393BF
:106F00002C4B04932C4B05932C4B079302F000BFA2
:106F10002B4B0393344B0493344B0593344B07931F
:106F200002F0F6BE264B0393324B0493324B05938B
:106F30002F4B079302F0ECBE98E5002015430208A2
:106F40001943020880E90020DCE50020F142020834
:106F50000943020894E90020E0E50020A14202086C
:106F6000A94202080CEA0020E4E50020E8E5002040
:106F7000ECE50020F0E50020F4E50020F8E5002035
:106F8000FCE5002000E6002004E6002008E60020E2
:106F90006C1200201D430208214302086CE9002006
:106FA00094120020314302083543020858E90020BA
:106FB000A4120020C5420208C9420208F8E90020D4
:106FC00010100020111000201210002013100020BB
:106FD000141000201510002016100020171000209B
:106FE000181000201C100020794E0208714E020873
:106FF00044E90020614E0208594E02088B4B03936E
:107000008B4B04938B4B05938B4B079302F080BE05
:107010008A4B0393864B0493864B0593864B0793C9
:1070200002F076BE864B0393814B0493814B05930C
:10703000814B079302F06CBE824B03937C4B04930D
:107040007C4B05937C4B079302F062BE7E4B03930F
:10705000774B0493774B0593774B079302F058BE19
:107060007A4B0393724B0493724B0593724B0793C5
:1070700002F04EBE764B03936D4B04936D4B05931C
:107080006D4B079302F044BE724B0393684B04931D
:10709000684B0593684B079302F03ABE6E4B03931F
:1070A000634B0493634B0593634B079302F030BE2D
:1070B0006A4B03935E4B04935E4B05935E4B0793C1
:1070C00002F026BE664B0393594B0493594B05932C
:1070D000594B079302F01CBE624B0393624B04931F
:1070E000624B0593624B079302F012BE614B039310
:1070F0005D4B04935D4B05935D4B079302F008BE17
:107100005D4B0393584B0493584B0593584B07938F
:1071100002F0FEBD594B0393534B0493534B05931D
:10712000534B079302F0F4BD554B0393404B04932C
:10713000404B0593404B079302F0EABD514B03933C
:107140003B4B04933B4B05933B4B079302F0E0BD55
:107150004D4B0393364B0493364B0593364B0793B5
:1071600002F0D6BD494B0393314B0493314B059349
:10717000314B079302F0CCBD454B03932C4B04934A
:107180002C4B05932C4B079302F0C2BD414B03934C
:10719000274B0493274B0593274B079302F0B8BD69
:1071A0003D4B0393224B0493224B0593224B0793B1
:1071B00002F0AEBD394B03931D4B04931D4B059359
:1071C0001D4B079302F0A4BD354B0393184B04935A
:1071D000184B0593184B079302F09ABD314B03935C
:1071E000214B0493214B0593214B079302F090BD53
:1071F0002D4B03931C4B04931C4B05931C4B079383
:1072000002F086BD294B0393174B0493174B05934C
:10721000174B079302F07CBD254B0393124B04934D
:10722000124B0593124B079302F072BD24100020FD
:10723000A1420208A94202080CEA002028100020FE
:107240002C10002030100020341000204C100020A2
:107250005010002054100020581000205C10002016
:107260006010002064100020C5420208C9420208D4
:10727000F8E900206510002066100020671000204B
:10728000681000206C100020701000207410002086
:10729000781000207C100020801000208410002036
:1072A000881000208C1000208D1000208E100020EF
:1072B0008F1000208D4B03938D4B04938D4B0593C2
:1072C0008D4B079302F024BD8C4B0393884B0493A2
:1072D000884B0593884B079302F01ABD884B0393A4
:1072E000834B0493834B0593834B079302F010BDAC
:1072F000844B0393844B0493844B0593844B0793F3
:1073000002F006BD834B0393834B0493834B059399
:10731000834B079302F0FCBC824B03937A4B04939C
:107320007A4B05937A4B079302F0F2BC7E4B0393A2
:10733000754B0493754B0593754B079302F0E8BCAE
:107340007A4B0393704B0493704B0593704B0793E8
:1073500002F0DEBC764B03936B4B04936B4B0593AF
:107360006B4B079302F0D4BC724B0393664B0493B0
:10737000664B0593664B079302F0CABC6E4B0393B2
:10738000614B0493614B0593614B079302F0C0BCC2
:107390006A4B03935C4B04935C4B05935C4B0793E4
:1073A00002F0B6BC664B0393574B0493574B0593BF
:1073B000574B079302F0ACBC624B0393524B0493C0
:1073C000524B0593524B079302F0A2BC5E4B0393C2
:1073D0004D4B04934D4B05934D4B079302F098BCD6
:1073E0005A4BD3F87C3198330393414B0493414B70
:1073F0000593414B079302F08BBC544BD3F87C317F
:1074000090330393524B0493524B0593524B079383
:1074100002F07EBC4D4BD3F87C31B0330393344B38
:107420000493344B0593344B079302F071BC474BE4
:10743000D3F87C31B43303932D4B04932D4B059338
:107440002D4B079302F064BC404BD3F87C31B8332A
:107450000393274B0493274B0593274B079302F085
:1074600057BC3A4BD3F87C31C4330393204B04937D
:10747000204B0593204B079302F04ABC334BD3F8C3
:107480007C315B692C330393194B0493194B05939F
:10749000194B079302F03CBC2C4BD3F87C315B6951
:1074A00030330393124B0493124B0593124B079303
:1074B00002F02EBC254BD3F87C315B693433039347
:1074C000154B0493154B0593154B079302F020BC05
:1074D0001E4BD3F87C319B692C3303931F4B0493D1
:1074E0001F4B05931F4B079302F012BC9010002016
:1074F000A1420208A94202080CEA002094100020D0
:10750000981000209C100020CD420208D1420208B1
:10751000E4E90020A0100020C5420208C942020888
:10752000F8E90020A4100020A8100020AC100020D2
:10753000B0100020B4100020B8100020BC100020B3
:10754000C0100020C4100020C8100020001000202F
:10755000394302084143020830E90020494E02083D
:10756000414E020844E90020994BD3F87C319B69D5
:107570002C330393974B0493974B0593974B0793A7
:1075800002F0C6BB924BD3F87C319B693033039336
:10759000904B0493904B0593904B079302F0B8BB2C
:1075A0008B4BD3F87C319B6934330393894B049321
:1075B000894B0593894B079302F0AABB844BD3F800
:1075C0007C319B6938330393824B0493824B059340
:1075D000824B079302F09CBB7D4BD3F87C319B69B7
:1075E000403303937B4B04937B4B05937B4B079377
:1075F00002F08EBB764BD3F87C319B694433039306
:10760000744B0493744B0593744B079302F080BB47
:107610006F4BD3F87C319B6948330393704B0493D1
:10762000704B0593704B079302F072BB684BD3F815
:107630007C31DC330393674B0493674B0593674BB3
:10764000079302F065BB624BD3F87C3103F5AE7350
:107650000393604B0493604B0593604B079302F0D8
:1076600057BB5B4BD3F87C3103F5B0730393594B95
:107670000493594B0593594B079302F049BB544B64
:10768000D3F87C311C330393584B0493584B059328
:10769000554B079302F03CBB4D4BD3F87C31203364
:1076A0000393544B0493544B0593544B079302F0AC
:1076B0002FBB474BD3F87C3124330393454B0493C2
:1076C000454B0593454B079302F022BB404BD3F843
:1076D0007C31283303933F4B04933F4B05933F4B3F
:1076E000079302F015BB3A4BD3F87C311C3303935C
:1076F000434B0493434B0593384B079302F008BB6D
:10770000334BD3F87C311C3303933F4B04933F4BF3
:107710000593324B079302F0FBBA2D4BD3F87C3123
:10772000343303932B4B04932B4B05932B4B079331
:1077300002F0EEBA264BD3F87C3138330393344B46
:107740000493344B0593344B079302F0E1BA204B7A
:10775000D3F87C313C3303931E4B04931E4B0593AB
:107760001E4B079302F0D4BA194BD3F87C31403347
:107770000393184B0493184B0593184B079302F08F
:10778000C7BA134BD3F87C3144330393114B0493A2
:10779000114B0593114B079302F0BABA0C4BD3F877
:1077A0007C31503303930B4B04930B4B05930B4BE2
:1077B000079302F0ADBA064BD3F87C3154330393F0
:1077C000044B0493044B0593044B079302F0A0BAB7
:1077D00000100020A1420208A94202080CEA002081
:1077E000C5420208C9420208F8E90020354E0208E5
:1077F0002D4E0208494302084D4302081CE90020AF
:10780000154E0208094E0208F94D0208ED4D020816
:10781000514302085543020808E900209D4BD3F864
:107820007C31483303939C4B04939C4B05939C4BB6
:10783000079302F06DBA974BD3F87C311C33039356
:10784000984B0493984B0593954B079302F060BABD
:10785000904BD3F87C31583303938F4B04938F4B69
:1078600005938F4B079302F053BA8A4BD3F87C31C0
:107870005C330393884B0493884B0593884B0793A1
:1078800002F046BA834BD3F87C3160330393874BC5
:107890000493874B0593874B079302F039BA7D4BCE
:1078A000D3F87C31643303937B4B04937B4B059378
:1078B0007B4B079302F02CBA764BD3F87C316833BC
:1078C0000393754B0493754B0593754B079302F027
:1078D0001FBA704BD3F87C316C330393734B049312
:1078E000734B0593734B079302F012BA694BD3F8AD
:1078F0007C316D3303936D4B04936D4B05936D4B4E
:10790000079302F005BA634BD3F87C3170330393CD
:10791000614B0493614B0593614B079302F0F8B9F7
:107920005C4BD3F87C31743303935B4B04935B4B18
:1079300005935B4B079302F0EBB9564BD3F87C31C0
:1079400078330393544B0493544B0593544B079350
:1079500002F0DEB94F4BD3F87C317C3303934E4BAE
:1079600004934E4B05934E4B079302F0D1B9494B0C
:10797000D3F8243103F563531C3303934E4B049324
:107980004E4B05934E4B079302F0C2B9414BD3F8CF
:10799000243103F56353203303933F4B04933F4B50
:1079A00005933F4B079302F0B3B93A4BD3F8243118
:1079B0000393444B0493444B0593394B079302F0D4
:1079C000A7B9344BD3F8243103F564531833039328
:1079D000314B0493314B0593314B079302F098B927
:1079E0002C4BD3F8243103F564531C3303932A4BF7
:1079F00004932A4B05932A4B079302F089B9254B30
:107A0000D3F8243103F564530C330393224B0493CE
:107A1000224B0593224B079302F07AB91D4BD3F802
:107A2000243103F564533E330393204B0493204BDE
:107A30000593204B079302F06BB9164BD3F8243112
:107A400003F5645338330393134B0493134B05939B
:107A5000134B079302F05CB90E4BD3F8243103F5B6
:107A600062532C3303930C4B04930C4B05930C4B38
:107A7000079302F04DB9074BD3F8243103F5625355
:107A800031330393094B0493094B0593094B079337
:107A900002F03EB900100020A1420208A9420208EB
:107AA0000CEA0020DD4D0208D14D0208C542020853
:107AB000C9420208F8E90020594302085D43020860
:107AC000F4E80020C14D0208B14D02089B4BD3F8E9
:107AD000243103F5625333330393994B0493994B49
:107AE0000593994B079302F013B9944BD3F82431C3
:107AF00003F5625330330393914B0493914B0593F9
:107B0000914B079302F004B98C4BD3F8243103F561
:107B10006253323303938A4B04938A4B05938A4B07
:107B2000079302F0F5B8854BD3F82431183303934B
:107B3000864B0493864B0593864B079302F0E8B877
:107B40007E4BD3F8243119330393834B0493834B37
:107B50000593834B079302F0DBB8784BD3F82431BD
:107B60001C3303937F4B04937F4B05937F4B079309
:107B700002F0CEB8714BD3F8243120330393794B04
:107B80000493794B0593794B079302F0C1B86B4B83
:107B9000D3F8243124330393724B0493724B05932F
:107BA000724B079302F0B4B8644BD3F824313033EE
:107BB00003936C4B04936C4B05936C4B079302F04F
:107BC000A7B85E4BD3F8243128330393654B049355
:107BD000654B0593654B079302F09AB8574BD3F862
:107BE00024312C3303935F4B04935F4B05935F4B1E
:107BF000079302F08DB8514BD3F8243134330393FB
:107C0000584B0493584B0593584B079302F080B898
:107C10004A4BD3F8243138330393524B0493524BDD
:107C20000593524B079302F073B8444BD3F82431B9
:107C30003C330393424B0493424B0593424B0793CF
:107C400002F066B83D4BD3F8243140330393454BE3
:107C50000493454B0593454B079302F059B8374BB6
:107C6000D3F8243118330393414B0493414B0593CC
:107C7000414B079302F04CB8304BD3F824315033CA
:107C80000393384B0493384B0593384B079302F01A
:107C90003FB82A4BD3F8243148330393314B049334
:107CA000314B0593314B079302F032B8234BD3F895
:107CB000243103F5625334330393304B0493304B38
:107CC0000593304B079302F023B81C4BD3F82431B3
:107CD00003F5625338330393224B0493224B0593ED
:107CE000224B079302F014B8144BD3F8243103F558
:107CF00062533C3303931B4B04931B4B05931B4B69
:107D0000079302F005B80D4BD3F8243103F5635304
:107D100003931A4B04931A4B05931A4B079301F0E4
:107D2000F7BF064BD3F8243118330393164B049353
:107D3000164B05930D4B079301F0EABF001000208E
:107D4000C5420208C9420208F8E90020994D02081C
:107D5000914D0208E0E800206143020865430208F3
:107D6000CCE80020A1420208A94202080CEA002047
:107D70007D4D0208754D02081CE900206943020888
:107D80006D430208B8E80020694D02085D4D020805
:107D9000A14BD3F8243103F56253183303939F4B5F
:107DA00004939F4B05939F4B079301F0B1BF9A4BF0
:107DB000D3F8243103F562531C3303939A4B049395
:107DC0009A4B05939A4B079301F0A2BF924BD3F8BD
:107DD000243103F5625320330393934B0493934B65
:107DE0000593934B079301F093BF8B4BD3F824314A
:107DF00003F5625328330393884B0493884B059310
:107E0000884B079301F084BF834BD3F8243103F5EB
:107E1000635304330393844B0493844B0593844B43
:107E2000079301F075BF7C4BD3F8243103F56353FE
:107E3000083303937C4B04937C4B05937C4B079353
:107E400001F066BF744BD3F8243103F5635310334C
:107E50000393754B0493754B0593754B079301F092
:107E600057BF6D4BD3F8243103F563530C330393A1
:107E70006D4B04936D4B05936D4B079301F048BF19
:107E8000654BD3F8243103F5645328330393664BD1
:107E90000493664B0593664B079301F039BF5E4B25
:107EA000D3F8243103F564532C3303935E4B0493CE
:107EB0005E4B05935E4B079301F02ABF564BD3F8F8
:107EC000243103F5645330330393574B0493574BDA
:107ED0000593574B079301F01BBF4F4BD3F8243149
:107EE00003F56453343303934F4B04934F4B059383
:107EF0004F4B079301F00CBF474BD3F824310433A9
:107F00000393494B0493494B0593494B079301F065
:107F1000FFBE414BD3F82431083303933F4B049306
:107F20003F4B05933F4B079301F0F2BE3A4BD3F81A
:107F30002431103303933F4B04933F4B05933F4B46
:107F4000079301F0E5BE344BD3F8D0308C33039364
:107F50003B4B04933B4B05933B4B079301F0D8BE3F
:107F60002D4BD3F8D030C8330393384B0493384BA0
:107F70000593384B079301F0CBBE274BD3F8D03095
:107F800034330393344B0493344B0593344B0793AE
:107F900001F0BEBE204BD3F8D03034330393314BC5
:107FA0000493314B05931F4B079301F0B1BE1A4B5D
:107FB000D3F8D030543303931B4B04931B4B0593DE
:107FC0001B4B079301F0A4BE134BD3F8D0306033A2
:107FD0000393124B0493124B0593124B079301F03A
:107FE00097BE0D4BD3F8D030343303931F4B04931B
:107FF0001F4B05930B4B079301F08ABE064BD3F83A
:10800000D030343303931B4B04931B4B05931B4B12
:10801000079301F07DBE00BF00100020C54202089A
:10802000C9420208F8E90020A1420208A942020858
:108030000CEA0020CD420208D1420208E4E9002007
:108040007143020875430208A4E80020494302086E
:108050004D4302081CE90020794302087D430208D1
:1080600090E80020494D0208495102083D4D0208A0
:1080700039510208314D0208254D020844E900201B
:108080009A4BD3F8D03050330393994B0493994BC8
:108090000593994B079301F03BBE944BD3F8D03036
:1080A00048330393924B0493924B0593924B07935F
:1080B00001F02EBE8D4BD3F8D0304C3303938F4B51
:1080C00004938F4B05938F4B079301F021BE874B91
:1080D000D3F8D0305C330393854B0493854B0593E1
:1080E000854B079301F014BE804BD3F8D030343366
:1080F0000393854B0493854B0593854B079301F0C0
:1081000007BE7A4BD3F8D03061330393814B04938D
:10811000814B05937E4B079301F0FABD734BD3F867
:10812000D030343303937D4B04937D4B0593754BD3
:10813000079301F0EDBD6D4BD3F8D0303833039386
:108140006E4B04936E4B05936E4B079301F0E0BDAD
:10815000664BD3F8D0303C330393684B0493684BA1
:108160000593684B079301F0D3BD604BD3F8D03033
:1081700040330393614B0493614B0593614B079329
:1081800001F0C6BD594BD3F8D03063330393614B34
:108190000493614B05935E4B079301F0B9BD534BBC
:1081A000D3F8D030643303935E4B04935E4B059356
:1081B0005E4B079301F0ACBD4C4BD3F8D030653328
:1081C0000393544B0493544B0593514B079301F085
:1081D0009FBD464BD3F8D03082330393544B049366
:1081E000544B0593544B079301F092BD3F4BD3F88A
:1081F000D030843303934E4B04934E4B05934E4B38
:10820000079301F085BD394BD3F8D0300433039385
:10821000374B0493374B0593374B079301F078BDE9
:10822000464B0393354B0493354B0593354B0793DE
:1082300001F06EBD2D4BD3F8203110330393404B2A
:108240000493404B0593404B079301F061BD274BCE
:10825000D3F8203104330393284B0493284B059320
:10826000284B079301F054BD204BD3F8203108333D
:108270000393224B0493224B0593224B079301F067
:1082800047BD1A4BD3F820310C3303931B4B049397
:108290001B4B05931B4B079301F03ABD134BD3F8CF
:1082A000803104330393154B0493154B0593154B01
:1082B000079301F02DBD0D4BD3F8803108330393A4
:1082C0000E4B04930E4B05930E4B079301F020BD0C
:1082D000064BD3F880310C330393084B0493084BBF
:1082E0000593084B079301F013BD00BF0010002059
:1082F000494302084D4302081CE90020A14202083C
:10830000A94202080CEA0020154D0208094D020896
:10831000F8E90020C5420208C9420208F94C0208E7
:10832000ED4C0208694302086D430208B8E80020DA
:10833000814302088543020844E90020D810002048
:10834000894302088D4302087CE800208F4BD3F854
:10835000843103938E4B04938E4B05938E4B07937E
:1083600001F0D6BC894BD3F8843103938B4B049333
:108370008B4B05938B4B079301F0CABC834BD3F80F
:1083800084310393884B0493884B0593884B079360
:1083900001F0BEBC7D4BD3F884310B330393854B86
:1083A0000493854B05937F4B079301F0B1BC774B4A
:1083B000D3F884310393814B0493814B0593814B14
:1083C000079301F0A5BC714BD3F888310393704B30
:1083D0000493704B0593704B079301F099BC6B4B62
:1083E000D3F8883103936D4B04936D4B05936D4B1C
:1083F000079301F08DBC654BD3F8883103936A4B2A
:1084000004936A4B05936A4B079301F081BC5F4B61
:10841000D3F888310B330393664B0493664B059373
:10842000604B079301F074BC584BD3F88831039329
:10843000624B0493624B0593624B079301F068BC57
:10844000524BD3F88C31043303935F4B04935F4B4F
:108450000593514B079301F05BBC4C4BD3F88C3127
:1084600006330393534B0493534B05934D4B0793A0
:1084700001F04EBC564B0393564B0493564B059359
:10848000504B079301F044BC544B0393514B04935E
:10849000514B05934B4B079301F03ABC504B039360
:1084A0004C4B04934C4B0593464B079301F030BC67
:1084B0004C4B0393474B0493474B0593414B079316
:1084C00001F026BC484B0393424B0493424B059367
:1084D0003C4B079301F01CBC444B03933D4B04936E
:1084E0003D4B0593374B079301F012BC404B039370
:1084F000384B0493384B0593324B079301F008BC7B
:108500003C4B0393334B0493334B05932D4B079311
:1085100001F0FEBB384B03932E4B04932E4B059377
:10852000284B079301F0F4BB344B0393294B04937E
:10853000294B0593234B079301F0EABB304B039380
:10854000244B0493244B05931E4B079301F0E0BB8F
:108550002C4B03931F4B04931F4B0593194B07930D
:1085600001F0D6BB284B03931A4B04931A4B059387
:10857000144B079301F0CCBB244B0393244B04937F
:10858000244B0593244B079301F0C2BB001000203D
:10859000DD4C0208D54C020844E90020C94C020811
:1085A00029510208F8E90020A1420208A942020864
:1085B0000CEA0020C5420208C9420208C14C020868
:1085C000B94C0208E4E90020AD4C0208A54C0208B1
:1085D0009C110020CD420208D1420208AC110020BB
:1085E000BC110020CC110020DC110020EC11002077
:1085F000FC1100200C1200201C1200202C12002064
:108600003C1200204C1200205C1200204415002077
:108610001D430208214302086CE900208B4B0393A1
:108620008B4B04938B4B05938B4B079301F070BBE3
:108630008A4B03938A4B04938A4B05938A4B079387
:1086400001F066BB894B0393854B0493854B0593DF
:10865000854B079301F05CBB854B0393804B0493E0
:10866000804B0593804B079301F052BB814B0393E2
:108670007B4B04937B4B05937B4B079301F048BBEB
:108680007D4B0393764B0493764B0593764B079380
:1086900001F03EBB794B0393714B0493714B0593EF
:1086A000714B079301F034BB754B03936C4B0493F0
:1086B0006C4B05936C4B079301F02ABB714B0393F2
:1086C000674B0493674B0593674B079301F020BBFF
:1086D0006D4B0393624B0493624B0593624B07937C
:1086E00001F016BB694B0393694B0493694B0593E7
:1086F000694B079301F00CBB684B0393584B0493F1
:10870000584B0593584B079301F002BB574B03930B
:10871000634B0493634B0593634B079301F0F8BAE3
:10872000524B0393614B0493614B05935E4B07934C
:1087300001F0EEBA5F4B0393554B0493554B0593F1
:10874000554B079301F0E4BA5B4B0393504B0493F2
:10875000504B0593504B079301F0DABA574B0393F4
:108760004B4B04934B4B05934B4B079301F0D0BA03
:10877000534B0393464B0493464B0593464B079349
:1087800001F0C6BA4F4B0393414B0493414B059301
:10879000414B079301F0BCBA4B4B03933C4B049302
:1087A0003C4B05933C4B079301F0B2BA474B039304
:1087B000374B0493374B0593374B079301F0A8BA17
:1087C000434B0393324B0493324B0593324B079345
:1087D00001F09EBA3F4B03932D4B04932D4B059311
:1087E0002D4B079301F094BA3B4B0393284B049312
:1087F000284B0593284B079301F08ABA374B039314
:10880000234B0493234B0593234B079301F080BA2A
:10881000334B0393124B0493124B0593124B079364
:1088200001F076BA2F4B03930D4B04930D4B059338
:108830000D4B079301F06CBA2B4B0393084B049339
:10884000084B0593084B079301F062BA6C150020A2
:10885000314302083543020858E900207C15002006
:10886000C5420208C9420208F8E90020E8120020C7
:10887000E9120020EA120020EB120020EC12002086
:10888000ED120020EE120020EF120020F012002066
:10889000A1420208A94202080CEA0020F4120020BA
:1088A000794E0208714E020844E90020614E020828
:1088B000594E0208FC12002000130020041300206F
:1088C000081300200C13002024130020281300207C
:1088D0002C13002030130020341300203813002004
:1088E0003C1300203D1300203E1300208B4B0393CC
:1088F0008B4B04938B4B05938B4B079301F008BA7A
:108900008A4B03938A4B04938A4B05938A4B0793B4
:1089100001F0FEB9894B0393854B0493854B059376
:10892000854B079301F0F4B9854B0393804B049377
:10893000804B0593804B079301F0EAB9814B039379
:108940007B4B04937B4B05937B4B079301F0E0B982
:108950007D4B0393764B0493764B0593764B0793AD
:1089600001F0D6B9794B0393714B0493714B059386
:10897000714B079301F0CCB9754B03936C4B049387
:108980006C4B05936C4B079301F0C2B9714B039389
:10899000674B0493674B0593674B079301F0B8B996
:1089A0006D4B0393624B0493624B0593624B0793A9
:1089B00001F0AEB9694B0393594B0493594B05939E
:1089C000594B079301F0A4B9654B0393544B04939F
:1089D000544B0593544B079301F09AB9614B0393A1
:1089E0004F4B04934F4B05934F4B079301F090B9B6
:1089F0005D4B03934A4B04934A4B05934A4B0793B1
:108A000001F086B9594B0393494B0493494B0593A5
:108A1000494B079301F07CB9554B0393444B0493A6
:108A2000444B0593444B079301F072B9514B0393A8
:108A30003F4B04933F4B05933F4B079301F068B9BD
:108A40004D4B03934D4B04934D4B05934D4B079367
:108A500001F05EB94C4B0393314B0493314B0593BA
:108A6000314B079301F054B9484B0393434B0493A4
:108A7000434B0593434B079301F04AB9444B03938F
:108A80003E4B04933E4B05933E4B079301F040B998
:108A9000404B0393394B0493394B0593394B079360
:108AA00001F036B93C4B0393344B0493344B05939C
:108AB000344B079301F02CB9384B03932F4B04939D
:108AC0002F4B05932F4B079301F022B9344B03939F
:108AD0002A4B04932A4B05932A4B079301F018B9AC
:108AE000304B0393254B0493254B0593254B07935C
:108AF00001F00EB92C4B0393204B0493204B0593AC
:108B0000204B079301F004B9284B03931B4B0493AC
:108B10001B4B05931B4B079301F0FAB83F13002042
:108B2000C5420208C9420208F8E9002040130020AB
:108B3000A1420208A94202080CEA002044130020C6
:108B4000481300204C130020501300205413002021
:108B5000581300205C1300206013002064130020D1
:108B6000651300206613002067130020681300209F
:108B70006C1300207013002074130020CD420208F3
:108B8000D1420208E4E90020781300207C13002081
:108B90008013002084130020881300208C130020F1
:108BA0009013002094130020981300209C130020A1
:108BB0009A4B03939A4B04939A4B05939A4B0793C2
:108BC00001F0A6B8994BD3F8543498330393984BDB
:108BD0000493984B0593984B079301F099B8934BE6
:108BE000D3F8543490330393944B0493944B0593EC
:108BF000944B079301F08CB88C4BD3F85434B033BA
:108C000003938B4B04938B4B05938B4B079301F092
:108C10007FB8864BD3F85434B4330393844B049316
:108C2000844B0593844B079301F072B87F4BD3F8C4
:108C30005434B83303937E4B04937E4B05937E4BA1
:108C4000079301F065B8794BD3F85434C4330393D8
:108C5000774B0493774B0593774B079301F058B804
:108C6000724BD3F854345B692C330393704B0493E9
:108C7000704B0593704B079301F04AB86B4BD3F8D8
:108C800054345B6930330393694B0493694B059308
:108C9000694B079301F03CB8644BD3F854345B69DB
:108CA00034330393684B0493684B0593684B0793E5
:108CB00001F02EB85D4BD3F854349B692C330393E9
:108CC000644B0493644B0593644B079301F020B805
:108CD000564BD3F854349B692C330393544B049371
:108CE000544B0593544B079301F012B84F4BD3F8F4
:108CF00054349B69303303934D4B04934D4B059390
:108D00004D4B079301F004B8484BD3F854349B699A
:108D100034330393464B0493464B0593464B0793DA
:108D200000F0F6BF414BD3F854349B6938330393BA
:108D30003F4B04933F4B05933F4B079300F0E8BF35
:108D40003A4BD3F854349B6940330393384B049324
:108D5000384B0593384B079300F0DABF334BD3F809
:108D600054349B6944330393314B0493314B059343
:108D7000314B079300F0CCBF2C4BD3F854349B6994
:108D800048330393304B0493304B0593304B079398
:108D900000F0BEBF254BD3F85434DC330393244B8F
:108DA0000493244B0593244B079300F0B1BF1F4B52
:108DB000D3F8543403F5AE7303931D4B04931D4B4A
:108DC00005931D4B079300F0A3BF184BD3F8543401
:108DD00003F5B0730393164B0493164B0593164B90
:108DE000079300F095BF114BD3F854341C33039311
:108DF0001B4B04931B4B0593154B079300F088BF47
:108E00000A4BD3F8543420330393174B0493174B76
:108E10000593174B079300F07BBF00BFA013002002
:108E2000CD420208D1420208E4E9002000100020EF
:108E3000A1420208A94202080CEA002039430208B4
:108E40004143020830E90020C5420208C942020835
:108E5000F8E90020494E0208414E020844E900208A
:108E6000354E02082D4E0208494302084D430208C0
:108E70001CE900209B4BD3F85434243303939A4BC2
:108E800004939A4B05939A4B079300F041BF954B7F
:108E9000D3F8543428330393934B0493934B0593A3
:108EA000934B079300F034BF8E4BD3F854341C33EC
:108EB0000393904B0493904B05938D4B079300F0D5
:108EC00027BF884BD3F854341C3303938B4B049344
:108ED0008B4B0593864B079300F01ABF814BD3F859
:108EE000543434330393804B0493804B0593804B6D
:108EF000079300F00DBF7B4BD3F854343833039302
:108F0000804B0493804B0593804B079300F000BF88
:108F1000744BD3F854343C330393734B0493734B27
:108F20000593734B079300F0F3BE6E4BD3F85434A4
:108F3000403303936C4B04936C4B05936C4B07933A
:108F400000F0E6BE674BD3F8543444330393664BCA
:108F50000493664B0593664B079300F0D9BE614BB3
:108F6000D3F85434503303935F4B04935F4B059312
:108F70005F4B079300F0CCBE5A4BD3F854345433B4
:108F80000393594B0493594B0593594B079300F0A6
:108F9000BFBE544BD3F8543448330393524B04931D
:108FA000524B0593524B079300F0B2BE4D4BD3F892
:108FB00054341C330393564B0493564B05934C4B3C
:108FC000079300F0A5BE474BD3F8543458330393AE
:108FD000454B0493454B0593454B079300F098BED2
:108FE000404BD3F854345C3303933F4B04933F4BD3
:108FF00005933F4B079300F08BBE3A4BD3F85434A4
:1090000060330393444B0493444B0593444B0793C1
:1090100000F07EBE334BD3F8543464330393324BA9
:109020000493324B0593324B079300F071BE2D4BE6
:10903000D3F85434683303932B4B04932B4B059391
:109040002B4B079300F064BE264BD3F854346C339B
:109050000393314B0493314B0593314B079300F04D
:1090600057BE204BD3F854346D3303932A4B0493EB
:109070002A4B05932A4B079300F04ABE194BD3F8AD
:10908000543470330393184B0493184B0593184BC7
:10909000079300F03DBE134BD3F85434743303935D
:1090A000114B0493114B0593114B079300F030BE05
:1090B0000C4BD3F85434783303930B4B04930B4B82
:1090C00005930B4B079300F023BE064BD3F85434A3
:1090D0007C330393044B0493044B0593044B079395
:1090E00000F016BE00100020A1420208A9420208AA
:1090F0000CEA0020154E0208094E0208F94D02083C
:10910000ED4D0208514302085543020808E90020CA
:10911000DD4D0208D14D0208C5420208C9420208CD
:10912000F8E90020A04BD3F8FC3303F563531C335C
:1091300003939E4B04939E4B05939E4B079300F025
:10914000E7BD994BD3F8FC3303F563532033039306
:10915000994B0493994B0593994B079300F0D8BD15
:10916000914BD3F8FC330393964B0493964B0593A2
:10917000934B079300F0CCBD8B4BD3F8FC3303F536
:109180006453183303938C4B04938C4B05938C4B93
:10919000079300F0BDBD844BD3F8FC3303F5645353
:1091A0001C330393844B0493844B0593844B0793A4
:1091B00000F0AEBD7C4BD3F8FC3303F564530C33A5
:1091C00003937D4B04937D4B05937D4B079300F0F8
:1091D0009FBD754BD3F8FC3303F564533E330393C3
:1091E0007A4B04937A4B05937A4B079300F090BD2A
:1091F0006D4BD3F8FC3303F56453383303936E4B54
:1092000004936E4B05936E4B079300F081BD664B44
:10921000D3F8FC3303F562532C330393664B04936A
:10922000664B0593664B079300F072BD5E4BD3F817
:10923000FC3303F5625331330393644B0493644B63
:109240000593644B079300F063BD574BD3F8FC3391
:1092500003F56253333303935C4B04935C4B0593E8
:109260005C4B079300F054BD4F4BD3F8FC3303F530
:10927000625330330393554B0493554B0593554B31
:10928000079300F045BD484BD3F8FC3303F5625318
:10929000323303934D4B04934D4B05934D4B079342
:1092A00000F036BD404BD3F8FC33183303934A4BE0
:1092B00004934A4B05934A4B079300F029BD3A4B60
:1092C000D3F8FC3319330393464B0493464B059371
:1092D000464B079300F01CBD334BD3F8FC331C33D3
:1092E0000393354B0493354B0593354B079300F0AF
:1092F0000FBD2D4BD3F8FC33203303932E4B049337
:109300002E4B05932E4B079300F002BD264BD3F84E
:10931000FC3324330393284B0493284B0593284BA9
:10932000079300F0F5BC204BD3F8FC3330330393A4
:10933000214B0493214B0593214B079300F0E8BC8C
:10934000194BD3F8FC33283303931B4B04931B4B6B
:1093500005931B4B079300F0DBBC134BD3F8FC3396
:109360002C330393144B0493144B0593144B079322
:1093700000F0CEBC0C4BD3F8FC33343303930E4BCC
:1093800004930E4B05930E4B079300F0C1BC064BA4
:10939000D3F8FC3338330393074B0493074B0593FF
:1093A000074B079300F0B4BC00100020594302089B
:1093B0005D430208F4E80020A1420208A942020825
:1093C0000CEA0020C14D0208B14D0208C542020856
:1093D000C9420208F8E90020994D0208914D02089F
:1093E000E0E800206143020865430208CCE8002061
:1093F000984BD3F8FC333C330393974B0493974B30
:109400000593974B079300F083BC924BD3F8FC3342
:1094100040330393934B0493934B0593934B0793E0
:1094200000F076BC8B4BD3F8FC3318330393904B8E
:109430000493904B0593904B079300F069BC854BC8
:10944000D3F8FC3350330393864B0493864B059338
:10945000864B079300F05CBC7E4BD3F8FC3348335B
:109460000393804B0493804B0593804B079300F04C
:109470004FBC784BD3F8FC3303F56253343303937A
:109480007E4B04937E4B05937E4B079300F040BCCC
:10949000704BD3F8FC3303F5625338330393714BAD
:1094A0000493714B0593714B079300F031BC694BEA
:1094B000D3F8FC3303F562533C330393694B0493B5
:1094C000694B0593694B079300F022BC614BD3F8BD
:1094D000FC3303F563530393684B0493684B059384
:1094E000684B079300F014BC5A4BD3F8FC33183385
:1094F0000393654B0493654B05935C4B079300F016
:1095000007BC544BD3F8FC3303F562531833039371
:10951000514B0493514B0593514B0793F8E34D4B3B
:10952000D3F8FC3303F562531C3303934D4B049380
:109530004D4B05934D4B0793EAE3464BD3F8FC3371
:1095400003F5625320330393464B0493464B059334
:10955000464B0793DCE33F4BD3F8FC3303F56253F0
:10956000283303933C4B04933C4B05933C4B0793AC
:10957000CEE3384BD3F8FC3303F563530433039342
:10958000384B0493384B0593384B0793C0E3314B6A
:10959000D3F8FC3303F5635308330393314B04933F
:1095A000314B0593314B0793B2E32A4BD3F8FC338D
:1095B00003F56353103303932A4B04932A4B05930B
:1095C0002A4B0793A4E3234BD3F8FC3303F56353EF
:1095D0000C330393234B0493234B0593234B0793A3
:1095E00096E31C4BD3F8FC3303F564532833039301
:1095F0001C4B04931C4B05931C4B079388E3154BA2
:10960000D3F8FC3303F564532C330393154B0493C5
:10961000154B0593154B07937AE30E4BD3F8FC33A8
:1096200003F56453303303930E4B04930E4B0593B1
:109630000E4B07936CE3074BD3F8FC3303F56453ED
:1096400034330393074B0493074B0593074B07935E
:109650005EE300BF00100020C5420208C9420208B4
:10966000F8E90020A1420208A94202080CEA002001
:109670007D4D0208754D02081CE90020694302086F
:109680006D430208B8E80020694D02085D4D0208EC
:109690008F4BD3F8FC33043303938E4B04938E4BE0
:1096A00005938E4B079333E3894BD3F8FC33083390
:1096B00003938B4B04938B4B05938B4B079327E3BF
:1096C000834BD3F8FC3310330393884B0493884BBC
:1096D0000593884B07931BE37D4BD3F8A8338C335A
:1096E0000393854B0493854B0593854B07930FE3B9
:1096F000774BD3F8A833C8330393824B0493824B40
:109700000593824B079303E3714BD3F8A8333433AB
:1097100003937F4B04937F4B05937F4B0793F7E2B3
:109720006B4BD3F8A833343303937C4B04937C4BBB
:1097300005936D4B0793EBE2654BD3F8A833543395
:109740000393644B0493644B0593644B0793DFE2EC
:109750005F4BD3F8A83360330393614B0493614BA1
:109760000593614B0793D3E2594BD3F8A8333433B5
:1097700003936C4B04936C4B05935B4B0793C7E2CD
:10978000534BD3F8A83334330393684B0493684B9B
:109790000593684B0793BBE24D4BD3F8A833503386
:1097A0000393584B0493584B0593584B0793AFE2E0
:1097B000474BD3F8A83348330393524B0493524B8F
:1097C0000593524B0793A3E2414BD3F8A8334C3394
:1097D0000393404B0493404B0593404B079397E210
:1097E0003B4BD3F8A8335C330393464B0493464B6F
:1097F0000593464B07938BE2354BD3F8A8333433AC
:1098000003934D4B04934D4B0593374B07937FE2E6
:109810002F4BD3F8A83361330393314B0493314B6F
:109820000593314B079373E2294BD3F8A8333433B4
:109830000393434B0493434B0593284B079367E2F1
:10984000234BD3F8A83338330393224B0493224B92
:109850000593224B07935BE21D4BD3F8A8333C33AF
:1098600003931C4B04931C4B05931C4B07934FE233
:10987000174BD3F8A83340330393164B0493164B7E
:109880000593164B079343E2114BD3F8A833633388
:109890000393134B0493134B0593134B079337E236
:1098A0000B4BD3F8A83364330393274B0493274B14
:1098B0000593274B07932BE2054BD3F8A833653369
:1098C0000393074B0493074B0593074B07931FE242
:1098D00000100020A1420208A94202080CEA002060
:1098E000C5420208C9420208F8E90020CD42020838
:1098F000D1420208E4E900207143020875430208DE
:10990000A4E80020494302084D4302081CE9002056
:10991000794302087D43020890E80020494D02087F
:10992000495102083D4D020839510208314D0208E3
:10993000254D020844E90020154D0208094D020892
:10994000F94C0208ED4C0208694302086D43020815
:10995000B8E800208D4BD3F8A833823303938C4BA7
:1099600004938C4B05938C4B0793D1E1874BD3F831
:10997000A83384330393864B0493864B0593864B1D
:109980000793C5E1814BD3F8A83304330393834B8A
:109990000493834B0593834B0793B9E1824B039365
:1099A000824B0493824B0593824B0793B0E1774B34
:1099B000D3F8F833103303937F4B04937F4B059315
:1099C0007F4B0793A4E1714BD3F8F833043303932F
:1099D000764B0493764B0593764B079398E16B4B4C
:1099E000D3F8F83308330393704B0493704B05930B
:1099F000704B07938CE1654BD3F8F8330C3303932A
:109A00006A4B04936A4B05936A4B079380E15F4B63
:109A1000D3F8583404330393644B0493644B059395
:109A2000644B079374E1594BD3F8583408330393CC
:109A30005E4B04935E4B05935E4B079368E1534B7B
:109A4000D3F858340C330393584B0493584B059375
:109A5000584B07935CE14D4BD3F85C340393594B5F
:109A60000493594B05934C4B079351E1474BD3F863
:109A70005C340393554B0493554B0593554B079317
:109A800046E1424BD3F85C340393484B0493484B74
:109A90000593484B07933BE13C4BD3F85C340B33C5
:109AA00003934D4B04934D4B05934A4B07932FE182
:109AB000364BD3F85C340393494B0493494B0593DD
:109AC000494B079324E1314BD3F8603403933D4B6A
:109AD00004933D4B0593304B079319E12B4BD3F87F
:109AE00060340393394B0493394B0593394B0793F7
:109AF0000EE1264BD3F8603403932C4B04932C4B8C
:109B000005932C4B079303E1204BD3F860340B33C0
:109B10000393314B0493314B05932E4B0793F7E09E
:109B20001A4BD3F8603403932D4B04932D4B0593BC
:109B30002D4B0793ECE0154BD3F8643404330393B7
:109B40002A4B04932A4B0593134B0793E0E00F4BEA
:109B5000D3F86434063303931F4B04931F4B0593D0
:109B60001C4B0793D4E0234B0393234B0493234BC9
:109B700005931D4B0793CBE0214B03931E4B04939E
:109B80001E4B0593184B0793C2E000BF0010002046
:109B9000814302088543020844E900204943020842
:109BA0004D4302081CE90020B0130020A142020826
:109BB000A94202080CEA0020894302088D430208EA
:109BC0007CE80020DD4C0208D54C0208C94C020894
:109BD00029510208F8E90020C5420208C9420208DA
:109BE000C14C0208B94C0208E4E90020AD4C02085F
:109BF000A54C020874140020CD420208D14202088C
:109C0000841400204E4B03934E4B04934E4B05930C
:109C10004E4B07937CE04E4B03934A4B04934A4BC5
:109C200005934A4B079373E04A4B0393454B0493C8
:109C3000454B0593454B07936AE0474B0393414BD4
:109C40000493414B0593414B079361E0434B0393CE
:109C50003C4B04933C4B05933C4B079358E0404BE3
:109C60000393384B0493384B0593384B07934FE0DD
:109C70003C4B0393334B0493334B0593334B079384
:109C800046E0394B03932F4B04932F4B05932F4BF7
:109C900007933DE0354B03932A4B04932A4B0593DE
:109CA0002A4B079334E0324B0393264B0493264B05
:109CB0000593264B07932BE02E4B0393214B0493E4
:109CC000214B0593214B079322E02B4B03932B4B06
:109CD00004932B4B05932B4B079319E02A4B0393CB
:109CE000184B0493184B0593184B079310E0274B20
:109CF0000393224B0493224B0593224B079307E0D7
:109D0000234B0393234B0493234B0593234B07933C
:109D100007988DED000A00283CF4DCA9204A21496F
:109D20006FF001030EF076FE00283CF4D3A903681F
:109D30009DED000A1B6803A9984709B05DF804FB74
:109D400094140020CD420208D1420208E4E9002028
:109D5000A4140020B4140020C4140020D414002043
:109D6000E4140020F4140020041500201415002031
:109D7000241500203415002014A4002049430208B3
:109D80004D4302081CE900201CA4002028A4002048
:109D900030A40020694302086D430208B8E800209F
:109DA000ECAF0308A8AF030800B50B684FF0000C38
:109DB00040FA0CFE0CF1080C0AB193420BD283F866
:109DC00000E00B68BCF1200F03F101030B60EFD141
:109DD00001205DF804FB00205DF804FB00B50B6872
:109DE0004FF0000C20FA0CFE0CF1080C0AB1934263
:109DF0000BD283F800E00B68BCF1200F03F10103E4
:109E00000B60EFD101205DF804FB00205DF804FB3E
:109E100030B583B00446ADF80410D0E9000398478C
:109E20009DF80530054623B1A3689DF8041020680D
:109E30009847284603B030BD37B500230D4610467D
:109E40000DF103018DF80330FAF7E4FE044650B13A
:109E50009DF803308DF8043001238DF80530019909
:109E60002846FFF7D5FF204603B030BDA0F104001F
:109E7000E2E700BF30B583B00446ADF80410D0E986
:109E8000000398479DF80530054623B1A3689DF867
:109E9000041020689847284603B030BD37B51046F7
:109EA0000D4601AA0B49D7F7D3F8012801D00020AD
:109EB0000DE0019B8DF80500003B18BF01238DF8D4
:109EC0000430044601992846FFF7D4FF204603B02A
:109ED00030BD00BF97AF0308A0F10400DEE700BF6C
:109EE00013B5B5EEC00AF1EE10FAACBF01230023A2
:109EF00001248DF804308DF8054008460199FFF7DC
:109F0000B9FF204602B010BD30B583B00446ADF8AD
:109F10000410D0E9000398479DF80530054623B1A9
:109F2000A3689DF8041020689847284603B030BD08
:109F300037B500230D4610460DF103018DF80330AF
:109F4000FAF768FE044650B19DF803308DF80430EE
:109F500001238DF8053001992846FFF7D5FF2046EB
:109F600003B030BDA0F10400E2E700BF30B583B01C
:109F70000446ADF80410D0E9000398479DF8053079
:109F8000054623B1A3689DF8041020689847284629
:109F900003B030BD37B500230D4610460DF1030167
:109FA0008DF80330FAF736FE044650B19DF80330C1
:109FB0008DF8043001238DF8053001992846FFF70C
:109FC000D5FF204603B030BDA0F10400E2E700BF9A
:109FD00030B583B00446ADF80410D0E900039847CB
:109FE0009DF80530054623B1A3689DF8041020684C
:109FF0009847284603B030BD37B500230D461046BC
:10A000000DF103018DF80330FAF704FE044650B158
:10A010009DF803308DF8043001238DF80530019947
:10A020002846FFF7D5FF204603B030BDA0F104005D
:10A03000E2E700BF30B583B00446ADF80410D0E9C4
:10A04000000398479DF80530054623B1A3689DF8A5
:10A05000041020689847284603B030BD37B5002368
:10A060000D4610460DF103018DF80330FAF7D2FDCD
:10A07000044650B19DF803308DF8043001238DF86B
:10A08000053001992846FFF7D5FF204603B030BDC3
:10A09000A0F10400E2E700BF30B583B004460191AF
:10A0A000D0E9000398479DF80630054623B1A36820
:10A0B000BDF8041020689847284603B030BD00BFA3
:10A0C00037B510460D4601AA0849D6F7C1FF012849
:10A0D00001D0002007E08DF80600044601992846CB
:10A0E000FFF7DAFF204603B030BD00BF87AF03089B
:10A0F000A0F10400E4E700BF1FB50191D6F7EAF82C
:10A10000BCEEC00A012410EE103A8DF80E40ADF8F6
:10A110000C3003990198FFF7BFFF204604B010BD33
:10A1200030B583B00446ADF80410D0E90003984779
:10A130009DF80530054623B1A3689DF804102068FA
:10A140009847284603B030BD37B500230D4610466A
:10A150000DF103018DF80330FAF75CFD044650B1B0
:10A160009DF803308DF8043001238DF805300199F6
:10A170002846FFF7D5FF204603B030BDA0F104000C
:10A18000E2E700BF30B583B00446ADF80410D0E973
:10A19000000398479DF80530054623B1A3689DF854
:10A1A000041020689847284603B030BD37B5002317
:10A1B0000D4610460DF103018DF80330FAF72AFD24
:10A1C000044650B19DF803308DF8043001238DF81A
:10A1D000053001992846FFF7D5FF204603B030BD72
:10A1E000A0F10400E2E700BF30B583B0044601915E
:10A1F000D0E9000398479DF80630054623B1A368CF
:10A20000BDF8041020689847284603B030BD00BF51
:10A2100037B510460D4601AA0849D6F719FF01289F
:10A2200001D0002007E08DF8060004460199284679
:10A23000FFF7DAFF204603B030BD00BF87AF030849
:10A24000A0F10400E4E700BF1FB50191D6F742F882
:10A25000BCEEC00A012410EE103A8DF80E40ADF8A5
:10A260000C3003990198FFF7BFFF204604B010BDE2
:10A2700030B583B00446ADF80410D0E90003984728
:10A280009DF80530054623B1A3689DF804102068A9
:10A290009847284603B030BD37B500230D46104619
:10A2A0000DF103018DF80330FAF7B4FC044650B108
:10A2B0009DF803308DF8043001238DF805300199A5
:10A2C0002846FFF7D5FF204603B030BDA0F10400BB
:10A2D000E2E700BF30B583B00446ADF80410D0E922
:10A2E000000398479DF80530054623B1A3689DF803
:10A2F000041020689847284603B030BD37B50023C6
:10A300000D4610460DF103018DF80330FAF782FC7B
:10A31000044650B19DF803308DF8043001238DF8C8
:10A32000053001992846FFF7D5FF204603B030BD20
:10A33000A0F10400E2E700BF30B583B00446ADF8F9
:10A340000410D0E9000398479DF80530054623B175
:10A35000A3689DF8041020689847284603B030BDD4
:10A3600037B500230D4610460DF103018DF803307B
:10A37000FAF750FC044650B19DF803308DF80430D4
:10A3800001238DF8053001992846FFF7D5FF2046B7
:10A3900003B030BDA0F10400E2E700BF30B583B0E8
:10A3A0000446ADF80410D0E9000398479DF8053045
:10A3B000054623B1A3689DF80410206898472846F5
:10A3C00003B030BD37B500230D4610460DF1030133
:10A3D0008DF80330FAF71EFC044650B19DF80330A7
:10A3E0008DF8043001238DF8053001992846FFF7D8
:10A3F000D5FF204603B030BDA0F10400E2E700BF66
:10A4000030B583B004460191D0E9000398479DF828
:10A410000630054623B1A368BDF8041020689847AC
:10A42000284603B030BD00BF37B510460D4601AA1F
:10A430000849D6F70DFE012801D0002007E08DF86D
:10A440000600044601992846FFF7DAFF204603B0CC
:10A4500030BD00BF87AF0308A0F10400E4E700BFF0
:10A460001FB50191D5F736FFBCEEC00A012410EEEE
:10A47000103A8DF80E40ADF80C3003990198FFF7B3
:10A48000BFFF204604B010BD30B583B00446ADF820
:10A490000410D0E9000398479DF80530054623B124
:10A4A000A3689DF8041020689847284603B030BD83
:10A4B00037B500230D4610460DF103018DF803302A
:10A4C000FAF7A8FB044650B19DF803308DF804302C
:10A4D00001238DF8053001992846FFF7D5FF204666
:10A4E00003B030BDA0F10400E2E700BF034607C996
:10A4F0004FF0010C83E8070083F80CC01846704742
:10A50000034607C94FF0010C83E8070083F80CC02D
:10A5100018467047034607C94FF0010C83E807004F
:10A5200083F80CC018467047034607C94FF0010C6A
:10A5300083E8070083F80CC018467047034607C934
:10A540004FF0010C83E8070083F80CC018467047F1
:10A55000034607C94FF0010C83E8070083F80CC0DD
:10A5600018467047034607C94FF0010C83E80700FF
:10A5700083F80CC018467047034607C94FF0010C1A
:10A5800083E8070083F80CC0184670472DE9F041B6
:10A5900040F2233390B00D4614460026984209F24B
:10A5A0007E83DFE810F024032B034E03580362037D
:10A5B0007C039F03A703AF03B703BF03C703CF0306
:10A5C000D703E903FB0305040E04170431043A041E
:10A5D00043044C0466046F04780481049B04A404BF
:10A5E000AD04D304ED04F604FF04080522052A0592
:10A5F00032053A0542054A0552055A0563056C05C0
:10A6000075057E05870590059905A205AB05B4057E
:10A61000BD05C605CF05D905E305ED05F605000620
:10A620000A0614061D062F063806570671067A0616
:10A630009E06B806DC06F606080722073C07560702
:10A6400070078A07A407E90703081C0835084E08A5
:10A65000670881089B08B508CF08E90803091D09A8
:10A66000370951099509AF09CA09E409FE09190A10
:10A67000330A4D0A670A810A9B0AB50ACF0AE90A1A
:10A680002F0B490B630B7D0B970BB10BCB0BE50B22
:10A69000FF0B190C340C4E0C680C830CC50CDF0C32
:10A6A000FA0C140D2E0D490D630D7D0D960DA80DA0
:10A6B000B10DD50DE80D010E1B0E610E7B0E950E32
:10A6C000AF0EC90EE30EFD0E170F310F4B0F630FC8
:10A6D0007B0F950FAF0FF30F0D10271041105B107C
:10A6E00075108F10A910C310DD10F71011112B1168
:10A6F000451183119D11B711D111EB1105121F12D4
:10A70000391253126D128712A112BB12D5121313F4
:10A710002D13471361137B139513AF13C913E31361
:10A72000FD13171431144B1468148414C214D61476
:10A73000E114EC14F714141531154E155A1577154C
:10A74000841591159E15AB15C915E715051612163A
:10A750004516631681169F16BD16DB16F9161717D8
:10A7600023172F174C175817641770177C17881763
:10A770009417A017AC17B917C617F31711182F188D
:10A780003C18491854185F187C189918B618D31833
:10A79000F0180D192A19461963199D19BA19D719F4
:10A7A000F419111A2E1A4B1A681A851AA21ABF1A0E
:10A7B000DC1AF91A251B421B5F1B7C1B9A1BB91B59
:10A7C000D51BF41B131C211C2F1C3D1C531C721C7D
:10A7D000911CC51CE41C031D221D411D601D7C1D18
:10A7E000981DB51DD21DEF1D0C1E291E591E761E6B
:10A7F000931EB01ECD1EEA1E071F241F431F621F9B
:10A80000811F9F1FBC1FC61FFB1F112030204F2020
:10A810005D207C209B20BA20D920F82017213621EA
:10A820005521742181219B21B321D021ED21F621D5
:10A8300002220E221D223A224622602274228822FF
:10A8400093229E22AA22B522C022CC22D722E32222
:10A85000EF22F922042310233923562362237C2379
:10A860009923B623D323F0230B24282445246224E0
:10A870007F249C24DD24FA241725342551256E25B8
:10A880008B25A825C325DE25E82505260E261726B7
:10A89000202629263226772693269E26AA26B52606
:10A8A000C026DD26FA261727342751276E27812751
:10A8B0009B27B727D3270F282B283E2858287428F2
:10A8C0009028AD28C928E42801290A2913291C2920
:10A8D00025292E29482951295A2963297D29862984
:10A8E000B129BA29D429DD29E629EF29092A122A12
:10A8F0001B2A242A3E2A472A502A592A732A7C2AAC
:10A90000852A8E2AA82AB12ABA2AC32ADD2AE62A4B
:10A91000EF2AF82A122B1B2B242B412B5B2B642BA9
:10A920006D2B762B902B992BA22BAB2BC52BCE2BE3
:10A93000D72BE02BFA2B002C192C2B2C342C5A2C37
:10A940006D2C862CA02CDD2CF72C112D2B2D452DBC
:10A950005F2D792D932DAD2DC72DDF2DF72D112EC8
:10A960002B2E6F2E892EA32EBD2ED72EF12E0B2F20
:10A97000252F3F2F592F732F8D2FA72FC12FFF2F3B
:10A98000193033304D30673081309B30B530CF30A7
:10A99000E93003311D31373151318F31A931C331A4
:10A9A000DD31F73111322B3245325F327932933259
:10A9B000AD32C732E43200333E3352335D33683355
:10A9C00073339033AD33CA33D633F33300340D349D
:10A9D0001A3427344534633481348E34C134DF343F
:10A9E000FD341B3539355735753593359F35AB35C6
:10A9F000C835D435E035EC35F835043610361C361C
:10AA00002836353642366F368D36AB36B836C536D3
:10AA1000D036DB36F836153732374F376C37893753
:10AA2000A637C237DF3719383638533870388D3883
:10AA3000AA38C738E43801391E393B3958397539D5
:10AA4000A139BE39DB39F839163A353A513A703AFC
:10AA50008F3A9D3AAB3AB93ACF3AEE3A0D3B413B89
:10AA6000603B7F3B9E3BBD3BDC3BF83B143C313CB9
:10AA70004E3C6B3C883CA53CD53CF23C0F3D2C3D0C
:10AA8000493D663D833DA03DBF3DDE3DFD3D1B3E56
:10AA9000383E423E773E8D3EAC3ECB3ED93EF83E00
:10AAA000173F363F553F743F933FB23FD13FF03F92
:10AAB000FD3F17402F404C40694072407E408A4025
:10AAC0009940B640C240DC40F04004410F411A4179
:10AAD000264131413C41484153415F416B41754101
:10AAE00080418C41B541D241DE41F84115423242AC
:10AAF0004F426C428742A442C142DE42FB421843AD
:10AB0000594376439343B043CD43EA430744244437
:10AB10003F445A44644481448A4493449C44A54439
:10AB2000AE44F3440F451A45264531453C45594549
:10AB300076459345B045CD45EA45FD451746334634
:10AB40004F468B46A746BA46D446F0460C4729479F
:10AB5000454760477D4785478D4795479D47A547B2
:10AB6000BE47C647CE47D647EF47F7472148294853
:10AB700042484A4852485A4873487B4883488B4861
:10AB8000A448AC48B448BC48D548DD48E548ED4841
:10AB900006490E4916491E4937493F4947494F4919
:10ABA0006849704978499549AE49B649BE49C64990
:10ABB000DF49E749EF49F749104A184A204A284A2D
:10ABC000414A4A4A534A6C4A734A854A9E4AA74AAE
:10ABD000AE4ABD4AC24AC84ACD4AD54AEE4AF54AAB
:10ABE000214B3A4B414B484B4F4B574B774B2146F0
:10ABF000284610B0BDE8F041EEF71CBBD1E90032A9
:10AC00000AB19A4204D913F8016B2B60012700E0C6
:10AC10000027C048F9F73CFB05461FB1BD48314647
:10AC2000F9F738FBD4E900320AB19A4206D91D700F
:10AC3000236801332360012009F032B8002009F0B5
:10AC40002FB8B548B549C06B2346012210B0BDE806
:10AC5000F041FAF7ABBBB048B049006C2346012283
:10AC600010B0BDE8F041FAF7A1BBAD4B08930CAEB4
:10AC7000AC4B099308A9AC4B0A933046FFF736FC5E
:10AC800000238DF81C30DDE90601CDE902548DE882
:10AC9000030096E80F00FAF7FDFB09F001B89E4BA0
:10ACA00065689B6CD3E900C6002327680DB1AF42ED
:10ACB00015D2C3F12000A3F120012CFA03F206FA09
:10ACC00000F0024326FA01F10A433A702268083381
:10ACD0000132402B2260E8D1012008F0E1BF0020C2
:10ACE00008F0DEBF8C4B214693F84C00FBF70CF8C4
:10ACF00008F0D6BF884B214693F84D00FBF704F8C7
:10AD000008F0CEBF844B214693F84E00FAF7FCFFC3
:10AD100008F0C6BF804B214693F84F00FAF7F4FFC6
:10AD200008F0BEBF7C4B214693F85000FAF7ECFFC9
:10AD300008F0B6BF784B214693F85100FAF7E4FFCC
:10AD400008F0AEBF744B214693F85200FAF7DCFFCF
:10AD500008F0A6BF704B596DD4E900320AB1934296
:10AD600007D20A781A70236801332360012008F0A3
:10AD700097BF002008F094BF674B996DD4E900326B
:10AD80000AB1934207D20A781A702368013323600C
:10AD9000012008F085BF002008F082BF5E485F49AF
:10ADA000C06D2346012210B0BDE8F041FAF7FEBAAB
:10ADB0005E4B6268D3F8D8022146FFF70FF808F01F
:10ADC0006FBF5A4B6268D3F8DC022146FFF706F8E2
:10ADD00008F066BF564B08930CAE564B099308A972
:10ADE000554B0A933046FFF78BFB0023CDE9015406
:10ADF0008DF81930BDF81830ADF8003096E80F0026
:10AE0000FAF79EFA08F04CBF484B6268D3F8E402A8
:10AE10002146FEF7E3FF08F043BF444B6268D3F8D6
:10AE2000E8022146FEF7DAFF08F03ABF3F4B6268BE
:10AE3000D3F8EC022146FEF7D1FF08F031BF3F4BBB
:10AE400008930CAE3E4B099308A93E4B0A9330463B
:10AE5000FFF760FB00238DF81C30DDE90601CDE92A
:10AE600002548DE8030096E80F00FAF7CFFA08F0D5
:10AE700017BF2E4B6268D3F8F4022146FEF7AEFFEF
:10AE800008F00EBF294B6268D3F8F8022146FEF79E
:10AE9000A5FF08F005BF254B6268D3F8FC022146E8
:10AEA000FEF79CFF08F0FCBE274B08930CAE244B2A
:10AEB000099308A9234B0A933046FFF72BFB002385
:10AEC0008DF81C30DDE90601CDE902548DE8030060
:10AED00096E80F00FAF79AFA08F0E2BE134B6268A0
:10AEE000D3F804032146FEF779FF08F0D9BE0F4BD3
:10AEF0006268D3F808032146FEF770FF08F0D0BE61
:10AF00000A4B6268D3F80C032146FEF767FF08F08E
:10AF1000C7BE00BF48A4002010A400209942020828
:10AF200054A40020A1420208A942020810E4002013
:10AF3000F0E60020C5420208C942020800E70020EE
:10AF4000CD420208D142020810E70020BA4B089314
:10AF50000CAEBA4B099308A9B94B0A933046FFF7D8
:10AF6000D9FA00238DF81C30DDE90601CDE9025441
:10AF70008DE8030096E80F00FAF748FA08F090BE53
:10AF8000B04B6268D3F814032146FEF727FF08F0A0
:10AF900087BEAC4B6268D3F818032146FEF71EFF4C
:10AFA00008F07EBEA74B6268D3F81C032146FEF76B
:10AFB00015FF08F075BEA44B08930CAE9F4B099388
:10AFC00008A99F4B0A933046FFF7A4FA00238DF897
:10AFD0001C30DDE90601CDE902548DE8030096E856
:10AFE0000F00FAF713FA08F05BBE984B6268586ED0
:10AFF0002146FEF7F3FE08F053BE944B6268986E4C
:10B000002146FEF7EBFE08F04BBE904B6268D86E0F
:10B010002146FEF7E3FE08F043BE8C4B6268186FD2
:10B020002146FEF7DBFE08F03BBE884B6268586F96
:10B030002146FEF7D3FE08F033BE844B6268D86F1A
:10B040002146FEF7CBFE08F02BBE804B6268986F5E
:10B050002146FEF7C3FE08F023BE7C4B6268D3F89E
:10B0600080002146FEF7BAFE08F01ABE774B6268F0
:10B07000D3F884002146FEF7B1FE08F011BE734BF1
:10B080006268D3F888002146FEF7A8FE08F008BEE3
:10B090006E4B6268D3F88C002146FEF79FFE08F0E5
:10B0A000FFBD6A4B6268D3F890002146FEF796FE1A
:10B0B00008F0F6BD654B6268D3F894002146FEF7B0
:10B0C0008DFE08F0EDBD614B6268D3F89800214613
:10B0D000FEF784FE08F0E4BD5C4B6268D3F89C0088
:10B0E0002146FEF761FE08F0DBBD584B6268D3F8DD
:10B0F000A0002146FEF758FE08F0D2BD534B62680F
:10B10000D3F8A4002146FEF74FFE08F0C9BD4F4B0F
:10B110006268D3F8A8002146FEF746FE08F0C0BDDD
:10B120004A4B6268D3F8AC002146FEF73DFE08F0BA
:10B13000B7BD464B6268D3F8B0002146FEF734FE37
:10B1400008F0AEBD414B6268D3F8B43021461868B0
:10B15000FEF744FE08F0A4BD3C4B6268D3F8B4305F
:10B1600021465868FEF73AFE08F09ABD374B6268F0
:10B17000D3F8B43021469868FEF730FE08F090BD51
:10B18000324BD3F8B83021461878FAF7BDFD08F0F5
:10B1900087BD2E4B6268D3F8B83021465868FEF759
:10B1A0001DFE08F07DBD294B6268D3F8B8302146FA
:10B1B0009868FEF713FE08F073BD244B6268D3F85D
:10B1C000B8302146D868FEF709FE08F069BD1D4B6E
:10B1D0006268D3F8C8022146FEF700FE08F060BDA1
:10B1E000D4E900320AB1934209D2164A92F8CC222D
:10B1F0001A70236801332360012008F051BD00203C
:10B2000008F04EBD114B6268D3F8C8002146FEF726
:10B21000E5FD08F045BD0D4AD2F8C030B3F5805FBA
:10B2200036BF02EB83030A4BD3F8D830C2F8C430E0
:10B23000012008F035BD00BF20E70020CD42020804
:10B24000D142020810E4002030E7002010A40020C2
:10B250000000C07FB34B08930CAEB34B099308A911
:10B26000B24B0A933046FFF755F900238DF81C3096
:10B27000DDE90601CDE902548DE8030096E80F00F0
:10B28000FAF7C4F808F00CBDA949AA4823460122E0
:10B2900010B0BDE8F041FAF789B8D1E900320AB13F
:10B2A000934204D213F8018B2B60012601E0B046D3
:10B2B0000026A148F9F710F805461EB19E48414600
:10B2C000F9F70CF8D4E900320AB1934206D21D70A6
:10B2D000236801332360012008F0E2BC002008F05D
:10B2E000DFBC964B08930CAE954B099308A9954B80
:10B2F0000A933046FFF70EF900238DF81C30DDE984
:10B300000601CDE902548DE8030096E80F00FAF734
:10B310007DF808F0C5BCD1E900320AB1934204D2ED
:10B3200013F8017B2B60012601E037460026864892
:10B33000F8F7D6FF05461EB183483946F8F7D2FF25
:10B34000D4E900320AB1934206D21D70236801335A
:10B350002360012008F0A4BC002008F0A1BC7B4BB6
:10B3600008930CAE704B099308A9704B0A933046B2
:10B37000FFF7D0F800238DF81C30DDE90601CDE998
:10B3800002548DE8030096E80F00FAF73FF808F042
:10B3900087BCD4E900320AB1934209D26C4A92F8D0
:10B3A00024231A70236801332360012008F078BC3D
:10B3B000002008F075BC674B08930CAE664B0993F0
:10B3C00008A9664B0A933046FFF79AF80023CDE9A7
:10B3D00001548DF81930BDF81830ADF8003096E8FA
:10B3E0000F00F9F7ADFF08F05BBC5D4B08930CAEA6
:10B3F000594B099308A9594B0A933046FFF780F837
:10B400000023CDE901548DF81930BDF81830ADF89E
:10B41000003096E80F00F9F793FF08F041BC514B5C
:10B4200008930CAE4C4B099308A94C4B0A93304639
:10B43000FFF766F80023CDE901548DF81930BDF807
:10B440001830ADF8003096E80F00F9F779FF08F0F2
:10B4500027BC454B08930CAE334B099308A9334BDB
:10B460000A933046FFF756F800238DF81C30DDE9CB
:10B470000601CDE902548DE8030096E80F00F9F7C4
:10B48000C5FF08F00DBC394B08930CAE264B099351
:10B4900008A9264B0A933046FFF73CF800238DF8A5
:10B4A0001C30DDE90601CDE902548DE8030096E881
:10B4B0000F00F9F7ABFF08F0F3BB2D4B08930CAE70
:10B4C000194B099308A9194B0A933046FFF722F844
:10B4D00000238DF81C30DDE90601CDE902548DE82A
:10B4E000030096E80F00F9F791FF08F0D9BB214B54
:10B4F00008930CAE184B099308A9184B0A933046D1
:10B50000FEF7FEFF0023CDE901548DF81930BDF898
:10B510001830ADF8003096E80F00F9F711FF08F089
:10B52000BFBB00BFD0A40020CD420208D142020818
:10B5300099420208D4A40020F4E40020F8E400209A
:10B54000115102086D510208FCE40020E0E60020E1
:10B5500010E4002099E50020C5420208C942020813
:10B560009AE500209BE500209CE50020A0E5002056
:10B57000A4E50020A8E50020C04B08930CAEC04B0A
:10B58000099308A9BF4B0A933046FEF7B9FF002381
:10B59000CDE901548DF81930BDF81830ADF8003000
:10B5A00096E80F00F9F7CCFE08F07ABBB64B0C9387
:10B5B000B64B0D93B64B0E9301238DF83C30002310
:10B5C000CDE901148DF82130BDF82030ADF8003000
:10B5D00010AB13E90F00FAF721FA08F061BBAD4B8D
:10B5E0000C93AA4B0D93AA4B0E9301238DF83C307C
:10B5F0000023CDE901148DF82130BDF82030ADF8DD
:10B60000003010AB13E90F00FAF708FA08F048BB56
:10B61000A14B0C939D4B0D939D4B0E9301238DF8E5
:10B620003C300023CDE901148DF82130BDF82030E5
:10B63000ADF8003010AB13E90F00FAF7EFF908F09E
:10B640002FBB964B0C93914B0D93914B0E93012373
:10B650008DF83C300023CDE901148DF82130BDF880
:10B660002030ADF8003010AB13E90F00FAF7D6F92F
:10B6700008F016BB8A4B08930CAE8A4B099308A9B5
:10B68000894B0A933046FEF731FF00238DF81C30BA
:10B69000DDE90601CDE902548DE8030096E80F00CC
:10B6A000F9F7F8FE08F0FCBA804B08930CAE7D4B1E
:10B6B000099308A97C4B0A933046FEF717FF002335
:10B6C0008DF81C30DDE90601CDE902548DE8030058
:10B6D00096E80F00F9F7DEFE08F0E2BA744B089323
:10B6E0000CAE674B099308A9664B0A933046FEF7E8
:10B6F00007FF0023CDE901548DF81930BDF818304B
:10B70000ADF8003096E80F00F9F71AFE08F0C8BA55
:10B71000684B08930CAE634B099308A9624B0A93DC
:10B720003046FEF7E3FE00238DF81C30DDE906010C
:10B73000CDE902548DE8030096E80F00F9F7AAFE60
:10B7400008F0AEBA5C4B08930CAE564B099308A9AF
:10B75000554B0A933046FEF7C9FE00238DF81C3086
:10B76000DDE90601CDE902548DE8030096E80F00FB
:10B77000F9F790FE08F094BA504B08930CAE404B8A
:10B78000099308A93F4B0A933046FEF7B9FE002300
:10B79000CDE901548DF81930BDF81830ADF80030FE
:10B7A00096E80F00F9F7CCFD08F07ABA444B0893FD
:10B7B0000CAE3C4B099308A93B4B0A933046FEF76D
:10B7C00095FE00238DF81C30DDE90601CDE9025419
:10B7D0008DE8030096E80F00F9F75CFE08F060BA08
:10B7E000384B08930CAE2F4B099308A92E4B0A93A4
:10B7F0003046FEF77BFE00238DF81C30DDE90601A4
:10B80000CDE902548DE8030096E80F00F9F742FEF7
:10B8100008F046BA2C4B08930CAE224B099308A9AA
:10B82000214B0A933046FEF761FE00238DF81C3051
:10B83000DDE90601CDE902548DE8030096E80F002A
:10B84000F9F728FE08F02CBA204B08930CAE154BE4
:10B85000099308A9144B0A933046FEF747FE0023CC
:10B860008DF81C30DDE90601CDE902548DE80300B6
:10B8700096E80F00F9F70EFE08F012BAA9E50020CD
:10B88000C5420208C9420208ADE50020E9420208AB
:10B89000ED420208AAE50020ABE50020ACE500205F
:10B8A000B0E50020A1420208A9420208B4E5002048
:10B8B000B8E50020BCE50020C0E50020C4E500207C
:10B8C000C8E50020CCE50020D0E50020D4E500202C
:10B8D000B64B08930CAEB64B099308A9B54B0A9327
:10B8E0003046FEF717FE00238DF81C30DDE9060117
:10B8F000CDE902548DE8030096E80F00F9F786FDC4
:10B9000008F0CEB9AC4B08930CAEAC4B099308A928
:10B91000AB4B0A933046FEF707FE00238DF81C3030
:10B92000DDE90601CDE902540090ADF8041096E877
:10B930000F00F9F71DFF08F0B3B9A24B08930CAE46
:10B94000A14B099308A9A14B0A933046FEF7CEFDFF
:10B9500000238DF81C30DDE90601CDE902548DE8A5
:10B96000030096E80F00F9F795FD08F099B9984B98
:10B9700008930CAE944B099308A9944B0A93304654
:10B98000FEF7B4FD00238DF81C30DDE90601CDE99A
:10B9900002548DE8030096E80F00F9F77BFD08F0EC
:10B9A0007FB98C4B08930CAE844B099308A9844B48
:10B9B0000A933046FEF7B8FD00238DF81C30DDE910
:10B9C0000601CDE902540090ADF8041096E80F008E
:10B9D000F9F7CEFE08F064B97F4B08930CAE7A4BB2
:10B9E000099308A9794B0A933046FEF77FFD00239F
:10B9F0008DF81C30DDE90601CDE902548DE8030025
:10BA000096E80F00F9F746FD08F04AB9734B089322
:10BA10000CAE6D4B099308A96C4B0A933046FEF7A8
:10BA200065FD00238DF81C30DDE90601CDE90254E7
:10BA30008DE8030096E80F00F9F72CFD08F030B907
:10BA4000674B08930CAE674B099308A9664B0A93A2
:10BA50003046FEF773FD0023CDE901548DF819300F
:10BA6000BDF81830ADF8003096E80F00FAF7A6F8E8
:10BA700008F016B95D4B08930CAE5A4B099308A910
:10BA8000594B0A933046FEF759FD0023CDE9015486
:10BA90008DF81930BDF81830ADF8003096E80F0079
:10BAA000FAF78CF808F0FCB8514B08930CAE4D4BEC
:10BAB000099308A94C4B0A933046FEF73FFD00233B
:10BAC000CDE901548DF81930BDF81830ADF80030CB
:10BAD00096E80F00FAF772F808F0E2B8454B0893C1
:10BAE0000CAE404B099308A93F4B0A933046FEF732
:10BAF00025FD0023CDE901548DF81930BDF818302B
:10BB0000ADF8003096E80F00FAF758F808F0C8B81A
:10BB1000394B08930CAE334B099308A9324B0A9367
:10BB20003046FEF70BFD0023CDE901548DF81930A6
:10BB3000BDF81830ADF8003096E80F00FAF73EF87F
:10BB400008F0AEB82D4B08930CAE264B099308A90C
:10BB5000254B0A933046FEF7F1FC0023CDE9015452
:10BB60008DF81930BDF81830ADF8003096E80F00A8
:10BB7000FAF724F808F094B8214B08930CAE194B4F
:10BB8000099308A9184B0A933046FEF7D7FC002307
:10BB9000CDE901548DF81930BDF81830ADF80030FA
:10BBA00096E80F00FAF70AF808F07AB8D8E500200E
:10BBB000CD420208D142020830E60020F1420208DC
:10BBC0000943020834E60020A1420208A942020803
:10BBD00038E600203CE6002040E6002044E6002055
:10BBE00089E5002015430208194302088AE5002070
:10BBF0008BE500208CE500208DE500208EE50020FF
:10BC00008FE50020B64B08930CAEB64B099308A9FC
:10BC1000B54B0A933046FEF791FC0023CDE9015461
:10BC20008DF81930BDF81830ADF8003096E80F00E7
:10BC3000F9F7C4FF08F034B8AC4B08930CAEA94B2D
:10BC4000099308A9A84B0A933046FEF777FC002316
:10BC5000CDE901548DF81930BDF81830ADF8003039
:10BC600096E80F00F9F7AAFF08F01AB8A04B08935E
:10BC70000CAE9C4B099308A99B4B0A933046FEF7E8
:10BC80005DFC0023CDE901548DF81930BDF8183062
:10BC9000ADF8003096E80F00F9F790FF08F000B813
:10BCA000944B08930CAE8F4B099308A98E4B0A93C3
:10BCB0003046FEF743FC0023CDE901548DF81930DE
:10BCC000BDF81830ADF8003096E80F00F9F776FFB0
:10BCD00007F0E6BF884B08930CAE824B099308A986
:10BCE000814B0A933046FEF729FC0023CDE901542D
:10BCF0008DF81930BDF81830ADF8003096E80F0017
:10BD0000F9F75CFF07F0CCBF7C4B08930CAE754B8A
:10BD1000099308A9744B0A933046FEF70FFC0023E1
:10BD2000CDE901548DF81930BDF81830ADF8003068
:10BD300096E80F00F9F742FF07F0B2BF704B089387
:10BD40000CAE684B099308A9674B0A933046FEF77F
:10BD5000F5FB0023CDE901548DF81930BDF81830FA
:10BD6000ADF8003096E80F00F9F728FF07F098BF0C
:10BD7000644B08930CAE5B4B099308A95A4B0A938A
:10BD80003046FEF7DBFB0023CDE901548DF8193076
:10BD9000BDF81830ADF8003096E80F00F9F70EFF47
:10BDA00007F07EBF584B08930CAE4E4B099308A981
:10BDB0004D4B0A933046FEF7C1FB0023CDE90154F9
:10BDC0008DF81930BDF81830ADF8003096E80F0046
:10BDD000F9F7F4FE07F064BF4C4B08930CAE4C4BE4
:10BDE000099308A94B4B0A933046FEF79DFB0023AD
:10BDF0008DF81C30DDE90601CDE902540090ADF864
:10BE0000041096E80F00F9F7B3FC07F049BF424B66
:10BE100008930CAE414B099308A9414B0A93304655
:10BE2000FEF764FB00238DF81C30DDE90601CDE947
:10BE300002548DE8030096E80F00F9F72BFB07F09A
:10BE40002FBF384B08930CAE344B099308A9344BE1
:10BE50000A933046FEF74AFB00238DF81C30DDE9DB
:10BE60000601CDE902548DE8030096E80F00F9F7CA
:10BE700011FB07F015BF2C4B08930CAE244B099314
:10BE800008A9244B0A933046FEF74EFB00238DF899
:10BE90001C30DDE90601CDE902540090ADF8041034
:10BEA00096E80F00F9F764FC07F0FABE1F4B089301
:10BEB0000CAE1A4B099308A9194B0A933046FEF7AA
:10BEC00015FB00238DF81C30DDE90601CDE9025495
:10BED0008DE8030096E80F00F9F7DCFA07F0E0BE02
:10BEE00090E50020154302081943020891E500205F
:10BEF00092E5002093E5002094E5002095E50020E0
:10BF000096E5002097E5002098E50020DCE500207C
:10BF1000F142020809430208E0E50020A1420208BC
:10BF2000A9420208E4E50020E8E50020ECE5002055
:10BF3000B74B08930CAEB74B099308A9B64B0A93BD
:10BF40003046FEF7D3FA00238DF81C30DDE90601F8
:10BF5000CDE902548DE8030096E80F00F9F79AFA4C
:10BF600007F09EBEAD4B08930CAEAD4B099308A9EC
:10BF7000AC4B0A933046FEF7D7FA00238DF81C30FD
:10BF8000DDE90601CDE902540090ADF8041096E811
:10BF90000F00F9F7EDFB07F083BEA34B08930CAE3F
:10BFA0009C4B099308A99C4B0A933046FEF79EFAD6
:10BFB00000238DF81C30DDE90601CDE902548DE83F
:10BFC000030096E80F00F9F765FA07F069BE974B92
:10BFD00008930CAE8F4B099308A98F4B0A933046F8
:10BFE000FEF784FA00238DF81C30DDE90601CDE967
:10BFF00002548DE8030096E80F00F9F74BFA07F0BA
:10C000004FBE8B4B08930CAE854B099308A9854B0B
:10C010000A933046FEF788FA00238DF81C30DDE9DC
:10C020000601CDE902540090ADF8041096E80F0027
:10C03000F9F79EFB07F034BE7E4B08930CAE754BB0
:10C04000099308A9744B0A933046FEF74FFA002370
:10C050008DF81C30DDE90601CDE902548DE80300BE
:10C0600096E80F00F9F716FA07F01ABE724B08931C
:10C070000CAE684B099308A9674B0A933046FEF74C
:10C0800035FA00238DF81C30DDE90601CDE90254B4
:10C090008DE8030096E80F00F9F7FCF907F000BE01
:10C0A000664B0C93664B0D93664B0E9301238DF8F4
:10C0B0003C3000238DF82430CDE90214DDE908017D
:10C0C0008DE8030010AB13E90F00F9F7F5F807F05E
:10C0D000E7BDD4E900320AB1934209D25A4A92F834
:10C0E00070221A70236801332360012007F0D8BD45
:10C0F000002007F0D5BD544B6268D3F8800221467A
:10C10000FDF76CFE07F0CCBD4F4B6568D3E99EC6CA
:10C11000002327680DB1AF4217D2C3F12000B3F15D
:10C1200020012CFA03F206FA00F042EA00025CBF9A
:10C1300046FA01F10A433A70226808330132402B73
:10C140002260E6D1012007F0ABBD002007F0A8BDBA
:10C150003D4BD3F8A012D4E900320AB1934207D282
:10C160000A781A70236801332360012007F098BD14
:10C17000002007F095BD354B0C93354B0D93354B97
:10C180000E9301238DF83C300023CDE901148DF886
:10C190002130BDF82030ADF8003010AB13E90F00AE
:10C1A000F9F7A0FB07F07CBD2B4B08930CAE2B4B93
:10C1B000099308A92A4B0A933046FEF7A1F90023F8
:10C1C000CDE901548DF81930BDF81830ADF80030C4
:10C1D00096E80F00F9F7B4F807F062BD214B089319
:10C1E0000CAE1E4B099308A91D4B0A933046FEF76F
:10C1F00087F90023CDE901548DF81930BDF81830C6
:10C20000ADF8003096E80F00F9F79AF807F048BD4E
:10C21000F0E50020A1420208A9420208F4E500204E
:10C22000F142020809430208F8E50020FCE500207D
:10C2300000E6002004E6002008E600206C12002042
:10C240001D43020821430208001000209412002020
:10C250003143020835430208A4120020C5420208F7
:10C26000C942020810100020B34B08930CAEB34B28
:10C27000099308A9B24B0A933046FEF741F900230F
:10C28000CDE901548DF81930BDF81830ADF8003003
:10C2900096E80F00F9F754F807F002BDA94B089390
:10C2A0000CAEA64B099308A9A54B0A933046FEF79E
:10C2B00027F90023CDE901548DF81930BDF8183065
:10C2C000ADF8003096E80F00F9F73AF807F0E8BC4F
:10C2D0009D4B08930CAE994B099308A9984B0A9370
:10C2E0003046FEF70DF90023CDE901548DF81930E1
:10C2F000BDF81830ADF8003096E80F00F9F720F8D7
:10C3000007F0CEBC914B08930CAE8C4B099308A957
:10C310008B4B0A933046FEF7F3F80023CDE9015426
:10C320008DF81930BDF81830ADF8003096E80F00E0
:10C33000F9F706F807F0B4BC854B08930CAE7F4BB9
:10C34000099308A97E4B0A933046FEF7D9F80023DB
:10C35000CDE901548DF81930BDF81830ADF8003032
:10C3600096E80F00F8F7ECFF07F09ABC794B0893BA
:10C370000CAE724B099308A9714B0A933046FEF735
:10C38000BFF80023CDE901548DF81930BDF81830FD
:10C39000ADF8003096E80F00F8F7D2FF07F080BC48
:10C3A0006D4B08930CAE654B099308A9644B0A9337
:10C3B0003046FEF7A5F80023CDE901548DF8193079
:10C3C000BDF81830ADF8003096E80F00F8F7B8FF68
:10C3D00007F066BC614B08930CAE614B099308A94A
:10C3E000604B0A933046FEF781F800238DF81C302D
:10C3F000DDE90601CDE902548DE8030096E80F005F
:10C40000F9F748F807F04CBC574B08930CAE4B4B70
:10C41000099308A94A4B0A933046FEF771F80023A6
:10C42000CDE901548DF81930BDF81830ADF8003061
:10C4300096E80F00F8F784FF07F032BC4B4B0893E7
:10C440000CAE4B4B099308A94A4B0A933046FEF7B2
:10C450007FF80023CDE901548DF81A30069B009334
:10C4600096E80F00F9F794F807F01ABC3F4B0893D1
:10C470000CAE414B099308A9404B0A933046FEF796
:10C4800067F80023CDE901548DF81A30069B00931C
:10C4900096E80F00F9F77CF807F002BC384B0893D8
:10C4A0000CAE2F4B099308A92E4B0A933046FEF78A
:10C4B0001DF800238DF81C30DDE90601CDE902549A
:10C4C0008DE8030096E80F00F8F7E4FF07F0E8BBFB
:10C4D0002C4B08930CAE224B099308A9214B0A93CD
:10C4E0003046FEF703F800238DF81C30DDE9060125
:10C4F000CDE902548DE8030096E80F00F8F7CAFF73
:10C5000007F0CEBB204B08930CAE154B099308A93E
:10C51000144B0A933046FDF7E9FF00238DF81C30D9
:10C52000DDE90601CDE902548DE8030096E80F002D
:10C53000F8F7B0FF07F0B4BB11100020C5420208A5
:10C54000C94202081210002013100020141000200D
:10C5500015100020161000201710002018100020C1
:10C56000A1420208A94202081C100020101000205D
:10C570000951020801510208F1500208E95002086D
:10C5800024100020281000202C100020B54B089308
:10C590000CAEB54B099308A9B44B0A933046FDF78E
:10C5A000A5FF00238DF81C30DDE90601CDE902541A
:10C5B0008DE8030096E80F00F8F76CFF07F070BBFA
:10C5C000AB4B08930CAEA84B099308A9A74B0A9351
:10C5D0003046FDF78BFF00238DF81C30DDE90601A6
:10C5E000CDE902548DE8030096E80F00F8F752FFFA
:10C5F00007F056BB9F4B08930CAE9B4B099308A9C1
:10C600009A4B0A933046FDF771FF00238DF81C30DA
:10C61000DDE90601CDE902548DE8030096E80F003C
:10C62000F8F738FF07F03CBB934B08930CAE8E4BEA
:10C63000099308A98D4B0A933046FDF757FF002355
:10C640008DF81C30DDE90601CDE902548DE80300C8
:10C6500096E80F00F8F71EFF07F022BB874B089300
:10C660000CAE814B099308A9804B0A933046FDF725
:10C670003DFF00238DF81C30DDE90601CDE90254B1
:10C680008DE8030096E80F00F8F704FF07F008BBF9
:10C690007B4B08930CAE744B099308A9734B0A9318
:10C6A0003046FDF723FF00238DF81C30DDE906013D
:10C6B000CDE902548DE8030096E80F00F8F7EAFE92
:10C6C00007F0EEBA6F4B08930CAE674B099308A9BD
:10C6D000664B0A933046FDF709FF00238DF81C30A6
:10C6E000DDE90601CDE902548DE8030096E80F006C
:10C6F000F8F7D0FE07F0D4BA634B08930CAE5A4B50
:10C70000099308A9594B0A933046FDF7EFFE002321
:10C710008DF81C30DDE90601CDE902548DE80300F7
:10C7200096E80F00F8F7B6FE07F0BABA574B089331
:10C730000CAE574B099308A9564B0A933046FDF7A8
:10C74000DFFE0023CDE901548DF81930BDF8183013
:10C75000ADF8003096E80F00F8F7F2FD07F0A0BA48
:10C760004D4B08930CAE4A4B099308A9494B0A93C9
:10C770003046FDF7C5FE0023CDE901548DF8193090
:10C78000BDF81830ADF8003096E80F00F8F7D8FD86
:10C7900007F086BA414B08930CAE3D4B099308A9AC
:10C7A0003C4B0A933046FDF7ABFE0023CDE9015424
:10C7B0008DF81930BDF81830ADF8003096E80F004C
:10C7C000F8F7BEFD07F06CBA354B08930CAE304B52
:10C7D000099308A92F4B0A933046FDF791FE0023D9
:10C7E000CDE901548DF81930BDF81830ADF800309E
:10C7F00096E80F00F8F7A4FD07F052BA294B08930A
:10C800000CAE194B099308A9184B0A933046FDF753
:10C810006DFE00238DF81C30DDE90601CDE90254E0
:10C820008DE8030096E80F00F8F734FE07F038BAF9
:10C830001D4B08930CAE0C4B099308A90B4B0A93A4
:10C840003046FDF753FE00238DF81C30DDE906016C
:10C85000CDE902548DE8030096E80F00F8F71AFEC0
:10C8600007F01EBA30100020A1420208A9420208B7
:10C87000341000204C1000205010002054100020D4
:10C88000581000205C100020601000206410002070
:10C89000C5420208C9420208651000206610002047
:10C8A00067100020681000206C100020B54B089322
:10C8B0000CAEB54B099308A9B44B0A933046FDF76B
:10C8C00015FE00238DF81C30DDE90601CDE9025488
:10C8D0008DE8030096E80F00F8F7DCFD07F0E0B9FB
:10C8E000AB4B08930CAEA84B099308A9A74B0A932E
:10C8F0003046FDF7FBFD00238DF81C30DDE9060115
:10C90000CDE902548DE8030096E80F00F8F7C2FD68
:10C9100007F0C6B99F4B08930CAE9B4B099308A92F
:10C920009A4B0A933046FDF7E1FD00238DF81C3049
:10C93000DDE90601CDE902548DE8030096E80F0019
:10C94000F8F7A8FD07F0ACB9934B08930CAE8E4BEB
:10C95000099308A98D4B0A933046FDF7C7FD0023C4
:10C960008DF81C30DDE90601CDE902548DE80300A5
:10C9700096E80F00F8F78EFD07F092B9874B089301
:10C980000CAE814B099308A9804B0A933046FDF702
:10C99000ADFD00238DF81C30DDE90601CDE9025420
:10C9A0008DE8030096E80F00F8F774FD07F078B9FA
:10C9B0007B4B08930CAE744B099308A9734B0A93F5
:10C9C0003046FDF793FD00238DF81C30DDE90601AC
:10C9D000CDE902548DE8030096E80F00F8F75AFD00
:10C9E00007F05EB96F4B08930CAE674B099308A92B
:10C9F000664B0A933046FDF779FD00238DF81C3015
:10CA0000DDE90601CDE902548DE8030096E80F0048
:10CA1000F8F740FD07F044B9634B08930CAE634B45
:10CA2000099308A9624B0A933046FDF769FD00237C
:10CA3000CDE901548DF81930BDF81830ADF800304B
:10CA400096E80F00F8F77CFC07F02AB9594B0893D9
:10CA50000CAE564B099308A9554B0A933046FDF787
:10CA60004FFD0023CDE901548DF81930BDF8183081
:10CA7000ADF8003096E80F00F8F762FC07F010B947
:10CA80004D4B08930CAE494B099308A9484B0A93A8
:10CA90003046FDF735FD0023CDE901548DF81930FE
:10CAA000BDF81830ADF8003096E80F00F8F748FCF4
:10CAB00007F0F6B8414B08930CAE3C4B099308A91C
:10CAC0003B4B0A933046FDF71BFD0023CDE9015493
:10CAD0008DF81930BDF81830ADF8003096E80F0029
:10CAE000F8F72EFC07F0DCB8354B08930CAE264B5C
:10CAF000099308A9254B0A933046FDF7F7FC00235C
:10CB00008DF81C30DDE90601CDE902548DE8030003
:10CB100096E80F00F8F7BEFC07F0C2B8294B08935F
:10CB20000CAE194B099308A9184B0A933046FDF730
:10CB3000DDFC00238DF81C30DDE90601CDE902544F
:10CB40008DE8030096E80F00F8F7A4FC07F0A8B8FA
:10CB50001D4B08930CAE0C4B099308A90B4B0A9381
:10CB60003046FDF7C3FC00238DF81C30DDE90601DB
:10CB7000CDE902548DE8030096E80F00F8F78AFC2F
:10CB800007F08EB870100020A1420208A9420208E6
:10CB900074100020781000207C10002080100020ED
:10CBA00084100020881000208C100020C54202084C
:10CBB000C94202088D1000208E1000208F10002026
:10CBC000901000209410002098100020C04B089373
:10CBD0000CAEC04B099308A9BF4B0A933046FDF732
:10CBE00099FC00238DF81C30DDE90601CDE90254E3
:10CBF0008DE8030096E80F00F8F708FC07F050B83E
:10CC0000B64B08930CAEB64B099308A9B54B0A93E3
:10CC10003046FDF775FC0023CDE901548DF819303D
:10CC2000BDF81830ADF8003096E80F00F8F788FB33
:10CC300007F036B8AC4B08930CAEA64B099308A985
:10CC4000A54B0A933046FDF765FC00238DF81C3098
:10CC5000DDE90601CDE902548DE8030096E80F00F6
:10CC6000F8F7D4FB07F01CB8A04B08930CAE994B17
:10CC7000099308A9984B0A933046FDF74BFC002313
:10CC80008DF81C30DDE90601CDE902548DE8030082
:10CC900096E80F00F8F7BAFB07F002B8944B089338
:10CCA0000CAE8C4B099308A98B4B0A933046FDF7C9
:10CCB00031FC00238DF81C30DDE90601CDE902547A
:10CCC0008DE8030096E80F00F8F7A0FB06F0E8BF38
:10CCD000884B08930CAE7F4B099308A97E4B0A93AF
:10CCE0003046FDF717FC00238DF81C30DDE9060106
:10CCF000CDE902548DE8030096E80F00F8F786FBB3
:10CD000006F0CEBF7C4B08930CAE724B099308A97A
:10CD1000714B0A933046FDF7FDFB00238DF81C3064
:10CD2000DDE90601CDE902548DE8030096E80F0025
:10CD3000F8F76CFB06F0B4BF704B08930CAE654B74
:10CD4000099308A9644B0A933046FDF7E3FB0023DF
:10CD50008DF81C30DDE90601CDE902548DE80300B1
:10CD600096E80F00F8F752FB06F09ABF644B089361
:10CD70000CAE584B099308A9574B0A933046FDF760
:10CD8000C9FB00238DF81C30DDE90601CDE9025412
:10CD90008DE8030096E80F00F8F738FB06F080BF37
:10CDA000584B08930CAE4B4B099308A94A4B0A9376
:10CDB0003046FDF7AFFB00238DF81C30DDE906019E
:10CDC000CDE902548DE8030096E80F00F8F71EFB4A
:10CDD00006F066BF4C4B08930CAE3E4B099308A976
:10CDE0003D4B0A933046FDF795FB00238DF81C3030
:10CDF000DDE90601CDE902548DE8030096E80F0055
:10CE0000F8F704FB06F04CBF404B08930CAE314BD7
:10CE1000099308A9304B0A933046FDF77BFB0023AA
:10CE20008DF81C30DDE90601CDE902548DE80300E0
:10CE300096E80F00F8F7EAFA06F032BF344BD3F861
:10CE40007C31983308930CAE324B099308A9324BCE
:10CE50000A933046FDF74AFB00238DF81C30DDE9CC
:10CE60000601CDE902548DE8030096E80F00F8F7BB
:10CE700011FB06F015BF264BD3F87C3190330C9391
:10CE8000264B0D93264B0E93CDE9041401238DF808
:10CE90003C3000238DF8283008AB0FCB8DE80F0015
:10CEA00010AB13E90F00F8F763F906F0F9BE184B61
:10CEB000D3F87C11D4E900320AB1934232D291F80E
:10CEC0009C201A70236801332360012006F0E8BE1D
:10CED0009C100020CD420208D1420208A010002080
:10CEE000C5420208C9420208A4100020A810002070
:10CEF000AC100020B0100020B4100020B8100020AA
:10CF0000BC100020C0100020C4100020C810002059
:10CF100000100020A1420208A94202083943020879
:10CF200041430208002006F0BBBEB64BD3F87C118B
:10CF3000D4E900320AB1934208D291F89E201A70C7
:10CF4000236801332360012006F0AABE002006F00A
:10CF5000A7BEAC48AC49D0F87C012346012210B0F2
:10CF6000BDE8F041F8F722BAA648A849D0F87C01FC
:10CF70002346012210B0BDE8F041F8F717BAA148E6
:10CF8000A349D0F87C012346012210B0BDE8F0414E
:10CF9000F8F70CBA9B4BD3F87C31B03308930CAE46
:10CFA0009C4B099308A99C4B0A933046FDF79EFAC7
:10CFB00000238DF81C30DDE90601CDE902548DE82F
:10CFC000030096E80F00F8F765FA06F069BE8D4B8E
:10CFD000D3F87C31B43308930CAE8E4B099308A977
:10CFE0008D4B0A933046FDF781FA00238DF81C30F3
:10CFF000DDE90601CDE902548DE8030096E80F0053
:10D00000F8F748FA06F04CBE7E4BD3F87C31B833C3
:10D0100008930CAE7F4B099308A97F4B0A933046C7
:10D02000FDF764FA00238DF81C30DDE90601CDE937
:10D0300002548DE8030096E80F00F8F72BFA06F08B
:10D040002FBE704B7549D3F87C0101222346C030B6
:10D0500010B0BDE8F041F8F7A9B96A4BD3F87C31BC
:10D06000C43308930CAE6B4B099308A96A4B0A931F
:10D070003046FDF73BFA00238DF81C30DDE9060150
:10D08000CDE902548DE8030096E80F00F8F702FAA4
:10D0900006F006BE5B4B6149D3F87C0101222346B2
:10D0A00000F5B87010B0BDE8F041F8F77FB9554B06
:10D0B0005A49D3F87C010122234600F5BA7010B01A
:10D0C000BDE8F041F8F772B94E4B5449D3F87C01F2
:10D0D0000122234600F5BC7010B0BDE8F041F8F71E
:10D0E00065B9484B4D49D3F87C3158690122234634
:10D0F000103010B0BDE8F041F8F758B9414BD3F803
:10D100007C315B692C3308930CAE424B099308A920
:10D11000414B0A933046FDF7E9F900238DF81C30A6
:10D12000DDE90601CDE902548DE8030096E80F0021
:10D13000F8F7B0F906F0B4BD324BD3F87C315B6937
:10D14000303308930CAE334B099308A9324B0A9342
:10D150003046FDF7CBF900238DF81C30DDE90601E0
:10D16000CDE902548DE8030096E80F00F8F792F934
:10D1700006F096BD234BD3F87C315B6934330893BA
:10D180000CAE274B099308A9264B0A933046FDF7AE
:10D19000B7F90023CDE901548DF81930BDF81830E6
:10D1A000ADF8003096E80F00F8F7CAF806F078BD41
:10D1B000144B1A49D3F87C31986901222346103068
:10D1C00010B0BDE8F041F8F7F1B80E4BD3F87C3160
:10D1D0009B692C3308930CAE134B099308A9134B8E
:10D1E0000A933046FDF7B4F90023CDE901548DF8D8
:10D1F0001A30069B009396E80F00F8F7C9F906F07D
:10D200004FBD00BF00100020795F02085D5F02087B
:10D210003D5F0208A1420208A942020899420208A1
:10D22000C5420208C9420208D9500208D15002087A
:10D23000C64BD3F87C319B692C3308930CAEC44B9E
:10D24000099308A9C34B0A933046FDF74FF9002311
:10D250008DF81C30DDE90601CDE902548DE80300AC
:10D2600096E80F00F8F716F906F01ABDB74BD3F899
:10D270007C319B69303308930CAEB54B099308A9F8
:10D28000B44B0A933046FDF731F900238DF81C307A
:10D29000DDE90601CDE902548DE8030096E80F00B0
:10D2A000F8F7F8F806F0FCBCA84BD3F87C319B6982
:10D2B000343308930CAEA64B099308A9A54B0A93E7
:10D2C0003046FDF713F900238DF81C30DDE9060127
:10D2D000CDE902548DE8030096E80F00F8F7DAF87C
:10D2E00006F0DEBC994BD3F87C319B693833089348
:10D2F0000CAE974B099308A9964B0A933046FDF75D
:10D30000F5F800238DF81C30DDE90601CDE9025463
:10D310008DE8030096E80F00F8F7BCF806F0C0BCF3
:10D320008A4BD3F87C319B69403308930CAE884B11
:10D33000099308A9874B0A933046FDF7D7F80023D5
:10D340008DF81C30DDE90601CDE902548DE80300BB
:10D3500096E80F00F8F79EF806F0A2BC7B4BD3F8D6
:10D360007C319B69443308930CAE794B099308A92F
:10D37000784B0A933046FDF7B9F800238DF81C303E
:10D38000DDE90601CDE902548DE8030096E80F00BF
:10D39000F8F780F806F084BC6C4BD3F87C319B69BD
:10D3A000483308930CAE6C4B099308A96B4B0A9356
:10D3B0003046FDF7A5F80023CDE901548DF819306A
:10D3C000BDF81830ADF8003096E80F00F7F7B8FF59
:10D3D00006F066BC5D4B6249D3F87C01012223460E
:10D3E000C83010B0BDE8F041F7F7E0BF574B5D49DA
:10D3F000D3F87C0101222346C83010B0BDE8F041CB
:10D40000F7F7D4BF514BD3F87C31DC3308930CAE23
:10D410004F4B099308A94F4B0A933046FDF766F826
:10D4200000238DF81C30DDE90601CDE902548DE8BA
:10D43000030096E80F00F8F72DF806F031BC434BD7
:10D440004949D3F87C0101222346C83010B0BDE819
:10D45000F041F7F7ABBF3D4B4449D3F87C010122C3
:10D460002346C83010B0BDE8F041F7F79FBF374BF7
:10D470003F49D3F87C0101222346C83010B0BDE8F3
:10D48000F041F7F793BF314B3A49D3F87C010122C1
:10D490002346C83010B0BDE8F041F7F787BF2B4BEB
:10D4A0003549D3F87C0101222346C83010B0BDE8CD
:10D4B000F041F7F77BBF254B3049D3F87C010122BF
:10D4C0002346C83010B0BDE8F041F7F76FBF1F4BDF
:10D4D0002B49D3F87C0101222346C83010B0BDE8A7
:10D4E000F041F7F763BF194B2649D3F87C010122BD
:10D4F0002346C83010B0BDE8F041F7F757BF134BD3
:10D500002149D3F87C010122234600F5AA7010B00E
:10D51000BDE8F041F7F74ABF0C4B1B49D3F87C013B
:10D520000122234600F5AC7010B0BDE8F041F7F7DA
:10D530003DBF064B1449D3F87C010122234600F578
:10D54000B67010B0BDE8F041F7F730BF0010002012
:10D55000A1420208A9420208C5420208C9420208C3
:10D56000996002087D6002085D600208416002085F
:10D570002160020805600208C5500208A95002088F
:10D58000E55F0208C95F020899420208C64BD3F85A
:10D590007C3103F5AE7308930CAEC44B099308A914
:10D5A000C34B0A933046FCF7A1FF00238DF81C30D3
:10D5B000DDE90601CDE902548DE8030096E80F008D
:10D5C000F7F768FF06F06CBBB74BD3F87C3103F577
:10D5D000B07308930CAEB54B099308A9B44B0A93EA
:10D5E0003046FCF783FF00238DF81C30DDE906018F
:10D5F000CDE902548DE8030096E80F00F7F74AFFE3
:10D6000006F04EBBA84BAB49D3F87C010122234660
:10D6100000F5B27010B0BDE8F041F7F7C7BEA24BFD
:10D62000A449D3F87C010122234600F5B47010B060
:10D63000BDE8F041F7F7BABE9B4B6268D3F87C3186
:10D640002146D3F88800FCF7C9FB06F029BB964BAE
:10D650006268D3F87C312146D3F88C00FCF7BEFB1E
:10D6600006F01EBB904BD3F87C311C3308930CAEF4
:10D67000914B099308A9914B0A933046FCF740FF60
:10D680000023CDE901548DF81930BDF81830ADF8FC
:10D69000003096E80F00F7F753FE06F001BB824B0F
:10D6A000D3F87C31203308930CAE854B099308A93D
:10D6B000844B0A933046FCF755FF00238DF81C304D
:10D6C000DDE90601CDE902548DE8030096E80F007C
:10D6D000F7F7AEFD06F0E4BA734BD3F87C31243390
:10D6E00008930CAE714B099308A9714B0A9330460D
:10D6F000FCF7FCFE00238DF81C30DDE90601CDE9C6
:10D7000002548DE8030096E80F00F7F7C3FE06F019
:10D71000C7BA654BD3F87C31283308930CAE634B02
:10D72000099308A9624B0A933046FCF7DFFE0023F9
:10D730008DF81C30DDE90601CDE902548DE80300C7
:10D7400096E80F00F7F7A6FE06F0AABA564BD3F8F4
:10D750007C311C3308930CAE5B4B099308A95B4BDF
:10D760000A933046FCF7C2FE00238DF81C30DDE939
:10D770000601CDE902548DE8030096E80F00F7F7A3
:10D7800089FE06F08DBA484BD3F87C311C330893E0
:10D790000CAE4F4B099308A94E4B0A933046FCF749
:10D7A000A5FE00238DF81C30DDE90601CDE9025409
:10D7B0008DE8030096E80F00F7F76CFE06F070BAEC
:10D7C000394BD3F87C31343308930CAE374B099383
:10D7D00008A9374B0A933046FCF788FE00238DF8E2
:10D7E0001C30DDE90601CDE902548DE8030096E81E
:10D7F0000F00F7F74FFE06F053BA2B4BD3F87C31EE
:10D8000038330C93344B0D93344B0E9301238DF826
:10D810003C300023CDE901148DF82130BDF82030D3
:10D82000ADF8003010AB13E90F00F8F78FF806F0F1
:10D8300037BA1D4BD3F87C313C3308930CAE1B4BED
:10D84000099308A91A4B0A933046FCF74FFE0023B0
:10D850008DF81C30DDE90601CDE902548DE80300A6
:10D8600096E80F00F7F716FE06F01ABA0E4BD3F83B
:10D870007C31403308930CAE0C4B099308A90C4B38
:10D880000A933046FCF732FE00238DF81C30DDE9A8
:10D890000601CDE902548DE8030096E80F00F7F782
:10D8A000F9FD06F0FDB900BF00100020A1420208FA
:10D8B000A9420208994202088D500208055D02083B
:10D8C000494302084D430208855002087950020876
:10D8D000695002085D50020851430208554302088E
:10D8E000BC4BD3F87C31443308930CAEBA4B09934C
:10D8F00008A9BA4B0A933046FCF7F8FD00238DF8CF
:10D900001C30DDE90601CDE902548DE8030096E8FC
:10D910000F00F7F7BFFD06F0C3B9AE4BD3F87C316B
:10D92000503308930CAEAC4B099308A9AB4B0A9348
:10D930003046FCF7DBFD00238DF81C30DDE90601E5
:10D94000CDE902548DE8030096E80F00F7F7A2FD39
:10D9500006F0A6B99F4BD3F87C31543308930CAE34
:10D960009D4B099308A99D4B0A933046FCF7BEFDD9
:10D9700000238DF81C30DDE90601CDE902548DE865
:10D98000030096E80F00F7F785FD06F089B9914B83
:10D99000D3F87C31483308930CAE8F4B099308A918
:10D9A0008E4B0A933046FCF7A1FD00238DF81C3006
:10D9B000DDE90601CDE902548DE8030096E80F0089
:10D9C000F7F768FD06F06CB9824BD3F87C311C3355
:10D9D00008930CAE824B099308A9824B0A933046F8
:10D9E000FCF784FD00238DF81C30DDE90601CDE94C
:10D9F00002548DE8030096E80F00F7F74BFD06F0A0
:10DA00004FB9744BD3F87C31583308930CAE724B3A
:10DA1000099308A9714B0A933046FCF767FD002370
:10DA20008DF81C30DDE90601CDE902548DE80300D4
:10DA300096E80F00F7F72EFD06F032B9654BD3F8E4
:10DA40007C315C3308930CAE634B099308A9634B9C
:10DA50000A933046FCF74AFD00238DF81C30DDE9BF
:10DA60000601CDE902548DE8030096E80F00F7F7B0
:10DA700011FD06F015B9574BD3F87C31603308938C
:10DA80000CAE594B099308A9584B0A933046FCF742
:10DA900037FD0023CDE901548DF81930BDF8183059
:10DAA000ADF8003096E80F00F7F74AFC06F0F8B83A
:10DAB000484BD3F87C31643308930CAE464B099342
:10DAC00008A9464B0A933046FCF710FD00238DF859
:10DAD0001C30DDE90601CDE902548DE8030096E82B
:10DAE0000F00F7F7D7FC06F0DBB83A4BD3F87C31E0
:10DAF000683308930CAE384B099308A9374B0A9347
:10DB00003046FCF7F3FC00238DF81C30DDE90601FC
:10DB1000CDE902548DE8030096E80F00F7F7BAFC50
:10DB200006F0BEB82B4BD3F87C316C3308930CAEA7
:10DB30002D4B099308A92D4B0A933046FCF7E0FCC6
:10DB40000023CDE901548DF81930BDF81830ADF837
:10DB5000003096E80F00F7F7F3FB06F0A1B81D4B75
:10DB6000D3F87C316D3308930CAE1F4B099308A991
:10DB70001E4B0A933046FCF7C3FC0023CDE9015449
:10DB80008DF81930BDF81830ADF8003096E80F0068
:10DB9000F7F7D6FB06F084B80E4BD3F87C31703320
:10DBA00008930CAE0C4B099308A90C4B0A93304612
:10DBB000FCF79CFC00238DF81C30DDE90601CDE963
:10DBC00002548DE8030096E80F00F7F763FC06F0B7
:10DBD00067B800BF00100020A1420208A942020855
:10DBE0004D50020841500208C5420208C9420208CD
:10DBF000C54BD3F87C31743308930CAEC34B0993F7
:10DC000008A9C34B0A933046FCF770FC00238DF83B
:10DC10001C30DDE90601CDE902548DE8030096E8E9
:10DC20000F00F7F737FC06F03BB8B74BD3F87C3161
:10DC3000783308930CAEB54B099308A9B44B0A93FB
:10DC40003046FCF753FC00238DF81C30DDE906015B
:10DC5000CDE902548DE8030096E80F00F7F71AFCAF
:10DC600006F01EB8A84BD3F87C317C3308930CAE79
:10DC7000A64B099308A9A64B0A933046FCF736FC3D
:10DC800000238DF81C30DDE90601CDE902548DE852
:10DC9000030096E80F00F7F7FDFB06F001B89A4B7A
:10DCA000D3F8243103F563531C330C93994B0D9334
:10DCB000994B0E9301238DF83C300023CDE90114DC
:10DCC0008DF82130BDF82030ADF8003010AB13E9ED
:10DCD0000F00F7F76FFE05F0E3BF8B4BD3F824314D
:10DCE00003F56353203308930CAE884B099308A9BE
:10DCF000874B0A933046FCF7F9FB00238DF81C3064
:10DD0000DDE90601CDE902548DE8030096E80F0035
:10DD1000F7F7C0FB05F0C4BF7B4BD3F82431089361
:10DD20000CAE7E4B099308A97D4B0A933046FCF755
:10DD3000DDFB00238DF81C30DDE90601CDE902543E
:10DD40008DE8030096E80F00F7F7A4FB05F0A8BFE5
:10DD50006D4BD3F8243103F56453183308930CAE9C
:10DD60006A4B099308A96A4B0A933046FCF7BEFB3D
:10DD700000238DF81C30DDE90601CDE902548DE861
:10DD8000030096E80F00F7F785FB05F089BF5E4BAF
:10DD9000D3F8243103F564531C3308930CAE5B4B6A
:10DDA000099308A95A4B0A933046FCF79FFB0023BE
:10DDB0008DF81C30DDE90601CDE902548DE8030041
:10DDC00096E80F00F7F766FB05F06ABF4E4B554922
:10DDD000D3F8240100F5645023460122043010B02A
:10DDE000BDE8F041F7F7E2BA474B4E49D3F82401BA
:10DDF00000F5645023460122083010B0BDE8F04120
:10DE0000F7F7D4BA404B4749D3F8240100F56450E2
:10DE100023460122103010B0BDE8F041F7F7C6BA32
:10DE2000D4E90021384BD3F8243109B18A420AD20F
:10DE300003F54053012093F83D39137023680133F3
:10DE4000236005F02DBF002005F02ABF2E4BD3F82C
:10DE5000243103F564530C3308930CAE2B4B099318
:10DE600008A92B4B0A933046FCF740FB00238DF8A2
:10DE70001C30DDE90601CDE902548DE8030096E887
:10DE80000F00F7F707FB05F00BBF1F4BD3F824314A
:10DE900003F564533E3308930CAE234B099308A952
:10DEA000224B0A933046FCF72BFB0023CDE90154AB
:10DEB0008DF81930BDF81830ADF8003096E80F0035
:10DEC000F7F73EFA05F0ECBE0F4BD3F8243103F51B
:10DED0006453383308930CAE0C4B099308A90C4BD0
:10DEE0000A933046FCF702FB00238DF81C30DDE975
:10DEF0000601CDE902548DE8030096E80F00F7F71C
:10DF0000C9FA05F0CDBE00BF00100020A1420208F2
:10DF1000A9420208594302085D4302083150020831
:10DF20006151020899420208C5420208C94202082A
:10DF3000C04BD3F8243103F562532C3308930CAE55
:10DF4000BD4B099308A9BD4B0A933046FCF7CEFAA6
:10DF500000238DF81C30DDE90601CDE902548DE87F
:10DF6000030096E80F00F7F795FA05F099BEB14B5C
:10DF7000D3F8243103F56253313308930CAEB04B20
:10DF8000099308A9AF4B0A933046FCF7B9FA00236E
:10DF9000CDE901548DF81930BDF81830ADF80030D6
:10DFA00096E80F00F7F7CCF905F07ABEA14BD3F84D
:10DFB000243103F56253333308930CAEA04B09931D
:10DFC00008A9A04B0A933046FCF79AFA0023CDE942
:10DFD00001548DF81930BDF81830ADF8003096E8CE
:10DFE0000F00F7F7ADF905F05BBE924BD3F8243183
:10DFF00003F56253303308930CAE914B099308A993
:10E00000904B0A933046FCF77BFA0023CDE901548C
:10E010008DF81930BDF81830ADF8003096E80F00D3
:10E02000F7F78EF905F03CBE824BD3F8243103F5A7
:10E030006253323308930CAE814B099308A9814B8C
:10E040000A933046FCF75CFA0023CDE901548DF8C1
:10E050001930BDF81830ADF8003096E80F00F7F72A
:10E060006FF905F01DBE734BD3F8243118330C93B0
:10E07000754B0D93754B0E9301238DF83C300023A7
:10E08000CDE901148DF82130BDF82030ADF8003015
:10E0900010AB13E90F00F7F7F5FC05F001BE654B77
:10E0A000D3F8243119330C93694B0D93694B0E93BC
:10E0B00001238DF83C300023CDE901148DF8213087
:10E0C000BDF82030ADF8003010AB13E90F00F7F7C2
:10E0D0000DFD05F0E5BD574BD3F824311C330893F3
:10E0E0000CAE554B099308A9544B0A933046FCF7E4
:10E0F000FDF900238DF81C30DDE90601CDE902545D
:10E100008DE8030096E80F00F7F7C4F905F0C8BDE5
:10E11000484BD3F82431203308930CAE464B099377
:10E1200008A9464B0A933046FCF7E0F900238DF826
:10E130001C30DDE90601CDE902548DE8030096E8C4
:10E140000F00F7F7A7F905F0ABBD3A4BD3F8243130
:10E15000243308930CAE384B099308A9374B0A9324
:10E160003046FCF7C3F900238DF81C30DDE90601C9
:10E17000CDE902548DE8030096E80F00F7F78AF91D
:10E1800005F08EBD2B4BD3F82431303308930CAE01
:10E19000294B099308A9294B0A933046FCF7A6F9A5
:10E1A00000238DF81C30DDE90601CDE902548DE82D
:10E1B000030096E80F00F7F76DF905F071BD1D4BF0
:10E1C000D3F82431283308930CAE1B4B099308A9CC
:10E1D0001A4B0A933046FCF789F900238DF81C305E
:10E1E000DDE90601CDE902548DE8030096E80F0051
:10E1F000F7F750F905F054BD0E4BD3F824312C330A
:10E2000008930CAE0C4B099308A90C4B0A933046AB
:10E21000FCF76CF900238DF81C30DDE90601CDE92F
:10E2200002548DE8030096E80F00F7F733F905F084
:10E2300037BD00BF00100020A1420208A942020819
:10E24000C5420208C94202082150020819500208BA
:10E250006143020865430208C54BD3F824313433C7
:10E2600008930CAEC34B099308A9C34B0A933046DD
:10E27000FCF73CF900238DF81C30DDE90601CDE9FF
:10E2800002548DE8030096E80F00F7F703F905F054
:10E2900007BDB74BD3F82431383308930CAEB54BD8
:10E2A000099308A9B44B0A933046FCF71FF90023E1
:10E2B0008DF81C30DDE90601CDE902548DE803003C
:10E2C00096E80F00F7F7E6F805F0EABCA84BD3F89C
:10E2D00024313C3308930CAEA84B099308A9A84BF2
:10E2E0000A933046FCF70CF90023CDE901548DF870
:10E2F0001930BDF81830ADF8003096E80F00F7F788
:10E300001FF805F0CDBC9A4BD3F824314033089365
:10E310000CAE984B099308A9974B0A933046FCF72B
:10E32000E5F800238DF81C30DDE90601CDE9025443
:10E330008DE8030096E80F00F7F7ACF805F0B0BCE5
:10E340008B4BD3F82431183308930CAE8D4B0993C3
:10E3500008A98D4B0A933046FCF704F900238DF889
:10E360001C30DDE90601CDE902548DE8030096E892
:10E370000F00F6F75DFF05F093BC7D4BD3F8243119
:10E38000503308930CAE7B4B099308A97A4B0A9340
:10E390003046FCF7ABF800238DF81C30DDE90601B0
:10E3A000CDE902548DE8030096E80F00F7F772F804
:10E3B00005F076BC6E4BD3F82431483308930CAE8D
:10E3C0006C4B099308A96C4B0A933046FCF78EF806
:10E3D00000238DF81C30DDE90601CDE902548DE8FB
:10E3E000030096E80F00F7F755F805F059BC604BAD
:10E3F000D3F8243103F56253343308930CAE634BE6
:10E40000099308A9624B0A933046FCF7B5F800233C
:10E41000CDE901548DF81930BDF81830ADF8003051
:10E4200096E80F00F7F72AFA05F03ABC504BD3F8FC
:10E43000243103F56253383308930CAE4D4B0993E6
:10E4400008A94D4B0A933046FCF750F800238DF88D
:10E450001C30DDE90601CDE902548DE8030096E8A1
:10E460000F00F7F717F805F01BBC414BD3F8243128
:10E4700003F562533C3308930CAE3E4B099308A955
:10E480003D4B0A933046FCF731F800238DF81C30E1
:10E49000DDE90601CDE902548DE8030096E80F009E
:10E4A000F6F7F8FF05F0FCBB314BD3F8243103F548
:10E4B000635308930CAE354B099308A9344B0A9368
:10E4C0003046FCF759F80023CDE901548DF8193096
:10E4D000BDF81830ADF8003096E80F00F7F7CEF928
:10E4E00005F0DEBB224BD3F82431183308930CAE71
:10E4F000284B099308A9284B0A933046FBF7F6FFEF
:10E5000000238DF81C30DDE90601CDE902548DE8C9
:10E51000030096E80F00F6F7BDFF05F0C1BB144BF2
:10E520006268D3F824312146586DFBF757FC05F09B
:10E53000B7BB0F4BD3F8243103F56253183308935C
:10E540000CAE0E4B099308A90D4B0A933046FBF70E
:10E55000D7FF0023CDE901548DF81930BDF81830EC
:10E56000ADF8003096E80F00F6F7EAFE05F098BB2C
:10E5700000100020A1420208A9420208C542020878
:10E58000C942020805500208FD4F0208694302080B
:10E590006D430208F14F0208E54F0208D4E900215B
:10E5A000C84BD3F8243109B18A420AD203F540534B
:10E5B000012093F89938137023680133236005F024
:10E5C0006FBB002005F06CBBBE4BD3F8243103F5C4
:10E5D00062531C3308930CAEBB4B099308A9BB4B89
:10E5E0000A933046FBF782FF00238DF81C30DDE9EB
:10E5F0000601CDE902548DE8030096E80F00F6F716
:10E6000049FF05F04DBBAF4BD3F8243103F56253FE
:10E61000203308930CAEAC4B099308A9AB4B0A937B
:10E620003046FBF763FF00238DF81C30DDE906015F
:10E63000CDE902548DE8030096E80F00F6F72AFFB3
:10E6400005F02EBB9F4BA249D3F8240100F5625080
:10E6500023460122243010B0BDE8F041F6F7A6BEF3
:10E66000984BD3F8243103F56253283308930CAE4A
:10E67000984B099308A9984B0A933046FBF740FF43
:10E680000023CDE901548DF81930BDF81830ADF8EC
:10E69000003096E80F00F6F753FE05F001BB894BFA
:10E6A000D3F8243103F56353043308930CAE864B3F
:10E6B000099308A9854B0A933046FBF717FF0023FF
:10E6C0008DF81C30DDE90601CDE902548DE8030028
:10E6D00096E80F00F6F7DEFE05F0E2BA794BD3F8C4
:10E6E000243103F56353083308930CAE764B09933A
:10E6F00008A9764B0A933046FBF7F8FE00238DF805
:10E700001C30DDE90601CDE902548DE8030096E8EE
:10E710000F00F6F7BFFE05F0C3BA6A4BD3F82431F9
:10E7200003F56353103308930CAE674B099308A9A4
:10E73000664B0A933046FBF7D9FE00238DF81C3058
:10E74000DDE90601CDE902548DE8030096E80F00EB
:10E75000F6F7A0FE05F0A4BA5A4BD3F8243103F51E
:10E7600063530C3308930CAE574B099308A9574BCE
:10E770000A933046FBF7BAFE00238DF81C30DDE922
:10E780000601CDE902548DE8030096E80F00F6F784
:10E7900081FE05F085BA4B4BD3F8243103F5645361
:10E7A000283308930CAE484B099308A9474B0A93AA
:10E7B0003046FBF79BFE00238DF81C30DDE9060197
:10E7C000CDE902548DE8030096E80F00F6F762FEEB
:10E7D00005F066BA3B4BD3F8243103F564532C3370
:10E7E00008930CAE384B099308A9384B0A9330466E
:10E7F000FBF77CFE00238DF81C30DDE90601CDE936
:10E8000002548DE8030096E80F00F6F743FE05F08A
:10E8100047BA2C4BD3F8243103F5645330330893B3
:10E820000CAE294B099308A9284B0A933046FBF7F5
:10E830005DFE00238DF81C30DDE90601CDE90254B0
:10E840008DE8030096E80F00F6F724FE05F028BADD
:10E850001C4BD3F8243103F56453343308930CAEC6
:10E86000194B099308A9194B0A933046FBF73EFE52
:10E8700000238DF81C30DDE90601CDE902548DE856
:10E88000030096E80F00F6F705FE05F009BA0D4BF8
:10E890000F49D3F824010122234600F5655010B03A
:10E8A000BDE8F041F6F782BD064B0949D3F82401D3
:10E8B00000F5655023460122043010B0BDE8F04158
:10E8C000F6F774BD00100020A1420208A942020818
:10E8D00099420208C5420208C9420208C04BD3F857
:10E8E000240143680C930121037A8DF820308DF8C0
:10E8F0002110BDF820308DF83410ADF800300195AE
:10E90000DDE90C23F6F7BAF905F0CAB9B44BD3F830
:10E910002431043308930CAEB24B099308A9B24BCF
:10E920000A933046FBF7E2FD00238DF81C30DDE949
:10E930000601CDE902548DE8030096E80F00F6F7D2
:10E94000A9FD05F0ADB9A64BD3F8243108330893DF
:10E950000CAEA64B099308A9A54B0A933046FBF7CA
:10E96000CFFD0023CDE901548DF81930BDF81830E2
:10E97000ADF8003096E80F00F6F7E2FC05F090B92C
:10E98000974BD3F8240103685B689847012005F092
:10E9900087B9934BD3F824010121234600F10C02DF
:10E9A00010B0BDE8F041F6F725BD8D4B9149D3F885
:10E9B0002401012223460C3010B0BDE8F041F6F7E7
:10E9C000F5BC874BD3F82401CDE9011400F1140301
:10E9D0000093012302691946F6F7A2FD05F060B91C
:10E9E0007F4BD3F82431103308930CAE824B09933C
:10E9F00008A9824B0A933046FBF78CFD00238DF863
:10EA00001C30DDE90601CDE902548DE8030096E8EB
:10EA10000F00F6F7FBFC05F043B9714B7549D3F8CD
:10EA2000240101222346143010B0BDE8F041F6F76E
:10EA3000BDBC6B4BD3F8D0308C330C93704B0D9323
:10EA4000704B0E9301238DF83C300023CDE9011467
:10EA50008DF82230089B009310AB13E90F00F6F7F6
:10EA6000E7FD05F01DB95E4BD3F8D010D4E90032B4
:10EA70000AB1934208D291F88F201A7023680133AB
:10EA80002360012005F00CB9002005F009B9544BB2
:10EA9000D3F8D010D4E900320AB1934208D291F8E9
:10EAA0008E201A70236801332360012005F0F8B826
:10EAB000002005F0F5B84A4B6268D3F8D030214603
:10EAC000D3F89000FBF770F905F0EAB8444B6268A0
:10EAD000D3F8D0302146D3F89400FBF765F905F060
:10EAE000DFB83F4B4349D3F8D0000122234698308A
:10EAF00010B0BDE8F041F6F759BC39484249D0F8AA
:10EB0000D0002346012210B0BDE8F041F6F74EBC1C
:10EB100033483E49D0F8D0002346012210B0BDE86A
:10EB2000F041F6F743BC2E4B3249D3F8D000012216
:10EB30002346AC3010B0BDE8F041F6F737BC2848AA
:10EB40003349D0F8D0002346012210B0BDE8F0418F
:10EB5000F6F72CBC224B2749D3F8D00001222346DC
:10EB6000B03010B0BDE8F041F6F720BC1C4B214995
:10EB7000D3F8D00001222346B43010B0BDE8F041F4
:10EB8000F6F714BC164BD3F8D030214693F8F200B8
:10EB9000F7F7BAF805F084B811481E49D0F8D0004C
:10EBA0002346012210B0BDE8F041F6F7FFBB0C4B45
:10EBB0001049D3F8D00001222346B83010B0BDE888
:10EBC000F041F6F7F3BB064B0A49D3F8D000012217
:10EBD0002346C43010B0BDE8F041F6F7E7BB00BFF4
:10EBE00000100020A1420208A9420208C542020802
:10EBF000C942020899420208CD420208D1420208E5
:10EC00007143020875430208D14F0208C54F02083C
:10EC1000B94F0208AD4F0208BF4BD3F8D030C8330C
:10EC200008930CAEBD4B099308A9BD4B0A9330461F
:10EC3000FBF798FC00238DF81C30DDE90601CDE9D7
:10EC400002548DE8030096E80F00F6F7F1FA05F09C
:10EC500027B8B14BB349D3F8D00001222346CC30BA
:10EC600010B0BDE8F041F6F7A1BBAB4BD3F8D03004
:10EC700034330C93AC4B0D93AC4B0E9301238DF8B6
:10EC80003C300023CDE901148DF82230089B00931D
:10EC900010AB13E90F00F6F71BFD05F001B89E4B12
:10ECA000D3F8D030343308930CAEA14B099308A9A4
:10ECB000A04B0A933046FBF723FC0023CDE9015417
:10ECC0008DF81930BDF81830ADF8003096E80F0017
:10ECD000F6F736FB04F0E4BF8F4BD3F8D030543353
:10ECE00008930CAE944B099308A9944B0A933046B1
:10ECF000FBF7FCFB00238DF81C30DDE90601CDE9B4
:10ED000002548DE8030096E80F00F6F7C3FB04F009
:10ED1000C7BF814BD3F8D030603308930CAE884B1B
:10ED2000099308A9874B0A933046FBF7E9FB0023B8
:10ED3000CDE901548DF81930BDF81830ADF8003028
:10ED400096E80F00F6F7FCFA04F0AABF724BD3F86E
:10ED5000D030343308930CAE7B4B099308A97B4B1E
:10ED60000A933046FBF7CCFB0023CDE901548DF824
:10ED70001930BDF81830ADF8003096E80F00F6F7FE
:10ED8000DFFA04F08DBF644BD3F8D03034330893EE
:10ED90000CAE6F4B099308A96E4B0A933046FBF7F4
:10EDA000D7FB0023CDE901548DF81A30069B009360
:10EDB00096E80F00F6F7ECFB04F072BF564BD3F861
:10EDC000D030503308930CAE544B099308A9544BE0
:10EDD0000A933046FBF7C6FB00238DF81C30DDE9B3
:10EDE0000601CDE902548DE8030096E80F00F6F71E
:10EDF0001FFA04F055BF484BD3F8D030483308937E
:10EE00000CAE464B099308A9454B0A933046FBF7D5
:10EE1000A9FB00238DF81C30DDE90601CDE9025481
:10EE20008DE8030096E80F00F6F702FA04F038BF09
:10EE3000394BD3F8D0304C3308930CAE3E4B09938A
:10EE400008A93E4B0A933046FBF750FB00238DF890
:10EE50001C30DDE90601CDE902548DE8030096E897
:10EE60000F00F6F717FB04F01BBF2B4BD3F8D03085
:10EE70005C3308930CAE294B099308A9284B0A93DD
:10EE80003046FBF76FFB00238DF81C30DDE90601EF
:10EE9000CDE902548DE8030096E80F00F6F7C8F9B3
:10EEA00004F0FEBE1C4BD3F8D030343308930CAEC4
:10EEB000294B099308A9294B0A933046FBF720FBFD
:10EEC0000023CDE901548DF81930BDF81830ADF8A4
:10EED000003096E80F00F6F733FA04F0E1BE0E4B6F
:10EEE000D3F8D030613308930CAE154B099308A9C1
:10EEF000144B0A933046FBF703FB0023CDE9015482
:10EF00008DF81930BDF81830ADF8003096E80F00D4
:10EF1000F6F716FA04F0C4BE0010002049430208B8
:10EF20004D43020899420208794302087D430208D2
:10EF3000A14F0208954F0208A1420208A942020807
:10EF4000C5420208C9420208854F0208794F0208EB
:10EF5000694F02085D4F02084D4F0208414F0208F9
:10EF6000B74BD3F8D030343308930CAEB54B09937C
:10EF700008A9B54B0A933046FBF7B8FA00238DF881
:10EF80001C30DDE90601CDE902548DE8030096E866
:10EF90000F00F6F77FFA04F083BEA94BD3F8D03008
:10EFA000383308930CAEA94B099308A9A84B0A93D0
:10EFB0003046FBF79BFA00238DF81C30DDE9060193
:10EFC000CDE902548DE8030096E80F00F6F762FAE7
:10EFD00004F066BE9A4BD3F8D0303C3308930CAEA5
:10EFE0009A4B099308A99A4B0A933046FBF77EFA8D
:10EFF00000238DF81C30DDE90601CDE902548DE8CF
:10F00000030096E80F00F6F745FA04F049BE8C4B72
:10F01000D3F8D030403308930CAE8C4B099308A939
:10F020008B4B0A933046FBF761FA00238DF81C30B6
:10F03000DDE90601CDE902548DE8030096E80F00F2
:10F04000F6F728FA04F02CBE7D4BD3F8D0306333AA
:10F0500008930CAE7F4B099308A97F4B0A93304667
:10F06000FBF74EFA0023CDE901548DF81930BDF8B5
:10F070001830ADF8003096E80F00F6F761F904F0AB
:10F080000FBE6F4BD3F8D030643308930CAE734B84
:10F09000099308A9724B0A933046FBF76DFA0023D7
:10F0A000CDE901548DF81930BDF81830ADF80030B5
:10F0B00096E80F00F6F7E2FB04F0F2BD604BD3F8E0
:10F0C000D030653308930CAE624B099308A9624BAC
:10F0D0000A933046FBF714FA0023CDE901548DF86A
:10F0E0001930BDF81830ADF8003096E80F00F6F78B
:10F0F00027F904F0D5BD524BD3F8D03082330893B2
:10F100000CAE584B099308A9574B0A933046FBF7AE
:10F110001FFA0023CDE901548DF81A30069B0093A5
:10F1200096E80F00F6F734FA04F0BABD444BD3F872
:10F13000D030843308930CAE4A4B099308A94A4B4C
:10F140000A933046FBF704FA0023CDE901548DF809
:10F150001A30069B009396E80F00F6F719FA04F0B0
:10F160009FBD374BD3F8D000036841681B689847B0
:10F17000012004F095BD324BD3F8D030043308930E
:10F180000CAE3A4B099308A9394B0A933046FBF76A
:10F19000E9F900238DF81C30DDE90601CDE90254C0
:10F1A0008DE8030096E80F00F6F742F804F078BD0A
:10F1B000304931482346012210B0BDE8F041F6F74E
:10F1C000F5B82E492E482346012210B0BDE8F04183
:10F1D000F6F7ECB827492B482346012210B0BDE8CA
:10F1E000F041F6F7E3B8284925482346012210B03C
:10F1F000BDE8F041F6F7DAB8244921482346012258
:10F2000010B0BDE8F041F6F7D1B8214B08930CAE31
:10F210000E4B099308A90E4B0A933046FBF766F98B
:10F2200000238DF81C30DDE90601CDE902548DE89C
:10F23000030096E80F00F6F72DF904F031BD00BF8A
:10F2400000100020314F0208254F0208A142020899
:10F25000A9420208C5420208C942020869430208DD
:10F260006D430208814302088543020849430208AE
:10F270004D4302089942020800110020154F020870
:10F28000D410002004110020094F0208FD4E02088E
:10F29000D8100020BC4BD3F8203110330C93BB4B5B
:10F2A0000D93BB4B0E9301238DF83C300023CDE929
:10F2B00001148DF82130BDF82030ADF8003010ABCE
:10F2C00013E90F00F6F746FC04F0EABCAE48B1497A
:10F2D000D0F820012346012210B0BDE8F041F6F736
:10F2E00065B8A94BAC49D3F820010122234614305C
:10F2F00010B0BDE8F041F6F759B8A348A749D0F8D7
:10F3000020012346012210B0BDE8F041F6F74EB8C7
:10F310009D48A349D0F820012346012210B0BDE842
:10F32000F041F6F743B8984BD3F8203104330893F3
:10F330000CAE9C4B099308A99B4B0A933046FBF7F4
:10F34000D5F800238DF81C30DDE90601CDE9025423
:10F350008DE8030096E80F00F6F79CF804F0A0BCD7
:10F36000894BD3F82031083308930CAE8D4B0993A9
:10F3700008A98D4B0A933046FBF7B8F800238DF8A7
:10F380001C30DDE90601CDE902548DE8030096E862
:10F390000F00F6F77FF804F083BC7B4BD3F82031E5
:10F3A0000C3308930CAE7F4B099308A97E4B0A934C
:10F3B0003046FBF79BF800238DF81C30DDE9060191
:10F3C000CDE902548DE8030096E80F00F6F762F8E5
:10F3D00004F066BC6C4BD3F88031043308930CAE58
:10F3E000704B099308A9704B0A933046FBF77EF8DF
:10F3F00000238DF81C30DDE90601CDE902548DE8CB
:10F40000030096E80F00F6F745F804F049BC5E4BA0
:10F41000D3F88031083308930CAE624B099308A9E6
:10F42000614B0A933046FBF761F800238DF81C30DE
:10F43000DDE90601CDE902548DE8030096E80F00EE
:10F44000F6F728F804F02CBC4F4BD3F880310C337E
:10F4500008930CAE534B099308A9534B0A933046BB
:10F46000FBF744F800238DF81C30DDE90601CDE9F7
:10F4700002548DE8030096E80F00F6F70BF804F04D
:10F480000FBC414BD3F88411D4E900320AB1934246
:10F4900007D20A7D1A70236801332360012004F02B
:10F4A000FFBB002004F0FCBB374BD3F8843108933A
:10F4B0000CAE3E4B099308A93D4B0A933046FBF72F
:10F4C00047F80023CDE901548DF81A30069B0093CC
:10F4D00096E80F00F6F75CF804F0E2BB2A4BD3F88D
:10F4E000843108930CAE334B099308A9324B0A932D
:10F4F0003046FBF705F80023CDE901548DF81930AB
:10F50000BDF81830ADF8003096E80F00F5F718FF99
:10F5100004F0C6BB1C4BD3F8843108930CAE214BCE
:10F52000099308A9204B0A933046FAF7DFFF00231E
:10F530008DF81C30DDE90601CDE902548DE80300A9
:10F5400096E80F00F5F7A6FF04F0AABB0E4BD3F820
:10F5500084310B3308930CAE184B099308A9184B50
:10F560000A933046FAF7CCFF0023CDE901548DF819
:10F570001930BDF81830ADF8003096E80F00F5F7F7
:10F58000DFFE04F08DBB00BF00100020894302089D
:10F590008D430208F14E020899420208E54E020826
:10F5A000D94E0208A1420208A9420208CD4E020823
:10F5B000C54E0208B94E0208B14E0208C542020803
:10F5C000C9420208BF4BD3F8843108930CAEBE4B3E
:10F5D000099308A9BD4B0A933046FAF79BFF002315
:10F5E0008DF81C30DDE90601CDE902548DE80300F9
:10F5F00096E80F00F5F70AFF04F052BBB14BD3F8C1
:10F600008811D4E900320AB1934207D20A7D1A70F8
:10F61000236801332360012004F042BB002004F082
:10F620003FBBA84BD3F8883108930CAEA84B099385
:10F6300008A9A84B0A933046FAF78AFF0023CDE9C0
:10F6400001548DF81A30069B009396E80F00F5F7E9
:10F650009FFF04F025BB9B4BD3F8883108930CAE79
:10F660009D4B099308A99D4B0A933046FAF748FF32
:10F670000023CDE901548DF81930BDF81830ADF8EC
:10F68000003096E80F00F5F75BFE04F009BB8D4BE8
:10F69000D3F8883108930CAE914B099308A9914B8C
:10F6A0000A933046FAF722FF00238DF81C30DDE97B
:10F6B0000601CDE902548DE8030096E80F00F5F746
:10F6C000E9FE04F0EDBA7F4BD3F888310B33089391
:10F6D0000CAE854B099308A9844B0A933046FAF780
:10F6E0000FFF0023CDE901548DF81930BDF8183013
:10F6F000ADF8003096E80F00F5F722FE04F0D0BA1E
:10F70000704BD3F8883108930CAE6F4B099308A95E
:10F710006E4B0A933046FAF7FDFE00238DF81C303D
:10F72000DDE90601CDE902548DE8030096E80F00FB
:10F73000F5F76CFE04F0B4BA624BD3F88C310433A5
:10F7400008930CAE6A4B099308A96A4B0A9330469A
:10F75000FAF7FEFE0023CDE901548DF81A30069B1E
:10F76000009396E80F00F5F713FF04F099BA554B94
:10F77000D3F88C31063308930CAE5B4B099308A980
:10F780005A4B0A933046FAF7BBFE0023CDE90154E9
:10F790008DF81930BDF81830ADF8003096E80F003C
:10F7A000F5F7CEFD04F07CBA464BD3F88C01036824
:10F7B0001B689847012004F073BA424BD3F88C01C0
:10F7C00003685B689847012004F06ABA3D4B6268A1
:10F7D000D3F890012146FAF701FB04F061BA394BE6
:10F7E0006268D3F894012146FAF7F8FA04F058BA9F
:10F7F000344B6268D3F898012146FAF7EFFA04F027
:10F800004FBA3D4B08930CAE3C4B099308A93C4BB7
:10F810000A933046FAF77EFE00238DF81C30DDE9AE
:10F820000601CDE902548DE8030096E80F00F5F7D4
:10F83000EDFD04F035BA234B6268D3F8A0012146F0
:10F84000FAF7CCFA04F02CBA1E4B6268D3F8A40184
:10F850002146FAF7C3FA04F023BA1A4B6268D3F8C8
:10F86000A8012146FAF7BAFA04F01ABA254B089310
:10F870000CAE224B099308A9214B0A933046FAF7A4
:10F8800049FE00238DF81C30DDE90601CDE9025464
:10F890008DE8030096E80F00F5F7B8FD04F000BA14
:10F8A000084B6268D3F8B0012146FAF797FA04F0E2
:10F8B000F7B9044B6268D3F8B4012146FAF78EFA1F
:10F8C00004F0EEB900100020A54E02089D4E02087B
:10F8D000CD4E0208C54E0208B94E0208B14E0208CC
:10F8E000A1420208A9420208C5420208C942020810
:10F8F000914E0208894E02089C110020CD42020858
:10F90000D1420208AC110020BD4B6268D3F8B801A7
:10F910002146FAF763FA04F0C3B9BA4B08930CAE68
:10F92000B94B099308A9B94B0A933046FAF7F2FD8F
:10F9300000238DF81C30DDE90601CDE902548DE885
:10F94000030096E80F00F5F761FD04F0A9B9AC4B90
:10F950006268D3F8C0012146FAF740FA04F0A0B972
:10F96000A74B6268D3F8C4012146FAF737FA04F0CE
:10F9700097B9A34B6268D3F8C8012146FAF72EFA6B
:10F9800004F08EB9A24B08930CAE9F4B099308A9C3
:10F990009E4B0A933046FAF7BDFD00238DF81C30CC
:10F9A000DDE90601CDE902548DE8030096E80F0079
:10F9B000F5F72CFD04F074B9914B6268D3F8D001CF
:10F9C0002146FAF70BFA04F06BB98D4B6268D3F855
:10F9D000D4012146FAF702FA04F062B9884B626852
:10F9E000D3F8D8012146FAF7F9F904F059B9894B4F
:10F9F00008930CAE844B099308A9844B0A933046B4
:10FA0000FAF788FD00238DF81C30DDE90601CDE909
:10FA100002548DE8030096E80F00F5F7F7FC04F0B8
:10FA20003FB9774B6268D3F8E0012146FAF7D6F97F
:10FA300004F036B9724B6268D3F8E4012146FAF754
:10FA4000CDF904F02DB96E4B6268D3F8E801214678
:10FA5000FAF7C4F904F024B96F4B08930CAE6A4B63
:10FA6000099308A9694B0A933046FAF753FD00231E
:10FA70008DF81C30DDE90601CDE902548DE8030064
:10FA800096E80F00F5F7C2FC04F00AB95C4B626817
:10FA9000D3F8F0012146FAF7A1F904F001B9584B67
:10FAA0006268D3F8F4012146FAF798F904F0F8B83F
:10FAB000534B6268D3F8F8012146FAF78FF904F046
:10FAC000EFB8564B08930CAE4F4B099308A94F4B18
:10FAD0000A933046FAF71EFD00238DF81C30DDE94D
:10FAE0000601CDE902548DE8030096E80F00F5F712
:10FAF0008DFC04F0D5B8424B6268D3F80002214671
:10FB0000FAF76CF904F0CCB83D4B6268D3F8040204
:10FB10002146FAF763F904F0C3B8394B6268D3F8A9
:10FB200008022146FAF75AF904F0BAB83C4B089398
:10FB30000CAE354B099308A9344B0A933046FAF7BB
:10FB4000E9FC00238DF81C30DDE90601CDE9025403
:10FB50008DE8030096E80F00F5F758FC04F0A0B814
:10FB6000274B6268D3F810022146FAF737F904F000
:10FB700097B8234B6268D3F814022146FAF72EF99E
:10FB800004F08EB81E4B6268D3F818022146FAF7CB
:10FB900025F904F085B8234B08930CAE1A4B099352
:10FBA00008A91A4B0A933046FAF7B4FC00238DF8E3
:10FBB0001C30DDE90601CDE902548DE8030096E82A
:10FBC0000F00F5F723FC04F06BB80D4B6268D3F817
:10FBD00020022146FAF702F904F062B8084B626885
:10FBE000D3F824022146FAF7F9F804F059B8044B87
:10FBF0006268D3F828022146FAF7F0F804F050B80A
:10FC000000100020BC110020CD420208D1420208A1
:10FC1000CC110020DC110020EC110020FC11002090
:10FC20000C1200201C120020BC4B08930CAEBC4BE5
:10FC3000099308A9BB4B0A933046FAF76BFC0023E3
:10FC40008DF81C30DDE90601CDE902548DE8030092
:10FC500096E80F00F5F7DAFB04F022B8B24B6268C1
:10FC6000D3F830022146FAF7B9F804F019B8AE4BD0
:10FC70006268D3F834022146FAF7B0F804F010B8FD
:10FC8000A94B6268D3F838022146FAF7A7F804F0C6
:10FC900007B8A64B08930CAEA14B099308A9A14B3A
:10FCA0000A933046FAF736FC00238DF81C30DDE964
:10FCB0000601CDE902548DE8030096E80F00F5F740
:10FCC000A5FB03F0EDBF984B6268D3F840022146D4
:10FCD000FAF784F803F0E4BF934B6268D3F8440268
:10FCE0002146FAF77BF803F0DBBF8F4B6268D3F84D
:10FCF00048022146FAF772F803F0D2BF8C4B089302
:10FD00000CAE874B099308A9864B0A933046FAF745
:10FD100001FC00238DF81C30DDE90601CDE9025419
:10FD20008DE8030096E80F00F5F770FB03F0B8BF0D
:10FD30007D4B6268D3F850022146FAF74FF803F082
:10FD4000AFBF794B6268D3F854022146FAF746F800
:10FD500003F0A6BF744B6268D3F858022146FAF745
:10FD60003DF803F09DBF734B08930CAE6C4B0993A9
:10FD700008A96C4B0A933046FAF7CCFB00238DF8A8
:10FD80001C30DDE90601CDE902548DE8030096E858
:10FD90000F00F5F73BFB03F083BF6348EAF77CF9FC
:10FDA000012003F07DBF644B0C93644B0D93644BB7
:10FDB0000E9301238DF83C3000238DF82430CDE9DB
:10FDC0000214DDE908018DE8030010AB13E90F0010
:10FDD000F5F772FA03F064BFD4E900320AB1934236
:10FDE00009D2514A92F848251A70236801332360DA
:10FDF000012003F055BF002003F052BF4A4B626858
:10FE0000D3F858052146F9F7E9FF03F049BF464BFF
:10FE10006568D3F850C5D3F85465002327680DB141
:10FE2000AF4217D2C3F12000B3F120012CFA03F244
:10FE300006FA00F042EA00025CBF46FA01F10A430A
:10FE40003A70226808330132402B2260E6D101204B
:10FE500003F026BF002003F023BF334BD3F87815FF
:10FE6000D4E900320AB1934207D20A781A702368A3
:10FE700001332360012003F013BF002003F010BF03
:10FE8000304B0C93304B0D93304B0E9301238DF878
:10FE90003C300023CDE901148DF82130BDF820302D
:10FEA000ADF8003010AB13E90F00F5F71BFD03F0C0
:10FEB000F7BE274B08930CAE264B099308A9264B97
:10FEC0000A933046FAF71CFB0023CDE901548DF864
:10FED0001930BDF81830ADF8003096E80F00F5F78E
:10FEE0002FFA03F0DDBE1D4B08930CAE194B09939E
:10FEF00008A9194B0A933046FAF702FB0023CDE913
:10FF000001548DF81930BDF81830ADF8003096E87E
:10FF10000F00F5F715FA03F0C3BE00BF2C12002046
:10FF2000CD420208D1420208001000203C120020FD
:10FF30004C1200205C120020441500201D430208D2
:10FF4000214302086C1500203143020835430208A2
:10FF50007C150020C5420208C9420208E8120020B0
:10FF6000B34B08930CAEB34B099308A9B24B0A9359
:10FF70003046FAF7C5FA0023CDE901548DF819305F
:10FF8000BDF81830ADF8003096E80F00F5F7D8F955
:10FF900003F086BEA94B08930CAEA64B099308A9A3
:10FFA000A54B0A933046FAF7ABFA0023CDE901548A
:10FFB0008DF81930BDF81830ADF8003096E80F0014
:10FFC000F5F7BEF903F06CBE9D4B08930CAE994B50
:10FFD000099308A9984B0A933046FAF791FA00233F
:10FFE000CDE901548DF81930BDF81830ADF8003066
:10FFF00096E80F00F5F7A4F903F052BE914B089371
:020000040803EF
:100000000CAE8C4B099308A98B4B0A933046FAF738
:1000100077FA0023CDE901548DF81930BDF8183076
:10002000ADF8003096E80F00F5F78AF903F038BE16
:10003000854B08930CAE7F4B099308A97E4B0A931E
:100040003046FAF75DFA0023CDE901548DF81930F6
:10005000BDF81830ADF8003096E80F00F5F770F9EC
:1000600003F01EBE794B08930CAE724B099308A99E
:10007000714B0A933046FAF743FA0023CDE9015455
:100080008DF81930BDF81830ADF8003096E80F0043
:10009000F5F756F903F004BE6D4B08930CAE654BB3
:1000A000099308A9644B0A933046FAF729FA00230A
:1000B000CDE901548DF81930BDF81830ADF8003095
:1000C00096E80F00F5F73CF903F0EABD614B0893A1
:1000D0000CAE614B099308A9604B0A933046FAF7BE
:1000E00005FA00238DF81C30DDE90601CDE9025444
:1000F0008DE8030096E80F00F5F7CCF903F0D0BDCA
:10010000574B08930CAE4B4B099308A94A4B0A93E3
:100110003046FAF7F5F90023CDE901548DF819308E
:10012000BDF81830ADF8003096E80F00F5F708F983
:1001300003F0B6BD4B4B08930CAE4B4B099308A98B
:100140004A4B0A933046FAF703FA0023CDE90154EB
:100150008DF81A30069B009396E80F00F5F718FA11
:1001600003F09EBD3F4B08930CAE414B099308A989
:10017000404B0A933046FAF7EBF90023CDE90154DE
:100180008DF81A30069B009396E80F00F5F700FAF9
:1001900003F086BD384B08930CAE2F4B099308A98A
:1001A0002E4B0A933046FAF7A1F900238DF81C3044
:1001B000DDE90601CDE902548DE8030096E80F0061
:1001C000F5F768F903F06CBD2C4B08930CAE224B8D
:1001D000099308A9214B0A933046FAF787F90023BF
:1001E0008DF81C30DDE90601CDE902548DE80300ED
:1001F00096E80F00F5F74EF903F052BD204B089337
:100200000CAE154B099308A9144B0A933046FAF724
:100210006DF900238DF81C30DDE90601CDE90254AB
:100220008DE8030096E80F00F5F734F903F038BDC8
:10023000E9120020C5420208C9420208EA12002061
:10024000EB120020EC120020ED120020EE12002034
:10025000EF120020F0120020A1420208A942020879
:10026000F4120020E812002009510208015102088E
:10027000F1500208E9500208FC120020001300208F
:1002800004130020B54B08930CAEB54B099308A995
:10029000B44B0A933046FAF729F900238DF81C3045
:1002A000DDE90601CDE902548DE8030096E80F0070
:1002B000F5F7F0F803F0F4BCAB4B08930CAEA84B89
:1002C000099308A9A74B0A933046FAF70FF90023C0
:1002D0008DF81C30DDE90601CDE902548DE80300FC
:1002E00096E80F00F5F7D6F803F0DABC9F4B0893B9
:1002F0000CAE9B4B099308A99A4B0A933046FAF728
:10030000F5F800238DF81C30DDE90601CDE9025433
:100310008DE8030096E80F00F5F7BCF803F0C0BCC9
:10032000934B08930CAE8E4B099308A98D4B0A93FF
:100330003046FAF7DBF800238DF81C30DDE90601C2
:10034000CDE902548DE8030096E80F00F5F7A2F816
:1003500003F0A6BC874B08930CAE814B099308A908
:10036000804B0A933046FAF7C1F800238DF81C3011
:10037000DDE90601CDE902548DE8030096E80F009F
:10038000F5F788F803F08CBC7B4B08930CAE744BEC
:10039000099308A9734B0A933046FAF7A7F800238C
:1003A0008DF81C30DDE90601CDE902548DE803002B
:1003B00096E80F00F5F76EF803F072BC6F4B0893E8
:1003C0000CAE674B099308A9664B0A933046FAF7BF
:1003D0008DF800238DF81C30DDE90601CDE90254CB
:1003E0008DE8030096E80F00F5F754F803F058BCC9
:1003F000634B08930CAE5A4B099308A9594B0A93C7
:100400003046FAF773F800238DF81C30DDE9060159
:10041000CDE902548DE8030096E80F00F5F73AF8AD
:1004200003F03EBC574B08930CAE574B099308A9F9
:10043000564B0A933046FAF763F80023CDE901548E
:100440008DF81930BDF81830ADF8003096E80F007F
:10045000F4F776FF03F024BC4D4B08930CAE4A4BE7
:10046000099308A9494B0A933046FAF749F8002343
:10047000CDE901548DF81930BDF81830ADF80030D1
:1004800096E80F00F4F75CFF03F00ABC414B0893B9
:100490000CAE3D4B099308A93C4B0A933046FAF742
:1004A0002FF80023CDE901548DF81930BDF818302C
:1004B000ADF8003096E80F00F4F742FF03F0F0BB10
:1004C000354B08930CAE304B099308A92F4B0A9378
:1004D0003046FAF715F80023CDE901548DF81930AC
:1004E000BDF81830ADF8003096E80F00F4F728FF9B
:1004F00003F0D6BB294B08930CAE194B099308A9FE
:10050000184B0A933046F9F7F1FF00238DF81C30A1
:10051000DDE90601CDE902548DE8030096E80F00FD
:10052000F4F7B8FF03F0BCBB1D4B08930CAE0C4BAB
:10053000099308A90B4B0A933046F9F7D7FF00231C
:100540008DF81C30DDE90601CDE902548DE8030089
:1005500096E80F00F4F79EFF03F0A2BB08130020FB
:10056000A1420208A94202080C1300202413002013
:10057000281300202C1300203013002034130020F7
:10058000381300203C130020C5420208C94202086B
:100590003D1300203E1300203F1300204013002095
:1005A00044130020B54B08930CAEB54B099308A932
:1005B000B44B0A933046F9F799FF00238DF81C30AD
:1005C000DDE90601CDE902548DE8030096E80F004D
:1005D000F4F760FF03F064BBAB4B08930CAEA84B81
:1005E000099308A9A74B0A933046F9F77FFF002328
:1005F0008DF81C30DDE90601CDE902548DE80300D9
:1006000096E80F00F4F746FF03F04ABB9F4B0893B0
:100610000CAE9B4B099308A99A4B0A933046F9F705
:1006200065FF00238DF81C30DDE90601CDE9025499
:100630008DE8030096E80F00F4F72CFF03F030BBC1
:10064000934B08930CAE8E4B099308A98D4B0A93DC
:100650003046F9F74BFF00238DF81C30DDE9060129
:10066000CDE902548DE8030096E80F00F4F712FF7D
:1006700003F016BB874B08930CAE814B099308A976
:10068000804B0A933046F9F731FF00238DF81C3078
:10069000DDE90601CDE902548DE8030096E80F007C
:1006A000F4F7F8FE03F0FCBA7B4B08930CAE744BE6
:1006B000099308A9734B0A933046F9F717FF0023F3
:1006C0008DF81C30DDE90601CDE902548DE8030008
:1006D00096E80F00F4F7DEFE03F0E2BA6F4B0893E2
:1006E0000CAE674B099308A9664B0A933046F9F79D
:1006F000FDFE00238DF81C30DDE90601CDE9025432
:100700008DE8030096E80F00F4F7C4FE03F0C8BAC2
:10071000634B08930CAE634B099308A9624B0A9391
:100720003046F9F7EDFE0023CDE901548DF819307C
:10073000BDF81830ADF8003096E80F00F4F700FE71
:1007400003F0AEBA594B08930CAE564B099308A967
:10075000554B0A933046F9F7D3FE0023CDE90154F7
:100760008DF81930BDF81830ADF8003096E80F005C
:10077000F4F7E6FD03F094BA4D4B08930CAE494BE9
:10078000099308A9484B0A933046F9F7B9FE0023AC
:10079000CDE901548DF81930BDF81830ADF80030AE
:1007A00096E80F00F4F7CCFD03F07ABA414B0893BA
:1007B0000CAE3C4B099308A93B4B0A933046F9F722
:1007C0009FFE0023CDE901548DF81930BDF8183093
:1007D000ADF8003096E80F00F4F7B2FD03F060BA10
:1007E000354B08930CAE264B099308A9254B0A9369
:1007F0003046F9F77BFE00238DF81C30DDE9060159
:10080000CDE902548DE8030096E80F00F4F742FEAC
:1008100003F046BA294B08930CAE194B099308A96B
:10082000184B0A933046F9F761FE00238DF81C300F
:10083000DDE90601CDE902548DE8030096E80F00DA
:10084000F4F728FE03F02CBA1D4B08930CAE0C4BAA
:10085000099308A90B4B0A933046F9F747FE00238A
:100860008DF81C30DDE90601CDE902548DE8030066
:1008700096E80F00F4F70EFE03F012BA48130020BA
:10088000A1420208A94202084C1300205013002084
:1008900054130020581300205C1300206013002024
:1008A00064130020C5420208C942020865130020F3
:1008B0006613002067130020681300206C130020CB
:1008C00070130020C04B08930CAEC04B099308A9CD
:1008D000BF4B0A933046F9F71DFE00238DF81C30FC
:1008E000DDE90601CDE902548DE8030096E80F002A
:1008F000F4F78CFD03F0D4B9B64B08930CAEB64BAD
:10090000099308A9B54B0A933046F9F7F9FD00237E
:10091000CDE901548DF81930BDF81830ADF800302C
:1009200096E80F00F4F70CFD03F0BAB9AC4B08934E
:100930000CAEA64B099308A9A54B0A933046F9F7CC
:10094000E9FD00238DF81C30DDE90601CDE90254F4
:100950008DE8030096E80F00F4F758FD03F0A0B906
:10096000A04B08930CAE994B099308A9984B0A9396
:100970003046F9F7CFFD00238DF81C30DDE9060184
:10098000CDE902548DE8030096E80F00F4F73EFD30
:1009900003F086B9944B08930CAE8C4B099308A9CD
:1009A0008B4B0A933046F9F7B5FD00238DF81C30C8
:1009B000DDE90601CDE902548DE8030096E80F0059
:1009C000F4F724FD03F06CB9884B08930CAE7F4B11
:1009D000099308A97E4B0A933046F9F79BFD002343
:1009E0008DF81C30DDE90601CDE902548DE80300E5
:1009F00096E80F00F4F70AFD03F052B97C4B089318
:100A00000CAE724B099308A9714B0A933046F9F763
:100A100081FD00238DF81C30DDE90601CDE902548B
:100A20008DE8030096E80F00F4F7F0FC03F038B906
:100A3000704B08930CAE654B099308A9644B0A935D
:100A40003046F9F767FD00238DF81C30DDE906011B
:100A5000CDE902548DE8030096E80F00F4F7D6FCC8
:100A600003F01EB9644B08930CAE584B099308A9C8
:100A7000574B0A933046F9F74DFD00238DF81C3093
:100A8000DDE90601CDE902548DE8030096E80F0088
:100A9000F4F7BCFC03F004B9584B08930CAE4B4B75
:100AA000099308A94A4B0A933046F9F733FD00230E
:100AB0008DF81C30DDE90601CDE902548DE8030014
:100AC00096E80F00F4F7A2FC03F0EAB84C4B089349
:100AD0000CAE3E4B099308A93D4B0A933046F9F7FB
:100AE00019FD00238DF81C30DDE90601CDE9025423
:100AF0008DE8030096E80F00F4F788FC03F0D0B807
:100B0000404B08930CAE314B099308A9304B0A9324
:100B10003046F9F7FFFC00238DF81C30DDE90601B3
:100B2000CDE902548DE8030096E80F00F4F76EFC5F
:100B300003F0B6B8344BD3F85434983308930CAE62
:100B4000324B099308A9324B0A933046F9F7CEFC91
:100B500000238DF81C30DDE90601CDE902548DE853
:100B6000030096E80F00F4F795FC03F099B8264BC4
:100B7000D3F8543490330C93264B0D93264B0E939D
:100B8000CDE9041401238DF83C3000238DF8283082
:100B900008AB0FCB8DE80F0010AB13E90F00F4F793
:100BA000E7FA03F07DB8184BD3F85414D4E90032B7
:100BB0000AB1934232D291F89C201A702368013313
:100BC0002360012003F06CB874130020CD420208AA
:100BD000D142020878130020C5420208C942020827
:100BE0007C13002080130020841300208813002031
:100BF0008C130020901300209413002098130020E1
:100C00009C130020A013002000100020A142020825
:100C1000A94202083943020841430208002003F0B8
:100C20003FB8B64BD3F85414D4E900320AB193421A
:100C300008D291F89E201A702368013323600120A6
:100C400003F02EB8002003F02BB8AC48AC49D0F824
:100C500054042346012210B0BDE8F041F4F7A6BBCE
:100C6000A648A849D0F854042346012210B0BDE894
:100C7000F041F4F79BBBA148A349D0F854042346A4
:100C8000012210B0BDE8F041F4F790BB9B4BD3F8C4
:100C90005434B03308930CAE9C4B099308A99C4B79
:100CA0000A933046F9F722FC00238DF81C30DDE969
:100CB0000601CDE902548DE8030096E80F00F4F731
:100CC000E9FB02F0EDBF8D4BD3F85434B4330893F5
:100CD0000CAE8E4B099308A98D4B0A933046F9F759
:100CE00005FC00238DF81C30DDE90601CDE9025436
:100CF0008DE8030096E80F00F4F7CCFB02F0D0BFBC
:100D00007E4BD3F85434B83308930CAE7F4B099321
:100D100008A97F4B0A933046F9F7E8FB00238DF8CA
:100D20001C30DDE90601CDE902548DE8030096E8A8
:100D30000F00F4F7AFFB02F0B3BF704B7549D3F867
:100D4000540401222346C03010B0BDE8F041F4F74E
:100D50002DBB6A4BD3F85434C43308930CAE6B4BA1
:100D6000099308A96A4B0A933046F9F7BFFB0023A1
:100D70008DF81C30DDE90601CDE902548DE8030051
:100D800096E80F00F4F786FB02F08ABF5B4B6149DF
:100D9000D3F854040122234600F5B87010B0BDE822
:100DA000F041F4F703BB554B5A49D3F854040122E0
:100DB000234600F5BA7010B0BDE8F041F4F7F6BA7A
:100DC0004E4B5449D3F854040122234600F5BC701D
:100DD00010B0BDE8F041F4F7E9BA484B4D49D3F8FB
:100DE0005434586901222346103010B0BDE8F04158
:100DF000F4F7DCBA414BD3F854345B692C330893D5
:100E00000CAE424B099308A9414B0A933046F9F7BF
:100E10006DFB00238DF81C30DDE90601CDE902549D
:100E20008DE8030096E80F00F4F734FB02F038BFBA
:100E3000324BD3F854345B69303308930CAE334BE8
:100E4000099308A9324B0A933046F9F74FFB002368
:100E50008DF81C30DDE90601CDE902548DE8030070
:100E600096E80F00F4F716FB02F01ABF234BD3F8F5
:100E700054345B69343308930CAE274B099308A9AB
:100E8000264B0A933046F9F73BFB0023CDE901548A
:100E90008DF81930BDF81830ADF8003096E80F0025
:100EA000F4F74EFA02F0FCBE144B1A49D3F854344E
:100EB000986901222346103010B0BDE8F041F4F7E4
:100EC00075BA0E4BD3F854349B692C3308930CAE8F
:100ED000134B099308A9134B0A933046F9F738FBD3
:100EE0000023CDE901548DF81A30069B009396E853
:100EF0000F00F4F74DFB02F0D3BE00BF001000203E
:100F0000795F02085D5F02083D5F0208A1420208A6
:100F1000A942020899420208C5420208C9420208D1
:100F2000D9500208D1500208C64BD3F854349B69FB
:100F30002C3308930CAEC44B099308A9C34B0A93F6
:100F40003046F9F7D3FA00238DF81C30DDE90601AD
:100F5000CDE902548DE8030096E80F00F4F79AFA01
:100F600002F09EBEB74BD3F854349B6930330893DC
:100F70000CAEB54B099308A9B44B0A933046F9F768
:100F8000B5FA00238DF81C30DDE90601CDE90254E5
:100F90008DE8030096E80F00F4F77CFA02F080BEBB
:100FA000A84BD3F854349B69343308930CAEA64B4A
:100FB000099308A9A54B0A933046F9F797FA00233D
:100FC0008DF81C30DDE90601CDE902548DE80300FF
:100FD00096E80F00F4F75EFA02F062BE994BD3F880
:100FE00054349B69383308930CAE974B099308A986
:100FF000964B0A933046F9F779FA00238DF81C30A6
:10100000DDE90601CDE902548DE8030096E80F0002
:10101000F4F740FA02F044BE8A4BD3F854349B698B
:10102000403308930CAE884B099308A9874B0A9369
:101030003046F9F75BFA00238DF81C30DDE9060134
:10104000CDE902548DE8030096E80F00F4F722FA88
:1010500002F026BE7B4BD3F854349B69443308938B
:101060000CAE794B099308A9784B0A933046F9F7EF
:101070003DFA00238DF81C30DDE90601CDE902546C
:101080008DE8030096E80F00F4F704FA02F008BEBA
:101090006C4BD3F854349B69483308930CAE6C4BBB
:1010A000099308A96B4B0A933046F9F729FA0023F4
:1010B000CDE901548DF81930BDF81830ADF8003085
:1010C00096E80F00F4F73CF902F0EABD5D4B624987
:1010D000D3F8540401222346C83010B0BDE8F041D3
:1010E000F4F764B9574B5D49D3F854040122234601
:1010F000C83010B0BDE8F041F4F758B9514BD3F8FF
:101100005434DC3308930CAE4F4B099308A94F4B72
:101110000A933046F9F7EAF900238DF81C30DDE92F
:101120000601CDE902548DE8030096E80F00F4F7BC
:10113000B1F902F0B5BD434B4949D3F8540401223B
:101140002346C83010B0BDE8F041F4F72FB93D4B4D
:101150004449D3F8540401222346C83010B0BDE8F6
:10116000F041F4F723B9374B3F49D3F85404012237
:101170002346C83010B0BDE8F041F4F717B9314B41
:101180003A49D3F8540401222346C83010B0BDE8D0
:10119000F041F4F70BB92B4B3549D3F85404012235
:1011A0002346C83010B0BDE8F041F4F7FFB8254B36
:1011B0003049D3F8540401222346C83010B0BDE8AA
:1011C000F041F4F7F3B81F4B2B49D3F85404012234
:1011D0002346C83010B0BDE8F041F4F7E7B8194B2A
:1011E0002649D3F8540401222346C83010B0BDE884
:1011F000F041F4F7DBB8134B2149D3F85404012232
:10120000234600F5AA7010B0BDE8F041F4F7CEB85F
:101210000C4B1B49D3F854040122234600F5AC7053
:1012200010B0BDE8F041F4F7C1B8064B1449D3F84B
:1012300054040122234600F5B67010B0BDE8F04119
:10124000F4F7B4B800100020A1420208A942020835
:10125000C5420208C9420208996002087D6002087E
:101260005D60020841600208216002080560020812
:10127000C5500208A9500208E55F0208C95F0208CC
:1012800099420208C64BD3F8543403F5AE73089361
:101290000CAEC44B099308A9C34B0A933046F9F727
:1012A00025F900238DF81C30DDE90601CDE9025453
:1012B0008DE8030096E80F00F4F7ECF802F0F0BCBC
:1012C000B74BD3F8543403F5B07308930CAEB54B59
:1012D000099308A9B44B0A933046F9F707F900239C
:1012E0008DF81C30DDE90601CDE902548DE80300DC
:1012F00096E80F00F4F7CEF802F0D2BCA84BAB4949
:10130000D3F854040122234600F5B27010B0BDE8B2
:10131000F041F4F74BB8A24BA449D3F8540401228E
:10132000234600F5B47010B0BDE8F041F4F73EB8C4
:101330009B4B6268D3F854342146D3F88800F8F701
:101340004DFD02F0ADBC964B6268D3F85434214693
:10135000D3F88C00F8F742FD02F0A2BC904BD3F812
:1013600054341C3308930CAE914B099308A9914B4C
:101370000A933046F9F7C4F80023CDE901548DF8FB
:101380001930BDF81830ADF8003096E80F00F3F7CB
:10139000D7FF02F085BC824BD3F854342033089336
:1013A0000CAE854B099308A9844B0A933046F9F794
:1013B000D9F800238DF81C30DDE90601CDE902548F
:1013C0008DE8030096E80F00F3F732FF02F068BCE7
:1013D000734BD3F85434243308930CAE714B0993F8
:1013E00008A9714B0A933046F9F780F800238DF86D
:1013F0001C30DDE90601CDE902548DE8030096E8D2
:101400000F00F4F747F802F04BBC654BD3F85434A7
:10141000283308930CAE634B099308A9624B0A93D7
:101420003046F9F763F800238DF81C30DDE906013A
:10143000CDE902548DE8030096E80F00F4F72AF88E
:1014400002F02EBC564BD3F854341C3308930CAE28
:101450005B4B099308A95B4B0A933046F9F746F8B2
:1014600000238DF81C30DDE90601CDE902548DE83A
:10147000030096E80F00F4F70DF802F011BC484B9A
:10148000D3F854341C3308930CAE4F4B099308A97E
:101490004E4B0A933046F9F729F800238DF81C309B
:1014A000DDE90601CDE902548DE8030096E80F005E
:1014B000F3F7F0FF02F0F4BB394BD3F85434343374
:1014C00008930CAE374B099308A9374B0A93304663
:1014D000F9F70CF800238DF81C30DDE90601CDE9A1
:1014E00002548DE8030096E80F00F3F7D3FF02F0F3
:1014F000D7BB2B4BD3F8543438330C93344B0D9368
:10150000344B0E9301238DF83C300023CDE90114B8
:101510008DF82130BDF82030ADF8003010AB13E964
:101520000F00F4F713FA02F0BBBB1D4BD3F8543491
:101530003C3308930CAE1B4B099308A91A4B0A9332
:101540003046F8F7D3FF00238DF81C30DDE90601A3
:10155000CDE902548DE8030096E80F00F3F79AFFF7
:1015600002F09EBB0E4BD3F85434403308930CAEBC
:101570000C4B099308A90C4B0A933046F8F7B6FFB9
:1015800000238DF81C30DDE90601CDE902548DE819
:10159000030096E80F00F3F77DFF02F081BB00BF68
:1015A00000100020A1420208A94202089942020844
:1015B0008D500208055D0208494302084D430208A8
:1015C0008550020879500208695002085D500208EF
:1015D0005143020855430208BC4BD3F854344433FA
:1015E00008930CAEBA4B099308A9BA4B0A9330463C
:1015F000F8F77CFF00238DF81C30DDE90601CDE90A
:1016000002548DE8030096E80F00F3F743FF02F061
:1016100047BBAE4BD3F85434503308930CAEAC4BAD
:10162000099308A9AB4B0A933046F8F75FFF0023F4
:101630008DF81C30DDE90601CDE902548DE8030088
:1016400096E80F00F3F726FF02F02ABB9F4BD3F872
:101650005434543308930CAE9D4B099308A99D4B09
:101660000A933046F8F742FF00238DF81C30DDE97D
:101670000601CDE902548DE8030096E80F00F3F768
:1016800009FF02F00DBB914BD3F854344833089353
:101690000CAE8F4B099308A98E4B0A933046F8F78E
:1016A00025FF00238DF81C30DDE90601CDE9025449
:1016B0008DE8030096E80F00F3F7ECFE02F0F0BAB5
:1016C000824BD3F854341C3308930CAE824B0993ED
:1016D00008A9824B0A933046F8F708FF00238DF8DB
:1016E0001C30DDE90601CDE902548DE8030096E8DF
:1016F0000F00F3F7CFFE02F0D3BA744BD3F8543493
:10170000583308930CAE724B099308A9714B0A9396
:101710003046F8F7EBFE00238DF81C30DDE90601BA
:10172000CDE902548DE8030096E80F00F3F7B2FE0E
:1017300002F0B6BA654BD3F854345C3308930CAE60
:10174000634B099308A9634B0A933046F8F7CEFE22
:1017500000238DF81C30DDE90601CDE902548DE847
:10176000030096E80F00F3F795FE02F099BA574B85
:10177000D3F85434603308930CAE594B099308A93D
:10178000584B0A933046F8F7BBFE0023CDE90154CD
:101790008DF81930BDF81830ADF8003096E80F001C
:1017A000F3F7CEFD02F07CBA484BD3F854346433DF
:1017B00008930CAE464B099308A9464B0A93304652
:1017C000F8F794FE00238DF81C30DDE90601CDE921
:1017D00002548DE8030096E80F00F3F75BFE02F079
:1017E0005FBA3A4BD3F85434683308930CAE384B95
:1017F000099308A9374B0A933046F8F777FE002380
:101800008DF81C30DDE90601CDE902548DE80300B6
:1018100096E80F00F3F73EFE02F042BA2B4BD3F8E6
:1018200054346C3308930CAE2D4B099308A92D4BFF
:101830000A933046F8F764FE0023CDE901548DF891
:101840001930BDF81830ADF8003096E80F00F3F706
:1018500077FD02F025BA1D4BD3F854346D3308934D
:101860000CAE1F4B099308A91E4B0A933046F8F79C
:1018700047FE0023CDE901548DF81930BDF818302A
:10188000ADF8003096E80F00F3F75AFD02F008BA01
:101890000E4BD3F85434703308930CAE0C4B0993B1
:1018A00008A90C4B0A933046F8F720FE00238DF868
:1018B0001C30DDE90601CDE902548DE8030096E80D
:1018C0000F00F3F7E7FD02F0EBB900BF00100020B6
:1018D000A1420208A94202084D50020841500208E4
:1018E000C5420208C9420208C54BD3F854347433C8
:1018F00008930CAEC34B099308A9C34B0A93304617
:10190000F8F7F4FD00238DF81C30DDE90601CDE980
:1019100002548DE8030096E80F00F3F7BBFD02F0D8
:10192000BFB9B74BD3F85434783308930CAEB54BEA
:10193000099308A9B44B0A933046F8F7D7FD002362
:101940008DF81C30DDE90601CDE902548DE8030075
:1019500096E80F00F3F79EFD02F0A2B9A84BD3F86A
:1019600054347C3308930CAEA64B099308A9A64BBC
:101970000A933046F8F7BAFD00238DF81C30DDE9F4
:101980000601CDE902548DE8030096E80F00F3F755
:1019900081FD02F085B99A4BD3F8FC3303F563530C
:1019A0001C330C93994B0D93994B0E9301238DF897
:1019B0003C300023CDE901148DF82130BDF82030F2
:1019C000ADF8003010AB13E90F00F3F7F3FF02F0AE
:1019D00067B98B4BD3F8FC3303F56353203308937B
:1019E0000CAE884B099308A9874B0A933046F8F749
:1019F0007DFD00238DF81C30DDE90601CDE90254A0
:101A00008DE8030096E80F00F3F744FD02F048B9B3
:101A10007B4BD3F8FC3308930CAE7E4B099308A99B
:101A20007D4B0A933046F8F761FD00238DF81C309A
:101A3000DDE90601CDE902548DE8030096E80F00C8
:101A4000F3F728FD02F02CB96D4BD3F8FC3303F506
:101A50006453183308930CAE6A4B099308A96A4B78
:101A60000A933046F8F742FD00238DF81C30DDE97B
:101A70000601CDE902548DE8030096E80F00F3F764
:101A800009FD02F00DB95E4BD3F8FC3303F5645346
:101A90001C3308930CAE5B4B099308A95A4B0A936D
:101AA0003046F8F723FD00238DF81C30DDE90601F0
:101AB000CDE902548DE8030096E80F00F3F7EAFC45
:101AC00002F0EEB84E4B5549D3F8FC0300F56450D4
:101AD00023460122043010B0BDE8F041F3F766BCA4
:101AE000474B4E49D3F8FC0300F5645023460122CE
:101AF000083010B0BDE8F041F3F758BC404B4749FF
:101B0000D3F8FC0300F5645023460122103010B0D6
:101B1000BDE8F041F3F74ABCD4E90021384BD3F8D3
:101B2000FC3309B18A420AD203F54053012093F8ED
:101B30003D39137023680133236002F0B1B80020EF
:101B400002F0AEB82E4BD3F8FC3303F564530C33DC
:101B500008930CAE2B4B099308A92B4B0A933046E4
:101B6000F8F7C4FC00238DF81C30DDE90601CDE94F
:101B700002548DE8030096E80F00F3F78BFC02F0A7
:101B80008FB81F4BD3F8FC3303F564533E330893EF
:101B90000CAE234B099308A9224B0A933046F8F761
:101BA000AFFC0023CDE901548DF81930BDF8183091
:101BB000ADF8003096E80F00F3F7C2FB02F070B802
:101BC0000F4BD3F8FC3303F56453383308930CAE52
:101BD0000C4B099308A90C4B0A933046F8F786FC86
:101BE00000238DF81C30DDE90601CDE902548DE8B3
:101BF000030096E80F00F3F74DFC02F051B800BF68
:101C000000100020A1420208A9420208594302081C
:101C10005D430208315002086151020899420208EE
:101C2000C5420208C9420208C04BD3F8FC3303F591
:101C300062532C3308930CAEBD4B099308A9BD4BDE
:101C40000A933046F8F752FC00238DF81C30DDE98A
:101C50000601CDE902548DE8030096E80F00F3F782
:101C600019FC02F01DB8B14BD3F8FC3303F56253F5
:101C7000313308930CAEB04B099308A9AF4B0A93CC
:101C80003046F8F73DFC0023CDE901548DF81930BA
:101C9000BDF81830ADF8003096E80F00F3F750FBB0
:101CA00001F0FEBFA14BD3F8FC3303F5625333338D
:101CB00008930CAEA04B099308A9A04B0A93304699
:101CC000F8F71EFC0023CDE901548DF81930BDF85A
:101CD0001830ADF8003096E80F00F3F731FB01F053
:101CE000DFBF924BD3F8FC3303F5625330330893D4
:101CF0000CAE914B099308A9904B0A933046F8F724
:101D0000FFFB0023CDE901548DF81930BDF81830E0
:101D1000ADF8003096E80F00F3F712FB01F0C0BFFA
:101D2000824BD3F8FC3303F56253323308930CAE85
:101D3000814B099308A9814B0A933046F8F7E0FBE1
:101D40000023CDE901548DF81930BDF81830ADF8F5
:101D5000003096E80F00F3F7F3FA01F0A1BF734BE0
:101D6000D3F8FC3318330C93754B0D93754B0E93CE
:101D700001238DF83C300023CDE901148DF821308A
:101D8000BDF82030ADF8003010AB13E90F00F3F7C9
:101D900079FE01F085BF654BD3F8FC3319330C9302
:101DA000694B0D93694B0E9301238DF83C30002352
:101DB000CDE901148DF82130BDF82030ADF80030A8
:101DC00010AB13E90F00F3F791FE01F069BF574B19
:101DD000D3F8FC331C3308930CAE554B099308A978
:101DE000544B0A933046F8F781FB00238DF81C30E2
:101DF000DDE90601CDE902548DE8030096E80F0005
:101E0000F3F748FB01F04CBF484BD3F8FC332033C9
:101E100008930CAE464B099308A9464B0A933046EB
:101E2000F8F764FB00238DF81C30DDE90601CDE9ED
:101E300002548DE8030096E80F00F3F72BFB01F046
:101E40002FBF3A4BD3F8FC33243308930CAE384BF6
:101E5000099308A9374B0A933046F8F747FB00234C
:101E60008DF81C30DDE90601CDE902548DE8030050
:101E700096E80F00F3F70EFB01F012BF2B4BD3F8DF
:101E8000FC33303308930CAE294B099308A9294B36
:101E90000A933046F8F72AFB00238DF81C30DDE961
:101EA0000601CDE902548DE8030096E80F00F3F730
:101EB000F1FA01F0F5BE1D4BD3F8FC33283308933B
:101EC0000CAE1B4B099308A91A4B0A933046F8F73E
:101ED0000DFB00238DF81C30DDE90601CDE902542D
:101EE0008DE8030096E80F00F3F7D4FA01F0D8BEAE
:101EF0000E4BD3F8FC332C3308930CAE0C4B0993E8
:101F000008A90C4B0A933046F8F7F0FA00238DF835
:101F10001C30DDE90601CDE902548DE8030096E8A6
:101F20000F00F3F7B7FA01F0BBBE00BF00100020AE
:101F3000A1420208A9420208C5420208C942020899
:101F40002150020819500208614302086543020843
:101F5000C54BD3F8FC33343308930CAEC34B099311
:101F600008A9C34B0A933046F8F7C0FA00238DF84E
:101F70001C30DDE90601CDE902548DE8030096E846
:101F80000F00F3F787FA01F08BBEB74BD3F8FC33A1
:101F9000383308930CAEB54B099308A9B44B0A9398
:101FA0003046F8F7A3FA00238DF81C30DDE906016E
:101FB000CDE902548DE8030096E80F00F3F76AFAC2
:101FC00001F06EBEA84BD3F8FC333C3308930CAE43
:101FD000A84B099308A9A84B0A933046F8F790FA42
:101FE0000023CDE901548DF81930BDF81830ADF853
:101FF000003096E80F00F3F7A3F901F051BE9A4BB9
:10200000D3F8FC33403308930CAE984B099308A9DE
:10201000974B0A933046F8F769FA00238DF81C3085
:10202000DDE90601CDE902548DE8030096E80F00D2
:10203000F3F730FA01F034BE8B4BD3F8FC3318338E
:1020400008930CAE8D4B099308A98D4B0A9330462B
:10205000F8F788FA00238DF81C30DDE90601CDE998
:1020600002548DE8030096E80F00F3F7E1F801F061
:1020700017BE7D4BD3F8FC33503308930CAE7B4B2B
:10208000099308A97A4B0A933046F8F72FFA0023F0
:102090008DF81C30DDE90601CDE902548DE803001E
:1020A00096E80F00F3F7F6F901F0FABD6E4BD3F89E
:1020B000FC33483308930CAE6C4B099308A96C4B66
:1020C0000A933046F8F712FA00238DF81C30DDE948
:1020D0000601CDE902548DE8030096E80F00F3F7FE
:1020E000D9F901F0DDBD604BD3F8FC3303F5625341
:1020F000343308930CAE634B099308A9624B0A93DF
:102100003046F8F739FA0023CDE901548DF819303B
:10211000BDF81830ADF8003096E80F00F3F7AEFBCD
:1021200001F0BEBD504BD3F8FC3303F56253383396
:1021300008930CAE4D4B099308A94D4B0A933046BA
:10214000F8F7D4F900238DF81C30DDE90601CDE95C
:1021500002548DE8030096E80F00F3F79BF901F0B5
:102160009FBD414BD3F8FC3303F562533C330893D6
:102170000CAE3E4B099308A93D4B0A933046F8F745
:10218000B5F900238DF81C30DDE90601CDE90254D4
:102190008DE8030096E80F00F3F77CF901F080BDAD
:1021A000314BD3F8FC3303F5635308930CAE354B36
:1021B000099308A9344B0A933046F8F7DDF9002358
:1021C000CDE901548DF81930BDF81830ADF8003064
:1021D00096E80F00F3F752FB01F062BD224BD3F8F3
:1021E000FC33183308930CAE284B099308A9284BED
:1021F0000A933046F8F77AF900238DF81C30DDE9B0
:102200000601CDE902548DE8030096E80F00F3F7CC
:1022100041F901F045BD144B6268D3F8FC33214607
:10222000586DF7F7DBFD01F03BBD0F4BD3F8FC33E6
:1022300003F56253183308930CAE0E4B099308A9AB
:102240000D4B0A933046F8F75BF90023CDE90154B2
:102250008DF81930BDF81830ADF8003096E80F0051
:10226000F3F76EF801F01CBD00100020A142020837
:10227000A9420208C5420208C942020805500208E4
:10228000FD4F0208694302086D430208F14F02083E
:10229000E54F0208D4E90021C84BD3F8FC3309B15B
:1022A0008A420AD203F54053012093F899381370FB
:1022B00023680133236001F0F3BC002001F0F0BC7F
:1022C000BE4BD3F8FC3303F562531C3308930CAEBA
:1022D000BB4B099308A9BB4B0A933046F8F706F9A4
:1022E00000238DF81C30DDE90601CDE902548DE8AC
:1022F000030096E80F00F3F7CDF801F0D1BCAF4B27
:10230000D3F8FC3303F56253203308930CAEAC4B87
:10231000099308A9AB4B0A933046F8F7E7F8002376
:102320008DF81C30DDE90601CDE902548DE803008B
:1023300096E80F00F3F7AEF801F0B2BC9F4BA2494C
:10234000D3F8FC0300F5625023460122243010B07C
:10235000BDE8F041F3F72AB8984BD3F8FC3303F506
:102360006253283308930CAE984B099308A9984BF5
:102370000A933046F8F7C4F80023CDE901548DF8EC
:102380001930BDF81830ADF8003096E80F00F2F7BC
:10239000D7FF01F085BC894BD3F8FC3303F56353B9
:1023A000043308930CAE864B099308A9854B0A9316
:1023B0003046F8F79BF800238DF81C30DDE9060164
:1023C000CDE902548DE8030096E80F00F3F762F8B8
:1023D00001F066BC794BD3F8FC3303F56353083343
:1023E00008930CAE764B099308A9764B0A933046B6
:1023F000F8F77CF800238DF81C30DDE90601CDE903
:1024000002548DE8030096E80F00F3F743F801F05B
:1024100047BC6A4BD3F8FC3303F56353103308937E
:102420000CAE674B099308A9664B0A933046F8F740
:102430005DF800238DF81C30DDE90601CDE902547A
:102440008DE8030096E80F00F3F724F801F028BCAC
:102450005A4BD3F8FC3303F563530C3308930CAE9B
:10246000574B099308A9574B0A933046F8F73EF8A3
:1024700000238DF81C30DDE90601CDE902548DE81A
:10248000030096E80F00F3F705F801F009BC4B4B89
:10249000D3F8FC3303F56453283308930CAE484B50
:1024A000099308A9474B0A933046F8F71FF8002311
:1024B0008DF81C30DDE90601CDE902548DE80300FA
:1024C00096E80F00F2F7E6FF01F0EABB3B4BD3F8CA
:1024D000FC3303F564532C3308930CAE384B09934B
:1024E00008A9384B0A933046F8F700F800238DF816
:1024F0001C30DDE90601CDE902548DE8030096E8C1
:102500000F00F2F7C7FF01F0CBBB2C4BD3F8FC3325
:1025100003F56453303308930CAE294B099308A993
:10252000284B0A933046F7F7E1FF00238DF81C3063
:10253000DDE90601CDE902548DE8030096E80F00BD
:10254000F2F7A8FF01F0ACBB1C4BD3F8FC3303F54A
:102550006453343308930CAE194B099308A9194BF3
:102560000A933046F7F7C2FF00238DF81C30DDE9EF
:102570000601CDE902548DE8030096E80F00F2F75A
:1025800089FF01F08DBB0D4B0F49D3F8FC030122ED
:10259000234600F5655010B0BDE8F041F2F706BFE4
:1025A000064B0949D3F8FC0300F565502346012288
:1025B000043010B0BDE8F041F2F7F8BE0010002082
:1025C000A1420208A942020899420208C542020833
:1025D000C9420208C04BD3F8FC0343680C930121A5
:1025E000037A8DF820308DF82110BDF820308DF859
:1025F0003410ADF800300195DDE90C23F2F73EFB15
:1026000001F04EBBB44BD3F8FC33043308930CAE4B
:10261000B24B099308A9B24B0A933046F7F766FF0D
:1026200000238DF81C30DDE90601CDE902548DE868
:10263000030096E80F00F2F72DFF01F031BBA64B27
:10264000D3F8FC33083308930CAEA64B099308A9C2
:10265000A54B0A933046F7F753FF0023CDE9015409
:102660008DF81930BDF81830ADF8003096E80F003D
:10267000F2F766FE01F014BB974BD3F8FC03036836
:102680005B689847012001F00BBB934BD3F8FC0328
:102690000121234600F10C0210B0BDE8F041F2F731
:1026A000A9BE8D4B9149D3F8FC03012223460C307F
:1026B00010B0BDE8F041F2F779BE874BD3F8FC03C8
:1026C000CDE9011400F114030093012302691946B6
:1026D000F2F726FF01F0E4BA7F4BD3F8FC33103356
:1026E00008930CAE824B099308A9824B0A9330469B
:1026F000F7F710FF00238DF81C30DDE90601CDE966
:1027000002548DE8030096E80F00F2F77FFE01F017
:10271000C7BA714B7549D3F8FC0301222346143024
:1027200010B0BDE8F041F2F741BE6B4BD3F8A833CF
:102730008C330C93704B0D93704B0E9301238DF8DB
:102740003C300023CDE901148DF82230089B009322
:1027500010AB13E90F00F2F76BFF01F0A1BA5E4B6B
:10276000D3F8A813D4E900320AB1934208D291F801
:102770008F201A70236801332360012001F090BA82
:10278000002001F08DBA544BD3F8A813D4E90032DD
:102790000AB1934208D291F88E201A70236801334F
:1027A0002360012001F07CBA002001F079BA4A4B85
:1027B0006268D3F8A8332146D3F89000F7F7F4FA0B
:1027C00001F06EBA444B6268D3F8A8332146D3F8BF
:1027D0009400F7F7E9FA01F063BA3F4B4349D3F8A5
:1027E000A80301222346983010B0BDE8F041F2F76B
:1027F000DDBD39484249D0F8A8032346012210B074
:10280000BDE8F041F2F7D2BD33483E49D0F8A80305
:102810002346012210B0BDE8F041F2F7C7BD2E4BB0
:102820003249D3F8A80301222346AC3010B0BDE8EA
:10283000F041F2F7BBBD28483349D0F8A80323463E
:10284000012210B0BDE8F041F2F7B0BD224B27499C
:10285000D3F8A80301222346B03010B0BDE8F04100
:10286000F2F7A4BD1C4B2149D3F8A803012223464B
:10287000B43010B0BDE8F041F2F798BD164BD3F874
:10288000A833214693F8F200F3F73EFA01F008BAB4
:1028900011481E49D0F8A8032346012210B0BDE814
:1028A000F041F2F783BD0C4B1049D3F8A803012285
:1028B0002346B83010B0BDE8F041F2F777BD064BC3
:1028C0000A49D3F8A80301222346C43010B0BDE85A
:1028D000F041F2F76BBD00BF00100020A1420208DA
:1028E000A9420208C5420208C942020899420208E8
:1028F000CD420208D1420208714302087543020822
:10290000D14F0208C54F0208B94F0208AD4F020867
:10291000BF4BD3F8A833C83308930CAEBD4B099313
:1029200008A9BD4B0A933046F7F71CFE00238DF82B
:102930001C30DDE90601CDE902548DE8030096E87C
:102940000F00F2F775FC01F0ABB9B14BB349D3F806
:10295000A80301222346CC3010B0BDE8F041F2F7C5
:1029600025BDAB4BD3F8A83334330C93AC4B0D934C
:10297000AC4B0E9301238DF83C300023CDE90114BC
:102980008DF82230089B009310AB13E90F00F2F78B
:102990009FFE01F085B99E4BD3F8A83334330893DA
:1029A0000CAEA14B099308A9A04B0A933046F7F748
:1029B000A7FD0023CDE901548DF81930BDF818307A
:1029C000ADF8003096E80F00F2F7BAFC01F068B9F4
:1029D0008F4BD3F8A833543308930CAE944B099320
:1029E00008A9944B0A933046F7F780FD00238DF831
:1029F0001C30DDE90601CDE902548DE8030096E8BC
:102A00000F00F2F747FD01F04BB9814BD3F8A83323
:102A1000603308930CAE884B099308A9874B0A933F
:102A20003046F7F76DFD0023CDE901548DF81930DC
:102A3000BDF81830ADF8003096E80F00F2F780FCD2
:102A400001F02EB9724BD3F8A833343308930CAE8F
:102A50007B4B099308A97B4B0A933046F7F750FD4F
:102A60000023CDE901548DF81930BDF81830ADF8C8
:102A7000003096E80F00F2F763FC01F011B9644BE7
:102A8000D3F8A833343308930CAE6F4B099308A9DD
:102A90006E4B0A933046F7F75BFD0023CDE90154F6
:102AA0008DF81A30069B009396E80F00F2F770FD40
:102AB00001F0F6B8564BD3F8A833503308930CAE58
:102AC000544B099308A9544B0A933046F7F74AFD33
:102AD00000238DF81C30DDE90601CDE902548DE8B4
:102AE000030096E80F00F2F7A3FB01F0D9B8484BBA
:102AF000D3F8A833483308930CAE464B099308A982
:102B0000454B0A933046F7F72DFD00238DF81C3016
:102B1000DDE90601CDE902548DE8030096E80F00D7
:102B2000F2F786FB01F0BCB8394BD3F8A8334C332D
:102B300008930CAE3E4B099308A93E4B0A933046CE
:102B4000F7F7D4FC00238DF81C30DDE90601CDE950
:102B500002548DE8030096E80F00F2F79BFC01F0A9
:102B60009FB82B4BD3F8A8335C3308930CAE294B9A
:102B7000099308A9284B0A933046F7F7F3FC002382
:102B80008DF81C30DDE90601CDE902548DE8030023
:102B900096E80F00F2F74CFB01F082B81C4BD3F81B
:102BA000A833343308930CAE294B099308A9294B59
:102BB0000A933046F7F7A4FC0023CDE901548DF8C1
:102BC0001930BDF81830ADF8003096E80F00F2F774
:102BD000B7FB01F065B80E4BD3F8A8336133089307
:102BE0000CAE154B099308A9144B0A933046F7F71E
:102BF00087FC0023CDE901548DF81930BDF8183059
:102C0000ADF8003096E80F00F2F79AFB01F048B8F3
:102C100000100020494302084D430208994202086F
:102C2000794302087D430208A14F0208954F02082C
:102C3000A1420208A9420208C5420208C94202088C
:102C4000854F0208794F0208694F02085D4F02085C
:102C50004D4F0208414F0208B74BD3F8A833343325
:102C600008930CAEB54B099308A9B54B0A933046AF
:102C7000F7F73CFC00238DF81C30DDE90601CDE9B7
:102C800002548DE8030096E80F00F2F703FC01F010
:102C900007B8A94BD3F8A833383308930CAEA94B27
:102CA000099308A9A84B0A933046F7F71FFC0023A5
:102CB0008DF81C30DDE90601CDE902548DE80300F2
:102CC00096E80F00F2F7E6FB00F0EABF9A4BD3F864
:102CD000A8333C3308930CAE9A4B099308A99A4B3E
:102CE0000A933046F7F702FC00238DF81C30DDE92B
:102CF0000601CDE902548DE8030096E80F00F2F7D3
:102D0000C9FB00F0CDBF8C4BD3F8A83340330893F8
:102D10000CAE8C4B099308A98B4B0A933046F7F7FE
:102D2000E5FB00238DF81C30DDE90601CDE90254F6
:102D30008DE8030096E80F00F2F7ACFB00F0B0BF9F
:102D40007D4BD3F8A833633308930CAE7F4B0993C4
:102D500008A97F4B0A933046F7F7D2FB0023CDE951
:102D600001548DF81930BDF81830ADF8003096E8F0
:102D70000F00F2F7E5FA00F093BF6F4BD3F8A833DA
:102D8000643308930CAE734B099308A9724B0A93F2
:102D90003046F7F7F1FB0023CDE901548DF81930E7
:102DA000BDF81830ADF8003096E80F00F2F766FD78
:102DB00000F076BF604BD3F8A833653308930CAEB0
:102DC000624B099308A9624B0A933046F7F798FBC8
:102DD0000023CDE901548DF81930BDF81830ADF855
:102DE000003096E80F00F2F7ABFA00F059BF524BF3
:102DF000D3F8A833823308930CAE584B099308A933
:102E0000574B0A933046F7F7A3FB0023CDE9015453
:102E10008DF81A30069B009396E80F00F2F7B8FB86
:102E200000F03EBF444BD3F8A833843308930CAE74
:102E30004A4B099308A94A4B0A933046F7F788FB97
:102E40000023CDE901548DF81A30069B009396E8D3
:102E50000F00F2F79DFB00F023BF374BD3F8A80318
:102E6000036841681B689847012000F019BF324B86
:102E7000D3F8A833043308930CAE3A4B099308A94E
:102E8000394B0A933046F7F76DFB00238DF81C3061
:102E9000DDE90601CDE902548DE8030096E80F0054
:102EA000F2F7C6F900F0FCBE304931482346012252
:102EB00010B0BDE8F041F2F779BA2E492E4823460A
:102EC000012210B0BDE8F041F2F770BA27492B4853
:102ED0002346012210B0BDE8F041F2F767BA284955
:102EE00025482346012210B0BDE8F041F2F75EBA52
:102EF000244921482346012210B0BDE8F041F2F7F1
:102F000055BA214B08930CAE0E4B099308A90E4BF2
:102F10000A933046F7F7EAFA00238DF81C30DDE912
:102F20000601CDE902548DE8030096E80F00F2F7A0
:102F3000B1FA00F0B5BE00BF00100020314F02080A
:102F4000254F0208A1420208A9420208C542020810
:102F5000C9420208694302086D430208814302081E
:102F600085430208494302084D430208994202087A
:102F7000D8130020154F0208AC130020DC130020EA
:102F8000094F0208FD4E0208B0130020BC4BD3F8D5
:102F9000F83310330C93BB4B0D93BB4B0E930123B3
:102FA0008DF83C300023CDE901148DF82130BDF8B7
:102FB0002030ADF8003010AB13E90F00F2F7CAFD76
:102FC00000F06EBEAE48B149D0F8F80323460122A6
:102FD00010B0BDE8F041F2F7E9B9A94BAC49D3F81C
:102FE000F80301222346143010B0BDE8F041F2F797
:102FF000DDB9A348A749D0F8F8032346012210B051
:10300000BDE8F041F2F7D2B99D48A349D0F8F803E2
:103010002346012210B0BDE8F041F2F7C7B9984B42
:10302000D3F8F833043308930CAE9C4B099308A9EA
:103030009B4B0A933046F7F759FA00238DF81C3062
:10304000DDE90601CDE902548DE8030096E80F00A2
:10305000F2F720FA00F024BE894BD3F8F833083396
:1030600008930CAE8D4B099308A98D4B0A933046FB
:10307000F7F73CFA00238DF81C30DDE90601CDE9B5
:1030800002548DE8030096E80F00F2F703FA00F00F
:1030900007BE7B4BD3F8F8330C3308930CAE7F4B51
:1030A000099308A97E4B0A933046F7F71FFA0023CD
:1030B0008DF81C30DDE90601CDE902548DE80300EE
:1030C00096E80F00F2F7E6F900F0EABD6C4BD3F892
:1030D0005834043308930CAE704B099308A9704B15
:1030E0000A933046F7F702FA00238DF81C30DDE929
:1030F0000601CDE902548DE8030096E80F00F2F7CF
:10310000C9F900F0CDBD5E4BD3F8583408330893AD
:103110000CAE624B099308A9614B0A933046F7F74E
:10312000E5F900238DF81C30DDE90601CDE90254F4
:103130008DE8030096E80F00F2F7ACF900F0B0BD9F
:103140004F4BD3F858340C3308930CAE534B0993C0
:1031500008A9534B0A933046F7F7C8F900238DF8B6
:103160001C30DDE90601CDE902548DE8030096E844
:103170000F00F2F78FF900F093BD414BD3F85C14C8
:10318000D4E900320AB1934207D20A7D1A7023684B
:1031900001332360012000F083BD002000F080BDDA
:1031A000374BD3F85C3408930CAE3E4B099308A917
:1031B0003D4B0A933046F7F7CBF90023CDE9015494
:1031C0008DF81A30069B009396E80F00F2F7E0F9AD
:1031D00000F066BD2A4BD3F85C3408930CAE334B39
:1031E000099308A9324B0A933046F7F789F900236F
:1031F000CDE901548DF81930BDF81830ADF8003024
:1032000096E80F00F2F79CF800F04ABD1C4BD3F88B
:103210005C3408930CAE214B099308A9204B0A9308
:103220003046F7F763F900238DF81C30DDE906011D
:10323000CDE902548DE8030096E80F00F2F72AF971
:1032400000F02EBD0E4BD3F85C340B3308930CAE5C
:10325000184B099308A9184B0A933046F7F750F911
:103260000023CDE901548DF81930BDF81830ADF8C0
:10327000003096E80F00F2F763F800F011BD00BFD0
:1032800000100020894302088D430208F14E020815
:1032900099420208E54E0208D94E0208A1420208EE
:1032A000A9420208CD4E0208C54E0208B94E0208D6
:1032B000B14E0208C5420208C9420208B94BD3F810
:1032C0005C3408930CAEB84B099308A9B74B0A932A
:1032D0003046F7F71FF900238DF81C30DDE90601B1
:1032E000CDE902548DE8030096E80F00F2F78EF85E
:1032F00000F0D6BCAB4BD3F86014D4E900320AB16D
:10330000934207D20A7D1A7023680133236001209B
:1033100000F0C6BC002000F0C3BCA24BD3F8603460
:1033200008930CAEA24B099308A9A24B0A9330460E
:10333000F7F70EF90023CDE901548DF81A30069BFA
:10334000009396E80F00F2F723F900F0A9BC954B23
:10335000D3F8603408930CAE974B099308A9974BA8
:103360000A933046F7F7CCF80023CDE901548DF8E5
:103370001930BDF81830ADF8003096E80F00F1F7BD
:10338000DFFF00F08DBC874BD3F8603408930CAEA0
:103390008B4B099308A98B4B0A933046F7F7A6F895
:1033A00000238DF81C30DDE90601CDE902548DE8DB
:1033B000030096E80F00F2F76DF800F071BC794B4E
:1033C000D3F860340B3308930CAE7F4B099308A9F4
:1033D0007E4B0A933046F7F793F80023CDE901546A
:1033E0008DF81930BDF81830ADF8003096E80F00B0
:1033F000F1F7A6FF00F054BC6A4BD3F86034089391
:103400000CAE694B099308A9684B0A933046F7F74D
:1034100081F800238DF81C30DDE90601CDE9025466
:103420008DE8030096E80F00F1F7F0FF00F038BCDC
:103430005C4BD3F86434043308930CAE644B0993AB
:1034400008A9644B0A933046F7F782F80023CDE9C8
:1034500001548DF81A30069B009396E80F00F2F79E
:1034600097F800F01DBC4F4BD3F864340633089333
:103470000CAE554B099308A9544B0A933046F7F705
:103480003FF80023CDE901548DF81930BDF818300C
:10349000ADF8003096E80F00F1F752FF00F000BCE5
:1034A000404BD3F8640403681B6898470120F7E396
:1034B0003C4BD3F8640403685B6898470120EFE352
:1034C000384B6268D3F868042146F6F787FCE7E3D7
:1034D000344B6268D3F86C042146F6F77FFCDFE3D7
:1034E000304B6268D3F870042146F6F777FCD7E3D7
:1034F000394B08930CAE394B099308A9384B0A9302
:103500003046F7F707F800238DF81C30DDE9060197
:10351000CDE902548DE8030096E80F00F1F776FF3D
:10352000BEE3204B6268D3F878042146F6F756FCD8
:10353000B6E31C4B6268D3F87C042146F6F74EFCD8
:10354000AEE3184B6268D3F880042146F6F746FCD8
:10355000A6E3244B08930CAE204B099308A9204BFB
:103560000A933046F6F7D6FF00238DF81C30DDE9CC
:103570000601CDE902548DE8030096E80F00F1F74B
:1035800045FF8DE3074B6268D3F888042146F6F7C0
:1035900025FC85E3034B6268D3F88C042146F6F7DB
:1035A0001DFC7DE300100020A54E02089D4E020880
:1035B000CD4E0208C54E0208B94E0208B14E0208AF
:1035C000A1420208A9420208C5420208C9420208F3
:1035D000914E0208894E020874140020CD42020860
:1035E000D142020884140020AF4B6268D3F89004E3
:1035F0002146F6F7F3FB53E3AC4B08930CAEAC4B10
:10360000099308A9AB4B0A933046F6F783FF0023D2
:103610008DF81C30DDE90601CDE902548DE8030088
:1036200096E80F00F1F7F2FE3AE39F4B6268D3F899
:1036300098042146F6F7D2FB32E39B4B6268D3F83D
:103640009C042146F6F7CAFB2AE3974B6268D3F83D
:10365000A0042146F6F7C2FB22E3974B08930CAE79
:10366000934B099308A9934B0A933046F6F752FF00
:1036700000238DF81C30DDE90601CDE902548DE808
:10368000030096E80F00F1F7C1FE09E3864B62687C
:10369000D3F8A8042146F6F7A1FB01E3824B626848
:1036A000D3F8AC042146F6F799FBF9E27E4B626849
:1036B000D3F8B0042146F6F791FBF1E27F4B089373
:1036C0000CAE7B4B099308A97A4B0A933046F6F768
:1036D00021FF00238DF81C30DDE90601CDE90254FD
:1036E0008DE8030096E80F00F1F790FED8E26E4BEC
:1036F0006268D3F8B8042146F6F770FBD0E26A4B53
:103700006268D3F8BC042146F6F768FBC8E2664B52
:103710006268D3F8C0042146F6F760FBC0E2684B4C
:1037200008930CAE624B099308A9624B0A9330468A
:10373000F6F7F0FE00238DF81C30DDE90601CDE937
:1037400002548DE8030096E80F00F1F75FFEA7E250
:10375000554B6268D3F8C8042146F6F73FFB9FE259
:10376000514B6268D3F8CC042146F6F737FB97E259
:103770004D4B6268D3F8D0042146F6F72FFB8FE259
:10378000504B08930CAE4A4B099308A9494B0A9336
:103790003046F6F7BFFE00238DF81C30DDE9060148
:1037A000CDE902548DE8030096E80F00F1F72EFEF4
:1037B00076E23D4B6268D3F8D8042146F6F70EFB5B
:1037C0006EE2394B6268D3F8DC042146F6F706FB5B
:1037D00066E2354B6268D3F8E0042146F6F7FEFA5C
:1037E0005EE2394B08930CAE314B099308A9314B7B
:1037F0000A933046F6F78EFE00238DF81C30DDE983
:103800000601CDE902548DE8030096E80F00F1F7B8
:10381000FDFD45E2244B6268D3F8E8042146F6F743
:10382000DDFA3DE2204B6268D3F8EC042146F6F75E
:10383000D5FA35E21C4B6268D3F8F0042146F6F75E
:10384000CDFA2DE2214B08930CAE194B099308A930
:10385000184B0A933046F6F75DFE00238DF81C30B6
:10386000DDE90601CDE902548DE8030096E80F007A
:10387000F1F7CCFD14E20C4B6268D3F8F804214652
:10388000F6F7ACFA0CE2084B6268D3F8FC04214668
:10389000F6F7A4FA04E2044B6268D3F80005214667
:1038A000F6F79CFAFCE100BF001000209414002001
:1038B000CD420208D1420208A4140020B414002012
:1038C000C4140020D4140020E4140020F4140020B8
:1038D000B44B08930CAEB44B099308A9B34B0A93AD
:1038E0003046F6F717FE00238DF81C30DDE906019F
:1038F000CDE902548DE8030096E80F00F1F786FD4C
:10390000CEE1AB4B6268D3F808052146F6F766FABC
:10391000C6E1A74B6268D3F80C052146F6F75EFABC
:10392000BEE1A34B6268D3F810052146F6F756FABC
:10393000B6E1A04B08930CAE9B4B099308A99B4B97
:103940000A933046F6F7E6FD00238DF81C30DDE9DA
:103950000601CDE902548DE8030096E80F00F1F767
:1039600055FD9DE1924B6268D3F818052146F6F7A4
:1039700035FA95E18E4B6268D3F81C052146F6F7BF
:103980002DFA8DE18A4B6268D3F820052146F6F7BF
:1039900025FA85E1884B08930CAE834B099308A95F
:1039A000824B0A933046F6F7B5FD00238DF81C30A4
:1039B000DDE90601CDE902548DE8030096E80F0029
:1039C000F1F724FD6CE17A4B6268D3F828052146B3
:1039D000F6F704FA64E1764B6268D3F82C052146C9
:1039E000F6F7FCF95CE1724B6268D3F830052146CA
:1039F000F6F7F4F954E1714B08930CAE6A4B099356
:103A000008A96A4B0A933046F6F784FD00238DF827
:103A10001C30DDE90601CDE902548DE8030096E88B
:103A20000F00F1F7F3FC3BE16148D0F8D83200F524
:103A300036701B689847012032E1614A614953683A
:103A4000086803440B609360012029E15E4B0893F2
:103A50000CAE5E4B099308A95D4B0A933046F6F70E
:103A600081FD00238DF81C30DDE90601CDE902540B
:103A70008DE8030096E80F00F1F7DAFB10E1504BF8
:103A8000626898682146F6F78FF909E14C4C514B72
:103A9000E268102A98BF03EBC20393E803000CAA64
:103AA00082E80300E6F756F9012084ED040AF7E006
:103AB000494B08930CAE3C4B099308A93B4B0A9326
:103AC0003046F6F727FD00238DF81C30DDE90601AE
:103AD000CDE902548DE8030096E80F00F1F796FC5B
:103AE000DEE03E493E482346012210B0BDE8F041E9
:103AF000F1F75CBC324C2046EDF700F82075012050
:103B0000CEE0D4E900320AB1934207D22C4A127DAA
:103B10001A702368013323600120C1E00020BFE058
:103B20002748ECF79BFC0120BAE0254803681B6995
:103B300098470120B4E02248ECF73CFD0120AFE0BB
:103B40001F4CA1692046ECF7D9FBE0610120A7E0FA
:103B5000244B08930CAE1D4B099308A91C4B0A93E8
:103B60003046F6F7FFFC00238DF81C30DDE9060136
:103B7000CDE902548DE8030096E80F00F1F758FBF9
:103B80008EE00F4B6268D8692146F6F727F987E087
:103B90000B4C94F820102046ECF7E2FB6062012009
:103BA0007EE000BF04150020CD420208D142020889
:103BB00000100020141500202415002034150020CA
:103BC00010A40020F0A3002014A400204943020800
:103BD0004D430208048C00201CA4002099420208D6
:103BE00020A4002028A400202F4B08930CAE2F4BBC
:103BF000099308A92E4B0A933046F6F7BDFC002323
:103C0000CDE901548DF81930BDF81830ADF8003009
:103C100096E80F00F1F732FE42E0264B6268586AE0
:103C20002146F6F7DBF83BE0224C2046ECF7DEFBC2
:103C3000A062012034E01F4B6268986A2146F6F7C3
:103C4000CDF82DE01B4C2046ECF70EFCC4E90C012E
:103C5000012025E0174B6568D3E90CC600232768CF
:103C60000DB1AF4214D2C3F12000A3F120012CFA10
:103C700003F206FA00F0024326FA01F10A433A7011
:103C8000226808330132402B2260E8D1012007E08E
:103C9000002005E00748ECF7F7FB012000E00020DA
:103CA00010B0BDE8F08100BF30A4002069430208D5
:103CB0006D43020810A4002010B50446CCF70AFB9F
:103CC000FCEEC07A012017EE903A237010BD00BFC1
:103CD00037B500230DF103000D468DF80330FFF7D3
:103CE000EBFF044650B19DF803308DF804300123FA
:103CF0008DF8053001992846F6F712FA204603B0F0
:103D000030BD37B500230DF103000D468DF80330AB
:103D1000FFF7D2FF044650B19DF803308DF8043010
:103D200001238DF8053001992846F6F737FB204628
:103D300003B030BD37B500230DF103000D468DF8FB
:103D40000330FFF7B9FF044650B19DF803308DF8FA
:103D5000043001238DF8053001992846F6F7ECFA76
:103D6000204603B030BD37B500230DF103000D46EA
:103D70008DF80330FFF7A0FF044650B19DF80330E3
:103D80008DF8043001238DF8053001992846F6F7A7
:103D9000A1FA204603B030BD37B500230DF1030072
:103DA0000D468DF80330FFF787FF044650B19DF8AC
:103DB00003308DF8043001238DF805300199284631
:103DC000F6F738F9204603B030BD37B500230DF1C2
:103DD00003000D468DF80330FFF76EFF044650B127
:103DE0009DF803308DF8043001238DF805300199DA
:103DF0002846F6F73DFA204603B030BD37B500231C
:103E00000DF103000D468DF80330FFF755FF044612
:103E100050B19DF803308DF8043001238DF8053042
:103E200001992846F6F7D4F8204603B030BD37B5DF
:103E300000230DF103000D468DF80330FFF73CFF22
:103E4000044650B19DF803308DF8043001238DF8FD
:103E5000053001992846F6F717FB204603B030BD20
:103E600037B500230DF103000D468DF80330FFF741
:103E700023FF044650B19DF803308DF80430012330
:103E80008DF8053001992846F6F73EF8204603B034
:103E900030BD37B500230DF103000D468DF803301A
:103EA000FFF70AFF044650B19DF803308DF8043047
:103EB00001238DF8053001992846F6F763F920466D
:103EC00003B030BD37B500230DF103000D468DF86A
:103ED0000330FFF7F1FE044650B19DF803308DF832
:103EE000043001238DF8053001992846F6F73EF895
:103EF000204603B030BD37B500230DF103000D4659
:103F00008DF80330FFF7D8FE044650B19DF803301A
:103F10008DF8043001238DF8053001992846F5F716
:103F200077FF204603B030BD38B50120F0F782FEA0
:103F3000A74B04461880F0F77DFEA64BA6491A68E9
:103F400040EA044012F00102086000F08D82A34BA9
:103F50001A6812F0010200F07382A14B1A6812F085
:103F6000010200F059829F4B1A6812F0010200F022
:103F70003F829D4B1A6812F0010200F025829B4B94
:103F80001A6812F0010200F00B82994B1A6812F0C5
:103F9000010200F0F181974B1A6812F0010200F063
:103FA000D781954B1A6812F0010200F0BD81934B46
:103FB0001A6812F0010200F0A381914B1A6812F006
:103FC000010200F089818F4B1A6812F0010200F0A3
:103FD0006F818D4B1A6812F0010200F0E5808B4B67
:103FE0001A6812F0010200F0CB80894B1A6812F0B7
:103FF000010200F0B180874B1A6812F0010200F054
:104000009780854B1A6812F001027DD0834B1A68A5
:1040100012F0010264D0824B1A6812F001024BD0F8
:10402000804B1A6812F0010232D07F4B1A6812F0EE
:10403000010219D07D4B1A6812F0010200D038BD80
:104040007B4C7C487C4D01211960C4E900507B49C0
:1040500004F10800F1F744FF794B236003F11802E3
:104060002833C4E9012338BD764C7248724D0121D2
:104070001960C4E90050744904F10800F1F730FFF9
:10408000724B236003F118022833C4E90123D1E7FE
:104090006F4C6848684D01211960C4E900506D49B2
:1040A00004F10800F1F71CFF6B4B236003F11802C9
:1040B0002833C4E90123B8E7684C5E485E4D01210E
:1040C0001960C4E90050664904F10800F1F708FFDF
:1040D000644B236003F118022833C4E901239FE7EE
:1040E000614C5448544D01211960C4E900505F49A6
:1040F00004F10800F1F7F4FE5D4B236003F11802B0
:104100002833C4E9012386E75A4C4A484A4D012125
:104110001960C4E90050584904F10800F1F7E0FEC5
:10412000564B236003F118022833C4E901236DE7DD
:10413000534C4048404D01211960C4E90050514999
:1041400004F10800F1F7CCFE4F4B236003F1180295
:104150002833C4E9012354E74C4C3648364D01213D
:104160001960C4E900504A4904F10800F1F7B8FEAB
:10417000484B236003F118022833C4E901233AE7CE
:10418000454C2C482C4D01211960C4E9005043498D
:1041900004F10800F1F7A4FE414B236003F118027B
:1041A0002833C4E9012320E73E4C2248224D012157
:1041B0001960C4E900503C4904F10800F1F790FE91
:1041C0003A4B236003F118022833C4E9012306E7C0
:1041D00030EA002070E800202CEA00206CE8002083
:1041E00068E8002064E8002060E800205CE8002027
:1041F00058E8002054E8002050E800204CE8002057
:1042000048E8002044E8002040E800203CE8002086
:1042100038E8002034E8002030E800202CE80020B6
:1042200028E8002024E8002020E800201CE80020E6
:1042300074E80020D0B80308E0B803089CAF030876
:1042400030BD030888E800209CAF0308FCBC0308CD
:104250009CE800209CAF0308C8BC0308B0E800201D
:104260009CAF030894BC0308C4E800209CAF03087B
:1042700060BC0308D8E800209CAF03082CBC0308EE
:10428000ECE800209CAF0308F8BB030800E900201D
:104290009CAF0308C4BB030814E900209CAF0308CB
:1042A00090BB030828E900209CAF03085CBB03080F
:1042B000774C7848784D01211960C4E9005077495E
:1042C00004F10800F1F70CFE754B236003F11802AE
:1042D0002833C4E901237CE6724C6E486E4D0121FF
:1042E0001960C4E90050704904F10800F1F7F8FDC5
:1042F0006E4B236003F118022833C4E9012362E600
:104300006B4C6448644D01211960C4E9005069494F
:1043100004F10800F1F7E4FD674B236003F1180294
:104320002833C4E9012348E6644C5A485A4D012118
:104330001960C4E90050624904F10800F1F7D0FDAA
:10434000604B236003F118022833C4E901232EE6F1
:104350005D4C5048504D01211960C4E900505B4943
:1043600004F10800F1F7BCFD594B236003F118027A
:104370002833C4E9012314E6564C4648464D012132
:104380001960C4E90050544904F10800F1F7A8FD90
:10439000524B236003F118022833C4E90123FAE5E4
:1043A0004F4C3C483C4D01211960C4E900504D4937
:1043B00004F10800F1F794FD4B4B236003F1180260
:1043C0002833C4E90123E0E5484C3248324D01214D
:1043D0001960C4E90050464904F10800F1F780FD76
:1043E000444B236003F118022833C4E90123C6E5D6
:1043F000414C2848284D01211960C4E900503F492B
:1044000004F10800F1F76CFD3D4B236003F1180245
:104410002833C4E90123ACE53A4C1E481E4D012166
:104420001960C4E90050384904F10800F1F758FD5B
:10443000364B236003F118022833C4E9012392E5C7
:10444000334C1448144D01211960C4E9005031491E
:1044500004F10800F1F744FD2F4B236003F118022B
:104460002833C4E9012378E52C4C0A480A4D012180
:104470001960C4E900502A4904F10800F1F730FD41
:10448000284B236003F118022833C4E901235EE5B9
:104490003CE90020D0B80308E0B803089CAF03084B
:1044A00028BB030850E900209CAF0308F4BA0308B6
:1044B00064E900209CAF0308C0BA030878E9002033
:1044C0009CAF03088CBA03088CE900209CAF03085A
:1044D00058BA0308A0E900209CAF030824BA0308D7
:1044E000B4E900209CAF0308F0B90308C8E9002034
:1044F0009CAF0308BCB90308DCE900209CAF0308AB
:1045000088B90308F0E900209CAF030854B90308F8
:1045100004EA00209CAF030820B9030818EA002031
:104520009CAF0308ECB8030882B08DE80C00049B34
:104530000C2B20D8DFE803F01E07090B0D0F111319
:104540001517191B1D00103214E0203212E0303212
:1045500010E040320EE050320CE060320AE070327F
:1045600008E0803206E0903204E0A03202E0B0328F
:1045700000E0C032026002B07047000082B08DE8F7
:104580000C00049B3BB1012B0AD1064B4360023265
:10459000054B026003E0054B4360054B02608360FE
:1045A00002B07047C5420208C9420208914E020893
:1045B000894E020882B08DE80C00049B0BB90432CE
:1045C000026002B07047000082B08DE80C00049BCE
:1045D000042B1ED8DFE803F003080D1218000E4B61
:1045E000436002600D4B13E00D4B436002600D4BC6
:1045F0000EE00D4B436002600C4B09E00C4B436036
:104600000B320C4B026003E00B4B43600B4B026020
:10461000836002B0704700BFCD4E0208C54E02084D
:10462000B94E0208B14E0208A1420208A94202088E
:10463000C5420208C9420208A54E02089D4E020862
:1046400082B08DE80C00049B1BB1012B05D10260E8
:1046500003E0034B43601432026002B0704700BFB6
:10466000BD42020882B08DE80C00049B012B03D0F0
:10467000022B03D043B902E0043200E00832034BBE
:104680004360034B0260836002B07047A14202089E
:10469000A942020882B08DE80C00049B0BB90432D9
:1046A000026002B07047000082B08DE80C00049BED
:1046B000012B03D0022B03D043B902E0043200E007
:1046C0000832034B4360034B0260836002B07047C3
:1046D000A1420208A942020882B08DE80C00049BA6
:1046E000052B1BD8DFE803F0030A0D1114180C4B3F
:1046F000436010320B4B026083600FE00A4B026094
:1047000008E01432094B026004E0094B026001E04A
:10471000084B0260436001E00432026002B070475F
:10472000894302088D430208F14E020899420208AB
:10473000E54E0208D94E020882B08DE80C00049BB9
:1047400023B9034B4360034B0260836002B07047A0
:10475000A1420208A942020882B08DE80C00049B25
:10476000052B16D8DFE803F00305080C0F132C32D5
:1047700003E0094B026008E03032084B026004E0BD
:10478000074B026001E0074B0260436001E0043226
:10479000026002B0704700BF154F0208994202083C
:1047A000094F0208FD4E020882B08DE80C00049B00
:1047B000142B5CD8DFE803F00B101517191E232506
:1047C00027292F34363B3D3F45474D535500294B54
:1047D00043600260284B49E0284B43600260284B4D
:1047E00044E0203228E02C3234E0264B4360026063
:1047F000254B3BE0254B43600260254B36E01C32E5
:1048000004E0143202E0183216E02832214B4360F3
:104810000260214B2AE0214B43600260204B25E0DF
:104820002D3217E01F4B436002601F4B1EE0043225
:1048300002E0083200E00C321C4B436002601C4B6B
:1048400014E02F3206E01B4B436030321A4B0260FB
:104850000CE03132194B43600260194B06E04E32D6
:1048600000E05032174B4360174B0260836002B088
:10487000704700BF794302087D430208A14F020838
:10488000954F0208854F0208794F0208694F0208C8
:104890005D4F0208494302084D4302084D4F02088C
:1048A000414F0208314F0208254F0208A142020879
:1048B000A9420208694302086D430208C542020882
:1048C000C9420208814302088543020882B08DE88C
:1048D0000C00049B122B47D8DFE803F00A101216D5
:1048E000181C1E212426292B2D313436383F440034
:1048F0001E4B43608C321E4B02602CE08F3200E076
:104900008E321C4B02602BE0903200E094321A4B46
:10491000026025E0983221E0184B026020E0184B3D
:1049200002601DE0AC3219E0164B026018E0B032B4
:1049300014E0B43212E0F232134B026010E0134B79
:1049400002600DE0B83209E0C43207E0104B43606A
:10495000C832104B0260836006E0CC320E4B02601E
:10496000436001E03432026002B0704771430208D4
:1049700075430208BD420208D5420208D14F020821
:10498000C54F0208B94F0208B9420208AD4F0208EC
:10499000494302084D4302089942020882B08DE85B
:1049A0000C00049B032B0DD8DFE803F0070204067C
:1049B000043202E0083200E00C32034B4360034B48
:1049C0000260836002B07047A1420208A942020857
:1049D00082B08DE80C00049B062B2DD8DFE803F095
:1049E00004070B11151D2400144B02601AE002F598
:1049F000615204321BE002F561520532104B026035
:104A000010E002F56152083202E002F561520C3208
:104A10000C4B436002600C4B0DE002F5615210320A
:104A20000A4B0260436007E002F561521432084B02
:104A30004360084B0260836002B07047C1420208C5
:104A4000BD420208A1420208A94202089942020896
:104A5000C5420208C942020882B08DE80C00049BDE
:104A60001D2B79D8DFE803F00F12161A1E22272D0E
:104A70002F31333537394E3B41436E6A484C5054E1
:104A80005C6164686C7002F5625224E002F5625267
:104A9000193225E002F562521B3221E002F5625222
:104AA00018321DE002F562521A3219E02B4B4360B6
:104AB00002602B4B4FE02B4B436001322A4B0260CC
:104AC00049E0043243E0083241E00C323FE0183262
:104AD0003DE010323BE0143239E01C3237E0243242
:104AE000224B43600260224B35E028322FE0214BFD
:104AF00043600260204B2EE002F562521C320AE055
:104B000002F56252203222E002F5625224321EE0A7
:104B100002F562522832194B43600260184B1AE0CA
:104B2000184B43600260184B15E03C32026013E002
:104B300002F562522C320AE002F56252303206E08F
:104B400002F56252383202E002F5625234320F4B03
:104B500043600F4B0260836002B07047215002082F
:104B6000195002086143020865430208C542020861
:104B7000C942020805500208FD4F020869430208B5
:104B80006D430208F14F0208E54F0208A1420208F6
:104B9000A942020882B08DE80C00049B0F2B58D864
:104BA000DFE803F00810191E2226292D31373B4378
:104BB00047494E5102F56352274B43601C32274B45
:104BC000026006E002F563522032254B4360254B1C
:104BD000026083603DE0244B43600260234BF8E7B2
:104BE00002F564521832F0E702F564521C32ECE729
:104BF00002F5645229E002F56452083226E002F51B
:104C00006452103222E002F564523D32184B0260C9
:104C10001EE002F564520C32D7E702F56452154BE0
:104C200043603E32144B0260D3E702F564523832DF
:104C3000CBE7183202E002F564522832026008E045
:104C400002F5655202E002F5655204320B4B026038
:104C5000436002B0704700BF594302085D43020839
:104C6000A1420208A942020831500208615102081B
:104C7000BD420208C5420208C94202089942020820
:104C800082B08DE80C00049B192B5ED8DFE803F09E
:104C90000D12181A1C2126282E30323436383A3F8D
:104CA00041434547494B51535557294B4360026097
:104CB000284B49E0284B43600432284B026043E014
:104CC00008323DE00C323BE0254B43600260254B4F
:104CD0003AE0254B43600260244B35E018322FE068
:104CE000234B43601C32234B02602DE0203227E02F
:104CF000243225E0283223E0343221E038321FE02C
:104D00002C321DE01C4B436002601C4B1CE03C320B
:104D100016E0403214E0443206E0483210E04C32F3
:104D20000EE0503200E05132154B43600260154BEB
:104D30000AE0543204E0583202E05C3200E06032B3
:104D4000114B4360114B0260836002B0704700BF9B
:104D50008D500208055D0208494302084D430208D0
:104D60008550020879500208695002085D50020817
:104D700051430208554302084D50020841500208B1
:104D8000C5420208C9420208A1420208A94202081B
:104D900082B08DE80C00049B112B3FD8DFE803F0B4
:104DA000090C0F1114171A1D202326292B2D2F3122
:104DB000383A1B4B026030E01A4B02602DE014328F
:104DC00020E0194B026028E0184B026025E0184BE8
:104DD000026022E0174B02601FE0174B02601CE0EC
:104DE000164B026019E0164B026016E0154B02608C
:104DF00013E08C320FE090320DE0A4320BE09432DD
:104E000000E09832104B4360104B0260836005E075
:104E10009C3200E0A0320E4B0260436002B070474B
:104E2000996002087D6002085D6002084160020826
:104E30002160020805600208C5500208A950020856
:104E4000E55F0208C95F0208A1420208A942020800
:104E50009942020882B08DE80C00049B072B1ED8F3
:104E6000DFE803F00412090B0D0F11170D4B43601F
:104E700002600D4B12E0043206E0083204E00C320E
:104E800002E0143200E01832084B43600260084B25
:104E900004E0084B43601C32074B0260836002B0A1
:104EA000704700BFD9500208D1500208A142020841
:104EB000A9420208C5420208C942020882B08DE830
:104EC0000C00049B23B1012B06D12C32026003E0BD
:104ED000024B43601032026002B0704799420208F0
:104EE00082B08DE80C00049B012B03D0022B07D06D
:104EF00063B900E00432064B43600260054B04E0F6
:104F0000054B43600832054B0260836002B0704776
:104F1000A1420208A9420208C5420208C942020889
:104F200082B08DE80C00049B23B1012B06D12C32FA
:104F3000026003E0024B43601032026002B070472F
:104F40009942020882B08DE80C00049B142B4DD8C6
:104F5000DFE803F00B0D14161A1D20232527292B3B
:104F60003134373C3E4143454A0098321EE0204BE5
:104F7000436090321F4B0260836037E09C3200E058
:104F80009E321D4B02602DE01C4B02602AE01C4B40
:104F9000026027E01B4B026024E0B03206E0B4322E
:104FA00004E0B83202E0C0320DE0C432164B436078
:104FB0000260164BE0E702F5B87204E002F5BA723F
:104FC00001E002F5BC72124B02600BE0536900E095
:104FD000936903600AE0C83207E0883200E08C324F
:104FE0000C4B0260436001E01C32026002B070476B
:104FF0003943020841430208BD420208795F0208B2
:105000005D5F02083D5F0208A1420208A942020852
:1050100099420208C142020882B08DE80C00049B4C
:105020000B2B25D8DFE803F01F060C0E1012141608
:10503000181A1C1E0F4B436004320F4B026016E01F
:10504000083210E00C320EE010320CE014320AE0AC
:10505000183208E01C3206E0203204E0243202E07C
:10506000283200E02C32054B4360054B0260836020
:1050700002B07047C5420208C9420208CD42020888
:10508000D142020882B08DE80C00049B0C2B28D87A
:10509000DFE803F02207090B0D0F111315171D1F71
:1050A0002100043218E0083216E00C3214E010320D
:1050B00012E0143210E0183204E0193202E01A3221
:1050C00000E01B32084B43600260084B08E01C32D2
:1050D00002E0203200E02432054B4360054B0260C1
:1050E000836002B0704700BFC5420208C94202088F
:1050F000A1420208A942020882B08DE80C00049B7C
:10510000042B10D8DFE803F00A0305070900043276
:1051100004E0083202E00C3200E01032034B43603E
:10512000034B0260836002B0704700BFA1420208D7
:10513000A942020882B08DE80C00049B0F2B36D8E0
:10514000DFE803F01D080A0C0E101214161C2227AB
:105150002D2F3133013212E0023210E003320EE023
:1051600004320CE005320AE0063208E0073206E0BD
:10517000104B43600832104B02600EE00C320F4BB4
:10518000436002600E4B08E00E4B436002600E4B22
:1051900003E00E4B43600E4B0260836007E0143265
:1051A00004E03C3202E0643200E08C32026002B083
:1051B000704700BFA1420208A9420208C542020886
:1051C000C94202080951020801510208F1500208BF
:1051D000E950020882B010B502A981E80C0004462B
:1051E00010220021CBF7ECFC2046BDE8104002B0B5
:1051F000704700BFA1F10401ECE700BF82B010B519
:1052000002A981E80C00044610220021CBF7D8FC4B
:105210002046BDE8104002B0704700BFA1F1040174
:10522000ECE700BF82B08DE80C00049B112B55D831
:10523000DFE803F00910151B20252D3436393C3FDB
:105240004144474A4D51264B436002F51B72254BA2
:1052500002601AE002F51C72234B026003E002F5C3
:105260002072224B0260436038E002F51E72204B30
:105270000260F8E7D2F8A03203601E4BF3E71E4B42
:10528000436002F525721D4B0260836026E01C4BD3
:10529000436002F529721B4B0260F6E710321CE0F6
:1052A000D2F87C3115E0D2F8243112E0D2F8D030B7
:1052B0000FE0D43211E0D2F820310AE0D2F8803188
:1052C00007E0D2F8843104E0D2F8883101E0D2F866
:1052D0008C31036002E002F5C872026002B07047D0
:1052E0001D43020821430208BD420208C1420208D0
:1052F000254302082D4302083143020835430208C2
:10530000C5420208C942020882B08DE80C00049B25
:10531000012B07D0022B07D063B9074B4360026013
:10532000064B06E0043200E00832054B4360054BB3
:105330000260836002B07047F1420208094302082C
:10534000A1420208A942020882B08DE80C00049B29
:105350002C2B00F28880DFE803F017191B1D1F219A
:10536000232527292B2D333537393B3D43454749E5
:105370004F5557595B5D5F61636567696B6D6F7111
:105380007375777E80828400113224E0123222E02D
:10539000133220E0143230E018322EE01C322CE0C0
:1053A000203218E0213216E0253204E0223202E0F9
:1053B000233200E024322D4B436002602C4B48E046
:1053C000283214E02C3212E0303204E034320EE0A5
:1053D00038320CE03C32274B43600260264B38E009
:1053E000403204E0443202E0483200E04C32234BC9
:1053F00043600260224B2CE05032224B436002603B
:10540000214B26E0A8322DE0B4322BE001321CE023
:1054100002321AE0033218E0043216E0053214E0DA
:10542000063212E0073210E008320EE009320CE0DA
:105430000A320AE00B3208E00C3206E00D3204E0DA
:105440000E3202E00F3200E01032104B4360104B7E
:105450000260836007E0543204E0603202E06C32A4
:1054600000E07832026002B0704700BFE9420208F3
:10547000ED420208C5420208C9420208A1420208E0
:10548000A9420208CD420208D1420208154302088F
:105490001943020882B08DE80C00049B3BB1012B3C
:1054A0000AD1064B43600432054B026003E0054B12
:1054B0004360054B0260836002B07047E14202081E
:1054C000E5420208115102086D51020882B08DE8D0
:1054D0000C00049B23B1012B08D10832026005E0C7
:1054E000034B43600432034B0260836002B0704799
:1054F000D9420208DD42020882B08DE80C00049B0C
:105500001BB9034B43600C32026002B0704700BF0E
:10551000C142020882B08DE80C00049B032B0ED818
:10552000DFE803F002050709064B026006E00432DB
:1055300002E0083200E00C32034B0260436002B02C
:10554000704700BFB9420208C142020882B08DE82C
:105550000C00049B012B03D0022B03D033B902E0D3
:10556000043200E00832024B0260436002B0704730
:10557000C142020882B010B502A981E80C000446BD
:1055800010220021CBF71CFB2046BDE8104002B0E2
:10559000704700BFA1F10401ECE700BF82B08DE8C5
:1055A0000C00049B152B3DD8DFE803F00B0D0F1109
:1055B000131517191B1D1F212325292B2D2F3133BF
:1055C000383A043218E0083216E00C3214E0103297
:1055D00012E0143210E01C320EE018320CE02032DF
:1055E0000AE0243208E0283206E02C3204E03032AF
:1055F00002E0343200E038320B4B02600CE03C3207
:1056000008E0403206E0443204E0483202E04C3226
:1056100000E05032054B0260436003E0536D00E050
:10562000936D036002B07047C1420208D542020880
:1056300082B08DE80C00049B032B10D8DFE803F048
:1056400005020409043200E00832064B02604360A0
:1056500005E0054B43600C32044B0260836002B0EE
:10566000704700BFC1420208CD420208D142020881
:1056700082B08DE80C00049B032B09D8DFE803F00F
:1056800007020406103202E0203200E030320260ED
:1056900002B0704782B010B502A981E80C00044640
:1056A00010220021CBF78CFA2046BDE8104002B052
:1056B000704700BFA1F10401ECE700BF82B010B554
:1056C00002A981E80C00044610220021CBF778FAE9
:1056D0002046BDE8104002B0704700BFA1F10401B0
:1056E000ECE700BF82B010B502A981E80C000446C7
:1056F00010220021CBF764FA2046BDE8104002B02A
:10570000704700BFA1F10401ECE700BF82B010B503
:1057100002A981E80C00044610220021CBF750FAC0
:105720002046BDE8104002B0704700BFA1F104015F
:10573000ECE700BF82B010B502A981E80C00044676
:1057400010220021CBF73CFA2046BDE8104002B001
:10575000704700BFA1F10401ECE700BF82B08DE803
:105760000C00049B1C2B7AD8DFE803F00F151719E7
:10577000202426282A2C2E303436393D41454D5FD1
:1057800051575B5D616970757700364B4360383205
:10579000354B026008E0D36B22E0136C20E0334B02
:1057A00043604432324B0260836058E0936C036084
:1057B000304B49E04C320AE04D3208E04E3206E010
:1057C0004F3204E0503202E0513200E052322A4BB4
:1057D000026039E0536D00E0936D036033E0D36DF8
:1057E0000360264B30E002F58542583212E002F5A4
:1057F00085425C320EE002F58542214B4360603207
:10580000204B0260D0E702F58542643221E002F5C8
:10581000854248321C4B026016E002F585424C324C
:1058200010E0BC3215E002F58142603211E002F571
:105830008542164B43605032154B0260B4E702F5C7
:10584000864224320260134B436008E002F5824234
:105850007832026003E0104B00E0104B036002B0AE
:10586000704700BF9142020895420208A142020817
:10587000A9420208B1420208B9420208994202084C
:10588000C5420208C9420208C1420208CD420208CC
:10589000D1420208BD42020800100020D8120020A8
:1058A000D1E9000310B514469847002814BF3123EE
:1058B0003023237000236370012010BD37B501939E
:1058C000D1E9000315469847044A01990346284642
:1058D000CBF77AFB012003B030BD00BF87AF0308D0
:1058E00037B50193D1E9000315469847044A019959
:1058F00003462846CBF768FB012003B030BD00BF4C
:105900008AAF030837B50193D1E9000315469847DC
:10591000044A019903462846CBF756FB012003B001
:1059200030BD00BF8EAF030837B50193D1E9000346
:1059300015469847044A019903462846CBF744FB8D
:10594000012003B030BD00BF87AF030837B51D4647
:10595000D1E900031446984710EE100AD6F7B0F9C3
:10596000044ACDE9000129462046CBF72DFB012052
:1059700003B030BD84AF030837B51D46D1E900033D
:1059800014469847044ACDE9000129462046CBF742
:105990001BFB012003B030BD3C99040837B51D4600
:1059A000D1E9000314469847044ACDE9000129468D
:1059B0002046CBF709FB012003B030BD92AF0308AE
:1059C000704700002DE9F04397B005460E4606A843
:1059D0004021CBF7F9FA4028044628BF4024002E86
:1059E00000F08C80034648B1002306A91A4611F83E
:1059F000010B0132A24283EA0003F8D306A8C4F1E6
:105A000040012044424ACBF7DFFA0444D5E9C302FF
:105A1000511C402CC1F3080128BF402406AB814231
:105A200003EB040805F58676034617D002F2FF1350
:105A3000C3F30807B84230D806A93B1AA8EB010403
:105A40009C4228BF1C4630442246CAF7A3FFD5F823
:105A50000C332344C3F30803C5F80C3395F814231F
:105A6000C2B9D5F810239A422ED2012085F814032A
:105A7000D5F81C03324404680492264A246833444F
:105A800002A90593CDE90226009104AA06CA05F5EC
:105A90004673A04717B0BDE8F083C0F50079A14573
:105AA00028BFA14606A930444A46CAF773FFD5F875
:105AB0000C03484406A9C0F30800A14594BF49441B
:105AC0000919C5F80C03B8E7E4D9D5F81C03036835
:105AD00001211C6885F8141302AB0093324405F5CC
:105AE000467305F54375049205950A49029104AA87
:105AF00006CA0396A04717B0BDE8F08306ABC4F111
:105B000040011819044ACBF75FFA02347EE700BF60
:105B100044990408815C03084C9904082DE9F0437A
:105B200097B005469DF878409DF87C000094019060
:105B30000E4606A84021CBF747FA4028044628BF66
:105B40004024002E00F08C80034648B1002306A9B3
:105B50001A4611F8010B0132A24283EA0003F8D37E
:105B600006A8C4F140012044424ACBF72DFA044470
:105B7000D5E9C302511C402CC1F3080128BF4024C1
:105B800006AB814203EB040805F58676034617D081
:105B900002F2FF13C3F30807B84230D806A93B1A34
:105BA000A8EB01049C4228BF1C4630442246CAF799
:105BB000F1FED5F80C332344C3F30803C5F80C33C6
:105BC00095F81423C2B9D5F810239A422ED2012099
:105BD00085F81403D5F81C03324404680492264A5D
:105BE0002468334402A90593CDE90226009104AA52
:105BF00006CA05F54673A04717B0BDE8F083C0F5A7
:105C00000079A14528BFA14606A930444A46CAF7F3
:105C1000C1FED5F80C03484406A9C0F30800A1450D
:105C200094BF49440919C5F80C03B8E7E4D9D5F87D
:105C30001C03036801211C6885F8141302AB009350
:105C4000324405F5467305F54375049205950A49F6
:105C5000029104AA06CA0396A04717B0BDE8F083D4
:105C600006ABC4F140011819044ACBF7ADF9023470
:105C70007EE700BF44990408815C03084C9904083E
:105C800030B589B002AB83E8060003469DF80800F2
:105C90000399002283F80822C3F80C2228BB8B4208
:105CA00000D9FEE703F500758D42FAD3CA1AD3F87E
:105CB0000012C2F308028A42C3F8042217D314D98F
:105CC000D3F8100207951A4401210468069283F85C
:105CD00008120D49246804AA009208AACDE9041309
:105CE00012E9060003F50373A04709B030BDD3F8ED
:105CF00010021A4419444FF0010C0468069283F80C
:105D000008C20791E5E700BF815C030810B50246B1
:105D1000034600F5847152F8080B86B004682468C5
:105D20000492054A0591CDE9022304A902AB01AA18
:105D3000A04706B010BD00BF3D7D03080B1A00B59B
:105D40004FEAA30EBEF1000F19DD137800EB8E0EA3
:105D50000EE090F801C09C452DD090F802C09C4503
:105D60002CD090F803C09C452BD00430704505D052
:105D700090F800C09C45ECD15DF804FB0B1A022B97
:105D800013D0032B04D0012B08D008465DF804FB88
:105D9000137802789A42EFD0013007E01378027846
:105DA0009A4218BF08465DF804FB137802789A42BD
:105DB000E2D00130F3E701305DF804FB02305DF81A
:105DC00004FB03305DF804FB2DE9F04F0D4614464B
:105DD0009C46074606460FCD0FC791B02B683B6027
:105DE0000BAA002304EB0C0120468DF82C30FFF7A2
:105DF000A5FF8046444559D23769002F56D04FF051
:105E00002E030BAA414620468DF82C30FFF796FF53
:105E1000BB6805933346A0EB040B3E464FF00009E8
:105E2000049025461F46059B4B452ED0726852F8BC
:105E3000394028465A4621464FEAC90ACBF78EFB1D
:105E400000BB2046CBF71CFB83451BD13B463746A6
:105E50001E463C68CDF80890D3E902018DE80300A6
:105E60003946D3E900232468049D06A8A0477B682F
:105E7000534406AFD3F804C0CDF828C00FCF0BAC05
:105E80000FC406E009F10109CDE7049D3E464FF03D
:105E9000000CCDF83CC00BAF0FCF34460FC4C4F894
:105EA00000C06C1C444528BF4446A3E7304611B0EF
:105EB000BDE8F08F014A01600261704710EB0020DD
:105EC0002DE9F04397B00E460546402106A8CBF7D2
:105ED0007BF84028044628BF4024002E00F08C8028
:105EE000034648B1002206A9134611F8010B0132FE
:105EF000A24283EA0003F8D306A8C4F1400120447B
:105F0000424ACBF761F80444D5E9C302511C402C46
:105F1000C1F3080128BF402406AB814203EB04080B
:105F200005F58676034617D002F2FF13C3F3080780
:105F3000B84230D806A93B1AA8EB01049C4228BFFE
:105F40001C4630442246CAF725FDD5F80C332344BD
:105F5000C3F30803C5F80C3395F81423C2B9D5F878
:105F600010239A422ED2012085F81403D5F81C0381
:105F7000324404680492264A2468334402A90593F3
:105F8000CDE90226009104AA06CA05F54673A0478A
:105F900017B0BDE8F083C0F50079A14528BFA14640
:105FA00006A930444A46CAF7F5FCD5F80C03484424
:105FB00006A9C0F30800A14594BF49440919C5F8D2
:105FC0000C03B8E7E4D9D5F81C03036801211C6869
:105FD00085F8141302AB0093324405F5467305F5BA
:105FE0004375049205950A49029104AA06CA0396CC
:105FF000A04717B0BDE8F08306ABC4F14001181903
:10600000044ACAF7E1FF02347EE700BF449904085E
:10601000815C03084C99040870B51446264E274A43
:1060200005462146FFF74CFF214632462846FFF73A
:1060300047FF21462846224AFFF742FF21462846CD
:10604000204AFFF73DFF214628461F4AFFF738FF49
:10605000214628461D4AFFF733FF214628461C4AA1
:10606000FFF72EFF324621462846FFF729FF21463B
:106070002846184AFFF724FF21462846164AFFF70C
:106080001FFF21462846154AFFF71AFF32462146D0
:106090002846FFF715FF21462846114AFFF710FF53
:1060A000214628460F4AFFF70BFF0F4A2146284694
:1060B000FFF706FF70BD00BF40DC040850990408DC
:1060C0007C990408A4990408C8990408EC99040868
:1060D000089A04081C9A04085C9A0408709A040838
:1060E000889A0408989A0408AC9A0408F0B5C9B0D4
:1060F00004461546084608AA1A49CAF7A9FF002807
:1061000029DD03A818494FF4807308AAFFF75CFE45
:106110000798FFF755FCB8B1144A15496FF0010311
:1061200002F078FC80B103686E461F6803A932460E
:106130000A23B8470F4A2946002818BF324620468E
:10614000FFF7BEFE49B0F0BD0B4A29462046FFF7D7
:10615000B7FE49B0F0BD094A29462046FFF7B0FE18
:1061600049B0F0BDC89A040870ED0020CCAF030818
:10617000A8AF0308B89A0408E89A0408D09A04085B
:1061800070B5ADF5067D05461446084646AB1D497B
:1061900006AACAF75DFF002824DD01A81A4906AA4D
:1061A0004FF48073FFF710FE0598FFF709FC88B1E4
:1061B000164A17496FF0010302F02CFC50B1036836
:1061C00046AA5E6801A94FF48073B04790B10DF5FF
:1061D000067D70BD0F4A21462846FFF771FE0DF57A
:1061E000067D70BD0C4A21462846FFF769FE0DF575
:1061F000067D70BD094A21462846FFF761FE0DF570
:10620000067D70BDFC9A040870ED0020CCAF030839
:10621000A8AF0308E89A0408D09A0408B89A0408BA
:1062200030B587B005AC04ABCDE9003484461546E3
:10623000084603AB214902AA6446CAF709FF0128B0
:1062400034DD029B012B2AD81D49039D84464FF45F
:10625000367000FB03104FF0030ED0F8244104F514
:10626000405284F818E002F61414BCF1020F2560C5
:1062700009D002F61814049D2560F44503D002F6F7
:106280001C14059D2560012482F83C494FF43672A8
:1062900002FB03F3CB581B68984707B030BD094A8F
:1062A00029462046FFF78EFB07B030BD064A294637
:1062B0002046FFF705FE07B030BD00BF1C9B040859
:1062C000001000202C9B0408D09A040870B586B0FA
:1062D00005AC04ABCDE9003484461546084603AB53
:1062E0001F4902AA6446CAF7B3FE012831DD029BAA
:1062F000012B27D81B4E039D84464FF4367000FBBC
:1063000003600324D0F8242102F54051147601F6ED
:106310001414BCF1020F256008D0049C9462BCF1F7
:10632000030F03D0D0F87C21059C5464012281F82E
:106330003C294FF4367202FB03F3F3581B6898476D
:1063400006B070BD084A29462046FFF73BFB06B061
:1063500070BD064A29462046FFF7B2FD06B070BD63
:10636000409B0408001000202C9B0408D09A0408CD
:1063700030B587B005AB009304461546084604AB1C
:106380001B4903AACAF764FE01282ADD039B012BDF
:1063900020D81849049D84464FF4367000FB031042
:1063A0004FF0020ED0F8244104F5405284F818E072
:1063B00002F61814F445256003D002F61C12059C61
:1063C00014604FF4367202FB03F3CB581B689847F6
:1063D00007B030BD084A29462046FFF7F3FA07B058
:1063E00030BD064A29462046FFF76AFD07B030BD9A
:1063F000509B0408001000202C9B0408D09A04082D
:1064000030B583B004461546084601AB14496A46C8
:10641000CAF71EFE01281CDD009B012B12D8114A71
:106420004FF4367101FB03F398189C58D0F82421DF
:10643000019902F56453012515762268D9619047C8
:1064400003B030BD084A29462046FFF7BBFA03B027
:1064500030BD064A29462046FFF732FD03B030BD65
:106460005C9B0408001000202C9B0408D09A0408B0
:1064700030B583B004461546084601AB17496A4655
:10648000CAF7E6FD012822DD009B012B18D814492C
:10649000019D4FF4367202FB03F3581840F2035487
:1064A000D0F82421148302F540525B5802F61414EC
:1064B00001211B68256082F83C19984703B030BD64
:1064C000084A29462046FFF77DFA03B030BD064A48
:1064D00029462046FFF7F4FC03B030BD649B040856
:1064E000001000202C9B0408D09A040830B50C46FC
:1064F00083B0034612492046154601AA1C46CAF736
:10650000A7FD002814DD019B012B0AD84FF436713A
:106510000C4A01FB03F3D0189B581B68984703B043
:1065200030BD094A29462046FFF74CFA03B030BD7A
:10653000064A29462046FFF7C3FC03B030BD00BF22
:106540006C9B0408001000202C9B0408D09A0408BF
:106550002DE9F04399B004461646881C03AB624906
:1065600002AACAF775FD01287DDD029B012B72D8B6
:10657000DFF8908103994FF4367503FB05F505EBC1
:106580000807D7F8D00003681B68984755F808300B
:1065900038461B689847039B544A402108A8CAF70D
:1065A00013FD0546002E00F09580002308A91A4629
:1065B00011F8010B0132954283EA0003F8D808A8CC
:1065C000C5F1400128444A4ACAF7FEFC0544D4E913
:1065D000C302511CC1F3080108AB814203EB05085B
:1065E00004F58676034617D002F2FF13C3F30807BB
:1065F000B84240D808A93B1AA8EB01059D4228BF24
:106600001D4630442A46CAF7C5F9D4F80C332B444A
:10661000C3F30803C4F80C3394F8142302BBD4F872
:1066200010239A423ED31BD9D4F81C0303680121DE
:106630001D6884F8141304AB3244009304F54673C8
:1066400004F5437406922B49079406AA0491059613
:1066500006CAA84704E0284A31462046FFF7B2F9A7
:1066600019B0BDE8F083254A31462046FFF728FCE3
:1066700019B0BDE8F083C0F50079A94528BFA94647
:1066800008A930444A46CAF785F9D4F80C034844AF
:1066900008A9C0F30800A94594BF49444919C4F8A2
:1066A0000C03A8E7012084F81403D4F81C03324437
:1066B0003344069207930F4A04F54673046804A90D
:1066C00024680091CDE9042606AA06CAA04719B09D
:1066D000BDE8F08308ABC0F14001094A1818CAF7B9
:1066E00073FC023573E700BF749B04087C9B0408AD
:1066F00044990408815C03082C9B0408D09A040880
:106700004C990408001000202DE9F0430B469BB083
:10671000654904461646184605AACAF799FC00289A
:1067200040F38180059B012B07D9604A3146204602
:10673000FFF748F91BB0BDE8F0835D4A4FF43671AE
:1067400001FB0323D3F8D050D5F8DC00D5F7B8FA15
:10675000CDE90201D5F8D400D5F7B2FA554ACDE912
:10676000000140210AA8CAF72FFC402828BF40207A
:106770000546002E76D000230AA91A4611F8010B0F
:106780000132AA4283EA0003F8D30AA8C5F1400106
:106790002844494ACAF718FC0544D4E9C302511CED
:1067A000402DC1F3080128BF40250AAB814203EB0D
:1067B000050804F58676034617D002F2FF13C3F3EB
:1067C0000807B84237D80AA93B1AA8EB01059D4231
:1067D00028BF1D4630442A46CAF7DCF8D4F80C33EB
:1067E0002B44C3F30803C4F80C3394F81423002A91
:1067F000A0D1D4F810239A423DD2012084F814038A
:10680000D4F81C0332443344089209932B4A04F50C
:106810004673046806A924680091CDE9062608AAF3
:1068200006CAA04786E7264A31462046FFF748FBBE
:106830001BB0BDE8F083C0F50079A94528BFA94683
:106840000AA930444A46CAF7A5F8D4F80C034844CC
:106850000AA9C0F30800A94594BF49444919C4F8DE
:106860000C03B1E70AABC0F14001164A1818CAF789
:10687000ABFB023591E77FF65DAFD4F81C030368EC
:1068800001211D6884F8141306AB3244009304F50B
:10689000467304F5437408920849099408AA0691BE
:1068A000079606CAA84745E7909B04082C9B040856
:1068B00000100020249B040844990408815C03080C
:1068C000D09A04084C9904082DE9F04397B0054686
:1068D0000E4606A84021CAF777FB4028044628BF89
:1068E0004024002E00F08C80034648B1002206A907
:1068F000134611F8010B0132A24283EA0003F8D3D8
:1069000006A8C4F140012044424ACAF75DFB044492
:10691000D5E9C302511C402CC1F3080128BF402413
:1069200006AB814203EB040805F58676034617D0D3
:1069300002F2FF13C3F30807B84230D806A93B1A86
:10694000A8EB01049C4228BF1C4630442246CAF7EB
:1069500021F8D5F80C332344C3F30803C5F80C33EE
:1069600095F81423C2B9D5F810239A422ED20120EB
:1069700085F81403D5F81C03324404680492264AAF
:106980002468334402A90593CDE90226009104AAA4
:1069900006CA05F54673A04717B0BDE8F083C0F5F9
:1069A0000079A14528BFA14606A930444A46C9F747
:1069B000F1FFD5F80C03484406A9C0F30800A1452F
:1069C00094BF49440919C5F80C03B8E7E4D9D5F8D0
:1069D0001C03036801211C6885F8141302AB0093A3
:1069E000324405F5467305F54375049205950A4949
:1069F000029104AA06CA0396A04717B0BDE8F08327
:106A000006ABC4F140011819044ACAF7DDFA023492
:106A10007EE700BF44990408815C03084C99040890
:106A200030B5124C114694F84D3094F84E2085B094
:106A3000CDE9003294F84C300D4A03910546FFF73A
:106A40006DF894F8510094F8502094F84F30039961
:106A5000CDE900202846074AFFF760F8064B074AB1
:106A600003992846FFF730FF05B030BD10A4002081
:106A7000989B0408B49B040840EA0020D09B0408BB
:106A800038B59C499C48FFF715FA9C4B1A6812F0E0
:106A9000010200F086879A4B1A6812F0010200F09A
:106AA0007087984B1A6812F0010200F05587964BD8
:106AB0001A6812F0010200F03F87944B1A6812F036
:106AC000010200F09A86924B1A6812F0010200F05F
:106AD0008486904B1A6812F0010200F06E868E4B8D
:106AE0001A6812F0010200F053868C4B1A6812F0FB
:106AF000010200F038868A4B1A68D50740F12786D4
:106B0000884B1A68D40740F11686874B1A6812F032
:106B1000010200F00086854B1A68D00740F1EF852E
:106B2000834B1A68D10740F1DE85824B1A68D20781
:106B300040F1CD85804B1A68D50740F1BD857F4B6C
:106B40001A6812F0010200F0A2857D4B1A6812F05B
:106B5000010200F087857B4B1A68D40740F17685E7
:106B6000794B1A68D00740F16585784B1A6812F0A6
:106B7000010200F04A85764B1A6812F0010200F01B
:106B80002F85744B1A68D10740F11E85724B1A6825
:106B900012F0010200F00385704B1A68D20740F131
:106BA000F2846F4B1A6812F0010200F0D7846D4B2B
:106BB0001A6812F0010200F0C1846B4B1A6812F0DF
:106BC000010200F01D84694B1A6812F0010200F006
:106BD0000284674B1A6812F0010200F0E883654BEB
:106BE0001A68D50740F1D883634B1A68D40740F17F
:106BF000C883624B1A68D00740F1B883604B1A68AB
:106C0000D10740F1A8835F4B1A6812F0010200F02F
:106C10008E835D4B1A68D20740F17E835B4B1A6806
:106C2000D50740F16E835A4B1A68D40740F15E8352
:106C3000584B1A68D00740F14E83574B1A68D1075A
:106C400040F13E83554B1A6812F0010200F0248394
:106C5000534B1A6812F0010200F00A83514B1A6874
:106C6000D20740F1FA82504B1A68D50740F1EA8208
:106C70004E4B1A6812F0010200F0D0824C4B1A6899
:106C800012F0010200F0B6824A4B1A6812F00102BB
:106C900000F09C82484B1A6812F0010200F08282D8
:106CA000464B1A68D40740F17282454B1A68D007E8
:106CB00040F16282434B1A68D10740F1B981424BDF
:106CC0001A68D20740F1A981404B1A6812F00102FC
:106CD00000F08F813E4B1A6812F0010200F07581BE
:106CE0003C4B1A68D50740F165813B4B1A68D407C5
:106CF00074E000BF10A4002070ED002070E80020B8
:106D00000CEB00206CE8002008EB002004EB0020D6
:106D100000EB0020FCEA002068E8002064E8002086
:106D2000F8EA0020F4EA0020F0EA0020ECEA002073
:106D3000E8EA0020E4EA0020E0EA002060E8002021
:106D40005CE80020DCEA0020D8EA002058E80020B7
:106D500054E80020D4EA002050E80020D0EA0020C7
:106D60004CE80020CCEA0020C8EA002048E80020D7
:106D700044E80020C4EA0020C0EA0020BCEA002069
:106D8000B8EA002040E80020B4EA0020B0EA002081
:106D9000ACEA0020A8EA0020A4EA00203CE8002099
:106DA00038E80020A0EA00209CEA002034E8002017
:106DB00030E800202CE8002028E8002098EA002095
:106DC00094EA002090EA00208CEA002024E80020C9
:106DD00020E8002088EA002084EA002040F1DF80DB
:106DE000994B1A68D00740F1D080984B1A68D107A8
:106DF00040F1C080964B1A6812F0010200F0A680A4
:106E0000944B1A68D20740F19680934B1A68D507C5
:106E100040F18680914B1A68D40776D5904B1A685A
:106E2000D00768D58F4B1A68D10759D58E4B1A6891
:106E3000D2074AD58D4B1A68D5073BD58C4B1A68BB
:106E4000D4072DD58B4B1A68D0071ED58A4B1A68EC
:106E5000D1070FD5894B1A68D20700D538BD884CA9
:106E60008849012018601D222046EFF739F8864B2B
:106E7000236038BD854C86490120186012222046C7
:106E8000EFF72EF8834B2360E4E7834C834901201E
:106E900018600D222046EFF723F8814B2360D5E7D9
:106EA000804C8149012220461A60EFF719F87F4B88
:106EB0002360C7E77E4C7F490120186002222046EC
:106EC000EFF70EF87C4B2360B8E77C4C7C4901203F
:106ED000186002222046EFF703F87A4B2360A9E7F7
:106EE000794C7A490120186005222046EEF7F8FF18
:106EF000774B23609AE7774C7749012220461A6046
:106F0000EEF7EEFF754B23608CE7754C7549012059
:106F1000186003222046EEF7E3FF734B23607DE702
:106F2000724C73490120186006222046EEF7D8FF04
:106F3000704B23606EE7704C70490120186003228B
:106F40002046EEF7CDFF6E4B23605EE76D4C6E483A
:106F50006E4D01211960C4E900506D4904F108002B
:106F6000EEF7BEFF6B4B236003F118022833C4E930
:106F7000012345E7684C6949012018600622204634
:106F8000EEF7AEFF664B236034E7664C664901229C
:106F900020461A60EEF7A4FF644B236025E7644C9B
:106FA00064490120186013222046EEF799FF624BD6
:106FB000236015E7614C62490120186015222046C4
:106FC000EEF78EFF5F4B23608FE65F4C4E484F4DD0
:106FD00001211960C4E900505C4904F10800EEF792
:106FE0007FFF5B4B236003F118022833C4E90123C0
:106FF00076E6584C4448454D01211960C4E90050DB
:10700000554904F10800EEF76BFF544B236003F180
:1070100018022833C4E901235CE6514C5149012090
:10702000186010222046EEF75BFF4F4B23604BE6C3
:107030004E4C4F490120186004222046EEF750FFC5
:107040004C4B23603BE600BF80EA00207CEA002036
:107050001CE8002078EA002074EA002070EA002092
:107060006CEA002068EA002064EA002060EA002060
:107070005CEA002058EA002054EA002050EA002090
:1070800010EB00203CBF04082CCD04081CEB0020B2
:10709000DCBB040870CE040828EB00208CB3040885
:1070A00000D0040834EB002004B40408E8CF04083E
:1070B00040EB0020F4B30408F4CF04084CEB0020AC
:1070C00034B40408D0CF040858EB00200CB40408F2
:1070D000DCCF040864EB00205CB40408B8CF0408DB
:1070E00070EB002044B40408C4CF04087CEB0020FB
:1070F0007CB40408A0CF040888EB002064B4040822
:10710000ACCF040874E80020D0B80308E0B8030846
:107110009CAF030830BD030894EB0020B4B404080E
:1071200088CF0408A0EB0020ACB4040894CF040876
:10713000ACEB00208CB5040870CF0408B8EB00203D
:10714000E4B404087CCF040888E800209CAF03085E
:10715000FCBC03089CE800209CAF0308C8BC0308E3
:10716000C4EB00206CB7040840CF0408D0EB00202B
:1071700024B6040864CF0408A94CAA490120186069
:107180001E222046EEF7ACFEA74B236092E5A74CEB
:10719000A7490120186007222046EEF7A1FEA54B63
:1071A000236082E5A44CA548A54D01211960C4E9DE
:1071B0000050A44904F10800EEF792FEA24B2360B0
:1071C00003F118022833C4E9012369E59F4C9B4869
:1071D0009B4D01211960C4E900509D4904F108004C
:1071E000EEF77EFE9B4B236003F118022833C4E9BF
:1071F00001234FE5984C9148914D01211960C4E954
:107200000050964904F10800EEF76AFE944B2360A3
:1072100003F118022833C4E9012335E5914C87486E
:10722000874D01211960C4E900508F4904F108001D
:10723000EEF756FE8D4B236003F118022833C4E9A4
:1072400001231BE58A4C8B4901201860152220463A
:10725000EEF746FE884B23600AE5884C88490120FA
:1072600018601A222046EEF73BFE864B2360FAE4B4
:10727000854C7248724D01211960C4E90050834960
:1072800004F10800EEF72CFE814B236003F1180295
:107290002833C4E90123E1E47E4C6848684D0121AC
:1072A0001960C4E900507C4904F10800EEF718FEAB
:1072B0007A4B236003F118022833C4E90123C7E4A1
:1072C000774C78490120186012222046EEF708FE1C
:1072D000754B2360B6E4754C754901201860022295
:1072E0002046EEF7FDFD734B2360A6E4724C734914
:1072F0000120186008222046EEF7F2FD704B236053
:1073000096E4704C70490120186002222046EEF786
:10731000E7FD6E4B236086E46D4C6E4901201860DA
:1073200003222046EEF7DCFD6B4B236076E46B4CCA
:107330004248434D01211960C4E90050684904F1F5
:107340000800EEF7CDFD674B236003F118022833E8
:10735000C4E901235DE4644C6449012018601022F3
:107360002046EEF7BDFD624B23604CE4614C624960
:10737000012018600C222046EEF7B2FD5F4B23601F
:107380003CE45F4C5F49012018600D222046EEF777
:10739000A7FD5D4B23602CE45C4C5D490120186027
:1073A00005222046EEF79CFD5A4B23601CE45A4C04
:1073B0002248234D01211960C4E90050574904F1C6
:1073C0000800EEF78DFD564B236003F118022833B9
:1073D000C4E9012303E4534C1848194D01211960F5
:1073E000C4E90050504904F10800EEF779FD4F4B15
:1073F000236003F118022833C4E90123FFF7E9BB36
:107400004B4C0E4D20460121196040F8045B494960
:10741000EEF766FD484B236014336360FFF7D3BB80
:10742000DCEB00207CB604084CCF0408E8EB00201D
:1074300044B6040858CF0408B0E80020D0B80308C8
:10744000E0B803089CAF030894BC0308C4E800201C
:107450009CAF030860BC0308D8E800209CAF030879
:107460002CBC0308ECE800209CAF0308F8BB030821
:10747000F4EB0020C4B90408ECCE040800EC0020B2
:10748000ECB7040834CF040800E900209CAF0308DF
:10749000C4BB030814E900209CAF030890BB030899
:1074A0000CEC0020BCB8040828CF040818EC00201D
:1074B0008CB9040810CF040824EC00204CB904084F
:1074C0001CCF040830EC0020B4B90408F8CE04083E
:1074D0003CEC00209CB9040804CF040828E90020F3
:1074E0009CAF03085CBB030848EC00205CBB0408AD
:1074F000BCCE040854EC00206CBA0408E0CE0408AA
:1075000060EC0020CCBA0408D4CE04086CEC002057
:1075100034BB0408C8CE04083CE900209CAF030833
:1075200028BB030850E900209CAF0308F4BA030805
:1075300078EC0020DCBB04089CCE0408B74CB84DA6
:1075400020460121196040F8045BB649EEF7C8FCFB
:10755000B54B236014336360FFF72FBBB34CB048C7
:10756000B34D01211960C4E90050B24904F108008B
:10757000EEF7B6FCB04B236003F118022833C4E9E0
:107580000123FFF714BBAD4CAD49012018602D223B
:107590002046EEF7A5FCAB4B2360FFF702BBAA4CDD
:1075A0009F48A34D01211960C4E90050A74904F187
:1075B0000800EEF795FCA64B236003F11802283370
:1075C000C4E90123FFF7E8BAA24CA34901201860DF
:1075D00003222046EEF784FCA04B2360FFF7D6BAC7
:1075E0009F4C8F48924D01211960C4E900509D497C
:1075F00004F10800EEF774FC9B4B236003F11802C2
:107600002833C4E90123FFF7BCBA984C8448884D5D
:1076100001211960C4E90050954904F10800EEF712
:107620005FFC944B236003F118022833C4E9012363
:10763000FFF7A1BA904C9149012018600222204620
:10764000EEF74EFC8E4B2360FFF78FBA8D4C8E49C0
:107650000120186002222046EEF742FC8B4B23608B
:10766000FFF77EBA8A4C6E48714D01211960C4E95A
:107670000050884904F10800EEF732FC864B236085
:1076800003F118022833C4E90123FFF764BA834CDD
:107690006348674D01211960C4E90050804904F135
:1076A0000800EEF71DFC7F4B236003F1180228331E
:1076B000C4E90123FFF749BA7B4C7C4901222046EB
:1076C0001A60EEF70DFC7A4B2360FFF738BA794C5D
:1076D00079490120186016222046EEF701FC774B0D
:1076E0002360FFF727BA764C764901201860042200
:1076F0002046EEF7F5FB744B2360FFF716BA734C88
:1077000073490120186003222046EEF7E9FB714B14
:107710002360FFF705BA704C414D204601211960E6
:1077200040F8045B6D49EEF7DBFB6D4B23601433CF
:107730006360FFF7F0B96B4C6B49012018600422BD
:107740002046EEF7CDFB694B2360FFF7DEB9684CAE
:1077500068490120186004222046EEF7C1FB664B01
:107760002360FFF7CDB9654C2D48314D01211960DB
:10777000C4E90050624904F10800EEF7B1FB614B27
:10778000236003F118022833C4E90123FFF7B3B9DA
:107790005D4C2348264D01211960C4E900505B4926
:1077A00004F10800EEF79CFB594B236003F118022B
:1077B0002833C4E90123FFF798B9564C184D2046E9
:1077C0000121196040F8045B5349EEF789FB534BE4
:1077D000236014336360FFF782B9514C104D20468B
:1077E0000121196040F8045B4E49EEF779FB4E4BDE
:1077F000236014336360FFF76CB94C4C084D20468E
:107800000121196040F8045B4949EEF769FB494BD7
:10781000236014336360FFF756B900BF88EC002083
:10782000D0B80308DCBB04087CCE040864E900205F
:10783000E0B803089CAF0308C0BA030898EC002026
:1078400084BC040858CE040878E900209CAF0308E3
:107850008CBA0308A4EC00206CBC040864CE0408B5
:107860008CE900209CAF030858BA0308A0E9002067
:107870009CAF030824BA0308B0EC0020FCBD040848
:1078800040CE0408BCEC0020ECBD04084CCE04083B
:10789000B4E900209CAF0308F0B90308C8E9002050
:1078A0009CAF0308BCB90308C8EC00200CBE040858
:1078B00034CE0408D4EC00204CBE0408F0CD0408FB
:1078C000E0EC002014BE040828CE0408ECEC0020F4
:1078D00034BE04081CCE0408F8EC00204CBE04089A
:1078E000FCCD040808ED00201CBF0408D8CD040816
:1078F00014ED0020FCBE0408E4CD0408DCE90020FF
:107900009CAF030888B90308F0E900209CAF030886
:1079100054B9030820ED00203CBF0408B8CD04088A
:1079200030ED00203CBF040898CD040840ED002055
:107930003CBF040878CD0408244C254D2046012185
:10794000196040F8045B2349EEF7CAFA224B236022
:1079500014336360FFF7B1B8204C1D48204D01215E
:107960001960C4E900501F4904F10800EEF7B8FAA5
:107970001D4B236003F118022833C4E90123FFF7EC
:1079800096B81A4C124D20460121196040F8045B4C
:107990001749EEF7A5FA174B236014336360FFF71E
:1079A00080B8154C0A480E4D01211960C4E90050F9
:1079B000124904F10800EEF793FA114B236003F12A
:1079C00018022833C4E90123FFF765B850ED002001
:1079D000D0B803083CBF040858CD040804EA0020CE
:1079E000E0B803089CAF030820B9030860ED00204D
:1079F0003CBF040838CD040818EA00209CAF0308F7
:107A0000ECB803084B78633B102B0AD8DFE803F08F
:107A100010090D09090909090909090909090913C1
:107A20000A0070470A48E9F769B80948E8F716BD3F
:107A30000748E8F729BDBFF34F8F0649064BCA68D0
:107A400002F4E0621343CB60BFF34F8F00BFFDE74A
:107A500010A4002000ED00E00400FA052DE9F04339
:107A6000C5B06B4683E80600521A054652D0002383
:107A700088464C1E4FF0010C4FF0FF361F460EE0BB
:107A8000B34205D2BEF12A0F14BF8EEA070766463D
:107A900094450CF1010003F1010308D2844614F867
:107AA00001EFBEF13B0FEBD19A4228BF1A46B2F567
:107AB000807F28BF4FF4807241460DF10C081446B8
:107AC0004046C8F767FF4FF00009B44208F8049039
:107AD00012D8494698F80030633B142B1DD8DFE8D4
:107AE00003F0671C6D4F1C555B1C1C1C1C1C1C618F
:107AF000252B31373D4349004644384902AA3046D8
:107B0000C9F7A6FA484502DD029B9F420AD045B05C
:107B1000BDE8F08311468DF80C20314A2846FEF767
:107B2000CFF9F4E706F8019C0121D3E70A4628467D
:107B30004146FEF7CBFBEAE70A4628464146FEF7F8
:107B4000D5FAE4E70A4628464146FFF75BFFDEE741
:107B50000A4628464146FEF78BFCD8E70A462846E7
:107B60004146FEF7C3FCD2E70A4628464146FEF7E7
:107B7000FFFBCCE70A4628464146FEF701FBC6E775
:107B80000A4628464146FEF7BFFDC0E70A4628469A
:107B90004146FEF741FABAE70A4628464146FEF753
:107BA0003FFFB4E70A4628464146FEF739FBAEE7F9
:107BB0000A4628464146FEF723FCA8E798F801301C
:107BC000732B04D0074A2846FEF77AF99FE70A4646
:107BD00028464146FEF7BCFC99E700BF87AF030883
:107BE0000C9B0408D09A04082DE9F04788B06B4636
:107BF00083E806009DF80030002B3FD1144600F1C9
:107C00000806A21B9310002B4A4F82460DF118085C
:107C10004FF001094ADD02330AEB830235462B7827
:107C20000A3BDBB2172B27FA03F12AD96B780A3B00
:107C3000DBB2172B27FA03F151D9AB780A3BDBB241
:107C4000172B27FA03F14ED8CB074CD50235AC429F
:107C50001BD80AF58473A34203D800228AF80821AE
:107C60003446DAF8000002681568CDE90643324B65
:107C70004146CDE9043A03AA04ABA84708B0BDE8E1
:107C8000F087C807D2D5AC42E3D99AF80831F3B9E6
:107C90008AF80891641B013C2246691C3046344432
:107CA000C8F712FFA21B9310002BB4DC3546022A42
:107CB0002FD0032A27D0012ACBD12B780A3BDBB265
:107CC000172BC6D827FA03F3DB07C2D5DBE7CDE9CC
:107CD0000665504698E80600FFF7C0FEDAE7C907D8
:107CE000ABD50135CFE7EB780A3BDBB2172B27FA90
:107CF00003F104D90435AA4291D1621BD7E7C80722
:107D0000F8D50335BFE72B780A3BDBB2172B0CD92C
:107D100001352B780A3BDBB2172B01D90135CCE7B3
:107D200027FA03F3DA07AED4F8E727FA03F3D90703
:107D3000A9D4EDE7090080003D7D030800B585B0BA
:107D4000EC468CE8060086469CE8030002AB83E81C
:107D5000050093E80600704605B05DF804EBFFF7F8
:107D600043BF00BF704700BF10B58C46044600F10A
:107D7000040E93E803008EE803009CE8030004F17E
:107D80000C0383E8030002B1146010BD30B5044653
:107D900087B0236B013B02A803EB830380E8060056
:107DA0009B000833E2189DF80800E3588DF8100096
:107DB0000021506861631174039A05921BB106AAF1
:107DC00012E906009847237E2BB994F82C30ABB902
:107DD000236307B030BD08220121606803681D6875
:107DE000216308490491224404A90091083206CA7B
:107DF000059404F13403A84707B030BD1C220221CA
:107E0000EBE700BF8D7D0308F0B585B06C4684E8D4
:107E10000600521A0A9E402A28BF4022044600F15A
:107E2000080C8F180D4696E803008CE803002761C4
:107E300003B11C60606892B22946DDF7F5FA88B19B
:107E40000023A360C4E903333368039503228DF84C
:107E500008203BB104AA12E90600706805B0BDE82D
:107E6000F040184705B0F0BD70B586B0044602A8D2
:107E700080E806004FF0010C04F118010A9DBFF3E1
:107E80005B8FD1E84F2FC1E846CF002EF9D1BFF369
:107E90005B8FD2B202B3BFF35B8F04F12C01D1E848
:107EA0004F2FC1E846CF002EF9D1BFF35B8FD2B27E
:107EB000002A34D00BB100221A602B68029A059276
:107EC00003218DF8101043B306AA12E90600686872
:107ED00006B0BDE87040184704F1080C04F1100624
:107EE00003C80CF1080E8EE8030095E803008CE847
:107EF00003000BB1511C1960236B73B96068013228
:107F000003682263094A1D68049204AA009296E855
:107F10000600059404F13403A84706B070BD04F1CF
:107F20001C0C04F124060122DAE700BF8D7D030852
:107F3000036B8B421FD010B4013901EB8101890022
:107F4000083143184458DA68586883B04FF0000C81
:107F5000012183F810C08DF8001001923CB102ABF2
:107F600013E90600234603B05DF8044B184703B03D
:107F70005DF8044B70474368416B1A6818465368B4
:107F8000184700BF30B589B002AB83E8060003464E
:107F90009DF808000399002283F84820DA6408BBA2
:107FA0008B4200D9FEE703F140058D42FAD3CA1A8D
:107FB000196C02F03F028A425A6415D312D9186D27
:107FC00007951A4401210468069283F848100C4969
:107FD000246804AA009208AACDE9041312E9060055
:107FE0004C33A04709B030BD186D1A4419444FF006
:107FF000010C0468069283F848C00791E7E700BFC8
:10800000857F0308436823B3F0B5C36883B0044693
:10801000EBB10569ED1A954228BF15460026C0E967
:1080200003662A461846C8F7B5FC67688DF80060F5
:1080300003462B44A0680193C4E901663FB102AB3B
:1080400013E906003B4603B0BDE8F040184703B013
:10805000F0BD70472DE9F04F544B93F89A318DB035
:10806000002B00F09A8003F0FD03012B02D1504851
:10807000FDF74CFE09AC4F4DDFF85891DFF858A1E1
:10808000DFF858B1DFF858814B4F29684FF0FF32C5
:108090002046DFF7DBFD099B102BF6D10A9E022E4E
:1080A0004AD0032E28D0012EEFD1D9F8000090F845
:1080B0003A30222B51D0DDF73FFA5946D9F800006B
:1080C0004022DDF7EDF9D9F800305B6B1B685B6887
:1080D0000021D3F14003CAF8001038BF31461E46D4
:1080E0000029D2D1B142D0D2721A34485944FFF794
:1080F00089FFCAF80060C8E7314998F84830002283
:108100000A70002BC1D1D8E9102393423ED24344D8
:10811000424407930892D8F85000012388F8483069
:1081200003681E68274BCDE9053805AB009307AA05
:1081300006CA254BB047A8E7BE683A69F8680892B6
:1081400000238DF81C30BB603B61FB60002E9CD08F
:1081500007AB93E80600B04797E7436B1B685E6880
:10816000D6F1400634BF0123002303938DD3DAF800
:108170000010B142B6D9C1F1400210485944FFF78E
:1081800041FF039BCAF800301946ABE77FF67DAF8D
:10819000434407930D4B0893BDE709AC0C482146B7
:1081A000CDE90933E1F704FA65E700BF10E40020E8
:1081B000CCED002040E700200CF30020BCF20020B2
:1081C00064F20020857F0308B4F20020A8F20020AA
:1081D00044F10020C8ED0020C4ED002084ED002013
:1081E00068F2002030B50E4C0E4D60600E4C0F4909
:1081F000286087B04022DDF753F90FCC0DF1040C55
:10820000ACE80F000A4B2268CCF80020002101A83E
:108210001960DFF7F9FB074B186007B030BD00BFEE
:108220000CF30020C8ED002058A1030884ED0020C5
:10823000C4ED0020D0F20020044B1B682BB1044B8E
:10824000002218680121DFF7D5BC7047D0F200206A
:1082500040E70020054B1B68834200D07047044B69
:10826000002218680221DFF7C5BC00BFC8ED00205E
:1082700040E700202C492D4809682D4A30B42D4C88
:108280002D4D1463C4E900512C4901602C49116043
:108290002C49D16202F12C01C2E916217F2111661D
:1082A000294950600023C4E90233C2E90533C2E919
:1082B0000733C2E91133C2E91333C2E959332361E9
:1082C000536282F8283082F85430C0E90133C0E9A3
:1082D000033382F86C31C2F87031C2F874314C60EB
:1082E0001A4A1B4C0B76C4E91033C4E9133184F8E5
:1082F0004830C1E902330124C1E90433C1E907333D
:10830000C1E90933C1E90C33C2E90003C2E9C3334F
:10831000C2E9C63181F82C3082F814330D4B82F853
:1083200008410B6030BC7047C8ED0020BCF2002053
:10833000ECF000200CF30020CCD00408BCD00408E2
:1083400044A8030834A80308D4F20020CCED002090
:1083500068F200205CD00408704700BFF0B585B01B
:108360006C4684E806000A9E0D46044603B1186078
:10837000637993B1531B3F2B01D8A168B1B1336826
:10838000039503228DF8082073B104AA12E90600B0
:10839000706805B0BDE8F0401847336803950222C5
:1083A0008DF80820002BF0D105B0F0BD2769002F13
:1083B000E5D196E8030004F1080686E8030022618F
:1083C00099B222792846D7F7D9FD0028ECD0A368C6
:1083D000E06827610322C4E902778DF8082003953D
:1083E000002BE1D004AA12E90600D2E770B50446DA
:1083F00082B00D4602B1106062793AB3A2687AB1D8
:108400001C682A68019203218DF80010E4B102AAC9
:1084100012E906005868234602B0BDE870401847CC
:108420002669002EECD193E8030004F10802C2E9AA
:1084300000016A682968124B2161521A1868237971
:1084400092B2E0F761FB58B902B070BD1C682A68AF
:10845000019202218DF80010002CD8D102B070BD1D
:10846000A36826612A68E06801920321C4E90266D4
:108470008DF80010002BE7D002AA12E90600CBE726
:108480007CA603082DE9F04F9F4CA04DDFF8A89281
:10849000DFF8A8829E4F9F4E8BB00DF1140A216821
:1084A0004FF0FF3207A8DFF7D1FB079B102BF6D167
:1084B0002B6801332B60089B013B062BEFD8DFE8CC
:1084C00013F0BE000700A300880073005A00D90013
:1084D000D9F81020D9F8083006924FF0000B02228C
:1084E000D9F80C0089F805B088F805B087F805B010
:1084F00086F805B0C9F808B0C9F810B08DF8142096
:10850000C9F80CB0002B00F0D9809AE80600984713
:1085100098F80530D8F81010C8F810B0002B14BF28
:1085200000220222D8F808B0D8F80C008DF81420E8
:1085300000230691C8F80830C8F80C30BBF1000FD2
:1085400002D09AE80600D8477B793A69D7F808B094
:108550000692002B4FF0000314BF1A460222F8685F
:10856000BB603B618DF81420FB60BBF1000F02D0B3
:108570009AE80600D84773793269D6F808B00692AF
:10858000002B4FF0000314BF1A460222F068B360BC
:1085900033618DF81420F360BBF1000F3FF47FAF1F
:1085A0009AE80600D8477AE77B793A69D7F808B0A5
:1085B0000692002B4FF0000314BF1A460222F868FF
:1085C000BB603B618DF81420FB60BBF1000FE7D16D
:1085D00065E798F80530D8F81020D8F808B006926A
:1085E000002B4FF0000314BF1A460222D8F80C00EB
:1085F000C8F80830C8F810308DF81420C8F80C30CE
:10860000BBF1000FCCD14AE799F80530D9F810201A
:10861000D9F808B00692002B4FF0000314BF1A4699
:108620000222D9F80C00C9F80830C9F810308DF8CA
:108630001420C9F80C30BBF1000FB1D12FE7012392
:1086400089F8053088F805307B7173713248002352
:108650005146CDE90533E0F7ABFF304B93F89D3140
:108660008BB303F0FD03012B7FF419AF2C48FDF70A
:108670004DFB14E72B492C4891F84830002202703A
:10868000002B7FF40CAFD1E91023934222D2086D66
:1086900003EB010C0B460A44012183F848100168E2
:1086A000D1F800B0CDE905C2204ACDE9032303ABE0
:1086B00000939AE806001E4BD847F0E6D8F8101051
:1086C000C8F810302EE71B485146CDE90533E0F7D6
:1086D0006FFFE4E67FF6E3AE1249086D012281F8F0
:1086E000482002680B44D2F800B0059301F1400322
:1086F00006930E4BCDE9033103AB009301F14C031C
:108700009AE80600D847CAE644E70020B8F90020F6
:10871000D8F8002090F90020B8F7002010E40020DD
:1087200020F30020F0F80020ECF80020857F0308FB
:108730003CF9002098F600207CF90020A4F90020E4
:10874000012A10B412D0032A02D05DF8044B7047FE
:108750000D4C2369002BF8D00C4A0B4410682361A0
:1087600000225DF8044B0621DFF744BA084C236968
:10877000002BEAD0054A0B441068236100225DF803
:10878000044B0521DFF736BA90F9002044E70020BA
:10879000D8F8002010B5094C0FCC86B00DF1040CB0
:1087A000ACE80F002368CCF80030002101A8DFF707
:1087B0002BF9034B186006B010BD00BF6CA1030875
:1087C000C4F900202DE9F047404E414F414A326044
:1087D0003A608322BA80404ADFF81091C2F80090D4
:1087E000DFF80C913D493E4DDFF808C1C2F82C90EE
:1087F0004FF0810ADFF80091DFF800E1A6F804A04D
:1088000000234FF001084FF0030A1663C6E9023354
:10881000C2E90533C2E90733C2E911333361C5F850
:1088200000E05560536282F82830CCF800E0C7E9D8
:108830000233C5E90233CCE902333B612B61CCF84A
:108840001030A5F80480ACF804A0C1E9009602F14C
:108850002C062448244CDFF8A8E0D6657F26C2E920
:108860005933C2E95C33D364136582F8543092659E
:1088700082F86C3116663F22C4E900C7C4E943336D
:10888000C4E94633C1E90233C1E90433C1E907331E
:10889000C1E90933C1E90C3384F814310B7681F84E
:1088A0002C30A260CEE91331C0E9C333C0E9C63130
:1088B000CEF840300560CEF844308EF84830436042
:1088C00080F8088180F81433BDE8F0877CF9002037
:1088D000A4F9002058D1040840F6002044F90020F3
:1088E000D8F8002020F30020B8F7002044A803089F
:1088F00034A8030890F900205CD0040848D104088B
:10890000F0F80020704700BF034608461946C7F735
:1089100041BD00BF70B5036884B000249E69039414
:10892000102315460293CDE900446B461268B04708
:108930009DF8043003F00603062B03BF009B2B6059
:108940000120204604B070BD0098904214BF012061
:108950000620704710B5034B0360044600F0D4FEB8
:10896000204610BDA8D9040810B5054B0360044685
:1089700000F0CAFE2046082100F04AF8204610BD4B
:10898000A8D904082DE9F041069F0899099E8F4255
:10899000044690461D460CD02946204600F0B8FEFD
:1089A00020B10123376086F80480B3710020BDE850
:1089B000F081079900F0ACFE0028EDD086F8058024
:1089C0000020BDE8F08100BF38B515461C4600F018
:1089D0009FFE00B938BD082206232560E26023719E
:1089E00038BD00BF2DE9F041064617461D460C462E
:1089F00000F08EFE48B9032D07D823683A46314669
:108A000020465B69BDE8F0411847BDE8F08100BF32
:108A100001F088B92DE9F04105680446174655E98B
:108A2000020288B01E460023CDE9053323582518DD
:108A300053F8040C10239042079322D10368009549
:108A4000CDE9011405AA0392DD69062288463B465A
:108A50003146A847059A10469AB19DF81A5005F07C
:108A60000603062B0ED09DF819109DF818300B4008
:108A700003F00603062B05D001F00501042900D000
:108A80001DB1002008B0BDE8F081002E06DB1644C1
:108A9000B442F6D1104608B0BDE8F081B31CF0D066
:108AA00000943C684346246A31463846A04700F0AB
:108AB00006000628E5D1059A1046ECE720494B68E8
:108AC00030B5A0F108046BB350F8085C04EB050E58
:108AD000734527D821D05A6801F1040C32B90FE050
:108AE000516803F1040C21B313460A469645F7D3A7
:108AF00004BFDEE900215960DCF8003008BFAD1882
:108B00001A6899188C4211D05B6840F8043CDCF874
:108B1000003040F8085C5C6030BD1A685B682A442D
:108B200040F8082C40F8043C4C6030BD2A441A60E0
:108B300030BD5B681A6899188C42E5D1F6E700BF32
:108B4000D8F90020144900F108034868082B38BF01
:108B50000823A0B1073323F00703043102E0011D0D
:108B60004068B8B102689342F9D830B4D41A072CDF
:108B700006D84368026030BC08300B60704770470D
:108B8000C21845685560C450086830BC036008309E
:108B90000A607047704700BFD8F9002010B500F197
:108BA00080042046C7F73CFC034630B180220021F8
:108BB0001846C8F705F8803010BD2046FFF7C2FF01
:108BC00003460028F2D100F041FC00BF064A93683A
:108BD0008038984205D9D2681344984201D2FFF7F1
:108BE0006DBFC7F725BC00BFD8F9002038B5084CC9
:108BF0004FF41E652846E560C7F712FCA06020B15F
:108C00000023C0E90053606038BDE060606038BD9B
:108C1000D8F900201EB400F08FF81EBCD4F7B2FCC7
:108C2000F0B50278472A83B00C461D4619D00023C0
:108C3000264E0193336830469B68984778B1019B74
:108C40001B68019302272368314620461E6901AA4A
:108C50000123B04718BB0746384603B0F0BD0127D3
:108C6000F1E743784E2BE2D18378552BDFD1C378DF
:108C7000432BDCD10379462B1BD00379432BD6D170
:108C800043792B2BD3D183792B2BD0D1C379012BD3
:108C9000CDD809D050F8206C58300190CAE7019B1C
:108CA0002B60384603B0F0BD50F8200C50F8786CBB
:108CB000F3E743794F2BE0D18379522BDDD1C37990
:108CC000002BDAD1024E0193B4E700BFE8D90408C3
:108CD000E0D9040810B5044600F07AF8224612F8EC
:108CE0002039472B04D0836823BB8260012010BD4C
:108CF00063784E2BF7D1A378552BF4D1E378432B2F
:108D0000F1D12379432BEED163792B2BEBD1A379CE
:108D10002B2BE8D1E379012BE5D854F8043C01333F
:108D2000012B44F8043CE1D1836844F8083C82609C
:108D3000012010BD00F08AFB08B500F049F88368F7
:108D400083B393F82020472A04D00022826003F1E5
:108D5000200008BD93F821204E2AF6D193F8222056
:108D6000552AF2D193F82320432AEED193F82420F8
:108D7000432AEAD193F825202B2AE6D193F826201E
:108D80002B2AE2D193F82720012ADED8DA69013AAA
:108D9000DA61002ADBD19969816000229A6103F1CE
:108DA000200008BD00F052FB704700BF704700BFB5
:108DB00000487047CCD9040810B504210446FFF7D9
:108DC00027FE204610BD00BF00487047E8F900208C
:108DD00000487047E8F90020502870B51DD084463F
:108DE00000F00F000C2855D8DFE800F007442607F4
:108DF0001E545454542A22071E00104650F8046B87
:108E00004EB10CF07004102C08BF11460E441CF03B
:108E1000800F18BF36681E6070BD033222F0030059
:108E200050F8046B1E6070BD104650F8086BE7E701
:108E3000104630F9026BE3E7104630F8026BDFE7CB
:108E400000261046344610F8015B05F07F0E0EFA3E
:108E500004FE15F0800F46EA0E0604F10704F2D175
:108E60001F2CCDD86D06CBD54FF0FF3505FA04F495
:108E70002643C6E700261046344610F8015B05F08D
:108E80007F0E0EFA04FE2D0646EA0E0604F10704D4
:108E9000F3D4B5E7C7F770FAFF2822D008B500F081
:108EA0007003302B18D006D8202B0BD1BDE808401A
:108EB000084601F06AB8402B0AD1BDE808400846D0
:108EC000D4F740BD02D810F0600F03D0C7F754FAB2
:108ED000502BFBD1002008BDBDE80840084601F03A
:108EE00051B80020704700BFF8B50C46154606463D
:108EF00008B1D4F727FD286014F8017BFF2F29D192
:108F00006860204610F8013B2B75FF2B33D01023EF
:108F100000242B75224610F8011B01F07F039340BB
:108F2000090644EA030402F10702F4D40444EC60A5
:108F300010F8013B6B750024224610F8011B01F06C
:108F40007F0393401C430B0602F10702F5D404444F
:108F50002C61F8BD31463846FFF79EFF2246014698
:108F60002B1D3846FFF738FF0446204610F8013B1A
:108F70002B75FF2BCBD10023EB60D9E72DE9F04F08
:108F800000F0030493B00023012C08938846174691
:108F900013D0022C08D139464046D4F7BDFC40B965
:108FA000082013B0BDE8F08F002C00F09480C7F7C4
:108FB000E3F9092013B0BDE8F08F0DF1300A10F08D
:108FC0000804CDF800A000F09D8044F00202029257
:108FD0000C910C2219463846D3F744FF3846D4F793
:108FE000B7FC83460028D6D0524601463846FFF7E4
:108FF0007BFF394605469DF84400FFF74DFF0DF114
:109000002C0900230E901946CDF800900F22384607
:10901000D3F702FF0B9B23F001035E1E109B9D42C2
:1090200037D29DF8454000212046FFF735FF2A46FC
:10903000014609AB2046FFF7CFFE9DF84550044698
:1090400000212846FFF728FF224601460AAB2846A2
:10905000FFF7C2FE9DF84550044600212846FFF761
:109060001BFF224601464B462846FFF7B5FE00246B
:109070000546224615F8011B01F07F0393401C436F
:109080000B0602F10702F5D40C9B099A1344B34274
:1090900019D9029BD80730D5002403940023194620
:1090A000CDF8009038460D22089DD3F7B5FE039BFE
:1090B000C8F830300B9BC8F82CB0C8E9095406201A
:1090C000C8F820306DE70A9A1344B3426ED8109B5B
:1090D000AB42A6D8DDE702073FF55DAF012302935F
:1090E0000DF1300A0023CDF800A00C2219463846B5
:1090F000CDF83080D3F7B6FE70E7029B1A0752D541
:1091000000F0A4F90D6A23460D2221463846D3F714
:1091100083FE0C9B9D4202D002230293E2E723468A
:10912000CDF800A021460C223846CDF83080D3F788
:1091300099FED8F830300393ABB3D8E90A4B0DF160
:109140002C09002C4EDB032500231A461946CDF8C6
:1091500000903846CDF82C80D3F784FE00231946C2
:109160000122CDF8009038460B94D3F77BFE002304
:1091700019460F22CDF800903846D3F74DFE0B9AD2
:109180000399CDF8009002F001020A4300230B92EC
:1091900038460F221946D3F765FE022D1DD0072051
:1091A00013B0BDE8F08F404600F0DCFD0B9B002BB8
:1091B0003FF4F1AE0D9A13440393002C38D1002BE9
:1091C0003FF4E9AE029BDD073FF5E5AE029B1B07CE
:1091D00040F1238100240225B6E74046FFF77AFDDF
:1091E0000720DEE66FF040431B1B1E4652465946E1
:1091F0003846FFF779FE9DF844003946FFF74CFEEC
:109200000E9005460F9850F8263000EB860033B1DB
:109210000246002352F8041F01330029FAD1C8E99D
:109220000A350423C8F83400C8F8303003258BE72A
:10923000109E039B013C2644002B3FF4ACAE029BE6
:10924000002E00F0E28013F00803049300F0C980C0
:10925000472388F800304E2388F80130552388F8DA
:109260000230432388F80330462388F804304F2324
:1092700088F80530522388F80630002388F8073034
:109280000023CDF818B005979B46CDF81CA000240C
:10929000224616F8011B01F07F039340080644EABA
:1092A000030402F10702F4D41F2A05D84B0603D5A4
:1092B000012393405B421C43002530462A4610F8A8
:1092C000011B01F07F0393400F0645EA030502F1FD
:1092D0000702F4D41F2A05D8490603D50123934079
:1092E0005B421D43002C37D039DCB8F1000F02D0AF
:1092F000049B002B50D06FF0404A0F9BAAEB040A4E
:1093000053F82A30BBB1002D75D02E44BFE7A3001F
:109310005B420F9A0E991A444B46FFF75DFD0B997D
:1093200049B1B8F1000FEED008AB00224046FFF77C
:1093300077FC0028E7D0029BDDF81CA0D907DDE907
:10934000057B3FF5ABAE049B002B3FF4FAAE002C3F
:10935000BFF6F9AE00F088F84FF0010BD3E79DF8A7
:109360004400FF2831D000F00703042B3FF61FAE66
:1093700001A252F823F000BF0F930308AF8F030838
:10938000939303080F9303088D930308E3005B4254
:10939000BFE763005B42BCE76FF0404A0F9F089B4A
:1093A0000B93AAEB040A57F82A1007EB8A0719B99E
:1093B0000DE057F8041F51B139444B460022404696
:1093C000FFF72EFC0028F4D09DE70023A1E7029BC5
:1093D000DA075646DDE9057BDDF81CA03FF55EAEF9
:1093E00004E798F80730012B0CBF58F8203C08F12F
:1093F0005803089344E75B46059F002B3FF4CBAD31
:10940000029BDB073FF5C7ADE4E6DE073FF5C3ADE2
:10941000029B13F008047FF4DDAE022594E600F011
:1094200023FD6DE600B583B08047C6F7A5FF00F0C9
:109430001BFDC6F7A1FF0C46019000F053FD01345F
:10944000019801D100F09EFCFFF7E4FB08B5034B47
:109450001868BFF35B8FFFF7E5FF00BF9C0F00208C
:1094600008B58047FFF7F2FF08B5034B1868BFF354
:109470005B8FFFF7F5FF00BF980F0020024B1868C5
:10948000BFF35B8F704700BF9C0F0020024B186832
:10949000BFF35B8F704700BF980F002000B5012815
:1094A00083B01DD8BFF35B8FA1F1280353E8002FD1
:1094B000013A43E800200028F8D1BFF35B8F62B97E
:1094C00051F81C3C01F1580013B1019098470198E4
:1094D00003B05DF804EBFFF779BB03B05DF804FB64
:1094E00051F8140CFFF79EFF38B5002540E91E1215
:1094F00040F8805C0446FFF7C9FF44F8700CFFF7A2
:10950000BDFF43222B23472104F8552C04F8542C8B
:1095100004F8533C04F8523C4E22552304F8581CDE
:1095200004F8515C054904F8572C04F8563C44F8FB
:109530006C0C44F8501CA4F1800038BD9D940308C5
:1095400010B582B0CDE900210446FFF741FC034687
:109550004068009A0199013058602046FFF7C4FF27
:109560000446012344F8283B2046D3F7F9FF204660
:1095700000F07AFCFFF76AFF10B5FFF729FCD0E98D
:1095800000420132426064B194F82020472A0AD098
:109590000022026020342046D4F706F8204600F06E
:1095A00063FCFFF753FF94F821204E2AF0D194F882
:1095B0002220552AECD194F82320432AE8D194F8AC
:1095C0002420432AE4D194F825202B2AE0D194F8D2
:1095D00026202B2ADCD194F82720012AD8D86269CA
:1095E00052426261D6E700BF08B5FFF72FFF00BF08
:1095F00010B5034B03600446FFF7ACF9204610BDDD
:10960000BCDA040810B5054B03600446FFF7A2F965
:1096100020460C21FFF7FCF9204610BDBCDA0408F7
:1096200070B582B00446069E96420D4609D0A068E9
:1096300004680696246A2946A44602B0BDE8704034
:10964000604719460192009300F062F8DDE90032AC
:109650000028ECD0062002B070BD00BF2DE9F04F0D
:109660000C4681B01946DDE90A69DDE90C879B46A5
:109670000546924600F04CF880B9464525D0A868CA
:1096800021460468CDE90C87CDE90A69E4695B46A7
:109690005246A44601B0BDE8F04F6047002C3E6042
:1096A00087F804A00CDB3444A0450CBF4FF006083B
:1096B0004FF0010887F80680002001B0BDE8F08F68
:1096C0000234F9D10123BB71F6E74946284600F080
:1096D0001FF80028D3D087F805A0EDE72DE9F04169
:1096E00006460F4614461D46FFF76EF948B9B068A6
:1096F000016822468C692B463946A446BDE8F041F4
:109700006047BDE8F08100BF704700BF0020704790
:10971000814211D008B5406803782A2B0AD04968E5
:109720000B782A2B08BF0131C7F73EFDB0FA80F055
:10973000400908BD002008BD0120704710B5034B4B
:1097400003600446FFF706F9204610BD34DB040829
:1097500010B5054B03600446FFF7FCF820461821BE
:10976000FFF756F9204610BD34DB04082DE9F04F11
:1097700083B09146DDF830A0524505460F46984625
:1097800031D0E868461E10B305EBC005EC6814F054
:10979000020F4346394606F1FF364FEA242212D023
:1097A00014F0010404D0F81C0DD0D9F80000825840
:1097B000A868D0F800C0CDF800A0DCF820B04A447A
:1097C000D847032807D8741CA5F10805DED101206D
:1097D00003B0BDE8F08F002CFAD040F00100C0B219
:1097E00003B0BDE8F08F1946FFF792FF0028C8D0FC
:1097F0000620EDE72DE9F04F93B098461F9CDDF869
:1098000070B0A3680B90DB068946099201D5836886
:10981000A3601E9B9B4500F08A810B984146FFF791
:1098200077FF002840F06C81B9F1000FA9BF1E9BA3
:109830000790A3EB09030793002306930C930223DD
:109840000D9301230893099B43F001030A934946B2
:109850000B9BDE68771E002E00F08E8003EBC606A1
:109860004FF0000A0497F068A5681195C707CDE985
:109870000FAA48BFDBF80020079F58BF099A4FEA9C
:10988000202344BFD3580A9A5B444FB19F42089F9C
:109890002CBF4FF0000C4FF0010CBC4500F0938042
:1098A000800704D48F1C00F08B8002F0FD02B068AA
:1098B0000591056800931E9B02930DF13C0C1D9BC6
:1098C0000193CDF80CC0ED694346A84762799DF835
:1098D00041309DF842501343062D637100F03881EA
:1098E000022D059900F03481069A002A5FD1226882
:1098F000002A00F09D80DDF83CC0944500F08C808B
:10990000BCF1000F00F0A380032B94F806903ED921
:10991000DF0702D5A068800739D4B9F1010F38BF3D
:109920004FF00109012D38BF01255FFA89F9EDB229
:1099300085EA0903DBB2032B40F29480032D40F249
:10994000DB800F9A05F0020322609DF8402022710F
:1099500000220692A571002B40F0AE80EB0740F18B
:10996000AB806379042B5FD0049B013B04930133EC
:10997000A6F108067FF477AF0C9B002B54D00D9B0B
:10998000012B51D001230D930023089360E7B9F117
:10999000000F2AD1032D78D9EF0772D485F0010387
:1099A000DBB2032B64D9624605F00203CCE72268E0
:1099B000002AA0D1DDF83CC0BCF1000FA4D1D1E752
:1099C000A807D1D071E701230C93CDE78F1C00F0DD
:1099D000E7801E9B0093D8F800300591D3F82090C3
:1099E0001D9B4046C84705998146002DA0D1B9F17D
:1099F000030F67D919F0010F57D00B9B9B689D0788
:109A000060D489F00103DBB2032B31D919F0020FC6
:109A100084F80690A5D04FE022799DF84000042BF1
:109A200042EA000222719FD1069813B0BDE8F08F80
:109A30000F9A9DF8405022602571002A00F0868020
:109A4000EBB10B9A06909268D207EDD58AE7002811
:109A50007FF45AAF86E789F00603DBB2032B00F2EE
:109A6000AA80062505EA0905EDB2032D00F29C80C7
:109A70006379C4F800A00122A271069272E70690F1
:109A800072E70B988068800788D500299EDB1E98B6
:109A90000A4490427DD0002D6DD085F00102D2B2F3
:109AA000032AE6D94FF0010948E789F00103DBB248
:109AB000032BDDD984F8069000230693069813B093
:109AC000BDE8F08F00290F9A0DDA881C0FD01E9B7D
:109AD0000093D8F8003005911D6A1D9B4046A847A9
:109AE0000599054624E71E9853189842B3D089F08B
:109AF0000103DBB2032BBBD909F002034D4629E772
:109B0000099BC4F800B0B9F1000F23712BDB1E9B39
:109B1000D9444B450CBF4FF006094FF00109002313
:109B20000693069884F8069013B0BDE8F08F1D994F
:109B30000B98FFF7EDFD00283FF46FAE099B6371B2
:109B400000230693069813B0BDE8F08F069009E74E
:109B500006900F9A9DF84030069822602371A571F7
:109B600013B0BDE8F08F19F1020FA5D10123A37145
:109B70000023069358E71E9A0CEB01039A427FF4E8
:109B800077AF9DF84020C4F800C006232271A3716E
:109B900092E715B14FF00609CAE60623A3718BE7D9
:109BA000002D7FF47AAF63E702230022A371012323
:109BB0002260069338E79DF8401022600623217149
:109BC000A37179E72DE9F04F2DED028B89B008EEF6
:109BD000101A0446039091469A46FEF7F5FE054694
:109BE00000285ED1DAF808300193DE0600F18A80A1
:109BF000039BDC68671E002C4ED003EBC404019B62
:109C000003F00103029300260DF1100BE268019BA3
:109C10000496CDE9063602F001030093029B8DF80D
:109C2000146002F0020853EA080330D0B9F1000FC3
:109C30003DD0009B121213B1D9F800309A584A4413
:109C4000A06801685B468D6918EE101AA8470546A2
:109C5000E8B1079B082B2CD09DF81430032B06D9B4
:109C6000B8F1000F03D123F002038DF81430DAF8B5
:109C70000C1021B3DAF80030049A934245D16BB34B
:109C80009AF804309DF8142013438AF80430013FF9
:109C90007D1CA4F10804B9D19AF80450003D18BF06
:109CA0000125284609B0BDEC028BBDE8F08F4A467D
:109CB000C6E7009B002BCFD0A3680793CCE79BE8B7
:109CC0000F008AE80F009AF80430032BE9D99807AF
:109CD00011D5039B9B68D907D9D4E2E707980828D8
:109CE00005D0082903D0FFF713FD0028C8D10223AF
:109CF0008AF80430D5E7DA07D3D5039B9B689B0726
:109D0000C5D4CEE7A368019372E700220223284658
:109D1000CAF800208AF8043009B0BDEC028BBDE817
:109D2000F08F00BFC6F784BB0378472B01D000201B
:109D3000704743784E2BFAD18378552BF7D1C378EF
:109D4000432BF4D10379432BF1D143792B2BEED163
:109D500083792B2BEBD1C07901288CBF0020012007
:109D6000704700BF10B530B1044600F07DF82046C2
:109D7000FFF7DAFF08B9FFF769FB54F8140CFFF797
:109D800051FB00BF2DE9F04F85B00246FFF7CCFF35
:109D900038B152E90674D2E90C85D2F828A0002621
:109DA00005E00446074601260546804682461046E1
:109DB00000F05AF80EB1FFF757FB3846FFF750FB9B
:109DC00000F052F80EB1FFF741FBFEF7FDFF076808
:109DD000DFF890B097F82730012B0CBF3B6807F1F4
:109DE0007803029328F00303019320374FF0000912
:109DF000CA4520DDD5F80080B8F1000F00D0A84496
:109E000002AB002241463846FEF70AFF08B1FFF7D1
:109E1000B3FBD8F80030039003AA40465946D3F864
:109E200010800123C047019B002818BF064609F196
:109E300001091D44DCE746B10420FEF7AFFE074BE5
:109E4000074A08490360FFF77BFB2046FFF7EAFA61
:109E500000F048F800F046F8FEF7DCFE74DA04087B
:109E6000AD8D0308F0D9040838B50446FEF7B0FFFD
:109E70002246056812F82039472B03D085BB0260C3
:109E8000284638BD63784E2BF8D1A378552BF5D1F1
:109E9000E378432BF2D12379432BEFD163792B2B3A
:109EA000ECD1A3792B2BE9D1E379012BE6D854F837
:109EB0000C3C002B11DB013344F80C3C4368013BA4
:109EC0004360954218BF44F8105C656A18BF026091
:109ED0002046D2F799FF284638BDC3F10103EBE7CE
:109EE000FFF7B4FA08B5FEF76FFF03687BB393F88A
:109EF0002020472A07D00022026003F12000BDE89D
:109F00000840D2F783BF93F821204E2AF3D193F86B
:109F10002220552AEFD193F82320432AEBD193F83E
:109F20002420432AE7D193F825202B2AE3D193F864
:109F300026202B2ADFD193F82720012ADBD85A6963
:109F4000002A05DB013A08D0511C0ED05A6108BD29
:109F50000132FBD119690160F8E71A69026003F167
:109F60002000BDE80840D2F751BFFFF76FFA00BFED
:109F7000024B13B10248C6F707BA70470000000051
:109F8000AD03000808B5C6F7F7F908B5FFF7FAFF03
:109F9000F8B500BFF8BC08BC9E467047F8B500BFD6
:089FA000F8BC08BC9E467047A6
:109FA800000020410000A041000020420000A04223
:109FB80068920020D0930020A4920020560600004A
:109FC800000000002B0300004CA80308A59D010811
:109FD800FEFF00000000000000010000000020411A
:109FE800CDCCCC3EDB0F49400000A0410000204210
:109FF8000000C8420000000000000000000000004F
:10A00800000048430000C07F0000C07F0000C07F00
:10A018000000000004000000080000000C00000020
:10A0280010600240286002404060024058600240D0
:10A038007060024088600240A0600240B860024040
:10A0480010640240286402404064024058640240A0
:10A058007064024088640240A0640240B864024010
:10A0680090D00300010000000000000000007A44C6
:10A0780000007A440118CF3A000000400000003F79
:10A088000000003F00000000070000000000204121
:10A098000000004000000000000000000AD7233D37
:10A0A8000000000000002041000000410000807F07
:10A0B8000000704200007A440000C8420000F042EC
:10A0C8000000204100002041000000000000204165
:10A0D8000000803F00000000000080FF0000807F3B
:10A0E800CDCCCC3DCDCC4C3E000000000000C84299
:10A0F8000000F04201000000000000000000000025
:10A108000000000000000000040000000000C84239
:10A118000000F042000000000000000000040403FA
:10A1280003030000000B0B020C0C020707000000E1
:10A13800000000000000080000000000000000000F
:10A1480000000000000008000000000000000000FF
:10A1580004D0040855800308000000000000000037
:10A1680000040000D8D0040885840308000000001B
:10A178000000000000040000200200202020202011
:10A188002020202020202020202020203030303087
:10A198003030303030303030303030300A0001006C
:10A1A800020003000400050006000700080009007B
:10A1B8000A000B000C000D000E000F00100000003C
:10A1C800002020202020202020202828282828207F
:10A1D8002020202020202020202020202020202077
:10A1E80020881010101010101010101010101010DF
:10A1F80010040404040404040404041010101010CF
:10A208001010414141414141010101010101010198
:10A2180001010101010101010101010110101010EA
:10A22800101042424242424202020202020202026A
:10A2380002020202020202020202020210101010BE
:10A2480020000000000000000000000000000000E6
:10A2580000000000000000000000000000000000F6
:10A2680000000000000000000000000000000000E6
:10A2780000000000000000000000000000000000D6
:10A2880000000000000000000000000000000000C6
:10A2980000000000000000000000000000000000B6
:10A2A80000000000000000000000000000000000A6
:10A2B8000000000000000000000000000000000096
:10A2C8000000000000000000050000001900000068
:10A2D8007D00000000000000000000000000F03FCA
:10A2E8000000000000002440000000000000594069
:10A2F8000000000000408F40000000000088C340BC
:10A3080000000000006AF8400000000080842E4130
:10A3180000000000D01263410000000084D797417C
:10A328000000000065CDCD41000000205FA0024282
:10A33800000000E876483742000000A2941A6D42F7
:10A34800000040E59C30A2420000901EC4BCD642EA
:10A3580000003426F56B0C430080E03779C3414395
:10A3680000A0D8855734764300C84E676DC1AB430B
:10A37800003D9160E458E143408CB5781DAF154429
:10A3880050EFE2D6E41A4B4492D54D06CFF0804404
:10A39800F64AE1C7022DB544B49DD9794378EA4419
:10A3A800BC89D897B2D29C3C33A7A8D523F64939A3
:10A3B8003DA7F444FD0FA5329D978CCF08BA5B25C5
:10A3C800436FAC642806C80A0080E03779C341436C
:10A3D800176E05B5B5B89346F5F93FE9034F384D03
:10A3E800321D30F94877825A3CBF737FDD4F1575AF
:10A3F80035000000CEFBFFFFCB030000010000008A
:10A408000000000034000000CEFBFFFFCB0300007B
:10A418000100000000000000BC89D897B2D29C3C23
:10A4280033A7A8D523F649393DA7F444FD0FA53233
:10A438009D978CCF08BA5B25436FAC6428066811DA
:10A448002020202020202020202020202020202004
:10A4580030303030303030303030303030303030F4
:10A468000A000100020003000400050006000700BE
:10A47800080009000A000B000C000D000E000F0078
:10A488001000000020202020202020202020202034
:10A4980020202020303030303030303030303030F4
:10A4A80030303030000000000000000000000000E4
:10A4B8000000000000000000000000000000000094
:10A4C8000000000000000000000000000000000084
:10A4D80000000000101112131415161718190000A7
:10A4E80000000000001A1B1C1D1E1F0000000000B9
:10A4F8000000000000000000000000000000000054
:10A5080000000000001A1B1C1D1E1F000000000098
:10A518000000000000000000000000000000000033
:10A528000000000000000000000000000000000023
:10A538000000000000000000000000000000000013
:10A548000000000000000000000000000000000003
:10A5580000000000000000000000000000000000F3
:10A5680000000000000000000000000000000000E3
:10A5780000000000000000000000000000000000D3
:10A5880000000000000000000000000000000000C3
:10A5980000000000000000000000000000000000B3
:10A5A80000000000F0DB040840DC0408C40B0020B5
:10A5B80031344761746544726976657242617365C6
:10A5C80000000000A8D90408B8A50308394F704155
:10A5D8006D70426173650000A8D90408D4A503080A
:10A5E8000401000000000000000800000000000056
:10A5F8000100000000020000180000000000000038
:10A6080000000000000000000A00000034DB04081D
:10A6180034A603080000000002000000CCA50308CF
:10A6280002000000E0A50308020400003744727627
:10A6380038333031000000000000000014A6030881
:10A6480099DD0008C5DD00089DDD0008ADDD0008C6
:10A65800FCFFFFFF14A60308D5DD0008A5DD0008F0
:10A66800B9DD000834F8B543AC13E7C391C6994384
:10A6780039CEDDC1509E0020426F6172642F76335F
:10A688002F5372632F74696D2E6300000008000059
:10A69800426F6172642F76332F5372632F75736222
:10A6A800645F636F6E662E630000000000030103A1
:10A6B800426F6172642F76332F5372632F73706900
:10A6C8002E630000426F6172642F76332F537263DA
:10A6D8002F75736172742E6300000000426F6172FF
:10A6E800642F76332F5372632F6164632E630000E7
:10A6F8004F447269766520526F626F7469637300A4
:10A708004F447269766520332E36204344432049EE
:10A718006E746572666163650000000043444320FF
:10A72800436F6E666967000043444320496E746551
:10A7380072666163650000004F4472697665203374
:10A748002E36204E617469766520496E746572668E
:10A7580061636500000000000000000001020304BE
:10A76800060708090000000001020304426F617235
:10A77800642F76332F5372632F6932632E63000080
:10A78800000610160006101649444C45000000004B
:10A798004E35666962726531374173796E635374F9
:10A7A8007265616D536F757263654500A8D90408B9
:10A7B80098A703084E356669627265313541737929
:10A7C8006E6353747265616D53696E6B450000006A
:10A7D800A8D90408BCA70308BCDA0408F8A703082A
:10A7E800D8A70308BCDA040810A80308B4A703080C
:10A7F8004E35666962726531335061636B657457B3
:10A8080072617070657245004E35666962726531B5
:10A81800355061636B6574556E77726170706572DF
:10A828004500000000000000E0A70308A18B010814
:10A83800FD8C010800000000ECA70308258B010827
:10A84800AD8D0108616E616C6F675F7468726561D8
:10A85800645F646566000000000400004E31304FFC
:10A868004472697665496E74663841786973496ED1
:10A8780074664500A8D9040864A80308BCDA04086B
:10A8880090A803087CA80308344178697300000085
:10A898000000000084A8030899A001087374643AB2
:10A8A8003A6765743A2077726F6E6720696E6465DF
:10A8B8007820666F722076617269616E740000009C
:10A8C800537431386261645F76617269616E745F76
:10A8D8006163636573730000BCDA0408C8A80308E1
:10A8E800FCD904083331526573697374616E63650A
:10A8F8004D6561737572656D656E74436F6E7472C4
:10A908006F6C4C6177000000BCDA0408ECA80308FF
:10A9180080AD03083331496E64756374616E636595
:10A928004D6561737572656D656E74436F6E747293
:10A938006F6C4C6177000000BCDA04081CA903089E
:10A9480080AD030800000000E0A803081DB7010857
:10A9580031B7010885B501080000000010A90308F7
:10A9680089B5010819F4010891F701089DB5010896
:10A978004DB701080000000040A9030899B6010876
:10A9880019F4010891F70108A1B60108A9B701084F
:10A998004E31304F4472697665496E746632385468
:10A9A8006865726D6973746F7243757272656E74DF
:10A9B8004C696D69746572496E74664500000000E3
:10A9C800A8D9040898A903084E31304F4472697613
:10A9D80065496E746633354F6E626F617264546890
:10A9E80065726D6973746F7243757272656E744CBB
:10A9F800696D69746572496E74664500A8D9040862
:10AA0800D0A903084E31304F4472697665496E7497
:10AA18006633364F6666626F617264546865726D3C
:10AA28006973746F7243757272656E744C696D697F
:10AA3800746572496E74664500000000A8D9040860
:10AA48000CAA0308313443757272656E744C696DD3
:10AA58006974657200000000A8D904084CAA0308AC
:10AA680033314F6E626F617264546865726D6973D9
:10AA7800746F7243757272656E744C696D69746532
:10AA88007200000034DB040868AA03080000000014
:10AA98000200000018AB03080200000004AA030823
:10AAA8000200000033324F6666626F617264546858
:10AAB80065726D6973746F7243757272656E744CEA
:10AAC800696D69746572000034DB0408ACAA030878
:10AAD800000000000200000018AB0308020000009C
:10AAE80044AA030802000000000000008CAA030822
:10AAF80031E10008EDE90008C5C8010800000000C0
:10AB0800D0AA030835E10008FDE90008C5C8010816
:10AB180034DB040838AB0308000000000200000022
:10AB280060AA030802000000C8A903080200000088
:10AB38003234546865726D6973746F7243757272DA
:10AB4800656E744C696D6974657200004E31304FE2
:10AB58004472697665496E74663131456E636F6417
:10AB68006572496E74664500A8D9040854AB030899
:10AB7800000000000000803F00000040000040404E
:10AB8800000080400000A040BCDA0408ACAB030819
:10AB980070AB0308A8D90408B8AB0308A8D90408FF
:10ABA800E8AB030837456E636F6465720000000008
:10ABB8002A5A4E37456E636F646572323672756E07
:10ABC8005F68616C6C5F70686173655F63616C6915
:10ABD80062726174696F6E457645556C62455F00B7
:10ABE8002A5A4E37456E636F646572323972756ED4
:10ABF8005F68616C6C5F706F6C61726974795F63B8
:10AC0800616C6962726174696F6E457645556C62F4
:10AC1800455F00000000000090AB0308E9CA010886
:10AC28007374643A3A6765743A2076617269616E42
:10AC3800742069732076616C75656C6573730000A8
:10AC48003133436F6D706F6E656E7442617365006A
:10AC5800A8D9040848AC0308BCDA04086CAC03089B
:10AC680058AC030831334163696D457374696D618C
:10AC7800746F72000000000060AC03080DE2010868
:10AC88004E31304F4472697665496E746631394D7C
:10AC9800656368616E6963616C4272616B65496E78
:10ACA80074664500A8D9040888AC0308BCDA04080F
:10ACB800C0AC0308ACAC030831354D656368616E00
:10ACC8006963616C4272616B6500000000000000FE
:10ACD800B4AC0308F9E301083DE401084E31304FF4
:10ACE8004472697665496E74663134436F6E747266
:10ACF8006F6C6C6572496E7466450000A8D90408CB
:10AD0800E4AC0308BCDA040818AD030804AD030872
:10AD18003130436F6E74726F6C6C657200000000A6
:10AD2800000000000CAD030895E40108C5E4010823
:10AD3800DDE401087DE4010831355068617365433D
:10AD48006F6E74726F6C4C6177494C6A334545007D
:10AD5800A8D9040840AD030834DB04088CAD030807
:10AD6800000000000200000080AD0308020000009F
:10AD780058AC030802040000BCDA0408A8AD0308B4
:10AD880058AD030832334669656C644F7269656E65
:10AD9800746564436F6E74726F6C6C65720000004A
:10ADA8003234416C706861426574614672616D65E8
:10ADB800436F6E74726F6C6C657200000000000067
:10ADC80060AD030885F3010819F4010891F701083B
:10ADD800B1F3010871F7010839F80108FCFFFFFF1A
:10ADE80060AD03081DFA0108BCDA0408FCAD0308CD
:10ADF80058AC030831384F70656E4C6F6F70436FF5
:10AE08006E74726F6C6C65720000000000000000C8
:10AE1800F0AD030825FA010864656661756C745421
:10AE280061736B003031323334353637383941424B
:10AE380043444546000000004E31304F4472697665
:10AE480065496E746631364F7363696C6C6F7363F2
:10AE58006F7065496E74664500000000A8D9040843
:10AE680040AE030831304F4472697665496E7466A6
:10AE780000000000A8D904086CAE030831324F73F3
:10AE880063696C6C6F73636F70650000BCDA0408EB
:10AE980084AE030864AE03080000000094AE030803
:10AEA800CD020208BCDA0408B8AE03087CAE030879
:10AEB800364F44726976650000000000ACAE0308A6
:10AEC800ED02020895050208FD0A02085D04020861
:10AED800E5020208B5050208FD020208610302083E
:10AEE800ED030208690402088904020863616E5FC1
:10AEF8007365727665725F7468726561645F6465B4
:10AF0800660000004E31304F4472697665496E74B0
:10AF1800663743616E496E7466450000A8D9040817
:10AF28000CAF0308313043616E427573426173653B
:10AF380000000000A8D904082CAF030834DB04087B
:10AF480064AF030800000000020000003CAF0308E3
:10AF58000200000024AF030802000000394F4472C9
:10AF680069766543414E00000000000044AF0308C5
:10AF7800613C0208053D0208C13C0208256600251F
:10AF88007500256C6400256C7500256C6C750025B2
:10AF9800640000003854797065496E666F000000DF
:10AFA800A8D904089CAF03083235537472696E67D8
:10AFB800436F6E7665727469626C65547970654921
:10AFC8006E666F00A8D90408B0AF03083231466C2A
:10AFD8006F61745365747461626C65547970654906
:10AFE8006E666F00A8D90408D4AF030832314669E9
:10AFF80062726550726F70657274795479706549C0
:10B008006E666F493850726F7065727479494E3147
:10B01800304F4472697665496E7466354572726F51
:10B02800724545450000000034DB0408F4AF03080E
:10B038000000000003000000ECAF0308020000005D
:10B04800CCAF030802040000A8AF03080208000000
:10B058003231466962726550726F706572747954E4
:10B06800797065496E666F493850726F7065727491
:10B07800794966454500000034DB040858B00308E8
:10B088000000000003000000ECAF0308020000000D
:10B09800CCAF030802040000A8AF030802080000B0
:10B0A8003231466962726550726F70657274795494
:10B0B800797065496E666F493850726F7065727441
:10B0C800794962454500000034DB0408A8B003084C
:10B0D8000000000003000000ECAF030802000000BD
:10B0E800CCAF030802040000A8AF03080208000060
:10B0F8003231466962726550726F70657274795444
:10B10800797065496E666F493850726F70657274F0
:10B1180079496D454500000034DB0408F8B00308A0
:10B128000000000003000000ECAF0308020000006C
:10B13800CCAF030802040000A8AF0308020800000F
:10B148003231466962726550726F706572747954F3
:10B15800797065496E666F493850726F70657274A0
:10B1680079494E31304F4472697665496E74663755
:10B1780043616E496E7466354572726F7245454516
:10B188000000000034DB040848B103080000000098
:10B1980003000000ECAF030802000000CCAF030876
:10B1A80002040000A8AF0308020800003231466913
:10B1B80062726550726F70657274795479706549FE
:10B1C8006E666F493850726F7065727479494E3186
:10B1D800304F4472697665496E74663743616E49CB
:10B1E8006E74663850726F746F636F6C45454500B6
:10B1F80034DB0408B4B103080000000003000000B9
:10B20800ECAF030802000000CCAF03080204000002
:10B21800A8AF03080208000032314669627265501F
:10B22800726F706572747954797065496E666F498A
:10B238003850726F7065727479494E31304F44726C
:10B24800697665496E7466313853747265616D50FC
:10B25800726F746F636F6C54797065454545000073
:10B2680034DB040820B203080000000003000000DB
:10B27800ECAF030802000000CCAF03080204000092
:10B28800A8AF0308020800003231466962726550AF
:10B29800726F706572747954797065496E666F491A
:10B2A8003850726F7065727479493134656E6470A4
:10B2B8006F696E745F7265665F74454500000000D3
:10B2C80034DB040890B2030800000000030000000B
:10B2D800ECAF030802000000CCAF03080204000032
:10B2E800A8AF03080208000032314669627265504F
:10B2F800726F706572747954797065496E666F49BA
:10B308003850726F7065727479494E31304F44729B
:10B31800697665496E7466384770696F4D6F646504
:10B328004545450034DB0408F0B20308000000007E
:10B3380003000000ECAF030802000000CCAF0308D4
:10B3480002040000A8AF0308020800003231466971
:10B3580062726550726F706572747954797065495C
:10B368006E666F493850726F7065727479494E31E4
:10B37800304F4472697665496E74663841786973EE
:10B38800496E7466354572726F7245454500000016
:10B3980034DB040854B30308000000000300000075
:10B3A800ECAF030802000000CCAF03080204000061
:10B3B800A8AF03080208000032314669627265507E
:10B3C800726F706572747954797065496E666F49E9
:10B3D8003850726F7065727479494E31304F4472CB
:10B3E800697665496E74663841786973496E746622
:10B3F80039417869735374617465454545000000A7
:10B4080034DB0408C0B30308000000000300000098
:10B41800ECAF030802000000CCAF030802040000F0
:10B42800A8AF03080208000032314669627265500D
:10B43800726F706572747954797065496E666F4978
:10B448003850726F70657274794974454500000010
:10B4580034DB040830B403080000000003000000D7
:10B46800ECAF030802000000CCAF030802040000A0
:10B47800A8AF0308020800003231466962726550BD
:10B48800726F706572747954797065496E666F4928
:10B498003850726F7065727479494E31304F44720A
:10B4A800697665496E7466394D6F746F72496E744A
:10B4B80066354572726F72454545000034DB0408F5
:10B4C80080B403080000000003000000ECAF03088C
:10B4D80002000000CCAF030802040000A8AF030874
:10B4E800020800003231466962726550726F7065F9
:10B4F80072747954797065496E666F493850726F05
:10B508007065727479496C454500000034DB0408A5
:10B51800ECB403080000000003000000ECAF0308CF
:10B5280002000000CCAF030802040000A8AF030823
:10B53800020800003231466962726550726F7065A8
:10B5480072747954797065496E666F493850726FB4
:10B558007065727479494E31304F44726976654925
:10B568006E7466394D6F746F72496E7466394D6FBB
:10B57800746F7254797065454545000034DB0408E2
:10B588003CB503080000000003000000ECAF03080E
:10B5980002000000CCAF030802040000A8AF0308B3
:10B5A800020800003231466962726550726F706538
:10B5B80072747954797065496E666F493850726F44
:10B5C8007065727479494E31304F447269766549B5
:10B5D8006E74663134436F6E74726F6C6C65724949
:10B5E8006E7466354572726F7245454500000000FD
:10B5F80034DB0408ACB503080000000003000000B9
:10B60800ECAF030802000000CCAF030802040000FE
:10B61800A8AF03080208000032314669627265501B
:10B62800726F706572747954797065496E666F4986
:10B638003850726F7065727479494E31304F447268
:10B64800697665496E74663134436F6E74726F6CD7
:10B658006C6572496E74663131436F6E74726F6CCB
:10B668004D6F64654545450034DB040820B6030882
:10B678000000000003000000ECAF03080200000017
:10B68800CCAF030802040000A8AF030802080000BA
:10B698003231466962726550726F7065727479549E
:10B6A800797065496E666F493850726F706572744B
:10B6B80079494E31304F4472697665496E74663106
:10B6C80034436F6E74726F6C6C6572496E74663950
:10B6D800496E7075744D6F646545454500000000FE
:10B6E80034DB040898B603080000000003000000DB
:10B6F800ECAF030802000000CCAF0308020400000E
:10B70800A8AF03080208000032314669627265502A
:10B71800726F706572747954797065496E666F4995
:10B728003850726F70657274794968454500000039
:10B7380034DB040810B70308000000000300000011
:10B74800ECAF030802000000CCAF030802040000BD
:10B75800A8AF0308020800003231466962726550DA
:10B76800726F706572747954797065496E666F4945
:10B778003850726F7065727479494E31304F447227
:10B78800697665496E74663131456E636F646572BA
:10B79800496E7466354572726F7245454500000002
:10B7A80034DB040860B70308000000000300000051
:10B7B800ECAF030802000000CCAF0308020400004D
:10B7C800A8AF03080208000032314669627265506A
:10B7D800726F706572747954797065496E666F49D5
:10B7E8003850726F7065727479494E31304F4472B7
:10B7F800697665496E74663131456E636F6465724A
:10B80800496E7466344D6F64654545450000000017
:10B8180034DB0408D0B70308000000000300000070
:10B82800ECAF030802000000CCAF030802040000DC
:10B83800A8AF0308020800003231466962726550F9
:10B84800726F706572747954797065496E666F4964
:10B858003850726F7065727479494E31304F447246
:10B86800697665496E7466323353656E736F726CB0
:10B87800657373457374696D61746F72496E74662C
:10B88800354572726F7245454500000034DB040887
:10B8980040B803080000000003000000ECAF0308F4
:10B8A80002000000CCAF030802040000A8AF0308A0
:10B8B8000208000000000000A8AF0308E99503088B
:10B8C80000000000CCAF0308854202088942020844
:10B8D80000000000ECAF03088D42020800000000E1
:10B8E80030B00308F73E0308E9460208854A020813
:10B8F800399E0208FCFFFFFF30B00308A94A02087E
:10B908006D9E0208F8FFFFFF30B0030809470208E0
:10B918000000000080B00308CF5C0208C14602089E
:10B92800B14A02084D470208FCFFFFFF80B0030838
:10B93800DD4A020891470208F8FFFFFF80B00308BC
:10B94800E146020800000000D0B00308E19E0208AA
:10B9580099460208294702089D9E0208FCFFFFFF3E
:10B96800D0B0030845470208D99E0208F8FFFFFF38
:10B97800D0B00308B94602080000000020B103084F
:10B98800A35C020871460208594A0208E54A0208FF
:10B99800FCFFFFFF20B103087D4A02081D4B020887
:10B9A800F8FFFFFF20B103089146020800000000DD
:10B9B8008CB10308C53E0308494602082D4A02080F
:10B9C800959F0208FCFFFFFF8CB10308514A02084B
:10B9D800C99F0208F8FFFFFF8CB1030869460208F7
:10B9E80000000000F8B10308933E0308214602084E
:10B9F800014A0208ADA10208FCFFFFFFF8B10308E5
:10BA0800254A0208E1A10208F8FFFFFFF8B1030880
:10BA1800414602080000000068B20308613E0308BE
:10BA2800F9450208D5490208319F0208FCFFFFFFCB
:10BA380068B20308F9490208659F0208F8FFFFFF8A
:10BA480068B203081946020800000000C8B20308DB
:10BA5800C1450208C545020811470208ED4502081C
:10BA6800FCFFFFFFC8B2030821470208F14502089E
:10BA7800F8FFFFFFC8B20308E54502080000000010
:10BA88002CB303082F3E030899450208A949020868
:10BA9800B1A40208FCFFFFFF2CB30308CD4902083C
:10BAA800E5A40208F8FFFFFF2CB30308B945020814
:10BAB8000000000098B30308775C0208714502088B
:10BAC8007D490208254B0208FCFFFFFF98B30308D5
:10BAD800A14902085D4B0208F8FFFFFF98B303086D
:10BAE800914502080000000008B40308FD3D030862
:10BAF8004945020851490208F99F0208FCFFFFFF67
:10BB080008B40308754902082DA00208F8FFFFFFD2
:10BB180008B40308694502080000000058B4030887
:10BB280049A20208214502082549020811A2020873
:10BB3800FCFFFFFF58B403084949020841A2020864
:10BB4800F8FFFFFF58B40308414502080000000051
:10BB5800C4B40308515C0208F9440208A94B02085E
:10BB6800654B0208FCFFFFFFC4B40308CD4B020875
:10BB7800A14B0208F8FFFFFFC4B4030819450208E7
:10BB88000000000014B50308255C0208D14402082F
:10BB9800F9480208D54B0208FCFFFFFF14B503085B
:10BBA8001D4902080D4C0208F8FFFFFF14B50308F1
:10BBB800F14402080000000084B50308CB3D0308E7
:10BBC800A9440208CD48020899A20208FCFFFFFF19
:10BBD80084B50308F1480208CDA20208F8FFFFFF68
:10BBE80084B50308C944020800000000F8B503083A
:10BBF800993D030881440208A14802085DA0020893
:10BC0800FCFFFFFFF8B50308C548020891A0020829
:10BC1800F8FFFFFFF8B50308A14402080000000080
:10BC280070B60308673D03085944020875480208BE
:10BC3800FDA20208FCFFFFFF70B60308994802083E
:10BC480031A30208F8FFFFFF70B603087944020821
:10BC580000000000E8B60308353D03083144020837
:10BC68004948020861A30208FCFFFFFFE8B6030881
:10BC78006D48020895A30208F8FFFFFFE8B603081D
:10BC8800514402080000000038B70308033D0308C8
:10BC9800094402081D480208C5A30208FCFFFFFF6B
:10BCA80038B7030841480208F9A30208F8FFFFFF64
:10BCB80038B703082944020800000000A8B70308A1
:10BCC800F9A00208E1430208F1470208C1A00208EE
:10BCD800FCFFFFFFA8B7030815480208F1A00208F7
:10BCE800F8FFFFFFA8B7030801440208000000009E
:10BCF80018B8030861A40208B9430208C547020836
:10BD080029A40208FCFFFFFF18B80308E947020846
:10BD180059A40208F8FFFFFF18B80308D94302081E
:10BD28000000000094B80308D13C030891430208BE
:10BD38009947020849A10208FCFFFFFF94B80308CD
:10BD4800BD4702087DA10208F8FFFFFF94B8030869
:10BD5800B14302085B7B226E616D65223A22222C78
:10BD6800226964223A302C2274797065223A226A58
:10BD7800736F6E222C22616363657373223A227299
:10BD8800227D2C7B226E616D65223A226572726F6C
:10BD980072222C226964223A312C2274797065222D
:10BDA8003A2275696E7438222C2261636365737355
:10BDB800223A227277227D2C7B226E616D65223AAF
:10BDC80022766275735F766F6C74616765222C22C8
:10BDD8006964223A322C2274797065223A22666CA0
:10BDE8006F6174222C22616363657373223A227235
:10BDF800227D2C7B226E616D65223A226962757301
:10BE0800222C226964223A332C2274797065223AF2
:10BE180022666C6F6174222C2261636365737322DE
:10BE28003A2272227D2C7B226E616D65223A22694C
:10BE38006275735F7265706F72745F66696C746542
:10BE4800725F6B222C226964223A342C2274797036
:10BE580065223A22666C6F6174222C2261636365E5
:10BE68007373223A227277227D2C7B226E616D6574
:10BE7800223A2273657269616C5F6E756D626572D4
:10BE8800222C226964223A352C2274797065223A70
:10BE98002275696E743634222C226163636573736C
:10BEA800223A2272227D2C7B226E616D65223A2213
:10BEB80068775F76657273696F6E5F6D616A6F72BE
:10BEC800222C226964223A362C2274797065223A2F
:10BED8002275696E7438222C22616363657373223C
:10BEE8003A2272227D2C7B226E616D65223A22688D
:10BEF800775F76657273696F6E5F6D696E6F7222B8
:10BF08002C226964223A372C2274797065223A22ED
:10BF180075696E7438222C22616363657373223AE3
:10BF28002272227D2C7B226E616D65223A2268770F
:10BF38005F76657273696F6E5F76617269616E7440
:10BF4800222C226964223A382C2274797065223AAC
:10BF58002275696E7438222C2261636365737322BB
:10BF68003A2272227D2C7B226E616D65223A22660E
:10BF7800775F76657273696F6E5F6D616A6F722243
:10BF88002C226964223A392C2274797065223A226B
:10BF980075696E7438222C22616363657373223A63
:10BFA8002272227D2C7B226E616D65223A22667791
:10BFB8005F76657273696F6E5F6D696E6F72222C42
:10BFC800226964223A31302C2274797065223A222F
:10BFD80075696E7438222C22616363657373223A23
:10BFE8002272227D2C7B226E616D65223A22667751
:10BFF8005F76657273696F6E5F7265766973696F74
:10C008006E222C226964223A31312C2274797065AF
:10C01800223A2275696E7438222C22616363657333
:10C0280073223A2272227D2C7B226E616D65223A40
:10C038002266775F76657273696F6E5F756E72657B
:10C048006C6561736564222C226964223A31322C52
:10C058002274797065223A2275696E7438222C220E
:10C06800616363657373223A2272227D2C7B226E90
:10C07800616D65223A226272616B655F72657369F0
:10C0880073746F725F61726D6564222C2269642219
:10C098003A31332C2274797065223A22626F6F6CC0
:10C0A800222C22616363657373223A2272227D2CEB
:10C0B8007B226E616D65223A226272616B655F72E6
:10C0C80065736973746F725F736174757261746597
:10C0D80064222C226964223A31342C2274797065E6
:10C0E800223A22626F6F6C222C226163636573733C
:10C0F800223A2272227D2C7B226E616D65223A22C1
:10C108006272616B655F7265736973746F725F6386
:10C11800757272656E74222C226964223A31352C4C
:10C128002274797065223A22666C6F6174222C221F
:10C13800616363657373223A2272227D2C7B226EBF
:10C14800616D65223A226E5F6576745F73616D700A
:10C158006C696E67222C226964223A31362C22746B
:10C16800797065223A2275696E743332222C226105
:10C178006363657373223A2272227D2C7B226E617F
:10C188006D65223A226E5F6576745F636F6E7472B6
:10C198006F6C5F6C6F6F70222C226964223A3137A2
:10C1A8002C2274797065223A2275696E74333222B2
:10C1B8002C22616363657373223A2272227D2C7B81
:10C1C800226E616D65223A227461736B5F74696DCA
:10C1D8006572735F61726D6564222C226964223A0C
:10C1E80031382C2274797065223A22626F6F6C2282
:10C1F8002C22616363657373223A227277227D2C45
:10C208007B226E616D65223A227461736B5F74697B
:10C218006D6573222C2274797065223A226F626AE6
:10C22800656374222C226D656D62657273223A5BB8
:10C238007B226E616D65223A2273616D706C696E46
:10C2480067222C2274797065223A226F626A6563CC
:10C2580074222C226D656D62657273223A5B7B22B3
:10C268006E616D65223A2273746172745F74696DD0
:10C2780065222C226964223A31392C22747970653E
:10C28800223A2275696E743332222C226163636507
:10C298007373223A2272227D2C7B226E616D652295
:10C2A8003A22656E645F74696D65222C2269642286
:10C2B8003A32302C2274797065223A2275696E748C
:10C2C8003332222C22616363657373223A2272220D
:10C2D8007D2C7B226E616D65223A226C656E6774D7
:10C2E80068222C226964223A32312C2274797065D2
:10C2F800223A2275696E743332222C226163636597
:10C308007373223A2272227D2C7B226E616D652224
:10C318003A226D61785F6C656E677468222C2269B9
:10C3280064223A32322C2274797065223A22756975
:10C338006E743332222C22616363657373223A224E
:10C348007277227D5D7D2C7B226E616D65223A229B
:10C35800636F6E74726F6C5F6C6F6F705F6D697313
:10C3680063222C2274797065223A226F626A6563AF
:10C3780074222C226D656D62657273223A5B7B2292
:10C388006E616D65223A2273746172745F74696DAF
:10C3980065222C226964223A32332C227479706522
:10C3A800223A2275696E743332222C2261636365E6
:10C3B8007373223A2272227D2C7B226E616D652274
:10C3C8003A22656E645F74696D65222C2269642265
:10C3D8003A32342C2274797065223A2275696E7467
:10C3E8003332222C22616363657373223A227222EC
:10C3F8007D2C7B226E616D65223A226C656E6774B6
:10C4080068222C226964223A32352C2274797065AC
:10C41800223A2275696E743332222C226163636575
:10C428007373223A2272227D2C7B226E616D652203
:10C438003A226D61785F6C656E677468222C226998
:10C4480064223A32362C2274797065223A22756950
:10C458006E743332222C22616363657373223A222D
:10C468007277227D5D7D2C7B226E616D65223A227A
:10C47800636F6E74726F6C5F6C6F6F705F6368650B
:10C48800636B73222C2274797065223A226F626A78
:10C49800656374222C226D656D62657273223A5B46
:10C4A8007B226E616D65223A2273746172745F74C7
:10C4B800696D65222C226964223A32372C227479FC
:10C4C8007065223A2275696E743332222C226163B8
:10C4D80063657373223A2272227D2C7B226E616D12
:10C4E80065223A22656E645F74696D65222C226943
:10C4F80064223A32382C2274797065223A2275699E
:10C508006E743332222C22616363657373223A227C
:10C5180072227D2C7B226E616D65223A226C656EDB
:10C52800677468222C226964223A32392C22747981
:10C538007065223A2275696E743332222C22616347
:10C5480063657373223A2272227D2C7B226E616DA1
:10C5580065223A226D61785F6C656E677468222C7B
:10C56800226964223A33302C2274797065223A2287
:10C5780075696E743332222C22616363657373228A
:10C588003A227277227D5D7D2C7B226E616D652259
:10C598003A2264635F63616C69625F7761697422E0
:10C5A8002C2274797065223A226F626A656374225C
:10C5B8002C226D656D62657273223A5B7B226E6117
:10C5C8006D65223A2273746172745F74696D6522B5
:10C5D8002C226964223A33312C2274797065223A0C
:10C5E8002275696E743332222C226163636573731A
:10C5F800223A2272227D2C7B226E616D65223A22BC
:10C60800656E645F74696D65222C226964223A3311
:10C61800322C2274797065223A2275696E7433322D
:10C62800222C22616363657373223A2272227D2C65
:10C638007B226E616D65223A226C656E6774682292
:10C648002C226964223A33332C2274797065223A99
:10C658002275696E743332222C22616363657373A9
:10C66800223A2272227D2C7B226E616D65223A224B
:10C678006D61785F6C656E677468222C226964222C
:10C688003A33342C2274797065223A2275696E74B3
:10C698003332222C22616363657373223A227277E4
:10C6A800227D5D7D5D7D2C7B226E616D65223A2247
:10C6B80073797374656D5F7374617473222C22745B
:10C6C800797065223A226F626A656374222C226D42
:10C6D800656D62657273223A5B7B226E616D6522BD
:10C6E8003A22757074696D65222C226964223A3386
:10C6F800352C2274797065223A2275696E7433324A
:10C70800222C22616363657373223A2272227D2C84
:10C718007B226E616D65223A226D696E5F68656184
:10C72800705F7370616365222C226964223A333624
:10C738002C2274797065223A2275696E743332221C
:10C748002C22616363657373223A2272227D2C7BEB
:10C75800226E616D65223A226D61785F7374616340
:10C768006B5F75736167655F61786973222C2269F5
:10C7780064223A33372C2274797065223A2275691B
:10C788006E743332222C22616363657373223A22FA
:10C7980072227D2C7B226E616D65223A226D617852
:10C7A8005F737461636B5F75736167655F757362EF
:10C7B800222C226964223A33382C2274797065223B
:10C7C8003A2275696E743332222C22616363657371
:10C7D80073223A2272227D2C7B226E616D65223A89
:10C7E800226D61785F737461636B5F7573616765F0
:10C7F8005F75617274222C226964223A33392C22C3
:10C8080074797065223A2275696E743332222C224B
:10C81800616363657373223A2272227D2C7B226ED8
:10C82800616D65223A226D61785F737461636B5F35
:10C8380075736167655F63616E222C226964223AB1
:10C8480034302C2274797065223A2275696E7433FB
:10C8580032222C22616363657373223A2272227D2D
:10C868002C7B226E616D65223A226D61785F73744C
:10C8780061636B5F75736167655F7374617274750B
:10C8880070222C226964223A34312C227479706522
:10C89800223A2275696E743332222C2261636365F1
:10C8A8007373223A2272227D2C7B226E616D65227F
:10C8B8003A226D61785F737461636B5F757361674A
:10C8C800655F616E616C6F67222C226964223A345D
:10C8D800322C2274797065223A2275696E7433326B
:10C8E800222C22616363657373223A2272227D2CA3
:10C8F8007B226E616D65223A22737461636B5F738C
:10C90800697A655F61786973222C226964223A34F6
:10C91800332C2274797065223A2275696E74333229
:10C92800222C22616363657373223A2272227D2C62
:10C938007B226E616D65223A22737461636B5F734B
:10C94800697A655F757362222C226964223A3434ED
:10C958002C2274797065223A2275696E74333222FA
:10C968002C22616363657373223A2272227D2C7BC9
:10C97800226E616D65223A22737461636B5F73691D
:10C988007A655F75617274222C226964223A3435A3
:10C998002C2274797065223A2275696E74333222BA
:10C9A8002C22616363657373223A2272227D2C7B89
:10C9B800226E616D65223A22737461636B5F7369DD
:10C9C8007A655F73746172747570222C22696422AF
:10C9D8003A34362C2274797065223A2275696E745D
:10C9E8003332222C22616363657373223A227222E6
:10C9F8007D2C7B226E616D65223A22737461636BB4
:10CA08005F73697A655F63616E222C226964223ADA
:10CA180034372C2274797065223A2275696E743322
:10CA280032222C22616363657373223A2272227D5B
:10CA38002C7B226E616D65223A22737461636B5F91
:10CA480073697A655F616E616C6F67222C22696415
:10CA5800223A34382C2274797065223A2275696E2C
:10CA6800743332222C22616363657373223A227213
:10CA7800227D2C7B226E616D65223A227072696F6D
:10CA88005F61786973222C226964223A34392C2236
:10CA980074797065223A22696E743332222C2261CD
:10CAA8006363657373223A2272227D2C7B226E6146
:10CAB8006D65223A227072696F5F757362222C224B
:10CAC8006964223A35302C2274797065223A2269D9
:10CAD8006E743332222C22616363657373223A22A7
:10CAE80072227D2C7B226E616D65223A22707269FA
:10CAF8006F5F75617274222C226964223A35312C79
:10CB08002274797065223A22696E743332222C229B
:10CB1800616363657373223A2272227D2C7B226ED5
:10CB2800616D65223A227072696F5F737461727405
:10CB38007570222C226964223A35322C227479705D
:10CB480065223A22696E743332222C22616363654E
:10CB58007373223A2272227D2C7B226E616D6522CC
:10CB68003A227072696F5F63616E222C22696422B7
:10CB78003A35332C2274797065223A22696E7433FF
:10CB880032222C22616363657373223A2272227DFA
:10CB98002C7B226E616D65223A227072696F5F612B
:10CBA8006E616C6F67222C226964223A35342C221C
:10CBB80074797065223A22696E743332222C2261AC
:10CBC8006363657373223A2272227D2C7B226E6125
:10CBD8006D65223A22757362222C2274797065225F
:10CBE8003A226F626A656374222C226D656D6265F4
:10CBF8007273223A5B7B226E616D65223A227278EB
:10CC08005F636E74222C226964223A35352C2274B3
:10CC1800797065223A2275696E743332222C22614A
:10CC28006363657373223A2272227D2C7B226E61C4
:10CC38006D65223A2274785F636E74222C226964CF
:10CC4800223A35362C2274797065223A2275696E3B
:10CC5800743332222C22616363657373223A227221
:10CC6800227D2C7B226E616D65223A2274785F6F7B
:10CC780076657272756E5F636E74222C2269642207
:10CC88003A35372C2274797065223A2275696E74A8
:10CC98003332222C22616363657373223A22722233
:10CCA8007D5D7D2C7B226E616D65223A226932633F
:10CCB800222C2274797065223A226F626A65637445
:10CCC800222C226D656D62657273223A5B7B226E3F
:10CCD800616D65223A2261646472222C22696422A1
:10CCE8003A35382C2274797065223A2275696E7447
:10CCF80038222C22616363657373223A2272227D83
:10CD08002C7B226E616D65223A22616464725F6DCC
:10CD1800617463685F636E74222C226964223A35F9
:10CD2800392C2274797065223A2275696E7433320F
:10CD3800222C22616363657373223A2272227D2C4E
:10CD48007B226E616D65223A2272785F636E74226F
:10CD58002C226964223A36302C2274797065223A82
:10CD68002275696E743332222C2261636365737392
:10CD7800223A2272227D2C7B226E616D65223A2234
:10CD88006572726F725F636E74222C226964223A34
:10CD980036312C2274797065223A2275696E7433A3
:10CDA80032222C22616363657373223A2272227DD8
:10CDB8005D7D5D7D2C7B226E616D65223A227573E7
:10CDC80065725F636F6E6669675F6C6F61646564E7
:10CDD800222C226964223A36322C22747970652218
:10CDE8003A2275696E743332222C2261636365734B
:10CDF80073223A2272227D2C7B226E616D65223A63
:10CE0800226D6973636F6E66696775726564222C3B
:10CE1800226964223A36332C2274797065223A22C8
:10CE2800626F6F6C222C22616363657373223A22EE
:10CE380072227D2C7B226E616D65223A226F7363AC
:10CE4800696C6C6F73636F7065222C2274797065DE
:10CE5800223A226F626A656374222C226D656D62C4
:10CE6800657273223A5B7B226E616D65223A22738A
:10CE7800697A65222C226964223A36342C22747924
:10CE88007065223A2275696E743332222C226163EE
:10CE980063657373223A2272227D2C7B226E616D48
:10CEA80065223A226765745F76616C222C22696478
:10CEB800223A36352C2274797065223A2266756ECC
:10CEC8006374696F6E222C22696E70757473223ACE
:10CED8005B7B226E616D65223A22696E64657822F9
:10CEE8002C226964223A36362C2274797065223AEB
:10CEF8002275696E743332222C2261636365737301
:10CF0800223A227277227D5D2C226F7574707574B7
:10CF180073223A5B7B226E616D65223A2276616CE0
:10CF2800222C226964223A36372C227479706522C1
:10CF38003A22666C6F6174222C2261636365737395
:10CF4800223A2272227D5D7D5D7D2C7B226E616D91
:10CF580065223A2263616E222C2274797065223A26
:10CF6800226F626A656374222C226D656D62657238
:10CF780073223A5B7B226E616D65223A226572727A
:10CF88006F72222C226964223A36382C2274797006
:10CF980065223A2275696E7438222C2261636365B2
:10CFA8007373223A227277227D2C7B226E616D6523
:10CFB800223A22636F6E666967222C227479706543
:10CFC800223A226F626A656374222C226D656D6253
:10CFD800657273223A5B7B226E616D65223A22622A
:10CFE8006175645F72617465222C226964223A3625
:10CFF800392C2274797065223A2275696E7433323D
:10D00800222C22616363657373223A227277227D30
:10D018002C7B226E616D65223A2270726F746F6389
:10D028006F6C222C226964223A37302C2274797072
:10D0380065223A2275696E7438222C226163636511
:10D048007373223A227277227D5D7D5D7D2C7B226F
:10D058006E616D65223A22746573745F70726F70C9
:10D0680065727479222C226964223A37312C227431
:10D07800797065223A2275696E743332222C2261E6
:10D088006363657373223A227277227D2C7B226E4A
:10D09800616D65223A226F74705F76616C696422F3
:10D0A8002C226964223A37322C2274797065223A2C
:10D0B80022626F6F6C222C22616363657373223A5C
:10D0C8002272227D2C7B226E616D65223A22636F6B
:10D0D8006E666967222C2274797065223A226F6223
:10D0E8006A656374222C226D656D62657273223ADB
:10D0F8005B7B226E616D65223A22656E61626C65AA
:10D108005F756172745F61222C226964223A373339
:10D118002C2274797065223A22626F6F6C222C225D
:10D12800616363657373223A227277227D2C7B22B6
:10D138006E616D65223A22656E61626C655F75612C
:10D1480072745F62222C226964223A37342C22746A
:10D15800797065223A22626F6F6C222C22616363B8
:10D16800657373223A227277227D2C7B226E616D61
:10D1780065223A22656E61626C655F756172745FE3
:10D1880063222C226964223A37352C22747970651F
:10D19800223A22626F6F6C222C226163636573737B
:10D1A800223A227277227D2C7B226E616D65223AAB
:10D1B80022756172745F615F626175647261746522
:10D1C800222C226964223A37362C2274797065221F
:10D1D8003A2275696E743332222C22616363657357
:10D1E80073223A227277227D2C7B226E616D652232
:10D1F8003A22756172745F625F626175647261740C
:10D2080065222C226964223A37372C22747970659A
:10D21800223A2275696E743332222C226163636567
:10D228007373223A227277227D2C7B226E616D65A0
:10D23800223A22756172745F635F6261756472611C
:10D248007465222C226964223A37382C227479704A
:10D2580065223A2275696E743332222C2261636327
:10D26800657373223A227277227D2C7B226E616D60
:10D2780065223A22656E61626C655F63616E5F610B
:10D28800222C226964223A37392C2274797065225B
:10D298003A22626F6F6C222C22616363657373227A
:10D2A8003A227277227D2C7B226E616D65223A22AA
:10D2B800656E61626C655F6932635F61222C226909
:10D2C80064223A38302C2274797065223A22626FCF
:10D2D8006F6C222C22616363657373223A22727722
:10D2E800227D2C7B226E616D65223A227573625F06
:10D2F8006364635F70726F746F636F6C222C226952
:10D3080064223A38312C2274797065223A22756980
:10D318006E7438222C22616363657373223A227219
:10D3280077227D2C7B226E616D65223A22756172AF
:10D3380074305F70726F746F636F6C222C22696433
:10D34800223A38322C2274797065223A2275696E35
:10D358007438222C22616363657373223A227277D0
:10D36800227D2C7B226E616D65223A227561727472
:10D37800315F70726F746F636F6C222C2269642244
:10D388003A38332C2274797065223A2275696E74A2
:10D3980038222C22616363657373223A22727722E2
:10D3A8007D2C7B226E616D65223A22756172743222
:10D3B8005F70726F746F636F6C222C226964223AFB
:10D3C80038342C2274797065223A2275696E743863
:10D3D800222C22616363657373223A227277227D5D
:10D3E8002C7B226E616D65223A226D61785F7265D1
:10D3F80067656E5F63757272656E74222C2269644C
:10D40800223A38352C2274797065223A22666C6F7C
:10D418006174222C22616363657373223A227277E6
:10D42800227D2C7B226E616D65223A226272616BCD
:10D43800655F726573697374616E6365222C226916
:10D4480064223A38362C2274797065223A22666C46
:10D458006F6174222C22616363657373223A2272AE
:10D4680077227D2C7B226E616D65223A22656E6182
:10D47800626C655F6272616B655F72657369737414
:10D488006F72222C226964223A38372C2274797000
:10D4980065223A22626F6F6C222C22616363657386
:10D4A80073223A227277227D2C7B226E616D65226F
:10D4B8003A2264635F6275735F756E646572766F36
:10D4C8006C746167655F747269705F6C6576656CB2
:10D4D800222C226964223A38382C22747970652209
:10D4E8003A22666C6F6174222C22616363657373E0
:10D4F800223A227277227D2C7B226E616D65223A58
:10D508002264635F6275735F6F766572766F6C74A1
:10D518006167655F747269705F6C6576656C222CF3
:10D52800226964223A38392C2274797065223A22A9
:10D53800666C6F6174222C22616363657373223A8F
:10D54800227277227D2C7B226E616D65223A2265DC
:10D558006E61626C655F64635F6275735F6F766549
:10D5680072766F6C746167655F72616D70222C22D0
:10D578006964223A39302C2274797065223A226221
:10D588006F6F6C222C22616363657373223A227277
:10D5980077227D2C7B226E616D65223A2264635F5F
:10D5A8006275735F6F766572766F6C746167655FBD
:10D5B80072616D705F7374617274222C22696422C7
:10D5C8003A39312C2274797065223A22666C6F617F
:10D5D80074222C22616363657373223A2272772264
:10D5E8007D2C7B226E616D65223A2264635F6275D1
:10D5F800735F6F766572766F6C746167655F726171
:10D608006D705F656E64222C226964223A39322C6F
:10D618002274797065223A22666C6F6174222C221A
:10D62800616363657373223A227277227D2C7B22B1
:10D638006E616D65223A2264635F6D61785F706F19
:10D648007369746976655F63757272656E74222C8E
:10D65800226964223A39332C2274797065223A227D
:10D66800666C6F6174222C22616363657373223A5E
:10D67800227277227D2C7B226E616D65223A2264AC
:10D68800635F6D61785F6E656761746976655F6316
:10D69800757272656E74222C226964223A39342CB0
:10D6A8002274797065223A22666C6F6174222C228A
:10D6B800616363657373223A227277227D2C7B2221
:10D6C8006E616D65223A226572726F725F6770696A
:10D6D8006F5F70696E222C226964223A39352C22D8
:10D6E80074797065223A2275696E743332222C225D
:10D6F800616363657373223A227277227D2C7B22E1
:10D708006E616D65223A226770696F335F616E6181
:10D718006C6F675F6D617070696E67222C22747917
:10D728007065223A226F626A656374222C226D65E5
:10D738006D62657273223A5B7B226E616D65223A77
:10D7480022656E64706F696E74222C226964223AB5
:10D7580039362C2274797065223A22656E64706FAE
:10D76800696E745F726566222C22616363657373E8
:10D77800223A227277227D2C7B226E616D65223AD5
:10D78800226D696E222C226964223A39372C227460
:10D79800797065223A22666C6F6174222C2261636B
:10D7A80063657373223A227277227D2C7B226E6125
:10D7B8006D65223A226D6178222C226964223A39F9
:10D7C800382C2274797065223A22666C6F61742253
:10D7D8002C22616363657373223A227277227D5D1E
:10D7E8007D2C7B226E616D65223A226770696F34E9
:10D7F8005F616E616C6F675F6D617070696E6722E3
:10D808002C2274797065223A226F626A65637422E9
:10D818002C226D656D62657273223A5B7B226E61A4
:10D828006D65223A22656E64706F696E74222C22CF
:10D838006964223A39392C2274797065223A226552
:10D848006E64706F696E745F726566222C22616304
:10D8580063657373223A227277227D2C7B226E6174
:10D868006D65223A226D696E222C226964223A3152
:10D8780030302C2274797065223A22666C6F61749C
:10D88800222C22616363657373223A227277227DA8
:10D898002C7B226E616D65223A226D6178222C22E2
:10D8A8006964223A3130312C2274797065223A2227
:10D8B800666C6F6174222C22616363657373223A0C
:10D8C800227277227D5D7D2C7B226E616D65223A06
:10D8D800226770696F315F6D6F6465222C226964FD
:10D8E800223A3130322C2274797065223A227569D5
:10D8F8006E7438222C22616363657373223A227234
:10D9080077227D2C7B226E616D65223A22677069D1
:10D918006F325F6D6F6465222C226964223A313060
:10D92800332C2274797065223A2275696E74382214
:10D938002C22616363657373223A227277227D2CED
:10D948007B226E616D65223A226770696F335F6D65
:10D958006F6465222C226964223A3130342C227497
:10D96800797065223A2275696E7438222C226163B7
:10D9780063657373223A227277227D2C7B226E6153
:10D988006D65223A226770696F345F6D6F64652236
:10D998002C226964223A3130352C22747970652240
:10D9A8003A2275696E7438222C2261636365737339
:10D9B800223A227277227D2C7B226E616D65223A93
:10D9C800226770696F355F6D6F6465222C22696408
:10D9D800223A3130362C2274797065223A227569E0
:10D9E8006E7438222C22616363657373223A227243
:10D9F80077227D2C7B226E616D65223A22677069E1
:10DA08006F365F6D6F6465222C226964223A31306B
:10DA1800372C2274797065223A2275696E7438221F
:10DA28002C22616363657373223A227277227D2CFC
:10DA38007B226E616D65223A226770696F375F6D70
:10DA48006F6465222C226964223A3130382C2274A2
:10DA5800797065223A2275696E7438222C226163C6
:10DA680063657373223A227277227D2C7B226E6162
:10DA78006D65223A226770696F385F6D6F64652241
:10DA88002C226964223A3130392C2274797065224B
:10DA98003A2275696E7438222C2261636365737348
:10DAA800223A227277227D2C7B226E616D65223AA2
:10DAB800226770696F395F6D6F6465222C22696413
:10DAC800223A3131302C2274797065223A227569F4
:10DAD8006E7438222C22616363657373223A227252
:10DAE80077227D2C7B226E616D65223A22677069F0
:10DAF8006F31305F6D6F6465222C226964223A3180
:10DB080031312C2274797065223A2275696E743825
:10DB1800222C22616363657373223A227277227D15
:10DB28002C7B226E616D65223A226770696F3131F4
:10DB38005F6D6F6465222C226964223A3131322C80
:10DB48002274797065223A2275696E7438222C2203
:10DB5800616363657373223A227277227D2C7B227C
:10DB68006E616D65223A226770696F31325F6D6F41
:10DB78006465222C226964223A3131332C2274796B
:10DB88007065223A2275696E7438222C22616363AB
:10DB9800657373223A227277227D2C7B226E616D27
:10DBA80065223A226770696F31335F6D6F64652251
:10DBB8002C226964223A3131342C2274797065221E
:10DBC8003A2275696E7438222C2261636365737317
:10DBD800223A227277227D2C7B226E616D65223A71
:10DBE800226770696F31345F6D6F6465222C22691A
:10DBF80064223A3131352C2274797065223A2275C3
:10DC0800696E7438222C22616363657373223A2229
:10DC18007277227D2C7B226E616D65223A226770B5
:10DC2800696F31355F6D6F6465222C226964223A11
:10DC38003131362C2274797065223A2275696E74F6
:10DC480038222C22616363657373223A2272772229
:10DC58007D2C7B226E616D65223A226770696F3177
:10DC6800365F6D6F6465222C226964223A31313740
:10DC78002C2274797065223A2275696E7438222CC8
:10DC880022616363657373223A227277227D2C7B4B
:10DC9800226E616D65223A226770696F315F707715
:10DCA8006D5F6D617070696E67222C227479706582
:10DCB800223A226F626A656374222C226D656D6256
:10DCC800657273223A5B7B226E616D65223A22652A
:10DCD8006E64706F696E74222C226964223A313145
:10DCE800382C2274797065223A22656E64706F69E7
:10DCF8006E745F726566222C22616363657373229A
:10DD08003A227277227D2C7B226E616D65223A223F
:10DD18006D696E222C226964223A3131392C2274C1
:10DD2800797065223A22666C6F6174222C226163D5
:10DD380063657373223A227277227D2C7B226E618F
:10DD48006D65223A226D6178222C226964223A316B
:10DD580032302C2274797065223A22666C6F6174B5
:10DD6800222C22616363657373223A227277227DC3
:10DD78005D7D2C7B226E616D65223A226770696F2A
:10DD8800325F70776D5F6D617070696E67222C22EB
:10DD980074797065223A226F626A656374222C2254
:10DDA8006D656D62657273223A5B7B226E616D658B
:10DDB800223A22656E64706F696E74222C2269643F
:10DDC800223A3132312C2274797065223A22656EFA
:10DDD80064706F696E745F726566222C226163637A
:10DDE800657373223A227277227D2C7B226E616DD5
:10DDF80065223A226D696E222C226964223A3132F8
:10DE0800322C2274797065223A22666C6F61742212
:10DE18002C22616363657373223A227277227D2C08
:10DE28007B226E616D65223A226D6178222C22690F
:10DE380064223A3132332C2274797065223A226690
:10DE48006C6F6174222C22616363657373223A22BA
:10DE58007277227D5D7D2C7B226E616D65223A2270
:10DE68006770696F335F70776D5F6D617070696E31
:10DE780067222C2274797065223A226F626A656380
:10DE880074222C226D656D62657273223A5B7B2267
:10DE98006E616D65223A22656E64706F696E7422D8
:10DEA8002C226964223A3132342C2274797065222A
:10DEB8003A22656E64706F696E745F726566222CB3
:10DEC80022616363657373223A227277227D2C7B09
:10DED800226E616D65223A226D696E222C22696478
:10DEE800223A3132352C2274797065223A22666CD6
:10DEF8006F6174222C22616363657373223A227204
:10DF080077227D2C7B226E616D65223A226D6178C5
:10DF1800222C226964223A3132362C2274797065B7
:10DF2800223A22666C6F6174222C226163636573E6
:10DF380073223A227277227D5D7D2C7B226E616D81
:10DF480065223A226770696F345F70776D5F6D6123
:10DF58007070696E67222C2274797065223A226F7C
:10DF6800626A656374222C226D656D626572732224
:10DF78003A5B7B226E616D65223A22656E64706F32
:10DF8800696E74222C226964223A3132372C227449
:10DF9800797065223A22656E64706F696E745F727B
:10DFA8006566222C22616363657373223A22727755
:10DFB800227D2C7B226E616D65223A226D696E226C
:10DFC8002C226964223A3132382C22747970652205
:10DFD8003A22666C6F6174222C22616363657373E5
:10DFE800223A227277227D2C7B226E616D65223A5D
:10DFF800226D6178222C226964223A3132392C222E
:10E0080074797065223A22666C6F6174222C2261E1
:10E018006363657373223A227277227D5D7D5D7D2D
:10E028002C7B226E616D65223A22617869733022F9
:10E038002C2274797065223A226F626A65637422B1
:10E048002C226D656D62657273223A5B7B226E616C
:10E058006D65223A226572726F72222C22696422DF
:10E068003A3133302C2274797065223A2275696E00
:10E07800743332222C22616363657373223A2272ED
:10E0880077227D2C7B226E616D65223A227374653E
:10E09800705F6469725F616374697665222C2269B6
:10E0A80064223A3133312C2274797065223A226223
:10E0B8006F6F6C222C22616363657373223A22723C
:10E0C800227D2C7B226E616D65223A226C6173740D
:10E0D8005F6472765F6661756C74222C22696422B3
:10E0E8003A3133322C2274797065223A2275696E7E
:10E0F800743332222C22616363657373223A22726D
:10E10800227D2C7B226E616D65223A2273746570C4
:10E1180073222C226964223A3133332C22747970A9
:10E1280065223A22696E743634222C226163636553
:10E138007373223A2272227D2C7B226E616D6522D6
:10E148003A2263757272656E745F737461746522C6
:10E158002C226964223A3133342C22747970652276
:10E168003A2275696E7438222C2261636365737371
:10E17800223A2272227D2C7B226E616D65223A2220
:10E188007265717565737465645F73746174652213
:10E198002C226964223A3133352C22747970652235
:10E1A8003A2275696E7438222C2261636365737331
:10E1B800223A227277227D2C7B226E616D65223A8B
:10E1C8002269735F686F6D6564222C226964223A44
:10E1D8003133362C2274797065223A22626F6F6C63
:10E1E800222C22616363657373223A227277227D3F
:10E1F8002C7B226E616D65223A22636F6E666967B9
:10E20800222C2274797065223A226F626A656374DF
:10E21800222C226D656D62657273223A5B7B226ED9
:10E22800616D65223A22737461727475705F6D6FE7
:10E23800746F725F63616C6962726174696F6E2278
:10E248002C226964223A3133372C22747970652282
:10E258003A22626F6F6C222C2261636365737322AA
:10E268003A227277227D2C7B226E616D65223A22DA
:10E27800737461727475705F656E636F6465725FE5
:10E28800696E6465785F736561726368222C2269C0
:10E2980064223A3133382C2274797065223A22622A
:10E2A8006F6F6C222C22616363657373223A22724A
:10E2B80077227D2C7B226E616D65223A2273746110
:10E2C800727475705F656E636F6465725F6F6666A2
:10E2D8007365745F63616C6962726174696F6E22E1
:10E2E8002C226964223A3133392C227479706522E0
:10E2F8003A22626F6F6C222C22616363657373220A
:10E308003A227277227D2C7B226E616D65223A2239
:10E31800737461727475705F636C6F7365645F6C3E
:10E328006F6F705F636F6E74726F6C222C226964FA
:10E33800223A3134302C2274797065223A22626F85
:10E348006F6C222C22616363657373223A227277A1
:10E35800227D2C7B226E616D65223A227374617274
:10E368007475705F686F6D696E67222C226964220C
:10E378003A3134312C2274797065223A22626F6FF7
:10E388006C222C22616363657373223A22727722AE
:10E398007D2C7B226E616D65223A22656E61626C0E
:10E3A800655F737465705F646972222C22696422E8
:10E3B8003A3134322C2274797065223A22626F6FB6
:10E3C8006C222C22616363657373223A227277226E
:10E3D8007D2C7B226E616D65223A22737465705FB5
:10E3E8006469725F616C776179735F6F6E222C224A
:10E3F8006964223A3134332C2274797065223A22C6
:10E40800626F6F6C222C22616363657373223A22F8
:10E418007277227D2C7B226E616D65223A22656EB1
:10E4280061626C655F73656E736F726C6573735F41
:10E438006D6F6465222C226964223A3134342C22AF
:10E4480074797065223A22626F6F6C222C226163A4
:10E4580063657373223A227277227D2C7B226E6168
:10E468006D65223A227761746368646F675F7469C7
:10E478006D656F7574222C226964223A3134352C0B
:10E488002274797065223A22666C6F6174222C229C
:10E49800616363657373223A227277227D2C7B2233
:10E4A8006E616D65223A22656E61626C655F7761A7
:10E4B800746368646F67222C226964223A313436A7
:10E4C8002C2274797065223A22626F6F6C222C229A
:10E4D800616363657373223A227277227D2C7B22F3
:10E4E8006E616D65223A22737465705F6770696F3B
:10E4F8005F70696E222C226964223A3134372C22EB
:10E5080074797065223A2275696E743136222C222C
:10E51800616363657373223A227277227D2C7B22B2
:10E528006E616D65223A226469725F6770696F5F18
:10E5380070696E222C226964223A3134382C227494
:10E54800797065223A2275696E743136222C2261FF
:10E558006363657373223A227277227D2C7B226E65
:10E56800616D65223A2263616C6962726174696FD8
:10E578006E5F6C6F636B696E222C227479706522F2
:10E588003A226F626A656374222C226D656D62653A
:10E598007273223A5B7B226E616D65223A22637543
:10E5A8007272656E74222C226964223A3134392CD5
:10E5B8002274797065223A22666C6F6174222C226B
:10E5C800616363657373223A227277227D2C7B2202
:10E5D8006E616D65223A2272616D705F74696D6556
:10E5E800222C226964223A3135302C2274797065E4
:10E5F800223A22666C6F6174222C22616363657310
:10E6080073223A227277227D2C7B226E616D6522FD
:10E618003A2272616D705F64697374616E6365221A
:10E628002C226964223A3135312C227479706522A2
:10E638003A22666C6F6174222C226163636573737E
:10E64800223A227277227D2C7B226E616D65223AF6
:10E6580022616363656C222C226964223A31353267
:10E668002C2274797065223A22666C6F6174222CB0
:10E6780022616363657373223A227277227D2C7B51
:10E68800226E616D65223A2276656C222C226964BD
:10E69800223A3135332C2274797065223A22666C1D
:10E6A8006F6174222C22616363657373223A22724C
:10E6B80077227D5D7D2C7B226E616D65223A227307
:10E6C800656E736F726C6573735F72616D70222C07
:10E6D8002274797065223A226F626A656374222C0B
:10E6E800226D656D62657273223A5B7B226E616D85
:10E6F80065223A2263757272656E74222C226964EF
:10E70800223A3135342C2274797065223A22666CAB
:10E718006F6174222C22616363657373223A2272DB
:10E7280077227D2C7B226E616D65223A2272616DA3
:10E73800705F74696D65222C226964223A3135351F
:10E748002C2274797065223A22666C6F6174222CCF
:10E7580022616363657373223A227277227D2C7B70
:10E76800226E616D65223A2272616D705F64697311
:10E7780074616E6365222C226964223A3135362C25
:10E788002274797065223A22666C6F6174222C2299
:10E79800616363657373223A227277227D2C7B2230
:10E7A8006E616D65223A22616363656C222C226971
:10E7B80064223A3135372C2274797065223A226600
:10E7C8006C6F6174222C22616363657373223A2231
:10E7D8007277227D2C7B226E616D65223A227665E6
:10E7E8006C222C226964223A3135382C22747970D3
:10E7F80065223A22666C6F6174222C22616363651C
:10E808007373223A227277227D2C7B226E616D65AA
:10E81800223A2266696E6973685F64697374616E0F
:10E828006365222C226964223A3135392C227479A5
:10E838007065223A22666C6F6174222C22616363D0
:10E84800657373223A227277227D2C7B226E616D6A
:10E8580065223A2266696E6973685F6F6E5F7665D6
:10E868006C222C226964223A3136302C2274797059
:10E8780065223A22626F6F6C222C22616363657392
:10E8880073223A227277227D2C7B226E616D65227B
:10E898003A2266696E6973685F6F6E5F6469737444
:10E8A800616E6365222C226964223A3136312C224A
:10E8B80074797065223A22626F6F6C222C22616330
:10E8C80063657373223A227277227D2C7B226E61F4
:10E8D8006D65223A2266696E6973685F6F6E5F655F
:10E8E8006E635F696478222C226964223A31363279
:10E8F8002C2274797065223A22626F6F6C222C2266
:10E90800616363657373223A227277227D2C7B22BE
:10E918006E616D65223A2276656C5F70695F656E1F
:10E9280061626C65222C226964223A3136332C22CA
:10E9380074797065223A22626F6F6C222C226163AF
:10E9480063657373223A227277227D2C7B226E6173
:10E958006D65223A2276656C5F70695F6B70222C58
:10E96800226964223A3136342C2274797065223A4D
:10E9780022666C6F6174222C226163636573732253
:10E988003A227277227D2C7B226E616D65223A22B3
:10E9980076656C5F70695F6B69222C226964223A24
:10E9A8003136352C2274797065223A22666C6F6193
:10E9B80074222C22616363657373223A2272772270
:10E9C8007D2C7B226E616D65223A2276656C5F70C4
:10E9D800695F6C696D6974222C226964223A313648
:10E9E800362C2274797065223A22666C6F61742223
:10E9F8002C22616363657373223A227277227D5DEC
:10EA08007D2C7B226E616D65223A2267656E657288
:10EA1800616C5F6C6F636B696E222C227479706510
:10EA2800223A226F626A656374222C226D656D62D8
:10EA3800657273223A5B7B226E616D65223A2263AE
:10EA4800757272656E74222C226964223A313637E7
:10EA58002C2274797065223A22666C6F6174222CBC
:10EA680022616363657373223A227277227D2C7B5D
:10EA7800226E616D65223A2272616D705F74696DF4
:10EA880065222C226964223A3136382C2274797036
:10EA980065223A22666C6F6174222C226163636579
:10EAA8007373223A227277227D2C7B226E616D6508
:10EAB800223A2272616D705F64697374616E636576
:10EAC800222C226964223A3136392C2274797065F5
:10EAD800223A22666C6F6174222C2261636365732B
:10EAE80073223A227277227D2C7B226E616D652219
:10EAF8003A22616363656C222C226964223A3137B9
:10EB0800302C2274797065223A22666C6F61742207
:10EB18002C22616363657373223A227277227D2CFB
:10EB28007B226E616D65223A2276656C222C226901
:10EB380064223A3137312C2274797065223A226680
:10EB48006C6F6174222C22616363657373223A22AD
:10EB58007277227D2C7B226E616D65223A2266696E
:10EB68006E6973685F64697374616E6365222C22D1
:10EB78006964223A3137322C2274797065223A223C
:10EB8800666C6F6174222C22616363657373223A29
:10EB9800227277227D2C7B226E616D65223A226675
:10EBA800696E6973685F6F6E5F76656C222C226987
:10EBB80064223A3137332C2274797065223A226202
:10EBC8006F6F6C222C22616363657373223A227221
:10EBD80077227D2C7B226E616D65223A2266696EF2
:10EBE8006973685F6F6E5F64697374616E636522D1
:10EBF8002C226964223A3137342C227479706522C8
:10EC08003A22626F6F6C222C2261636365737322F0
:10EC18003A227277227D2C7B226E616D65223A2220
:10EC280066696E6973685F6F6E5F656E635F69645E
:10EC380078222C226964223A3137352C2274797073
:10EC480065223A22626F6F6C222C226163636573BE
:10EC580073223A227277227D2C7B226E616D6522A7
:10EC68003A2276656C5F70695F656E61626C6522D9
:10EC78002C226964223A3137362C22747970652245
:10EC88003A22626F6F6C222C226163636573732270
:10EC98003A227277227D2C7B226E616D65223A22A0
:10ECA80076656C5F70695F6B70222C226964223A0A
:10ECB8003137372C2274797065223A22666C6F617D
:10ECC80074222C22616363657373223A227277225D
:10ECD8007D2C7B226E616D65223A2276656C5F70B1
:10ECE800695F6B69222C226964223A3137382C22F9
:10ECF80074797065223A22666C6F6174222C2261E5
:10ED08006363657373223A227277227D2C7B226EAD
:10ED1800616D65223A2276656C5F70695F6C696D1A
:10ED28006974222C226964223A3137392C22747989
:10ED38007065223A22666C6F6174222C22616363CB
:10ED4800657373223A227277227D5D7D2C7B226E59
:10ED5800616D65223A2263616E222C227479706596
:10ED6800223A226F626A656374222C226D656D6295
:10ED7800657273223A5B7B226E616D65223A226E60
:10ED88006F64655F6964222C226964223A313830E5
:10ED98002C2274797065223A2275696E7433322296
:10EDA8002C22616363657373223A227277227D2C69
:10EDB8007B226E616D65223A2269735F657874659E
:10EDC8006E646564222C226964223A3138312C221F
:10EDD80074797065223A22626F6F6C222C2261630B
:10EDE80063657373223A227277227D2C7B226E61CF
:10EDF8006D65223A226865617274626561745F723A
:10EE08006174655F6D73222C226964223A3138324D
:10EE18002C2274797065223A2275696E7433322215
:10EE28002C22616363657373223A227277227D2CE8
:10EE38007B226E616D65223A22656E636F6465722E
:10EE48005F726174655F6D73222C226964223A31A6
:10EE580038332C2274797065223A2275696E7433BE
:10EE680032222C22616363657373223A22727722FD
:10EE78007D2C7B226E616D65223A226D6F746F72F4
:10EE88005F6572726F725F726174655F6D73222C59
:10EE9800226964223A3138342C2274797065223A16
:10EEA8002275696E743332222C2261636365737331
:10EEB800223A227277227D2C7B226E616D65223A7E
:10EEC80022656E636F6465725F6572726F725F72DE
:10EED8006174655F6D73222C226964223A3138357A
:10EEE8002C2274797065223A2275696E7433322245
:10EEF8002C22616363657373223A227277227D2C18
:10EF08007B226E616D65223A22636F6E74726F6C3C
:10EF18006C65725F6572726F725F726174655F6D46
:10EF280073222C226964223A3138362C2274797083
:10EF380065223A2275696E743332222C226163632A
:10EF4800657373223A227277227D2C7B226E616D63
:10EF580065223A2273656E736F726C6573735F65B1
:10EF680072726F725F726174655F6D73222C2269B1
:10EF780064223A3138372C2274797065223A227526
:10EF8800696E743332222C22616363657373223A8B
:10EF9800227277227D2C7B226E616D65223A226572
:10EFA8006E636F6465725F636F756E745F726174B0
:10EFB800655F6D73222C226964223A3138382C221D
:10EFC80074797065223A2275696E743332222C2264
:10EFD800616363657373223A227277227D2C7B22E8
:10EFE8006E616D65223A2269715F726174655F6D49
:10EFF80073222C226964223A3138392C22747970B0
:10F0080065223A2275696E743332222C2261636359
:10F01800657373223A227277227D2C7B226E616D92
:10F0280065223A2273656E736F726C6573735F72D3
:10F038006174655F6D73222C226964223A3139301C
:10F048002C2274797065223A2275696E74333222E3
:10F058002C22616363657373223A227277227D2CB6
:10F068007B226E616D65223A226275735F76695FF5
:10F07800726174655F6D73222C226964223A31399A
:10F08800312C2274797065223A2275696E74333294
:10F09800222C22616363657373223A227277227D80
:10F0A8005D7D5D7D2C7B226E616D65223A226D6FE0
:10F0B800746F72222C2274797065223A226F626A08
:10F0C800656374222C226D656D62657273223A5BEA
:10F0D8007B226E616D65223A226C6173745F657282
:10F0E800726F725F74696D65222C226964223A31ED
:10F0F80039322C2274797065223A22666C6F6174F9
:10F10800222C22616363657373223A227277227D0F
:10F118002C7B226E616D65223A226572726F7222B3
:10F128002C226964223A3139332C22747970652291
:10F138003A2275696E743634222C226163636573D2
:10F1480073223A227277227D2C7B226E616D6522B2
:10F158003A2269735F61726D6564222C22696422A8
:10F168003A3139342C2274797065223A22626F6FF1
:10F178006C222C22616363657373223A2272227DAA
:10F188002C7B226E616D65223A2269735F63616C24
:10F1980069627261746564222C226964223A313989
:10F1A800352C2274797065223A22626F6F6C222C9A
:10F1B80022616363657373223A2272227D2C7B225B
:10F1C8006E616D65223A2263757272656E745F6D49
:10F1D8006561735F706841222C226964223A313973
:10F1E800362C2274797065223A22666C6F6174221B
:10F1F8002C22616363657373223A2272227D2C7B11
:10F20800226E616D65223A2263757272656E745F53
:10F218006D6561735F706842222C226964223A31FD
:10F2280039372C2274797065223A22666C6F6174C2
:10F23800222C22616363657373223A2272227D2C29
:10F248007B226E616D65223A2263757272656E74F7
:10F258005F6D6561735F706843222C226964223A8E
:10F268003139382C2274797065223A22666C6F61C4
:10F2780074222C22616363657373223A2272227DA1
:10F288002C7B226E616D65223A2244435F63616C78
:10F2980069625F706841222C226964223A313939E7
:10F2A8002C2274797065223A22666C6F6174222C64
:10F2B80022616363657373223A227277227D2C7B05
:10F2C800226E616D65223A2244435F63616C696214
:10F2D8005F706842222C226964223A3230302C2234
:10F2E80074797065223A22666C6F6174222C2261EF
:10F2F8006363657373223A227277227D2C7B226EB8
:10F30800616D65223A2244435F63616C69625F7094
:10F318006843222C226964223A3230312C227479D3
:10F328007065223A22666C6F6174222C22616363D5
:10F33800657373223A227277227D2C7B226E616D6F
:10F3480065223A22495F627573222C226964223A47
:10F358003230322C2274797065223A22666C6F61E1
:10F3680074222C22616363657373223A2272227DB0
:10F378002C7B226E616D65223A2270686173655F2D
:10F3880063757272656E745F7265765F6761696EC8
:10F39800222C226964223A3230332C227479706527
:10F3A800223A22666C6F6174222C22616363657352
:10F3B80073223A227277227D2C7B226E616D652240
:10F3C8003A226566666563746976655F637572720D
:10F3D800656E745F6C696D222C226964223A323042
:10F3E800342C2274797065223A22666C6F6174221B
:10F3F8002C22616363657373223A2272227D2C7B0F
:10F40800226E616D65223A226D61785F616C6C6F66
:10F418007765645F63757272656E74222C22696405
:10F42800223A3230352C2274797065223A22666C81
:10F438006F6174222C22616363657373223A2272AE
:10F44800227D2C7B226E616D65223A226D61785F88
:10F4580064635F63616C6962222C226964223A32B8
:10F4680030362C2274797065223A22666C6F61748A
:10F47800222C22616363657373223A2272227D2CE7
:10F488007B226E616D65223A226665745F746865D9
:10F49800726D6973746F72222C2274797065223AC6
:10F4A800226F626A656374222C226D656D626572D3
:10F4B80073223A5B7B226E616D65223A2274656D18
:10F4C8007065726174757265222C226964223A3201
:10F4D80030372C2274797065223A22666C6F617419
:10F4E800222C22616363657373223A2272227D2C77
:10F4F8007B226E616D65223A22636F6E66696722B0
:10F508002C2274797065223A226F626A65637422CC
:10F518002C226D656D62657273223A5B7B226E6187
:10F528006D65223A2274656D705F6C696D69745FF0
:10F538006C6F776572222C226964223A3230382C3B
:10F548002274797065223A22666C6F6174222C22CB
:10F55800616363657373223A227277227D2C7B2262
:10F568006E616D65223A2274656D705F6C696D69B4
:10F57800745F7570706572222C226964223A323089
:10F58800392C2274797065223A22666C6F61742274
:10F598002C22616363657373223A227277227D2C71
:10F5A8007B226E616D65223A22656E61626C6564CC
:10F5B800222C226964223A3231302C227479706507
:10F5C800223A22626F6F6C222C2261636365737327
:10F5D800223A227277227D5D7D5D7D2C7B226E61D1
:10F5E8006D65223A226D6F746F725F746865726D13
:10F5F8006973746F72222C2274797065223A226FB3
:10F60800626A656374222C226D656D62657273226D
:10F618003A5B7B226E616D65223A2274656D706576
:10F62800726174757265222C226964223A32313112
:10F638002C2274797065223A22666C6F6174222CD0
:10F6480022616363657373223A2272227D2C7B22C6
:10F658006E616D65223A22636F6E666967222C229D
:10F6680074797065223A226F626A656374222C226B
:10F678006D656D62657273223A5B7B226E616D65A2
:10F68800223A226770696F5F70696E222C22696462
:10F69800223A3231322C2274797065223A22756905
:10F6A8006E743136222C22616363657373223A22A9
:10F6B8007277227D2C7B226E616D65223A22706FF3
:10F6C8006C795F636F656666696369656E745F30E0
:10F6D800222C226964223A3231332C2274797065E3
:10F6E800223A22666C6F6174222C2261636365730F
:10F6F80073223A227277227D2C7B226E616D6522FD
:10F708003A22706F6C795F636F65666669636965D5
:10F718006E745F31222C226964223A3231342C22F1
:10F7280074797065223A22666C6F6174222C2261AA
:10F738006363657373223A227277227D2C7B226E73
:10F74800616D65223A22706F6C795F636F656666DA
:10F75800696369656E745F32222C226964223A32C9
:10F7680031352C2274797065223A22666C6F617487
:10F77800222C22616363657373223A227277227D99
:10F788002C7B226E616D65223A22706F6C795F6303
:10F798006F656666696369656E745F33222C2269DA
:10F7A80064223A3231362C2274797065223A226604
:10F7B8006C6F6174222C22616363657373223A2231
:10F7C8007277227D2C7B226E616D65223A227465E8
:10F7D8006D705F6C696D69745F6C6F776572222CF0
:10F7E800226964223A3231372C2274797065223AC0
:10F7F80022666C6F6174222C2261636365737322C5
:10F808003A227277227D2C7B226E616D65223A2224
:10F8180074656D705F6C696D69745F757070657221
:10F82800222C226964223A3231382C22747970658C
:10F83800223A22666C6F6174222C226163636573BD
:10F8480073223A227277227D2C7B226E616D6522AB
:10F858003A22656E61626C6564222C226964223AE0
:10F868003231392C2274797065223A22626F6F6CBA
:10F87800222C22616363657373223A227277227D98
:10F888005D7D5D7D2C7B226E616D65223A226375FC
:10F898007272656E745F636F6E74726F6C222C2265
:10F8A80074797065223A226F626A656374222C2229
:10F8B8006D656D62657273223A5B7B226E616D6560
:10F8C800223A22705F6761696E222C226964223AAB
:10F8D8003232302C2274797065223A22666C6F615C
:10F8E80074222C22616363657373223A2272227D2B
:10F8F8002C7B226E616D65223A22695F6761696EB1
:10F90800222C226964223A3232312C2274797065B1
:10F91800223A22666C6F6174222C226163636573DC
:10F9280073223A2272227D2C7B226E616D65223A07
:10F9380022495F6D656173757265645F7265706F8A
:10F9480072745F66696C7465725F6B222C226964DD
:10F95800223A3232322C2274797065223A22666C4D
:10F968006F6174222C22616363657373223A227279
:10F9780077227D2C7B226E616D65223A2249645F75
:10F98800736574706F696E74222C226964223A322E
:10F9980032332C2274797065223A22666C6F617456
:10F9A800222C22616363657373223A2272227D2CB2
:10F9B8007B226E616D65223A2249715F73657470AE
:10F9C8006F696E74222C226964223A3232342C22F6
:10F9D80074797065223A22666C6F6174222C2261F8
:10F9E8006363657373223A2272227D2C7B226E61D7
:10F9F8006D65223A2256645F736574706F696E7420
:10FA0800222C226964223A3232352C2274797065AC
:10FA1800223A22666C6F6174222C226163636573DB
:10FA280073223A2272227D2C7B226E616D65223A06
:10FA38002256715F736574706F696E74222C226927
:10FA480064223A3232362C2274797065223A226660
:10FA58006C6F6174222C22616363657373223A228E
:10FA680072227D2C7B226E616D65223A227068615C
:10FA78007365222C226964223A3232372C22747937
:10FA88007065223A22666C6F6174222C226163636E
:10FA9800657373223A2272227D2C7B226E616D651A
:10FAA800223A2270686173655F76656C222C226940
:10FAB80064223A3232382C2274797065223A2266EE
:10FAC8006C6F6174222C22616363657373223A221E
:10FAD80072227D2C7B226E616D65223A2249616C0F
:10FAE8007068615F6D65617375726564222C226947
:10FAF80064223A3232392C2274797065223A2266AD
:10FB08006C6F6174222C22616363657373223A22DD
:10FB180072227D2C7B226E616D65223A22496265D4
:10FB280074615F6D65617375726564222C22696406
:10FB3800223A3233302C2274797065223A22666C6C
:10FB48006F6174222C22616363657373223A227297
:10FB5800227D2C7B226E616D65223A2249645F6D9D
:10FB680065617375726564222C226964223A3233A6
:10FB7800312C2274797065223A22666C6F61742286
:10FB88002C22616363657373223A2272227D2C7B77
:10FB9800226E616D65223A2249715F6D65617375E8
:10FBA800726564222C226964223A3233322C227420
:10FBB800797065223A22666C6F6174222C22616327
:10FBC80063657373223A2272227D2C7B226E616DEB
:10FBD80065223A22706F776572222C226964223A74
:10FBE8003233332C2274797065223A22666C6F6145
:10FBF80074222C22616363657373223A2272227D18
:10FC08002C7B226E616D65223A22765F6375727273
:10FC1800656E745F636F6E74726F6C5F696E746526
:10FC28006772616C5F64222C226964223A32333431
:10FC38002C2274797065223A22666C6F6174222CCA
:10FC480022616363657373223A227277227D2C7B6B
:10FC5800226E616D65223A22765F63757272656EF7
:10FC6800745F636F6E74726F6C5F696E74656772D0
:10FC7800616C5F71222C226964223A3233352C225E
:10FC880074797065223A22666C6F6174222C226145
:10FC98006363657373223A227277227D2C7B226E0E
:10FCA800616D65223A2266696E616C5F765F616C90
:10FCB800706861222C226964223A3233362C22740D
:10FCC800797065223A22666C6F6174222C22616316
:10FCD80063657373223A2272227D2C7B226E616DDA
:10FCE80065223A2266696E616C5F765F626574614F
:10FCF800222C226964223A3233372C2274797065B7
:10FD0800223A22666C6F6174222C226163636573E8
:10FD180073223A2272227D5D7D2C7B226E616D6595
:10FD2800223A226E5F6576745F63757272656E74CF
:10FD38005F6D6561737572656D656E74222C2269DD
:10FD480064223A3233382C2274797065223A22754B
:10FD5800696E743332222C22616363657373223AAD
:10FD68002272227D2C7B226E616D65223A226E5FA3
:10FD78006576745F70776D5F757064617465222C49
:10FD8800226964223A3233392C2274797065223A16
:10FD98002275696E743332222C2261636365737332
:10FDA800223A2272227D2C7B226E616D65223A22D4
:10FDB800636F6E666967222C2274797065223A2215
:10FDC8006F626A656374222C226D656D6265727359
:10FDD800223A5B7B226E616D65223A227072655F02
:10FDE80063616C69627261746564222C22696422A1
:10FDF8003A3234302C2274797065223A22626F6F5D
:10FE08006C222C22616363657373223A2272772213
:10FE18007D2C7B226E616D65223A22706F6C655F66
:10FE28007061697273222C226964223A3234312C4F
:10FE38002274797065223A22696E743332222C2238
:10FE4800616363657373223A227277227D2C7B2269
:10FE58006E616D65223A2263616C696272617469D0
:10FE68006F6E5F63757272656E74222C22696422EC
:10FE78003A3234322C2274797065223A22666C6FD9
:10FE88006174222C22616363657373223A2272774C
:10FE9800227D2C7B226E616D65223A227265736920
:10FEA8007374616E63655F63616C69625F6D6178CD
:10FEB8005F766F6C74616765222C226964223A321E
:10FEC80034332C2274797065223A22666C6F61741F
:10FED800222C22616363657373223A227277227D32
:10FEE8002C7B226E616D65223A2270686173655FB2
:10FEF800696E64756374616E6365222C226964227D
:10FF08003A3234342C2274797065223A22666C6F46
:10FF18006174222C22616363657373223A227277BB
:10FF2800227D2C7B226E616D65223A227068617396
:10FF3800655F726573697374616E6365222C2269EB
:10FF480064223A3234352C2274797065223A22665A
:10FF58006C6F6174222C22616363657373223A2289
:10FF68007277227D2C7B226E616D65223A22746F36
:10FF7800727175655F636F6E7374616E74222C2283
:10FF88006964223A3234362C2274797065223A2216
:10FF9800666C6F6174222C22616363657373223A05
:10FFA800227277227D2C7B226E616D65223A226D4A
:10FFB8006F746F725F74797065222C226964223ABB
:10FFC8003234372C2274797065223A2275696E743E
:10FFD80038222C22616363657373223A2272772276
:10FFE8007D2C7B226E616D65223A22637572726583
:08FFF8006E745F6C696D222C30
:020000040804EE
:10000000226964223A3234382C2274797065223A9B
:1000100022666C6F6174222C2261636365737322A4
:100020003A227277227D2C7B226E616D65223A2204
:1000300063757272656E745F6C696D5F6D61726716
:10004000696E222C226964223A3234392C22747966
:100050007065223A22666C6F6174222C22616363A0
:10006000657373223A227277227D2C7B226E616D3A
:1000700065223A22746F727175655F6C696D222C0E
:10008000226964223A3235302C2274797065223A22
:1000900022666C6F6174222C226163636573732224
:1000A0003A227277227D2C7B226E616D65223A2284
:1000B000696E7665727465725F74656D705F6C6988
:1000C0006D69745F6C6F776572222C226964223AC5
:1000D0003235312C2274797065223A22666C6F6158
:1000E00074222C22616363657373223A2272772231
:1000F0007D2C7B226E616D65223A22696E76657277
:100100007465725F74656D705F6C696D69745F753D
:1001100070706572222C226964223A3235322C22A8
:1001200074797065223A22666C6F6174222C2261A8
:100130006363657373223A227277227D2C7B226E71
:10014000616D65223A227265717565737465645FCD
:1001500063757272656E745F72616E6765222C22C0
:100160006964223A3235332C2274797065223A223E
:10017000666C6F6174222C22616363657373223A2B
:10018000227277227D2C7B226E616D65223A22637A
:10019000757272656E745F636F6E74726F6C5F629E
:1001A000616E647769647468222C226964223A3231
:1001B00035342C2274797065223A22666C6F617432
:1001C000222C22616363657373223A227277227D47
:1001D0002C7B226E616D65223A226163696D5F67D7
:1001E00061696E5F6D696E5F666C7578222C22693D
:1001F00064223A3235352C2274797065223A2266AF
:100200006C6F6174222C22616363657373223A22DE
:100210007277227D2C7B226E616D65223A226163AA
:10022000696D5F6175746F666C75785F6D696E5F1F
:100230004964222C226964223A3235362C227479A0
:100240007065223A22666C6F6174222C22616363AE
:10025000657373223A227277227D2C7B226E616D48
:1002600065223A226163696D5F6175746F666C75B2
:10027000785F656E61626C65222C226964223A3275
:1002800035372C2274797065223A22626F6F6C22A6
:100290002C22616363657373223A227277227D2C6C
:1002A0007B226E616D65223A226163696D5F6175C3
:1002B000746F666C75785F61747461636B5F67619E
:1002C000696E222C226964223A3235382C227479E4
:1002D0007065223A22666C6F6174222C226163631E
:1002E000657373223A227277227D2C7B226E616DB8
:1002F00065223A226163696D5F6175746F666C7522
:10030000785F64656361795F6761696E222C226939
:1003100064223A3235392C2274797065223A226689
:100320006C6F6174222C22616363657373223A22BD
:100330007277227D2C7B226E616D65223A22525F9C
:10034000774C5F46465F656E61626C65222C226960
:1003500064223A3236302C2274797065223A226255
:100360006F6F6C222C22616363657373223A227271
:1003700077227D2C7B226E616D65223A2262454D8B
:10038000465F46465F656E61626C65222C22696439
:10039000223A3236312C2274797065223A22626F09
:1003A0006F6C222C22616363657373223A22727729
:1003B000227D2C7B226E616D65223A22495F627537
:1003C000735F686172645F6D696E222C22696422BA
:1003D0003A3236322C2274797065223A22666C6F7A
:1003E0006174222C22616363657373223A227277EF
:1003F000227D2C7B226E616D65223A22495F6275F7
:10040000735F686172645F6D6178222C2269642277
:100410003A3236332C2274797065223A22666C6F38
:100420006174222C22616363657373223A227277AE
:10043000227D2C7B226E616D65223A22495F6C65BC
:10044000616B5F6D6178222C226964223A32363406
:100450002C2274797065223A22666C6F6174222CAA
:1004600022616363657373223A227277227D2C7B4B
:10047000226E616D65223A2264635F63616C69621A
:100480005F746175222C226964223A3236352C223F
:1004900074797065223A22666C6F6174222C226135
:1004A0006363657373223A227277227D5D7D5D7D81
:1004B0002C7B226E616D65223A22636F6E74726FBF
:1004C0006C6C6572222C2274797065223A226F62FC
:1004D0006A656374222C226D656D62657273223ABF
:1004E0005B7B226E616D65223A226572726F7222A9
:1004F0002C226964223A3236362C227479706522B5
:100500003A2275696E7438222C22616363657373B5
:10051000223A227277227D2C7B226E616D65223A0F
:10052000226C6173745F6572726F725F74696D655E
:10053000222C226964223A3236372C227479706573
:10054000223A22666C6F6174222C226163636573A8
:1005500073223A227277227D2C7B226E616D652296
:100560003A22696E7075745F706F73222C22696411
:10057000223A3236382C2274797065223A22666C1F
:100580006F6174222C22616363657373223A227255
:1005900077227D2C7B226E616D65223A22696E7016
:1005A00075745F76656C222C226964223A32363982
:1005B0002C2274797065223A22666C6F6174222C49
:1005C00022616363657373223A227277227D2C7BEA
:1005D000226E616D65223A22696E7075745F746F68
:1005E00072717565222C226964223A3237302C22CE
:1005F00074797065223A22666C6F6174222C2261D4
:100600006363657373223A227277227D2C7B226E9C
:10061000616D65223A22706F735F736574706F69E4
:100620006E74222C226964223A3237312C2274797A
:100630007065223A22666C6F6174222C22616363BA
:10064000657373223A2272227D2C7B226E616D6566
:10065000223A2276656C5F736574706F696E7422DE
:100660002C226964223A3237322C22747970652246
:100670003A22666C6F6174222C2261636365737326
:10068000223A2272227D2C7B226E616D65223A22F3
:10069000746F727175655F736574706F696E7422C3
:1006A0002C226964223A3237332C22747970652205
:1006B0003A22666C6F6174222C22616363657373E6
:1006C000223A2272227D2C7B226E616D65223A22B3
:1006D0007472616A6563746F72795F646F6E6522AC
:1006E0002C226964223A3237342C227479706522C4
:1006F0003A22626F6F6C222C2261636365737322EE
:100700003A2272227D2C7B226E616D65223A22761E
:10071000656C5F696E7465677261746F725F746F28
:1007200072717565222C226964223A3237352C2287
:1007300074797065223A22666C6F6174222C226192
:100740006363657373223A227277227D2C7B226E5B
:10075000616D65223A22616E7469636F6767696EC5
:10076000675F76616C6964222C226964223A3237B1
:10077000362C2274797065223A22626F6F6C222CBB
:1007800022616363657373223A227277227D2C7B28
:10079000226E616D65223A226175746F74756E699F
:1007A0006E675F7068617365222C226964223A3239
:1007B00037372C2274797065223A22666C6F617427
:1007C000222C22616363657373223A227277227D41
:1007D0002C7B226E616D65223A22636F6E666967BB
:1007E000222C2274797065223A226F626A656374E2
:1007F000222C226D656D62657273223A5B7B226EDC
:10080000616D65223A226761696E5F736368656432
:10081000756C696E675F7769647468222C226964FD
:10082000223A3237382C2274797065223A22666C6B
:100830006F6174222C22616363657373223A2272A2
:1008400077227D2C7B226E616D65223A22656E6176
:10085000626C655F76656C5F6C696D6974222C22D1
:100860006964223A3237392C2274797065223A222F
:10087000626F6F6C222C22616363657373223A226C
:100880007277227D2C7B226E616D65223A22656E25
:1008900061626C655F746F727175655F6D6F6465C1
:1008A0005F76656C5F6C696D6974222C22696422C5
:1008B0003A3238302C2274797065223A22626F6F96
:1008C0006C222C22616363657373223A2272772251
:1008D0007D2C7B226E616D65223A22656E61626CB1
:1008E000655F6761696E5F7363686564756C696E87
:1008F00067222C226964223A3238312C22747970B2
:1009000065223A22626F6F6C222C226163636573E9
:1009100073223A227277227D2C7B226E616D6522D2
:100920003A22656E61626C655F6F766572737065A1
:1009300065645F6572726F72222C226964223A329A
:1009400038322C2274797065223A22626F6F6C22E1
:100950002C22616363657373223A227277227D2CA5
:100960007B226E616D65223A22636F6E74726F6CCA
:100970005F6D6F6465222C226964223A3238332C11
:100980002274797065223A2275696E7438222C229D
:10099000616363657373223A227277227D2C7B2216
:1009A0006E616D65223A22696E7075745F6D6F6459
:1009B00065222C226964223A3238342C22747970F0
:1009C00065223A2275696E7438222C226163636550
:1009D0007373223A227277227D2C7B226E616D65C1
:1009E000223A22706F735F6761696E222C226964FC
:1009F000223A3238352C2274797065223A22666C9C
:100A00006F6174222C22616363657373223A2272D0
:100A100077227D2C7B226E616D65223A2276656C91
:100A20005F6761696E222C226964223A3238362C63
:100A30002274797065223A22666C6F6174222C22CE
:100A4000616363657373223A227277227D2C7B2265
:100A50006E616D65223A2276656C5F696E746567BA
:100A60007261746F725F6761696E222C2269642201
:100A70003A3238372C2274797065223A22666C6FCC
:100A80006174222C22616363657373223A22727748
:100A9000227D2C7B226E616D65223A2276656C5F29
:100AA000696E7465677261746F725F6C696D697489
:100AB000222C226964223A3238382C2274797065EB
:100AC000223A22666C6F6174222C22616363657323
:100AD00073223A227277227D2C7B226E616D652211
:100AE0003A2276656C5F6C696D6974222C226964A8
:100AF000223A3238392C2274797065223A22666C97
:100B00006F6174222C22616363657373223A2272CF
:100B100077227D2C7B226E616D65223A2276656C90
:100B20005F6C696D69745F746F6C6572616E63652B
:100B3000222C226964223A3239302C227479706571
:100B4000223A22666C6F6174222C226163636573A2
:100B500073223A227277227D2C7B226E616D652290
:100B60003A2276656C5F72616D705F7261746522A6
:100B70002C226964223A3239312C22747970652230
:100B80003A22666C6F6174222C2261636365737311
:100B9000223A227277227D2C7B226E616D65223A89
:100BA00022746F727175655F72616D705F726174CE
:100BB00065222C226964223A3239322C22747970EF
:100BC00065223A22666C6F6174222C226163636530
:100BD0007373223A227277227D2C7B226E616D65BF
:100BE000223A2263697263756C61725F7365747017
:100BF0006F696E7473222C226964223A3239332C65
:100C00002274797065223A22626F6F6C222C226105
:100C10006363657373223A227277227D2C7B226E86
:100C2000616D65223A2263697263756C61725F73EC
:100C30006574706F696E745F72616E6765222C22D5
:100C40006964223A3239342C2274797065223A224E
:100C5000666C6F6174222C22616363657373223A40
:100C6000227277227D2C7B226E616D65223A22737F
:100C7000746570735F7065725F63697263756C61D0
:100C8000725F72616E6765222C226964223A323982
:100C9000352C2274797065223A22696E74333222BF
:100CA0002C22616363657373223A227277227D2C52
:100CB0007B226E616D65223A22686F6D696E675F97
:100CC0007370656564222C226964223A3239362CAD
:100CD0002274797065223A22666C6F6174222C222C
:100CE000616363657373223A227277227D2C7B22C3
:100CF0006E616D65223A22696E6572746961222C9B
:100D0000226964223A3239372C2274797065223A8A
:100D100022666C6F6174222C226163636573732297
:100D20003A227277227D2C7B226E616D65223A22F7
:100D3000617869735F746F5F6D6972726F72222C74
:100D4000226964223A3239382C2274797065223A49
:100D50002275696E7438222C226163636573732275
:100D60003A227277227D2C7B226E616D65223A22B7
:100D70006D6972726F725F726174696F222C226981
:100D800064223A3239392C2274797065223A22660B
:100D90006C6F6174222C22616363657373223A2243
:100DA0007277227D2C7B226E616D65223A22746FF0
:100DB000727175655F6D6972726F725F726174696D
:100DC0006F222C226964223A3330302C22747970DD
:100DD00065223A22666C6F6174222C22616363651E
:100DE0007373223A227277227D2C7B226E616D65AD
:100DF000223A226C6F61645F656E636F6465725F37
:100E000061786973222C226964223A3330312C22B2
:100E100074797065223A2275696E7438222C2261C9
:100E20006363657373223A227277227D2C7B226E74
:100E3000616D65223A22696E7075745F66696C74C3
:100E400065725F62616E647769647468222C2269DE
:100E500064223A3330322C2274797065223A226649
:100E60006C6F6174222C22616363657373223A2272
:100E70007277227D2C7B226E616D65223A22616E33
:100E80007469636F6767696E67222C227479706575
:100E9000223A226F626A656374222C226D656D624C
:100EA000657273223A5B7B226E616D65223A22691C
:100EB0006E646578222C226964223A3330332C2206
:100EC00074797065223A2275696E743332222C224D
:100ED000616363657373223A2272227D2C7B226EDA
:100EE000616D65223A227072655F63616C6962723E
:100EF00061746564222C226964223A3330342C22D6
:100F000074797065223A22626F6F6C222C226163C1
:100F100063657373223A227277227D2C7B226E6185
:100F20006D65223A2263616C69625F616E74696308
:100F30006F6767696E67222C226964223A33303505
:100F40002C2274797065223A22626F6F6C222C22F7
:100F5000616363657373223A2272227D2C7B226E59
:100F6000616D65223A2263616C69625F706F735FC5
:100F70007468726573686F6C64222C226964223A0B
:100F80003330362C2274797065223A22666C6F6198
:100F900074222C22616363657373223A2272772272
:100FA0007D2C7B226E616D65223A2263616C6962E1
:100FB0005F76656C5F7468726573686F6C64222C11
:100FC000226964223A3330372C2274797065223AD0
:100FD00022666C6F6174222C2261636365737322D5
:100FE0003A227277227D2C7B226E616D65223A2235
:100FF000636F6767696E675F726174696F222C2225
:101000006964223A3330382C2274797065223A228E
:10101000666C6F6174222C22616363657373223A7C
:101020002272227D2C7B226E616D65223A22616ED6
:101030007469636F6767696E675F656E61626C652F
:1010400064222C226964223A3330392C227479705C
:1010500065223A22626F6F6C222C22616363657392
:1010600073223A227277227D5D7D2C7B226E616D28
:1010700065223A226D656368616E6963616C5F70B9
:101080006F7765725F62616E647769647468222C41
:10109000226964223A3331302C2274797065223A05
:1010A00022666C6F6174222C226163636573732204
:1010B0003A227277227D2C7B226E616D65223A2264
:1010C000656C656374726963616C5F706F7765727C
:1010D0005F62616E647769647468222C226964229D
:1010E0003A3331312C2274797065223A22666C6F62
:1010F0006174222C22616363657373223A227277D2
:10110000227D2C7B226E616D65223A227370696E9E
:101110006F75745F6D656368616E6963616C5F7044
:101120006F7765725F7468726573686F6C64222C88
:10113000226964223A3331322C2274797065223A62
:1011400022666C6F6174222C226163636573732263
:101150003A227277227D2C7B226E616D65223A22C3
:101160007370696E6F75745F656C656374726963C3
:10117000616C5F706F7765725F7468726573686FBA
:101180006C64222C226964223A3331332C22747924
:101190007065223A22666C6F6174222C226163634F
:1011A000657373223A227277227D5D7D2C7B226EDD
:1011B000616D65223A226175746F74756E696E6730
:1011C000222C2274797065223A226F626A656374F8
:1011D000222C226D656D62657273223A5B7B226EF2
:1011E000616D65223A226672657175656E6379225A
:1011F0002C226964223A3331342C227479706522AE
:101200003A22666C6F6174222C226163636573738A
:10121000223A227277227D2C7B226E616D65223A02
:1012200022706F735F616D706C6974756465222CD8
:10123000226964223A3331352C2274797065223A5E
:1012400022666C6F6174222C226163636573732262
:101250003A227277227D2C7B226E616D65223A22C2
:1012600076656C5F616D706C6974756465222C22A3
:101270006964223A3331362C2274797065223A221D
:10128000666C6F6174222C22616363657373223A0A
:10129000227277227D2C7B226E616D65223A227448
:1012A0006F727175655F616D706C697475646522CC
:1012B0002C226964223A3331372C227479706522EA
:1012C0003A22666C6F6174222C22616363657373CA
:1012D000223A227277227D5D7D2C7B226E616D65C4
:1012E000223A226D656368616E6963616C5F706F3D
:1012F000776572222C226964223A3331382C2274A9
:10130000797065223A22666C6F6174222C226163C7
:1013100063657373223A2272227D2C7B226E616D8B
:1013200065223A22656C656374726963616C5F70F3
:101330006F776572222C226964223A3331392C226C
:1013400074797065223A22666C6F6174222C226176
:101350006363657373223A2272227D2C7B226E6155
:101360006D65223A226D6F76655F696E6372656D99
:10137000656E74616C222C226964223A3332302CFF
:101380002274797065223A2266756E6374696F6E95
:10139000222C22696E70757473223A5B7B226E6117
:1013A0006D65223A22646973706C6163656D656E68
:1013B00074222C226964223A3332312C22747970DF
:1013C00065223A22666C6F6174222C226163636528
:1013D0007373223A227277227D2C7B226E616D65B7
:1013E000223A2266726F6D5F696E7075745F706FFE
:1013F00073222C226964223A3332322C227479709F
:1014000065223A22626F6F6C222C226163636573DE
:1014100073223A227277227D5D2C226F757470756B
:101420007473223A5B5D7D2C7B226E616D65223A7E
:101430002273746172745F616E7469636F67676948
:101440006E675F63616C6962726174696F6E222C92
:10145000226964223A3332332C2274797065223A3D
:101460002266756E6374696F6E222C22696E7075C8
:101470007473223A5B5D2C226F75747075747322DD
:101480003A5B5D7D2C7B226E616D65223A2272652E
:101490006D6F76655F616E7469636F6767696E67AC
:1014A0005F62696173222C226964223A3332342CE0
:1014B0002274797065223A2266756E6374696F6E64
:1014C000222C22696E70757473223A5B5D2C226F38
:1014D000757470757473223A5B7B226E616D652240
:1014E0003A2276616C222C226964223A3332352CFE
:1014F0002274797065223A22666C6F6174222C2204
:10150000616363657373223A2272227D5D7D2C7B59
:10151000226E616D65223A226765745F616E74693F
:10152000636F6767696E675F76616C7565222C22F1
:101530006964223A3332362C2274797065223A2259
:1015400066756E6374696F6E222C22696E70757495
:1015500073223A5B7B226E616D65223A22696E646A
:101560006578222C226964223A3332372C2274792E
:101570007065223A2275696E743332222C226163BF
:1015800063657373223A227277227D5D2C226F7518
:101590007470757473223A5B7B226E616D65223ABA
:1015A0002276616C222C226964223A3332382C2252
:1015B00074797065223A22666C6F6174222C226104
:1015C0006363657373223A2272227D5D7D5D7D2C9B
:1015D0007B226E616D65223A22656E636F6465726F
:1015E000222C2274797065223A226F626A656374D4
:1015F000222C226D656D62657273223A5B7B226ECE
:10160000616D65223A226572726F72222C226964C2
:10161000223A3332392C2274797065223A22756964
:101620006E743136222C22616363657373223A2211
:101630007277227D2C7B226E616D65223A2269735E
:101640005F7265616479222C226964223A333330F7
:101650002C2274797065223A22626F6F6C222C22E0
:10166000616363657373223A2272227D2C7B226E42
:10167000616D65223A22696E6465785F666F756E8A
:1016800064222C226964223A3333312C227479701B
:1016900065223A22626F6F6C222C2261636365734C
:1016A00073223A2272227D2C7B226E616D65223A72
:1016B00022736861646F775F636F756E74222C228A
:1016C0006964223A3333322C2274797065223A22CB
:1016D000696E743332222C22616363657373223A1C
:1016E0002272227D2C7B226E616D65223A22636F0D
:1016F000756E745F696E5F637072222C226964225A
:101700003A3333332C2274797065223A22696E742D
:101710003332222C22616363657373223A22722270
:101720007D2C7B226E616D65223A22696E74657232
:10173000706F6C6174696F6E222C226964223A3377
:1017400033342C2274797065223A22666C6F61748E
:10175000222C22616363657373223A2272227D2CEC
:101760007B226E616D65223A227068617365222C5E
:10177000226964223A3333352C2274797065223A17
:1017800022666C6F6174222C22616363657373221D
:101790003A2272227D2C7B226E616D65223A227084
:1017A0006F735F657374696D617465222C2269645F
:1017B000223A3333362C2274797065223A22666CD1
:1017C0006F6174222C22616363657373223A227203
:1017D000227D2C7B226E616D65223A22706F735FD1
:1017E000657374696D6174655F636F756E74732280
:1017F0002C226964223A3333372C227479706522A3
:101800003A22666C6F6174222C2261636365737384
:10181000223A2272227D2C7B226E616D65223A2251
:10182000706F735F63697263756C6172222C2269D9
:1018300064223A3333382C2274797065223A226656
:101840006C6F6174222C22616363657373223A2288
:1018500072227D2C7B226E616D65223A22706F733D
:101860005F6370725F636F756E7473222C2269649C
:10187000223A3333392C2274797065223A22666C0D
:101880006F6174222C22616363657373223A227242
:10189000227D2C7B226E616D65223A2264656C7418
:1018A000615F706F735F6370725F636F756E747387
:1018B000222C226964223A3334302C2274797065E8
:1018C000223A22666C6F6174222C22616363657315
:1018D00073223A2272227D2C7B226E616D65223A40
:1018E0002268616C6C5F7374617465222C22696478
:1018F000223A3334312C2274797065223A22756988
:101900006E7438222C22616363657373223A2272EB
:10191000227D2C7B226E616D65223A2276656C5F9A
:10192000657374696D617465222C226964223A338F
:1019300034322C2274797065223A22666C6F61749D
:10194000222C22616363657373223A2272227D2CFA
:101950007B226E616D65223A2276656C5F657374D9
:10196000696D6174655F636F756E7473222C226993
:1019700064223A3334332C2274797065223A226619
:101980006C6F6174222C22616363657373223A2247
:1019900072227D2C7B226E616D65223A2263616C1E
:1019A00069625F7363616E5F726573706F6E73659A
:1019B000222C226964223A3334342C2274797065E3
:1019C000223A22666C6F6174222C22616363657314
:1019D00073223A2272227D2C7B226E616D65223A3F
:1019E00022706F735F616273222C226964223A3322
:1019F00034352C2274797065223A22696E74333240
:101A0000222C22616363657373223A227277227DEE
:101A10002C7B226E616D65223A227370695F65725C
:101A2000726F725F72617465222C226964223A338C
:101A300034362C2274797065223A22666C6F617498
:101A4000222C22616363657373223A2272227D2CF9
:101A50007B226E616D65223A22636F6E6669672232
:101A60002C2274797065223A226F626A656374224F
:101A70002C226D656D62657273223A5B7B226E610A
:101A80006D65223A226D6F6465222C226964223AC8
:101A90003334372C2274797065223A2275696E745A
:101AA0003136222C22616363657373223A22727786
:101AB000227D2C7B226E616D65223A227573655FF3
:101AC000696E646578222C226964223A3334382C9A
:101AD0002274797065223A22626F6F6C222C226127
:101AE0006363657373223A227277227D2C7B226EA8
:101AF000616D65223A22696E6465785F6F66667310
:101B00006574222C226964223A3334392C22747988
:101B10007065223A22666C6F6174222C22616363C5
:101B2000657373223A227277227D2C7B226E616D5F
:101B300065223A227573655F696E6465785F6F66CA
:101B400066736574222C226964223A3335302C2264
:101B500074797065223A22626F6F6C222C22616365
:101B600063657373223A227277227D2C7B226E6129
:101B70006D65223A2266696E645F6964785F6F6E94
:101B80005F6C6F636B696E5F6F6E6C79222C22697C
:101B900064223A3335312C2274797065223A2262FC
:101BA0006F6F6C222C22616363657373223A227219
:101BB00077227D2C7B226E616D65223A22616273F1
:101BC0005F7370695F63735F6770696F5F70696E81
:101BD000222C226964223A3335322C2274797065C2
:101BE000223A2275696E743136222C226163636554
:101BF0007373223A227277227D2C7B226E616D658F
:101C0000223A22637072222C226964223A333533DD
:101C10002C2274797065223A22696E743332222C38
:101C200022616363657373223A227277227D2C7B73
:101C3000226E616D65223A2270686173655F6F661E
:101C400066736574222C226964223A3335342C225F
:101C500074797065223A22696E743332222C2261C3
:101C60006363657373223A227277227D2C7B226E26
:101C7000616D65223A2270686173655F6F66667395
:101C800065745F666C6F6174222C226964223A333A
:101C900035352C2274797065223A22666C6F617436
:101CA000222C22616363657373223A227277227D4C
:101CB0002C7B226E616D65223A22646972656374C1
:101CC000696F6E222C226964223A3335362C2274D5
:101CD000797065223A22696E743332222C22616354
:101CE00063657373223A227277227D2C7B226E61A8
:101CF0006D65223A227072655F63616C6962726120
:101D0000746564222C226964223A3335372C22749C
:101D1000797065223A22626F6F6C222C22616363B4
:101D2000657373223A227277227D2C7B226E616D5D
:101D300065223A22656E61626C655F7068617365E9
:101D40005F696E746572706F6C6174696F6E222C5E
:101D5000226964223A3335382C2274797065223A2C
:101D600022626F6F6C222C22616363657373223A67
:101D7000227277227D2C7B226E616D65223A22626F
:101D8000616E647769647468222C226964223A3334
:101D900035392C2274797065223A22666C6F617431
:101DA000222C22616363657373223A227277227D4B
:101DB0002C7B226E616D65223A2263616C69625FE1
:101DC00072616E6765222C226964223A3336302CA8
:101DD0002274797065223A22666C6F6174222C221B
:101DE000616363657373223A227277227D2C7B22B2
:101DF0006E616D65223A2263616C69625F73636133
:101E00006E5F64697374616E6365222C226964225B
:101E10003A3336312C2274797065223A22666C6F1F
:101E20006174222C22616363657373223A22727794
:101E3000227D2C7B226E616D65223A2263616C6982
:101E4000625F7363616E5F6F6D656761222C2269EB
:101E500064223A3336322C2274797065223A226633
:101E60006C6F6174222C22616363657373223A2262
:101E70007277227D2C7B226E616D65223A22696722
:101E80006E6F72655F696C6C6567616C5F68616CD1
:101E90006C5F7374617465222C226964223A333654
:101EA000332C2274797065223A22626F6F6C222C77
:101EB00022616363657373223A227277227D2C7BE1
:101EC000226E616D65223A2268616C6C5F706F6C86
:101ED0006172697479222C226964223A3336342C77
:101EE0002274797065223A2275696E7438222C2228
:101EF000616363657373223A227277227D2C7B22A1
:101F00006E616D65223A2268616C6C5F706F6C6106
:101F1000726974795F63616C69627261746564226D
:101F20002C226964223A3336352C2274797065226A
:101F30003A22626F6F6C222C226163636573732295
:101F40003A227277227D2C7B226E616D65223A22C5
:101F500073696E636F735F6770696F5F70696E5FDF
:101F600073696E222C226964223A3336362C22742D
:101F7000797065223A2275696E743136222C22619D
:101F80006363657373223A227277227D2C7B226E03
:101F9000616D65223A2273696E636F735F67706962
:101FA0006F5F70696E5F636F73222C226964223ADF
:101FB0003336372C2274797065223A2275696E7433
:101FC0003136222C22616363657373223A22727761
:101FD000227D5D7D2C7B226E616D65223A227365C8
:101FE000745F6C696E6561725F636F756E74222CCD
:101FF000226964223A3336382C2274797065223A89
:102000002266756E6374696F6E222C22696E70751C
:102010007473223A5B7B226E616D65223A22636F94
:10202000756E74222C226964223A3336392C22745C
:10203000797065223A22696E743332222C226163F0
:1020400063657373223A227277227D5D2C226F754D
:102050007470757473223A5B5D7D5D7D2C7B226E9E
:10206000616D65223A226163696D5F657374696DA4
:1020700061746F72222C2274797065223A226F6229
:102080006A656374222C226D656D62657273223AF3
:102090005B7B226E616D65223A22726F746F725F94
:1020A000666C7578222C226964223A3337302C22F0
:1020B00074797065223A22666C6F6174222C2261F9
:1020C0006363657373223A2272227D2C7B226E61D8
:1020D0006D65223A22736C69705F76656C222C22E2
:1020E0006964223A3337312C2274797065223A229E
:1020F000666C6F6174222C22616363657373223A8C
:102100002272227D2C7B226E616D65223A227068DC
:102110006173655F6F6666736574222C2269642241
:102120003A3337322C2274797065223A22666C6F0A
:102130006174222C22616363657373223A227222D6
:102140007D2C7B226E616D65223A22737461746FFF
:10215000725F70686173655F76656C222C226964BA
:10216000223A3337332C2274797065223A22666C16
:102170006F6174222C22616363657373223A227249
:10218000227D2C7B226E616D65223A22737461740C
:102190006F725F7068617365222C226964223A3322
:1021A00037342C2274797065223A22666C6F617420
:1021B000222C22616363657373223A2272227D2C82
:1021C0007B226E616D65223A22636F6E66696722BB
:1021D0002C2274797065223A226F626A65637422D8
:1021E0002C226D656D62657273223A5B7B226E6193
:1021F0006D65223A22736C69705F76656C6F6369F6
:102200007479222C226964223A3337352C2274796E
:102210007065223A22666C6F6174222C22616363BE
:10222000657373223A227277227D5D7D5D7D2C7B02
:10223000226E616D65223A2273656E736F726C65F2
:1022400073735F657374696D61746F72222C22748D
:10225000797065223A226F626A656374222C226D5E
:10226000656D62657273223A5B7B226E616D6522D9
:102270003A226572726F72222C226964223A3337D5
:10228000362C2274797065223A2275696E74382270
:102290002C22616363657373223A227277227D2C4C
:1022A0007B226E616D65223A227068617365222C13
:1022B000226964223A3337372C2274797065223AC6
:1022C00022666C6F6174222C2261636365737322D2
:1022D0003A2272227D2C7B226E616D65223A227039
:1022E0006C6C5F706F73222C226964223A3337382A
:1022F0002C2274797065223A22666C6F6174222CEC
:1023000022616363657373223A2272227D2C7B22E1
:102310006E616D65223A2270686173655F76656CE7
:10232000222C226964223A3337392C227479706561
:10233000223A22666C6F6174222C2261636365739A
:1023400073223A2272227D2C7B226E616D65223AC5
:102350002276656C5F657374696D617465222C22E9
:102360006964223A3338302C2274797065223A221B
:10237000666C6F6174222C22616363657373223A09
:102380002272227D2C7B226E616D65223A22636F60
:102390006E666967222C2274797065223A226F6218
:1023A0006A656374222C226D656D62657273223AD0
:1023B0005B7B226E616D65223A226F627365727675
:1023C00065725F6761696E222C226964223A333834
:1023D000312C2274797065223A22666C6F61742206
:1023E0002C22616363657373223A227277227D2CFB
:1023F0007B226E616D65223A22706C6C5F62616E49
:10240000647769647468222C226964223A33383212
:102410002C2274797065223A22666C6F6174222CCA
:1024200022616363657373223A227277227D2C7B6B
:10243000226E616D65223A22706D5F666C75785F01
:102440006C696E6B616765222C226964223A3338AD
:10245000332C2274797065223A22666C6F61742283
:102460002C22616363657373223A227277227D5D49
:102470007D5D7D2C7B226E616D65223A22747261D6
:10248000705F7472616A222C2274797065223A221C
:102490006F626A656374222C226D656D626572736A
:1024A000223A5B7B226E616D65223A22636F6E6613
:1024B0006967222C2274797065223A226F626A65FC
:1024C0006374222C226D656D62657273223A5B7BA8
:1024D000226E616D65223A2276656C5F6C696D696A
:1024E00074222C226964223A3338342C2274797095
:1024F00065223A22666C6F6174222C2261636365E7
:102500007373223A227277227D2C7B226E616D6575
:10251000223A22616363656C5F6C696D6974222C79
:10252000226964223A3338352C2274797065223A54
:1025300022666C6F6174222C22616363657373225F
:102540003A227277227D2C7B226E616D65223A22BF
:10255000646563656C5F6C696D6974222C226964C3
:10256000223A3338362C2274797065223A22666C0E
:102570006F6174222C22616363657373223A227245
:1025800077227D5D7D5D7D2C7B226E616D65223ABB
:10259000226D696E5F656E6473746F70222C227495
:1025A000797065223A226F626A656374222C226D0B
:1025B000656D62657273223A5B7B226E616D652286
:1025C0003A22656E6473746F705F73746174652210
:1025D0002C226964223A3338372C227479706522B0
:1025E0003A22626F6F6C222C2261636365737322DF
:1025F0003A2272227D2C7B226E616D65223A226323
:102600006F6E666967222C2274797065223A226F98
:10261000626A656374222C226D656D626572732235
:102620003A5B7B226E616D65223A226770696F5F4B
:102630006E756D222C226964223A3338382C22744C
:10264000797065223A2275696E743136222C2261C6
:102650006363657373223A227277227D2C7B226E2C
:10266000616D65223A22656E61626C6564222C227E
:102670006964223A3338392C2274797065223A22FF
:10268000626F6F6C222C22616363657373223A223E
:102690007277227D2C7B226E616D65223A226F66F5
:1026A00066736574222C226964223A3339302C22F5
:1026B00074797065223A22666C6F6174222C2261F3
:1026C0006363657373223A227277227D2C7B226EBC
:1026D000616D65223A2269735F6163746976655F33
:1026E00068696768222C226964223A3339312C22C6
:1026F00074797065223A22626F6F6C222C226163BA
:1027000063657373223A227277227D2C7B226E617D
:102710006D65223A226465626F756E63655F6D73E5
:10272000222C226964223A3339322C227479706562
:10273000223A2275696E743332222C2261636365FA
:102740007373223A227277227D5D7D5D7D2C7B2220
:102750006E616D65223A226D61785F656E64737497
:102760006F70222C2274797065223A226F626A653A
:102770006374222C226D656D62657273223A5B7BF5
:10278000226E616D65223A22656E6473746F705FAC
:102790007374617465222C226964223A3339332CB4
:1027A0002274797065223A22626F6F6C222C22614A
:1027B0006363657373223A2272227D2C7B226E61E1
:1027C0006D65223A22636F6E666967222C227479E6
:1027D0007065223A226F626A656374222C226D65ED
:1027E0006D62657273223A5B7B226E616D65223A7F
:1027F000226770696F5F6E756D222C226964223AC0
:102800003339342C2274797065223A2275696E74DA
:102810003136222C22616363657373223A22727708
:10282000227D2C7B226E616D65223A22656E61628B
:102830006C6564222C226964223A3339352C227467
:10284000797065223A22626F6F6C222C2261636379
:10285000657373223A227277227D2C7B226E616D22
:1028600065223A226F6666736574222C226964229F
:102870003A3339362C2274797065223A22666C6FAD
:102880006174222C22616363657373223A2272772A
:10289000227D2C7B226E616D65223A2269735F6115
:1028A00063746976655F68696768222C22696422AF
:1028B0003A3339372C2274797065223A22626F6F6D
:1028C0006C222C22616363657373223A2272772231
:1028D0007D2C7B226E616D65223A226465626F7584
:1028E0006E63655F6D73222C226964223A33393836
:1028F0002C2274797065223A2275696E7433322203
:102900002C22616363657373223A227277227D5DA4
:102910007D5D7D2C7B226E616D65223A226D656343
:1029200068616E6963616C5F6272616B65222C2203
:1029300074797065223A226F626A656374222C2270
:102940006D656D62657273223A5B7B226E616D65A7
:10295000223A22636F6E666967222C227479706551
:10296000223A226F626A656374222C226D656D6261
:10297000657273223A5B7B226E616D65223A226733
:1029800070696F5F6E756D222C226964223A33394B
:10299000392C2274797065223A2275696E74313649
:1029A000222C22616363657373223A227277227D3F
:1029B0002C7B226E616D65223A2269735F616374BC
:1029C0006976655F6C6F77222C226964223A343015
:1029D000302C2274797065223A22626F6F6C222C3F
:1029E00022616363657373223A227277227D5D7D73
:1029F0002C7B226E616D65223A22656E6761676588
:102A0000222C226964223A3430312C227479706588
:102A1000223A2266756E6374696F6E222C22696E8B
:102A200070757473223A5B5D2C226F7574707574C7
:102A300073223A5B5D7D2C7B226E616D65223A22AA
:102A400072656C65617365222C226964223A3430A8
:102A5000322C2274797065223A2266756E6374692D
:102A60006F6E222C22696E70757473223A5B5D2C36
:102A7000226F757470757473223A5B5D7D5D7D2C79
:102A80007B226E616D65223A227461736B5F74699B
:102A90006D6573222C2274797065223A226F626A06
:102AA000656374222C226D656D62657273223A5BD8
:102AB0007B226E616D65223A22746865726D69735E
:102AC000746F725F757064617465222C2274797002
:102AD00065223A226F626A656374222C226D656DED
:102AE00062657273223A5B7B226E616D65223A22C7
:102AF00073746172745F74696D65222C226964223B
:102B00003A3430332C2274797065223A2275696E1A
:102B1000743332222C22616363657373223A22720A
:102B2000227D2C7B226E616D65223A22656E645F88
:102B300074696D65222C226964223A3430342C2267
:102B400074797065223A2275696E743332222C22B0
:102B5000616363657373223A2272227D2C7B226E3D
:102B6000616D65223A226C656E677468222C226959
:102B700064223A3430352C2274797065223A2275F9
:102B8000696E743332222C22616363657373223A57
:102B90002272227D2C7B226E616D65223A226D614C
:102BA000785F6C656E677468222C226964223A34FF
:102BB00030362C2274797065223A2275696E74332E
:102BC00032222C22616363657373223A2272772268
:102BD0007D5D7D2C7B226E616D65223A22656E6380
:102BE0006F6465725F757064617465222C227479FC
:102BF0007065223A226F626A656374222C226D65C9
:102C00006D62657273223A5B7B226E616D65223A5A
:102C10002273746172745F74696D65222C22696419
:102C2000223A3430372C2274797065223A22756941
:102C30006E743332222C22616363657373223A22ED
:102C400072227D2C7B226E616D65223A22656E6454
:102C50005F74696D65222C226964223A3430382C05
:102C60002274797065223A2275696E743332222C8F
:102C700022616363657373223A2272227D2C7B2268
:102C80006E616D65223A226C656E677468222C2233
:102C90006964223A3430392C2274797065223A22E0
:102CA00075696E743332222C2261636365737322FB
:102CB0003A2272227D2C7B226E616D65223A226D52
:102CC00061785F6C656E677468222C226964223AB1
:102CD0003431302C2274797065223A2275696E7411
:102CE0003332222C22616363657373223A22727736
:102CF000227D5D7D2C7B226E616D65223A2273659B
:102D00006E736F726C6573735F657374696D6174F4
:102D10006F725F757064617465222C2274797065BE
:102D2000223A226F626A656374222C226D656D629D
:102D3000657273223A5B7B226E616D65223A227363
:102D4000746172745F74696D65222C226964223A21
:102D50003431312C2274797065223A2275696E748F
:102D60003332222C22616363657373223A2272220A
:102D70007D2C7B226E616D65223A22656E645F74E4
:102D8000696D65222C226964223A3431322C227416
:102D9000797065223A2275696E743332222C226171
:102DA0006363657373223A2272227D2C7B226E61EB
:102DB0006D65223A226C656E677468222C22696404
:102DC000223A3431332C2274797065223A227569A3
:102DD0006E743332222C22616363657373223A224C
:102DE00072227D2C7B226E616D65223A226D6178A4
:102DF0005F6C656E677468222C226964223A3431F4
:102E0000342C2274797065223A2275696E743332DB
:102E1000222C22616363657373223A227277227DCA
:102E20005D7D2C7B226E616D65223A22656E647336
:102E3000746F705F757064617465222C2274797090
:102E400065223A226F626A656374222C226D656D79
:102E500062657273223A5B7B226E616D65223A2253
:102E600073746172745F74696D65222C22696422C7
:102E70003A3431352C2274797065223A2275696EA4
:102E8000743332222C22616363657373223A227297
:102E9000227D2C7B226E616D65223A22656E645F15
:102EA00074696D65222C226964223A3431362C22F1
:102EB00074797065223A2275696E743332222C223D
:102EC000616363657373223A2272227D2C7B226ECA
:102ED000616D65223A226C656E677468222C2269E6
:102EE00064223A3431372C2274797065223A227583
:102EF000696E743332222C22616363657373223AE4
:102F00002272227D2C7B226E616D65223A226D61D8
:102F1000785F6C656E677468222C226964223A348B
:102F200031382C2274797065223A2275696E7433B7
:102F300032222C22616363657373223A22727722F4
:102F40007D5D7D2C7B226E616D65223A2263616E10
:102F50005F686561727462656174222C2274797095
:102F600065223A226F626A656374222C226D656D58
:102F700062657273223A5B7B226E616D65223A2232
:102F800073746172745F74696D65222C22696422A6
:102F90003A3431392C2274797065223A2275696E7F
:102FA000743332222C22616363657373223A227276
:102FB000227D2C7B226E616D65223A22656E645FF4
:102FC00074696D65222C226964223A3432302C22D5
:102FD00074797065223A2275696E743332222C221C
:102FE000616363657373223A2272227D2C7B226EA9
:102FF000616D65223A226C656E677468222C2269C5
:1030000064223A3432312C2274797065223A227566
:10301000696E743332222C22616363657373223AC2
:103020002272227D2C7B226E616D65223A226D61B7
:10303000785F6C656E677468222C226964223A346A
:1030400032322C2274797065223A2275696E74339B
:1030500032222C22616363657373223A22727722D3
:103060007D5D7D2C7B226E616D65223A22636F6EE1
:1030700074726F6C6C65725F757064617465222C1C
:103080002274797065223A226F626A656374222C19
:10309000226D656D62657273223A5B7B226E616D93
:1030A00065223A2273746172745F74696D65222CB3
:1030B000226964223A3432332C2274797065223AC0
:1030C0002275696E743332222C22616363657373D7
:1030D000223A2272227D2C7B226E616D65223A2279
:1030E000656E645F74696D65222C226964223A34CE
:1030F00032342C2274797065223A2275696E7433E9
:1031000032222C22616363657373223A2272227D1C
:103110002C7B226E616D65223A226C656E67746845
:10312000222C226964223A3432352C22747970655B
:10313000223A2275696E743332222C2261636365F0
:103140007373223A2272227D2C7B226E616D65227E
:103150003A226D61785F6C656E677468222C226913
:1031600064223A3432362C2274797065223A227500
:10317000696E743332222C22616363657373223A61
:10318000227277227D5D7D2C7B226E616D65223AF5
:10319000226F70656E5F6C6F6F705F636F6E7472BD
:1031A0006F6C6C65725F757064617465222C22743B
:1031B000797065223A226F626A656374222C226DEF
:1031C000656D62657273223A5B7B226E616D65226A
:1031D0003A2273746172745F74696D65222C22697E
:1031E00064223A3432372C2274797065223A22757F
:1031F000696E743332222C22616363657373223AE1
:103200002272227D2C7B226E616D65223A22656ED0
:10321000645F74696D65222C226964223A34323805
:103220002C2274797065223A2275696E74333222C9
:103230002C22616363657373223A2272227D2C7B98
:10324000226E616D65223A226C656E677468222C6D
:10325000226964223A3432392C2274797065223A18
:103260002275696E743332222C2261636365737335
:10327000223A2272227D2C7B226E616D65223A22D7
:103280006D61785F6C656E677468222C22696422B8
:103290003A3433302C2274797065223A2275696E83
:1032A000743332222C22616363657373223A227273
:1032B00077227D5D7D2C7B226E616D65223A2261D5
:1032C00063696D5F657374696D61746F725F75704A
:1032D00064617465222C2274797065223A226F62CF
:1032E0006A656374222C226D656D62657273223A81
:1032F0005B7B226E616D65223A2273746172745F2A
:1033000074696D65222C226964223A3433312C228F
:1033100074797065223A2275696E743332222C22D8
:10332000616363657373223A2272227D2C7B226E65
:10333000616D65223A22656E645F74696D65222C49
:10334000226964223A3433322C2274797065223A2D
:103350002275696E743332222C2261636365737344
:10336000223A2272227D2C7B226E616D65223A22E6
:103370006C656E677468222C226964223A34333398
:103380002C2274797065223A2275696E7433322268
:103390002C22616363657373223A2272227D2C7B37
:1033A000226E616D65223A226D61785F6C656E6791
:1033B0007468222C226964223A3433342C227479C2
:1033C0007065223A2275696E743332222C22616351
:1033D00063657373223A227277227D5D7D2C7B2296
:1033E0006E616D65223A226D6F746F725F757064E5
:1033F000617465222C2274797065223A226F626AA8
:10340000656374222C226D656D62657273223A5B6E
:103410007B226E616D65223A2273746172745F74EF
:10342000696D65222C226964223A3433352C22746A
:10343000797065223A2275696E743332222C2261CA
:103440006363657373223A2272227D2C7B226E6144
:103450006D65223A22656E645F74696D65222C2267
:103460006964223A3433362C2274797065223A2208
:1034700075696E743332222C226163636573732223
:103480003A2272227D2C7B226E616D65223A226C7B
:10349000656E677468222C226964223A3433372CB3
:1034A0002274797065223A2275696E743332222C47
:1034B00022616363657373223A2272227D2C7B2220
:1034C0006E616D65223A226D61785F6C656E67741E
:1034D00068222C226964223A3433382C22747970A1
:1034E00065223A2275696E743332222C226163633D
:1034F000657373223A227277227D5D7D2C7B226E6A
:10350000616D65223A2263757272656E745F636FD6
:103510006E74726F6C6C65725F7570646174652235
:103520002C2274797065223A226F626A6563742274
:103530002C226D656D62657273223A5B7B226E612F
:103540006D65223A2273746172745F74696D6522CD
:103550002C226964223A3433392C22747970652222
:103560003A2275696E743332222C2261636365736B
:1035700073223A2272227D2C7B226E616D65223A83
:1035800022656E645F74696D65222C226964223A3B
:103590003434302C2274797065223A2275696E7445
:1035A0003332222C22616363657373223A227222C2
:1035B0007D2C7B226E616D65223A226C656E67748C
:1035C00068222C226964223A3434312C22747970B6
:1035D00065223A2275696E743332222C226163634C
:1035E000657373223A2272227D2C7B226E616D6597
:1035F000223A226D61785F6C656E677468222C22B6
:103600006964223A3434322C2274797065223A2269
:1036100075696E743332222C226163636573732281
:103620003A227277227D5D7D2C7B226E616D652250
:103630003A2264635F63616C6962222C2274797040
:1036400065223A226F626A656374222C226D656D71
:1036500062657273223A5B7B226E616D65223A224B
:1036600073746172745F74696D65222C22696422BF
:103670003A3434332C2274797065223A2275696E9B
:10368000743332222C22616363657373223A22728F
:10369000227D2C7B226E616D65223A22656E645F0D
:1036A00074696D65222C226964223A3434342C22E8
:1036B00074797065223A2275696E743332222C2235
:1036C000616363657373223A2272227D2C7B226EC2
:1036D000616D65223A226C656E677468222C2269DE
:1036E00064223A3434352C2274797065223A22757A
:1036F000696E743332222C22616363657373223ADC
:103700002272227D2C7B226E616D65223A226D61D0
:10371000785F6C656E677468222C226964223A3483
:1037200034362C2274797065223A2275696E7433AE
:1037300032222C22616363657373223A22727722EC
:103740007D5D7D2C7B226E616D65223A22637572F0
:1037500072656E745F73656E7365222C2274797066
:1037600065223A226F626A656374222C226D656D50
:1037700062657273223A5B7B226E616D65223A222A
:1037800073746172745F74696D65222C226964229E
:103790003A3434372C2274797065223A2275696E76
:1037A000743332222C22616363657373223A22726E
:1037B000227D2C7B226E616D65223A22656E645FEC
:1037C00074696D65222C226964223A3434382C22C3
:1037D00074797065223A2275696E743332222C2214
:1037E000616363657373223A2272227D2C7B226EA1
:1037F000616D65223A226C656E677468222C2269BD
:1038000064223A3434392C2274797065223A227554
:10381000696E743332222C22616363657373223ABA
:103820002272227D2C7B226E616D65223A226D61AF
:10383000785F6C656E677468222C226964223A3462
:1038400035302C2274797065223A2275696E743392
:1038500032222C22616363657373223A22727722CB
:103860007D5D7D2C7B226E616D65223A2270776DC5
:103870005F757064617465222C2274797065223AD8
:10388000226F626A656374222C226D656D626572B7
:1038900073223A5B7B226E616D65223A22737461FA
:1038A00072745F74696D65222C226964223A343522
:1038B000312C2274797065223A2275696E74333224
:1038C000222C22616363657373223A2272227D2C5B
:1038D0007B226E616D65223A22656E645F74696D4C
:1038E00065222C226964223A3435322C2274797094
:1038F00065223A2275696E743332222C2261636329
:10390000657373223A2272227D2C7B226E616D6573
:10391000223A226C656E677468222C226964223A0E
:103920003435332C2274797065223A2275696E74AD
:103930003332222C22616363657373223A2272222E
:103940007D2C7B226E616D65223A226D61785F6C01
:10395000656E677468222C226964223A3435342CEF
:103960002274797065223A2275696E743332222C82
:1039700022616363657373223A227277227D5D7DD3
:103980005D7D2C7B226E616D65223A2277617463C6
:1039900068646F675F66656564222C226964223AF9
:1039A0003435352C2274797065223A2266756E633F
:1039B00074696F6E222C22696E70757473223A5B83
:1039C0005D2C226F757470757473223A5B5D7D5D3A
:1039D0007D2C7B226E616D65223A2261786973319C
:1039E000222C2274797065223A226F626A656374B0
:1039F000222C226D656D62657273223A5B7B226EAA
:103A0000616D65223A226572726F72222C2269649E
:103A1000223A3435362C2274797065223A2275693F
:103A20006E743332222C22616363657373223A22EF
:103A30007277227D2C7B226E616D65223A2273742F
:103A400065705F6469725F616374697665222C22B8
:103A50006964223A3435372C2274797065223A220F
:103A6000626F6F6C222C22616363657373223A224A
:103A700072227D2C7B226E616D65223A226C61730D
:103A8000745F6472765F6661756C74222C2269645F
:103A9000223A3435382C2274797065223A227569BD
:103AA0006E743332222C22616363657373223A226F
:103AB00072227D2C7B226E616D65223A22737465C1
:103AC0007073222C226964223A3435392C2274799D
:103AD0007065223A22696E743634222C2261636347
:103AE000657373223A2272227D2C7B226E616D6592
:103AF000223A2263757272656E745F7374617465C5
:103B0000222C226964223A3436302C227479706572
:103B1000223A2275696E7438222C226163636573C0
:103B200073223A2272227D2C7B226E616D65223ACD
:103B3000227265717565737465645F737461746511
:103B4000222C226964223A3436312C227479706531
:103B5000223A2275696E7438222C22616363657380
:103B600073223A227277227D2C7B226E616D652250
:103B70003A2269735F686F6D6564222C2269642242
:103B80003A3436322C2274797065223A22626F6F91
:103B90006C222C22616363657373223A227277224E
:103BA0007D2C7B226E616D65223A22636F6E6669A1
:103BB00067222C2274797065223A226F626A6563EB
:103BC00074222C226D656D62657273223A5B7B22D2
:103BD0006E616D65223A22737461727475705F6DE7
:103BE0006F746F725F63616C6962726174696F6E2A
:103BF000222C226964223A3436332C22747970657F
:103C0000223A22626F6F6C222C22616363657373A8
:103C1000223A227277227D2C7B226E616D65223AD8
:103C200022737461727475705F656E636F64657220
:103C30005F696E6465785F736561726368222C22C8
:103C40006964223A3436342C2274797065223A221F
:103C5000626F6F6C222C22616363657373223A2258
:103C60007277227D2C7B226E616D65223A227374FD
:103C700061727475705F656E636F6465725F6F66A5
:103C8000667365745F63616C6962726174696F6E9B
:103C9000222C226964223A3436352C2274797065DC
:103CA000223A22626F6F6C222C2261636365737308
:103CB000223A227277227D2C7B226E616D65223A38
:103CC00022737461727475705F636C6F7365645F87
:103CD0006C6F6F705F636F6E74726F6C222C2269F1
:103CE00064223A3436362C2274797065223A226284
:103CF0006F6F6C222C22616363657373223A2272A8
:103D000077227D2C7B226E616D65223A227374616D
:103D1000727475705F686F6D696E67222C226964BA
:103D2000223A3436372C2274797065223A22626F37
:103D30006F6C222C22616363657373223A2272775F
:103D4000227D2C7B226E616D65223A22656E616256
:103D50006C655F737465705F646972222C2269649C
:103D6000223A3436382C2274797065223A22626FF6
:103D70006F6C222C22616363657373223A2272771F
:103D8000227D2C7B226E616D65223A2273746570F0
:103D90005F6469725F616C776179735F6F6E222C0B
:103DA000226964223A3436392C2274797065223AB9
:103DB00022626F6F6C222C22616363657373223AF7
:103DC000227277227D2C7B226E616D65223A2265FC
:103DD0006E61626C655F73656E736F726C65737331
:103DE0005F6D6F6465222C226964223A3437302C6F
:103DF0002274797065223A22626F6F6C222C2261E4
:103E00006363657373223A227277227D2C7B226E64
:103E1000616D65223A227761746368646F675F74CD
:103E2000696D656F7574222C226964223A343731CA
:103E30002C2274797065223A22666C6F6174222C90
:103E400022616363657373223A227277227D2C7B31
:103E5000226E616D65223A22656E61626C655F77E4
:103E600061746368646F67222C226964223A343774
:103E7000322C2274797065223A22626F6F6C222C88
:103E800022616363657373223A227277227D2C7BF1
:103E9000226E616D65223A22737465705F67706986
:103EA0006F5F70696E222C226964223A3437332C9A
:103EB0002274797065223A2275696E743136222C2B
:103EC00022616363657373223A227277227D2C7BB1
:103ED000226E616D65223A226469725F6770696F54
:103EE0005F70696E222C226964223A3437342C22A6
:103EF00074797065223A2275696E743136222C22EB
:103F0000616363657373223A227277227D2C7B2270
:103F10006E616D65223A2263616C696272617469D7
:103F20006F6E5F6C6F636B696E222C2274797065A3
:103F3000223A226F626A656374222C226D656D627B
:103F4000657273223A5B7B226E616D65223A226351
:103F5000757272656E74222C226964223A34373588
:103F60002C2274797065223A22666C6F6174222C5F
:103F700022616363657373223A227277227D2C7B00
:103F8000226E616D65223A2272616D705F74696D97
:103F900065222C226964223A3437362C22747970D7
:103FA00065223A22666C6F6174222C22616363651C
:103FB0007373223A227277227D2C7B226E616D65AB
:103FC000223A2272616D705F64697374616E636519
:103FD000222C226964223A3437372C227479706596
:103FE000223A22666C6F6174222C226163636573CE
:103FF00073223A227277227D2C7B226E616D6522BC
:104000003A22616363656C222C226964223A343758
:10401000382C2274797065223A22666C6F617422A2
:104020002C22616363657373223A227277227D2C9E
:104030007B226E616D65223A2276656C222C2269A4
:1040400064223A3437392C2274797065223A226618
:104050006C6F6174222C22616363657373223A2250
:104060007277227D5D7D2C7B226E616D65223A2206
:1040700073656E736F726C6573735F72616D7022BE
:104080002C2274797065223A226F626A6563742209
:104090002C226D656D62657273223A5B7B226E61C4
:1040A0006D65223A2263757272656E74222C2269E4
:1040B00064223A3438302C2274797065223A2266B0
:1040C0006C6F6174222C22616363657373223A22E0
:1040D0007277227D2C7B226E616D65223A2272619D
:1040E0006D705F74696D65222C226964223A3438E0
:1040F000312C2274797065223A22666C6F617422C9
:104100002C22616363657373223A227277227D2CBD
:104110007B226E616D65223A2272616D705F646907
:104120007374616E6365222C226964223A343832DA
:104130002C2274797065223A22666C6F6174222C8D
:1041400022616363657373223A227277227D2C7B2E
:10415000226E616D65223A22616363656C222C22B6
:104160006964223A3438332C2274797065223A22F9
:10417000666C6F6174222C22616363657373223AEB
:10418000227277227D2C7B226E616D65223A227627
:10419000656C222C226964223A3438342C227479DA
:1041A0007065223A22666C6F6174222C226163630F
:1041B000657373223A227277227D2C7B226E616DA9
:1041C00065223A2266696E6973685F646973746117
:1041D0006E6365222C226964223A3438352C2274AD
:1041E000797065223A22666C6F6174222C226163B9
:1041F00063657373223A227277227D2C7B226E6173
:104200006D65223A2266696E6973685F6F6E5F76CC
:10421000656C222C226964223A3438362C22747957
:104220007065223A22626F6F6C222C226163636593
:104230007373223A227277227D2C7B226E616D6528
:10424000223A2266696E6973685F6F6E5F64697394
:1042500074616E6365222C226964223A3438372CEB
:104260002274797065223A22626F6F6C222C22616F
:104270006363657373223A227277227D2C7B226EF0
:10428000616D65223A2266696E6973685F6F6E5F61
:10429000656E635F696478222C226964223A34383F
:1042A000382C2274797065223A22626F6F6C222C4E
:1042B00022616363657373223A227277227D2C7BBD
:1042C000226E616D65223A2276656C5F70695F656A
:1042D0006E61626C65222C226964223A3438392C72
:1042E0002274797065223A22626F6F6C222C2261EF
:1042F0006363657373223A227277227D2C7B226E70
:10430000616D65223A2276656C5F70695F6B702221
:104310002C226964223A3439302C22747970652257
:104320003A22666C6F6174222C2261636365737339
:10433000223A227277227D2C7B226E616D65223AB1
:104340002276656C5F70695F6B69222C226964223A
:104350003A3439312C2274797065223A22666C6FB6
:104360006174222C22616363657373223A2272772F
:10437000227D2C7B226E616D65223A2276656C5F10
:1043800070695F6C696D6974222C226964223A3409
:1043900039322C2274797065223A22666C6F61740E
:1043A000222C22616363657373223A227277227D25
:1043B0005D7D2C7B226E616D65223A2267656E659C
:1043C00072616C5F6C6F636B696E222C2274797002
:1043D00065223A226F626A656374222C226D656DD4
:1043E00062657273223A5B7B226E616D65223A22AE
:1043F00063757272656E74222C226964223A3439B4
:10440000332C2274797065223A22666C6F617422B3
:104410002C22616363657373223A227277227D2CAA
:104420007B226E616D65223A2272616D705F7469E4
:104430006D65222C226964223A3439342C22747935
:104440007065223A22666C6F6174222C226163636C
:10445000657373223A227277227D2C7B226E616D06
:1044600065223A2272616D705F64697374616E6374
:1044700065222C226964223A3439352C22747970F1
:1044800065223A22666C6F6174222C226163636537
:104490007373223A227277227D2C7B226E616D65C6
:1044A000223A22616363656C222C226964223A34C9
:1044B00039362C2274797065223A22666C6F6174E9
:1044C000222C22616363657373223A227277227D04
:1044D0002C7B226E616D65223A2276656C222C223D
:1044E0006964223A3439372C2274797065223A2271
:1044F000666C6F6174222C22616363657373223A68
:10450000227277227D2C7B226E616D65223A2266B3
:10451000696E6973685F64697374616E6365222C88
:10452000226964223A3439382C2274797065223A2F
:1045300022666C6F6174222C22616363657373223F
:104540003A227277227D2C7B226E616D65223A229F
:1045500066696E6973685F6F6E5F76656C222C2288
:104560006964223A3439392C2274797065223A22EE
:10457000626F6F6C222C22616363657373223A222F
:104580007277227D2C7B226E616D65223A226669EC
:104590006E6973685F6F6E5F64697374616E636583
:1045A000222C226964223A3530302C2274797065CD
:1045B000223A22626F6F6C222C22616363657373EF
:1045C000223A227277227D2C7B226E616D65223A1F
:1045D0002266696E6973685F6F6E5F656E635F699F
:1045E0006478222C226964223A3530312C22747985
:1045F0007065223A22626F6F6C222C2261636365C0
:104600007373223A227277227D2C7B226E616D6554
:10461000223A2276656C5F70695F656E61626C65D7
:10462000222C226964223A3530322C22747970654A
:10463000223A22626F6F6C222C226163636573736E
:10464000223A227277227D2C7B226E616D65223A9E
:104650002276656C5F70695F6B70222C2269642220
:104660003A3530332C2274797065223A22666C6FA9
:104670006174222C22616363657373223A2272771C
:10468000227D2C7B226E616D65223A2276656C5FFD
:1046900070695F6B69222C226964223A3530342CB0
:1046A0002274797065223A22666C6F6174222C2222
:1046B000616363657373223A227277227D2C7B22B9
:1046C0006E616D65223A2276656C5F70695F6C6918
:1046D0006D6974222C226964223A3530352C22749B
:1046E000797065223A22666C6F6174222C226163B4
:1046F00063657373223A227277227D5D7D2C7B2263
:104700006E616D65223A2263616E222C227479708B
:1047100065223A226F626A656374222C226D656D90
:1047200062657273223A5B7B226E616D65223A226A
:104730006E6F64655F6964222C226964223A3530A9
:10474000362C2274797065223A2275696E74333280
:10475000222C22616363657373223A227277227D71
:104760002C7B226E616D65223A2269735F657874D5
:10477000656E646564222C226964223A3530372CD8
:104780002274797065223A22626F6F6C222C22614A
:104790006363657373223A227277227D2C7B226ECB
:1047A000616D65223A226865617274626561745F49
:1047B000726174655F6D73222C226964223A353010
:1047C000382C2274797065223A2275696E743332FE
:1047D000222C22616363657373223A227277227DF1
:1047E0002C7B226E616D65223A22656E636F646573
:1047F000725F726174655F6D73222C226964223A64
:104800003530392C2274797065223A2275696E74BC
:104810003332222C22616363657373223A227277EA
:10482000227D2C7B226E616D65223A226D6F746F42
:10483000725F6572726F725F726174655F6D732211
:104840002C226964223A3531302C22747970652229
:104850003A2275696E743332222C22616363657368
:1048600073223A227277227D2C7B226E616D652243
:104870003A22656E636F6465725F6572726F725F14
:10488000726174655F6D73222C226964223A35313E
:10489000312C2274797065223A2275696E74333234
:1048A000222C22616363657373223A227277227D20
:1048B0002C7B226E616D65223A22636F6E74726F7B
:1048C0006C6C65725F6572726F725F726174655F46
:1048D0006D73222C226964223A3531322C2274798C
:1048E0007065223A2275696E743332222C2261631C
:1048F00063657373223A227277227D2C7B226E616C
:104900006D65223A2273656E736F726C6573735FA7
:104910006572726F725F726174655F6D73222C22B3
:104920006964223A3531332C2274797065223A2237
:1049300075696E743332222C22616363657373224E
:104940003A227277227D2C7B226E616D65223A229B
:10495000656E636F6465725F636F756E745F7261BD
:1049600074655F6D73222C226964223A3531342CD0
:104970002274797065223A2275696E743332222C62
:1049800022616363657373223A227277227D2C7BE6
:10499000226E616D65223A2269715F726174655F92
:1049A0006D73222C226964223A3531352C227479B8
:1049B0007065223A2275696E743332222C2261634B
:1049C00063657373223A227277227D2C7B226E619B
:1049D0006D65223A2273656E736F726C6573735FD7
:1049E000726174655F6D73222C226964223A3531DD
:1049F000362C2274797065223A2275696E743332CE
:104A0000222C22616363657373223A227277227DBE
:104A10002C7B226E616D65223A226275735F766926
:104A20005F726174655F6D73222C226964223A356E
:104A300031372C2274797065223A2275696E74338D
:104A400032222C22616363657373223A22727722C9
:104A50007D5D7D5D7D2C7B226E616D65223A226DD0
:104A60006F746F72222C2274797065223A226F6201
:104A70006A656374222C226D656D62657273223AD9
:104A80005B7B226E616D65223A226C6173745F6597
:104A900072726F725F74696D65222C226964223AAA
:104AA0003531382C2274797065223A22666C6F6138
:104AB00074222C22616363657373223A2272772217
:104AC0007D2C7B226E616D65223A226572726F7257
:104AD000222C226964223A3531392C22747970658E
:104AE000223A2275696E743634222C226163636522
:104AF0007373223A227277227D2C7B226E616D6560
:104B0000223A2269735F61726D6564222C226964A6
:104B1000223A3532302C2274797065223A22626F43
:104B20006F6C222C22616363657373223A227222B6
:104B30007D2C7B226E616D65223A2269735F636111
:104B40006C69627261746564222C226964223A3550
:104B500032312C2274797065223A22626F6F6C2296
:104B60002C22616363657373223A2272227D2C7B4F
:104B7000226E616D65223A2263757272656E745F92
:104B80006D6561735F706841222C226964223A3539
:104B900032322C2274797065223A22666C6F61740D
:104BA000222C22616363657373223A2272227D2C68
:104BB0007B226E616D65223A2263757272656E7436
:104BC0005F6D6561735F706842222C226964223ACE
:104BD0003532332C2274797065223A22666C6F610B
:104BE00074222C22616363657373223A2272227DE0
:104BF0002C7B226E616D65223A2263757272656E3E
:104C0000745F6D6561735F706843222C2269642252
:104C10003A3532342C2274797065223A22666C6FF0
:104C20006174222C22616363657373223A227222BB
:104C30007D2C7B226E616D65223A2244435F636165
:104C40006C69625F706841222C226964223A3532B5
:104C5000352C2274797065223A22666C6F61742259
:104C60002C22616363657373223A227277227D2C52
:104C70007B226E616D65223A2244435F63616C69F9
:104C8000625F706842222C226964223A3532362CE7
:104C90002274797065223A22666C6F6174222C222C
:104CA000616363657373223A227277227D2C7B22C3
:104CB0006E616D65223A2244435F63616C69625F95
:104CC000706843222C226964223A3532372C2274D0
:104CD000797065223A22666C6F6174222C226163BE
:104CE00063657373223A227277227D2C7B226E6178
:104CF0006D65223A22495F627573222C2269642213
:104D00003A3532382C2274797065223A22666C6FFB
:104D10006174222C22616363657373223A227222CA
:104D20007D2C7B226E616D65223A2270686173650D
:104D30005F63757272656E745F7265765F676169D5
:104D40006E222C226964223A3532392C2274797011
:104D500065223A22666C6F6174222C22616363655E
:104D60007373223A227277227D2C7B226E616D65ED
:104D7000223A226566666563746976655F6375725B
:104D800072656E745F6C696D222C226964223A35FB
:104D900033302C2274797065223A22666C6F61740C
:104DA000222C22616363657373223A2272227D2C66
:104DB0007B226E616D65223A226D61785F616C6C59
:104DC0006F7765645F63757272656E74222C2269F9
:104DD00064223A3533312C2274797065223A226686
:104DE0006C6F6174222C22616363657373223A22B3
:104DF00072227D2C7B226E616D65223A226D617874
:104E00005F64635F63616C6962222C226964223A89
:104E10003533322C2274797065223A22666C6F61C8
:104E200074222C22616363657373223A2272227D9D
:104E30002C7B226E616D65223A226665745F746810
:104E400065726D6973746F72222C22747970652299
:104E50003A226F626A656374222C226D656D626509
:104E60007273223A5B7B226E616D65223A22746511
:104E70006D7065726174757265222C226964223AC4
:104E80003533332C2274797065223A22666C6F6157
:104E900074222C22616363657373223A2272227D2D
:104EA0002C7B226E616D65223A22636F6E666967A4
:104EB000222C2274797065223A226F626A656374CB
:104EC000222C226D656D62657273223A5B7B226EC5
:104ED000616D65223A2274656D705F6C696D6974ED
:104EE0005F6C6F776572222C226964223A35333405
:104EF0002C2274797065223A22666C6F6174222CC0
:104F000022616363657373223A227277227D2C7B60
:104F1000226E616D65223A2274656D705F6C696DF9
:104F200069745F7570706572222C226964223A354B
:104F300033352C2274797065223A22666C6F617465
:104F4000222C22616363657373223A227277227D79
:104F50002C7B226E616D65223A22656E61626C6502
:104F600064222C226964223A3533362C22747970FB
:104F700065223A22626F6F6C222C22616363657333
:104F800073223A227277227D5D7D5D7D2C7B226EBD
:104F9000616D65223A226D6F746F725F746865721D
:104FA0006D6973746F72222C2274797065223A22B3
:104FB0006F626A656374222C226D656D626572731F
:104FC000223A5B7B226E616D65223A2274656D70B8
:104FD00065726174757265222C226964223A3533D8
:104FE000372C2274797065223A22666C6F617422C4
:104FF0002C22616363657373223A2272227D2C7BBB
:10500000226E616D65223A22636F6E666967222C9B
:105010002274797065223A226F626A656374222C69
:10502000226D656D62657273223A5B7B226E616DE3
:1050300065223A226770696F5F70696E222C22695F
:1050400064223A3533382C2274797065223A2275FD
:10505000696E743136222C22616363657373223A60
:10506000227277227D2C7B226E616D65223A22703E
:105070006F6C795F636F656666696369656E745F9F
:1050800030222C226964223A3533392C227479700B
:1050900065223A22666C6F6174222C22616363651B
:1050A0007373223A227277227D2C7B226E616D65AA
:1050B000223A22706F6C795F636F65666669636917
:1050C000656E745F31222C226964223A3534302CAB
:1050D0002274797065223A22666C6F6174222C22E8
:1050E000616363657373223A227277227D2C7B227F
:1050F0006E616D65223A22706F6C795F636F6566D1
:1051000066696369656E745F32222C226964223A93
:105110003534312C2274797065223A22666C6F61C5
:1051200074222C22616363657373223A22727722A0
:105130007D2C7B226E616D65223A22706F6C795FE7
:10514000636F656666696369656E745F33222C22DE
:105150006964223A3534322C2274797065223A22FD
:10516000666C6F6174222C22616363657373223AEB
:10517000227277227D2C7B226E616D65223A227429
:10518000656D705F6C696D69745F6C6F77657222B5
:105190002C226964223A3534332C227479706522CA
:1051A0003A22666C6F6174222C22616363657373AB
:1051B000223A227277227D2C7B226E616D65223A23
:1051C0002274656D705F6C696D69745F7570706570
:1051D00072222C226964223A3534342C227479707C
:1051E00065223A22666C6F6174222C2261636365CA
:1051F0007373223A227277227D2C7B226E616D6559
:10520000223A22656E61626C6564222C22696422F6
:105210003A3534352C2274797065223A22626F6FE8
:105220006C222C22616363657373223A22727722A7
:105230007D5D7D5D7D2C7B226E616D65223A2263F2
:10524000757272656E745F636F6E74726F6C222C10
:105250002274797065223A226F626A656374222C27
:10526000226D656D62657273223A5B7B226E616DA1
:1052700065223A22705F6761696E222C226964227E
:105280003A3534362C2274797065223A22666C6F76
:105290006174222C22616363657373223A22722245
:1052A0007D2C7B226E616D65223A22695F676169A0
:1052B0006E222C226964223A3534372C227479709C
:1052C00065223A22666C6F6174222C2261636365E9
:1052D0007373223A2272227D2C7B226E616D6522CD
:1052E0003A22495F6D656173757265645F726570BE
:1052F0006F72745F66696C7465725F6B222C2269D1
:1053000064223A3534382C2274797065223A226648
:105310006C6F6174222C22616363657373223A227D
:105320007277227D2C7B226E616D65223A22496460
:105330005F736574706F696E74222C226964223AFF
:105340003534392C2274797065223A22666C6F618B
:1053500074222C22616363657373223A2272227D68
:105360002C7B226E616D65223A2249715F736574F0
:10537000706F696E74222C226964223A3535302CA4
:105380002274797065223A22666C6F6174222C2235
:10539000616363657373223A2272227D2C7B226ED5
:1053A000616D65223A2256645F736574706F696E31
:1053B00074222C226964223A3535312C227479709A
:1053C00065223A22666C6F6174222C2261636365E8
:1053D0007373223A2272227D2C7B226E616D6522CC
:1053E0003A2256715F736574706F696E74222C2255
:1053F0006964223A3535322C2274797065223A225A
:10540000666C6F6174222C22616363657373223A48
:105410002272227D2C7B226E616D65223A22706899
:10542000617365222C226964223A3535332C22744B
:10543000797065223A22666C6F6174222C22616356
:1054400063657373223A2272227D2C7B226E616D1A
:1054500065223A2270686173655F76656C222C2242
:105460006964223A3535342C2274797065223A22E7
:10547000666C6F6174222C22616363657373223AD8
:105480002272227D2C7B226E616D65223A22496157
:105490006C7068615F6D65617375726564222C2242
:1054A0006964223A3535352C2274797065223A22A6
:1054B000666C6F6174222C22616363657373223A98
:1054C0002272227D2C7B226E616D65223A22496216
:1054D0006574615F6D65617375726564222C226904
:1054E00064223A3535362C2274797065223A226668
:1054F0006C6F6174222C22616363657373223A229C
:1055000072227D2C7B226E616D65223A2249645F96
:105510006D65617375726564222C226964223A3567
:1055200035372C2274797065223A22666C6F61746B
:10553000222C22616363657373223A2272227D2CCE
:105540007B226E616D65223A2249715F6D656173E0
:1055500075726564222C226964223A3535382C2212
:1055600074797065223A22666C6F6174222C226114
:105570006363657373223A2272227D2C7B226E61F3
:105580006D65223A22706F776572222C226964223F
:105590003A3535392C2274797065223A22666C6F5F
:1055A0006174222C22616363657373223A22722232
:1055B0007D2C7B226E616D65223A22765F63757267
:1055C00072656E745F636F6E74726F6C5F696E7418
:1055D000656772616C5F64222C226964223A3536F9
:1055E000302C2274797065223A22666C6F617422C5
:1055F0002C22616363657373223A227277227D2CB9
:105600007B226E616D65223A22765F6375727265E8
:105610006E745F636F6E74726F6C5F696E746567D2
:1056200072616C5F71222C226964223A3536312C0A
:105630002274797065223A22666C6F6174222C2282
:10564000616363657373223A227277227D2C7B2219
:105650006E616D65223A2266696E616C5F765F618C
:105660006C706861222C226964223A3536322C2211
:1056700074797065223A22666C6F6174222C226103
:105680006363657373223A2272227D2C7B226E61E2
:105690006D65223A2266696E616C5F765F62657441
:1056A00061222C226964223A3536332C22747970B7
:1056B00065223A22666C6F6174222C2261636365F5
:1056C0007373223A2272227D5D7D2C7B226E616D86
:1056D00065223A226E5F6576745F63757272656EDD
:1056E000745F6D6561737572656D656E74222C22D1
:1056F0006964223A3536342C2274797065223A2254
:1057000075696E743332222C226163636573732270
:105710003A2272227D2C7B226E616D65223A226EC6
:105720005F6576745F70776D5F7570646174652214
:105730002C226964223A3536352C22747970652220
:105740003A2275696E743332222C22616363657369
:1057500073223A2272227D2C7B226E616D65223A81
:1057600022636F6E666967222C2274797065223A13
:10577000226F626A656374222C226D656D626572A8
:1057800073223A5B7B226E616D65223A22707265EC
:105790005F63616C69627261746564222C22696462
:1057A000223A3536362C2274797065223A22626F9D
:1057B0006F6C222C22616363657373223A227277C5
:1057C000227D2C7B226E616D65223A22706F6C65A2
:1057D0005F7061697273222C226964223A35363710
:1057E0002C2274797065223A22696E743332222C2D
:1057F00022616363657373223A227277227D2C7B68
:10580000226E616D65223A2263616C696272617415
:10581000696F6E5F63757272656E74222C226964A3
:10582000223A3536382C2274797065223A22666C19
:105830006F6174222C22616363657373223A227252
:1058400077227D2C7B226E616D65223A2272657310
:10585000697374616E63655F63616C69625F6D61DA
:10586000785F766F6C74616765222C226964223AD6
:105870003536392C2274797065223A22666C6F6154
:1058800074222C22616363657373223A2272772239
:105890007D2C7B226E616D65223A22706861736592
:1058A0005F696E64756374616E6365222C2269643E
:1058B000223A3537302C2274797065223A22666C90
:1058C0006F6174222C22616363657373223A2272C2
:1058D00077227D2C7B226E616D65223A2270686191
:1058E00073655F726573697374616E6365222C22E0
:1058F0006964223A3537312C2274797065223A2254
:10590000666C6F6174222C22616363657373223A43
:10591000227277227D2C7B226E616D65223A227481
:105920006F727175655F636F6E7374616E74222C34
:10593000226964223A3537322C2274797065223A12
:1059400022666C6F6174222C22616363657373221B
:105950003A227277227D2C7B226E616D65223A227B
:105960006D6F746F725F74797065222C2269642286
:105970003A3537332C2274797065223A2275696E74
:105980007438222C22616363657373223A22727722
:10599000227D2C7B226E616D65223A2263757272C4
:1059A000656E745F6C696D222C226964223A35370A
:1059B000342C2274797065223A22666C6F617422ED
:1059C0002C22616363657373223A227277227D2CE5
:1059D0007B226E616D65223A2263757272656E7408
:1059E0005F6C696D5F6D617267696E222C226964FC
:1059F000223A3537352C2274797065223A22666C4A
:105A00006F6174222C22616363657373223A227280
:105A100077227D2C7B226E616D65223A22746F7233
:105A20007175655F6C696D222C226964223A353785
:105A3000362C2274797065223A22666C6F6174226A
:105A40002C22616363657373223A227277227D2C64
:105A50007B226E616D65223A22696E76657274658D
:105A6000725F74656D705F6C696D69745F6C6F7780
:105A70006572222C226964223A3537372C227479D8
:105A80007065223A22666C6F6174222C2261636316
:105A9000657373223A227277227D2C7B226E616DB0
:105AA00065223A22696E7665727465725F74656DFF
:105AB000705F6C696D69745F7570706572222C22FD
:105AC0006964223A3537382C2274797065223A227B
:105AD000666C6F6174222C22616363657373223A72
:105AE000227277227D2C7B226E616D65223A2272B2
:105AF00065717565737465645F63757272656E74E4
:105B00005F72616E6765222C226964223A353739EB
:105B10002C2274797065223A22666C6F6174222C93
:105B200022616363657373223A227277227D2C7B34
:105B3000226E616D65223A2263757272656E745FC2
:105B4000636F6E74726F6C5F62616E6477696474A8
:105B500068222C226964223A3538302C22747970FC
:105B600065223A22666C6F6174222C226163636540
:105B70007373223A227277227D2C7B226E616D65CF
:105B8000223A226163696D5F6761696E5F6D696E5C
:105B90005F666C7578222C226964223A3538312C84
:105BA0002274797065223A22666C6F6174222C220D
:105BB000616363657373223A227277227D2C7B22A4
:105BC0006E616D65223A226163696D5F6175746F04
:105BD000666C75785F6D696E5F4964222C2269641A
:105BE000223A3538322C2274797065223A22666C5A
:105BF0006F6174222C22616363657373223A22728F
:105C000077227D2C7B226E616D65223A2261636969
:105C10006D5F6175746F666C75785F656E61626CDF
:105C200065222C226964223A3538332C227479702B
:105C300065223A22626F6F6C222C22616363657366
:105C400073223A227277227D2C7B226E616D65224F
:105C50003A226163696D5F6175746F666C75785F18
:105C600061747461636B5F6761696E222C22696481
:105C7000223A3538342C2274797065223A22666CC7
:105C80006F6174222C22616363657373223A2272FE
:105C900077227D2C7B226E616D65223A22616369D9
:105CA0006D5F6175746F666C75785F64656361794B
:105CB0005F6761696E222C226964223A3538352C7F
:105CC0002274797065223A22666C6F6174222C22EC
:105CD000616363657373223A227277227D2C7B2283
:105CE0006E616D65223A22525F774C5F46465F6572
:105CF0006E61626C65222C226964223A3538362C3A
:105D00002274797065223A22626F6F6C222C2261B4
:105D10006363657373223A227277227D2C7B226E35
:105D2000616D65223A2262454D465F46465F656E6B
:105D300061626C65222C226964223A3538372C2244
:105D400074797065223A22626F6F6C222C22616333
:105D500063657373223A227277227D2C7B226E61F7
:105D60006D65223A22495F6275735F686172645F94
:105D70006D696E222C226964223A3538382C2274DF
:105D8000797065223A22666C6F6174222C226163FD
:105D900063657373223A227277227D2C7B226E61B7
:105DA0006D65223A22495F6275735F686172645F54
:105DB0006D6178222C226964223A3538392C22749C
:105DC000797065223A22666C6F6174222C226163BD
:105DD00063657373223A227277227D2C7B226E6177
:105DE0006D65223A22495F6C65616B5F6D61782257
:105DF0002C226964223A3539302C2274797065225C
:105E00003A22666C6F6174222C226163636573733E
:105E1000223A227277227D2C7B226E616D65223AB6
:105E20002264635F63616C69625F746175222C2216
:105E30006964223A3539312C2274797065223A220C
:105E4000666C6F6174222C22616363657373223AFE
:105E5000227277227D5D7D5D7D2C7B226E616D657A
:105E6000223A22636F6E74726F6C6C6572222C2200
:105E700074797065223A226F626A656374222C22FB
:105E80006D656D62657273223A5B7B226E616D6532
:105E9000223A226572726F72222C226964223A358C
:105EA00039322C2274797065223A2275696E743801
:105EB000222C22616363657373223A227277227DFA
:105EC0002C7B226E616D65223A226C6173745F6572
:105ED00072726F725F74696D65222C226964223A56
:105EE0003539332C2274797065223A22666C6F61E1
:105EF00074222C22616363657373223A22727722C3
:105F00007D2C7B226E616D65223A22696E707574FC
:105F10005F706F73222C226964223A3539342C2247
:105F200074797065223A22666C6F6174222C22614A
:105F30006363657373223A227277227D2C7B226E13
:105F4000616D65223A22696E7075745F76656C22A8
:105F50002C226964223A3539352C227479706522F5
:105F60003A22666C6F6174222C22616363657373DD
:105F7000223A227277227D2C7B226E616D65223A55
:105F800022696E7075745F746F72717565222C2250
:105F90006964223A3539362C2274797065223A22A6
:105FA000666C6F6174222C22616363657373223A9D
:105FB000227277227D2C7B226E616D65223A2270DF
:105FC0006F735F736574706F696E74222C226964DD
:105FD000223A3539372C2274797065223A22666C60
:105FE0006F6174222C22616363657373223A22729B
:105FF000227D2C7B226E616D65223A2276656C5F74
:10600000736574706F696E74222C226964223A354C
:1060100039382C2274797065223A22666C6F61746B
:10602000222C22616363657373223A2272227D2CD3
:106030007B226E616D65223A22746F727175655FA5
:10604000736574706F696E74222C226964223A350C
:1060500039392C2274797065223A22666C6F61742A
:10606000222C22616363657373223A2272227D2C93
:106070007B226E616D65223A227472616A65637477
:106080006F72795F646F6E65222C226964223A36E2
:1060900030302C2274797065223A22626F6F6C2244
:1060A0002C22616363657373223A2272227D2C7BFA
:1060B000226E616D65223A2276656C5F696E746549
:1060C000677261746F725F746F72717565222C22D2
:1060D0006964223A3630312C2274797065223A2272
:1060E000666C6F6174222C22616363657373223A5C
:1060F000227277227D2C7B226E616D65223A2261AD
:106100006E7469636F6767696E675F76616C6964F7
:10611000222C226964223A3630322C22747970653E
:10612000223A22626F6F6C222C2261636365737363
:10613000223A227277227D2C7B226E616D65223A93
:10614000226175746F74756E696E675F70686173D4
:1061500065222C226964223A3630332C22747970FD
:1061600065223A22666C6F6174222C22616363653A
:106170007373223A227277227D2C7B226E616D65C9
:10618000223A22636F6E666967222C2274797065E9
:10619000223A226F626A656374222C226D656D62F9
:1061A000657273223A5B7B226E616D65223A2267CB
:1061B00061696E5F7363686564756C696E675F774C
:1061C00069647468222C226964223A3630342C22A5
:1061D00074797065223A22666C6F6174222C226198
:1061E0006363657373223A227277227D2C7B226E61
:1061F000616D65223A22656E61626C655F76656CE1
:106200005F6C696D6974222C226964223A363035DC
:106210002C2274797065223A22626F6F6C222C22D4
:10622000616363657373223A227277227D2C7B222D
:106230006E616D65223A22656E61626C655F746F96
:10624000727175655F6D6F64655F76656C5F6C69B3
:106250006D6974222C226964223A3630362C2274FD
:10626000797065223A22626F6F6C222C226163631F
:10627000657373223A227277227D2C7B226E616DC8
:1062800065223A22656E61626C655F6761696E5F67
:106290007363686564756C696E67222C2269642279
:1062A0003A3630372C2274797065223A22626F6F49
:1062B0006C222C22616363657373223A2272772207
:1062C0007D2C7B226E616D65223A22656E61626C67
:1062D000655F6F76657273706565645F6572726F16
:1062E00072222C226964223A3630382C227479705A
:1062F00065223A22626F6F6C222C226163636573A0
:1063000073223A227277227D2C7B226E616D652288
:106310003A22636F6E74726F6C5F6D6F6465222CCE
:10632000226964223A3630392C2274797065223A17
:106330002275696E7438222C22616363657373223F
:106340003A227277227D2C7B226E616D65223A2281
:10635000696E7075745F6D6F6465222C22696422AA
:106360003A3631302C2274797065223A2275696E82
:106370007438222C22616363657373223A22727728
:10638000227D2C7B226E616D65223A22706F735FD5
:106390006761696E222C226964223A3631312C22DF
:1063A00074797065223A22666C6F6174222C2261C6
:1063B0006363657373223A227277227D2C7B226E8F
:1063C000616D65223A2276656C5F6761696E222C89
:1063D000226964223A3631322C2274797065223A6D
:1063E00022666C6F6174222C226163636573732271
:1063F0003A227277227D2C7B226E616D65223A22D1
:1064000076656C5F696E7465677261746F725F67E1
:1064100061696E222C226964223A3631332C22744F
:10642000797065223A22666C6F6174222C22616356
:1064300063657373223A227277227D2C7B226E6110
:106440006D65223A2276656C5F696E74656772616C
:10645000746F725F6C696D6974222C226964223AD0
:106460003631342C2274797065223A22666C6F6161
:1064700074222C22616363657373223A227277223D
:106480007D2C7B226E616D65223A2276656C5F6C95
:10649000696D6974222C226964223A3631352C22C6
:1064A00074797065223A22666C6F6174222C2261C5
:1064B0006363657373223A227277227D2C7B226E8E
:1064C000616D65223A2276656C5F6C696D69745FF7
:1064D000746F6C6572616E6365222C226964223A66
:1064E0003631362C2274797065223A22666C6F61DF
:1064F00074222C22616363657373223A22727722BD
:106500007D2C7B226E616D65223A2276656C5F720E
:10651000616D705F72617465222C226964223A3663
:1065200031372C2274797065223A22666C6F61745F
:10653000222C22616363657373223A227277227D73
:106540002C7B226E616D65223A22746F72717565C3
:106550005F72616D705F72617465222C22696422C2
:106560003A3631382C2274797065223A22666C6F83
:106570006174222C22616363657373223A227277FD
:10658000227D2C7B226E616D65223A2263697263E3
:10659000756C61725F736574706F696E7473222CB1
:1065A000226964223A3631392C2274797065223A94
:1065B00022626F6F6C222C22616363657373223ACF
:1065C000227277227D2C7B226E616D65223A2263D6
:1065D000697263756C61725F736574706F696E74F4
:1065E0005F72616E6765222C226964223A3632300E
:1065F0002C2274797065223A22666C6F6174222CA9
:1066000022616363657373223A227277227D2C7B49
:10661000226E616D65223A2273746570735F7065D6
:10662000725F63697263756C61725F72616E6765D8
:10663000222C226964223A3632312C227479706518
:10664000223A22696E743332222C226163636573AD
:1066500073223A227277227D2C7B226E616D652235
:106660003A22686F6D696E675F7370656564222C8E
:10667000226964223A3632322C2274797065223AC9
:1066800022666C6F6174222C2261636365737322CE
:106690003A227277227D2C7B226E616D65223A222E
:1066A000696E6572746961222C226964223A3632FD
:1066B000332C2274797065223A22666C6F617422E1
:1066C0002C22616363657373223A227277227D2CD8
:1066D0007B226E616D65223A22617869735F746F07
:1066E0005F6D6972726F72222C226964223A3632AF
:1066F000342C2274797065223A2275696E743822BE
:106700002C22616363657373223A227277227D2C97
:106710007B226E616D65223A226D6972726F725FC3
:10672000726174696F222C226964223A3632352CE8
:106730002274797065223A22666C6F6174222C2271
:10674000616363657373223A227277227D2C7B2208
:106750006E616D65223A22746F727175655F6D6945
:1067600072726F725F726174696F222C2269642287
:106770003A3632362C2274797065223A22666C6F72
:106780006174222C22616363657373223A227277EB
:10679000227D2C7B226E616D65223A226C6F6164D2
:1067A0005F656E636F6465725F61786973222C2226
:1067B0006964223A3632372C2274797065223A2283
:1067C00075696E7438222C22616363657373223A93
:1067D000227277227D2C7B226E616D65223A2269BE
:1067E0006E7075745F66696C7465725F62616E6409
:1067F0007769647468222C226964223A3632382C14
:106800002274797065223A22666C6F6174222C22A0
:10681000616363657373223A227277227D2C7B2237
:106820006E616D65223A22616E7469636F67676994
:106830006E67222C2274797065223A226F626A6533
:106840006374222C226D656D62657273223A5B7BE4
:10685000226E616D65223A22696E646578222C226F
:106860006964223A3632392C2274797065223A22D0
:1068700075696E743332222C2261636365737322EF
:106880003A2272227D2C7B226E616D65223A227043
:1068900072655F63616C69627261746564222C2247
:1068A0006964223A3633302C2274797065223A2298
:1068B000626F6F6C222C22616363657373223A22CC
:1068C0007277227D2C7B226E616D65223A22636194
:1068D0006C69625F616E7469636F6767696E672276
:1068E0002C226964223A3633312C22747970652265
:1068F0003A22626F6F6C222C22616363657373228C
:106900003A2272227D2C7B226E616D65223A2263CF
:10691000616C69625F706F735F7468726573686FD2
:106920006C64222C226964223A3633322C22747928
:106930007065223A22666C6F6174222C2261636357
:10694000657373223A227277227D2C7B226E616DF1
:1069500065223A2263616C69625F76656C5F746878
:10696000726573686F6C64222C226964223A363334
:10697000332C2274797065223A22666C6F6174221E
:106980002C22616363657373223A227277227D2C15
:106990007B226E616D65223A22636F6767696E675D
:1069A0005F726174696F222C226964223A36333433
:1069B0002C2274797065223A22666C6F6174222CE5
:1069C00022616363657373223A2272227D2C7B22DB
:1069D0006E616D65223A22616E7469636F676769E3
:1069E0006E675F656E61626C6564222C2269642249
:1069F0003A3633352C2274797065223A22626F6FF1
:106A00006C222C22616363657373223A22727722AF
:106A10007D5D7D2C7B226E616D65223A226D656302
:106A200068616E6963616C5F706F7765725F6261E8
:106A30006E647769647468222C226964223A363362
:106A4000362C2274797065223A22666C6F6174224A
:106A50002C22616363657373223A227277227D2C44
:106A60007B226E616D65223A22656C656374726982
:106A700063616C5F706F7765725F62616E64776986
:106A8000647468222C226964223A3633372C2274CB
:106A9000797065223A22666C6F6174222C226163E0
:106AA00063657373223A227277227D2C7B226E619A
:106AB0006D65223A227370696E6F75745F6D6563E0
:106AC00068616E6963616C5F706F7765725F74682F
:106AD000726573686F6C64222C226964223A3633C3
:106AE000382C2274797065223A22666C6F617422A8
:106AF0002C22616363657373223A227277227D2CA4
:106B00007B226E616D65223A227370696E6F7574B7
:106B10005F656C656374726963616C5F706F7765E4
:106B2000725F7468726573686F6C64222C2269648A
:106B3000223A3633392C2274797065223A22666CF7
:106B40006F6174222C22616363657373223A22722F
:106B500077227D5D7D2C7B226E616D65223A2261FC
:106B600075746F74756E696E67222C227479706506
:106B7000223A226F626A656374222C226D656D620F
:106B8000657273223A5B7B226E616D65223A2266E2
:106B900072657175656E6379222C226964223A36BA
:106BA00034302C2274797065223A22666C6F6174DD
:106BB000222C22616363657373223A227277227DED
:106BC0002C7B226E616D65223A22706F735F616D5E
:106BD000706C6974756465222C226964223A3634BB
:106BE000312C2274797065223A22666C6F617422AE
:106BF0002C22616363657373223A227277227D2CA3
:106C00007B226E616D65223A2276656C5F616D70E4
:106C10006C6974756465222C226964223A363432B8
:106C20002C2274797065223A22666C6F6174222C72
:106C300022616363657373223A227277227D2C7B13
:106C4000226E616D65223A22746F727175655F61A3
:106C50006D706C6974756465222C226964223A3601
:106C600034332C2274797065223A22666C6F617419
:106C7000222C22616363657373223A227277227D2C
:106C80005D7D2C7B226E616D65223A226D656368A5
:106C9000616E6963616C5F706F776572222C226927
:106CA00064223A3634342C2274797065223A226692
:106CB0006C6F6174222C22616363657373223A22C4
:106CC00072227D2C7B226E616D65223A22656C6595
:106CD0006374726963616C5F706F776572222C22D6
:106CE0006964223A3634352C2274797065223A224E
:106CF000666C6F6174222C22616363657373223A40
:106D00002272227D2C7B226E616D65223A226D6F8C
:106D100076655F696E6372656D656E74616C222C59
:106D2000226964223A3634362C2274797065223A0C
:106D30002266756E6374696F6E222C22696E70759F
:106D40007473223A5B7B226E616D65223A2264691C
:106D500073706C6163656D656E74222C22696422A8
:106D60003A3634372C2274797065223A22666C6F79
:106D70006174222C22616363657373223A227277F5
:106D8000227D2C7B226E616D65223A2266726F6DC8
:106D90005F696E7075745F706F73222C2269642254
:106DA0003A3634382C2274797065223A22626F6F39
:106DB0006C222C22616363657373223A22727722FC
:106DC0007D5D2C226F757470757473223A5B5D7DE6
:106DD0002C7B226E616D65223A2273746172745F3E
:106DE000616E7469636F6767696E675F63616C6921
:106DF00062726174696F6E222C226964223A3634A1
:106E0000392C2274797065223A2266756E63746932
:106E10006F6E222C22696E70757473223A5B5D2C42
:106E2000226F757470757473223A5B5D7D2C7B22C2
:106E30006E616D65223A2272656D6F76655F616E77
:106E40007469636F6767696E675F62696173222C3B
:106E5000226964223A3635302C2274797065223AE0
:106E60002266756E6374696F6E222C22696E70756E
:106E70007473223A5B5D2C226F7574707574732283
:106E80003A5B7B226E616D65223A2276616C222C20
:106E9000226964223A3635312C2274797065223A9F
:106EA00022666C6F6174222C2261636365737322A6
:106EB0003A2272227D5D7D2C7B226E616D65223AC5
:106EC000226765745F616E7469636F6767696E6777
:106ED0005F76616C7565222C226964223A36353200
:106EE0002C2274797065223A2266756E6374696F1C
:106EF0006E222C22696E70757473223A5B7B226E4F
:106F0000616D65223A22696E646578222C2269647B
:106F1000223A3635332C2274797065223A2275690B
:106F20006E743332222C22616363657373223A22BA
:106F30007277227D5D2C226F757470757473223A9E
:106F40005B7B226E616D65223A2276616C222C2277
:106F50006964223A3635342C2274797065223A22DB
:106F6000666C6F6174222C22616363657373223ACD
:106F70002272227D5D7D5D7D2C7B226E616D65229E
:106F80003A22656E636F646572222C227479706593
:106F9000223A226F626A656374222C226D656D62EB
:106FA000657273223A5B7B226E616D65223A2265BF
:106FB00072726F72222C226964223A3635352C2285
:106FC00074797065223A2275696E743136222C22EA
:106FD000616363657373223A227277227D2C7B2270
:106FE0006E616D65223A2269735F72656164792210
:106FF0002C226964223A3635362C22747970652247
:107000003A22626F6F6C222C226163636573732274
:107010003A2272227D2C7B226E616D65223A2269B2
:107020006E6465785F666F756E64222C22696422D7
:107030003A3635372C2274797065223A22626F6FA6
:107040006C222C22616363657373223A2272227D63
:107050002C7B226E616D65223A22736861646F77C2
:107060005F636F756E74222C226964223A3635385C
:107070002C2274797065223A22696E743332222C84
:1070800022616363657373223A2272227D2C7B2214
:107090006E616D65223A22636F756E745F696E5F13
:1070A000637072222C226964223A3635392C22749C
:1070B000797065223A22696E743332222C22616320
:1070C00063657373223A2272227D2C7B226E616D7E
:1070D00065223A22696E746572706F6C6174696FB3
:1070E0006E222C226964223A3636302C2274797052
:1070F00065223A22666C6F6174222C22616363659B
:107100007373223A2272227D2C7B226E616D65227E
:107110003A227068617365222C226964223A3636FD
:10712000312C2274797065223A22666C6F61742268
:107130002C22616363657373223A2272227D2C7B59
:10714000226E616D65223A22706F735F6573746998
:107150006D617465222C226964223A3636322C2203
:1071600074797065223A22666C6F6174222C2261F8
:107170006363657373223A2272227D2C7B226E61D7
:107180006D65223A22706F735F657374696D617407
:10719000655F636F756E7473222C226964223A36C0
:1071A00036332C2274797065223A22666C6F6174D2
:1071B000222C22616363657373223A2272227D2C32
:1071C0007B226E616D65223A22706F735F63697214
:1071D00063756C6172222C226964223A3636342C33
:1071E0002274797065223A22666C6F6174222C22B7
:1071F000616363657373223A2272227D2C7B226E57
:10720000616D65223A22706F735F6370725F636FA6
:10721000756E7473222C226964223A3636352C221C
:1072200074797065223A22666C6F6174222C226137
:107230006363657373223A2272227D2C7B226E6116
:107240006D65223A2264656C74615F706F735F6371
:1072500070725F636F756E7473222C226964223AB8
:107260003636362C2274797065223A22666C6F614C
:1072700074222C22616363657373223A2272227D29
:107280002C7B226E616D65223A2268616C6C5F73A3
:1072900074617465222C226964223A3636372C22B6
:1072A00074797065223A2275696E7438222C2261D5
:1072B0006363657373223A2272227D2C7B226E6196
:1072C0006D65223A2276656C5F657374696D6174D1
:1072D00065222C226964223A3636382C2274797061
:1072E00065223A22666C6F6174222C2261636365A9
:1072F0007373223A2272227D2C7B226E616D65228D
:107300003A2276656C5F657374696D6174655F635D
:107310006F756E7473222C226964223A3636392CCA
:107320002274797065223A22666C6F6174222C2275
:10733000616363657373223A2272227D2C7B226E15
:10734000616D65223A2263616C69625F7363616E8D
:107350005F726573706F6E7365222C226964223AC6
:107360003637302C2274797065223A22666C6F6150
:1073700074222C22616363657373223A2272227D28
:107380002C7B226E616D65223A22706F735F6162A1
:1073900073222C226964223A3637312C2274797098
:1073A00065223A22696E743332222C22616363654E
:1073B0007373223A227277227D2C7B226E616D6577
:1073C000223A227370695F6572726F725F726174C4
:1073D00065222C226964223A3637322C2274797065
:1073E00065223A22666C6F6174222C2261636365A8
:1073F0007373223A2272227D2C7B226E616D65228C
:107400003A22636F6E666967222C22747970652256
:107410003A226F626A656374222C226D656D626523
:107420007273223A5B7B226E616D65223A226D6F28
:107430006465222C226964223A3637332C2274790F
:107440007065223A2275696E743136222C2261638E
:1074500063657373223A227277227D2C7B226E61E0
:107460006D65223A227573655F696E646578222CBA
:10747000226964223A3637342C2274797065223AB4
:1074800022626F6F6C222C22616363657373223AF0
:10749000227277227D2C7B226E616D65223A2269F1
:1074A0006E6465785F6F6666736574222C2269640A
:1074B000223A3637352C2274797065223A22666C6E
:1074C0006F6174222C22616363657373223A2272A6
:1074D00077227D2C7B226E616D65223A2275736561
:1074E0005F696E6465785F6F6666736574222C22CF
:1074F0006964223A3637362C2274797065223A2232
:10750000626F6F6C222C22616363657373223A226F
:107510007277227D2C7B226E616D65223A2266692C
:107520006E645F6964785F6F6E5F6C6F636B696ECA
:107530005F6F6E6C79222C226964223A3637372CC1
:107540002274797065223A22626F6F6C222C22615C
:107550006363657373223A227277227D2C7B226EDD
:10756000616D65223A226162735F7370695F637354
:107570005F6770696F5F70696E222C226964223ABE
:107580003637382C2274797065223A2275696E7408
:107590003136222C22616363657373223A2272773B
:1075A000227D2C7B226E616D65223A2263707222ED
:1075B0002C226964223A3637392C2274797065227C
:1075C0003A22696E743332222C22616363657373CD
:1075D000223A227277227D2C7B226E616D65223ADF
:1075E0002270686173655F6F6666736574222C2212
:1075F0006964223A3638302C2274797065223A2236
:10760000696E743332222C22616363657373223A8C
:10761000227277227D2C7B226E616D65223A227068
:10762000686173655F6F66667365745F666C6F61D2
:1076300074222C226964223A3638312C22747970F3
:1076400065223A22666C6F6174222C226163636545
:107650007373223A227277227D2C7B226E616D65D4
:10766000223A22646972656374696F6E222C226902
:1076700064223A3638322C2274797065223A2269B3
:107680006E743332222C22616363657373223A2253
:107690007277227D2C7B226E616D65223A22707298
:1076A000655F63616C69627261746564222C226932
:1076B00064223A3638332C2274797065223A226279
:1076C0006F6F6C222C22616363657373223A22729E
:1076D00077227D2C7B226E616D65223A22656E6178
:1076E000626C655F70686173655F696E7465727006
:1076F0006F6C6174696F6E222C226964223A36388D
:10770000342C2274797065223A22626F6F6C222CBD
:1077100022616363657373223A227277227D2C7B28
:10772000226E616D65223A2262616E6477696474CB
:1077300068222C226964223A3638352C22747970FA
:1077400065223A22666C6F6174222C226163636544
:107750007373223A227277227D2C7B226E616D65D3
:10776000223A2263616C69625F72616E6765222CE6
:10777000226964223A3638362C2274797065223AAE
:1077800022666C6F6174222C2261636365737322BD
:107790003A227277227D2C7B226E616D65223A221D
:1077A00063616C69625F7363616E5F646973746166
:1077B0006E6365222C226964223A3638372C227493
:1077C000797065223A22666C6F6174222C226163A3
:1077D00063657373223A227277227D2C7B226E615D
:1077E0006D65223A2263616C69625F7363616E5FEB
:1077F0006F6D656761222C226964223A3638382C15
:107800002274797065223A22666C6F6174222C2290
:10781000616363657373223A227277227D2C7B2227
:107820006E616D65223A2269676E6F72655F696C81
:107830006C6567616C5F68616C6C5F7374617465C3
:10784000222C226964223A3638392C2274797065E8
:10785000223A22626F6F6C222C226163636573731C
:10786000223A227277227D2C7B226E616D65223A4C
:107870002268616C6C5F706F6C6172697479222C24
:10788000226964223A3639302C2274797065223AA2
:107890002275696E7438222C2261636365737322CA
:1078A0003A227277227D2C7B226E616D65223A220C
:1078B00068616C6C5F706F6C61726974795F636131
:1078C0006C69627261746564222C226964223A36A2
:1078D00039312C2274797065223A22626F6F6C22E2
:1078E0002C22616363657373223A227277227D2CA6
:1078F0007B226E616D65223A2273696E636F735FDE
:107900006770696F5F70696E5F73696E222C2269A0
:1079100064223A3639322C2274797065223A227503
:10792000696E743136222C22616363657373223A67
:10793000227277227D2C7B226E616D65223A227342
:10794000696E636F735F6770696F5F70696E5F63A5
:107950006F73222C226964223A3639332C227479CF
:107960007065223A2275696E743136222C22616369
:1079700063657373223A227277227D5D7D2C7B22B0
:107980006E616D65223A227365745F6C696E656124
:10799000725F636F756E74222C226964223A3639E5
:1079A000342C2274797065223A2266756E6374698C
:1079B0006F6E222C22696E70757473223A5B7B2283
:1079C0006E616D65223A22636F756E74222C226996
:1079D00064223A3639352C2274797065223A22694C
:1079E0006E743332222C22616363657373223A22F0
:1079F0007277227D5D2C226F757470757473223AD4
:107A00005B5D7D5D7D2C7B226E616D65223A22611E
:107A100063696D5F657374696D61746F72222C2286
:107A200074797065223A226F626A656374222C222F
:107A30006D656D62657273223A5B7B226E616D6566
:107A4000223A22726F746F725F666C7578222C22F4
:107A50006964223A3639362C2274797065223A22CA
:107A6000666C6F6174222C22616363657373223AC2
:107A70002272227D2C7B226E616D65223A22736C0C
:107A800069705F76656C222C226964223A36393738
:107A90002C2274797065223A22666C6F6174222CF4
:107AA00022616363657373223A2272227D2C7B22EA
:107AB0006E616D65223A2270686173655F6F6666FC
:107AC000736574222C226964223A3639382C227468
:107AD000797065223A22666C6F6174222C22616390
:107AE00063657373223A2272227D2C7B226E616D54
:107AF00065223A22737461746F725F706861736596
:107B00005F76656C222C226964223A3639392C2240
:107B100074797065223A22666C6F6174222C22613E
:107B20006363657373223A2272227D2C7B226E611D
:107B30006D65223A22737461746F725F706861734D
:107B400065222C226964223A3730302C22747970F5
:107B500065223A22666C6F6174222C226163636530
:107B60007373223A2272227D2C7B226E616D652214
:107B70003A22636F6E666967222C227479706522DF
:107B80003A226F626A656374222C226D656D6265AC
:107B90007273223A5B7B226E616D65223A22736CAE
:107BA00069705F76656C6F63697479222C226964F1
:107BB000223A3730312C2274797065223A22666C71
:107BC0006F6174222C22616363657373223A22729F
:107BD00077227D5D7D5D7D2C7B226E616D65223A15
:107BE0002273656E736F726C6573735F657374690E
:107BF0006D61746F72222C2274797065223A226F43
:107C0000626A656374222C226D656D6265727322EF
:107C10003A5B7B226E616D65223A226572726F72E9
:107C2000222C226964223A3730322C227479706512
:107C3000223A2275696E7438222C2261636365735F
:107C400073223A227277227D2C7B226E616D65222F
:107C50003A227068617365222C226964223A3730B7
:107C6000332C2274797065223A22666C6F6174221B
:107C70002C22616363657373223A2272227D2C7B0E
:107C8000226E616D65223A22706C6C5F706F732298
:107C90002C226964223A3730342C227479706522A0
:107CA0003A22666C6F6174222C2261636365737380
:107CB000223A2272227D2C7B226E616D65223A224D
:107CC00070686173655F76656C222C226964223A64
:107CD0003730352C2274797065223A22666C6F61D8
:107CE00074222C22616363657373223A2272227DAF
:107CF0002C7B226E616D65223A2276656C5F65731E
:107D000074696D617465222C226964223A373036B9
:107D10002C2274797065223A22666C6F6174222C71
:107D200022616363657373223A2272227D2C7B2267
:107D30006E616D65223A22636F6E666967222C223E
:107D400074797065223A226F626A656374222C220C
:107D50006D656D62657273223A5B7B226E616D6543
:107D6000223A226F627365727665725F6761696E2F
:107D7000222C226964223A3730372C2274797065BC
:107D8000223A22666C6F6174222C226163636573F0
:107D900073223A227277227D2C7B226E616D6522DE
:107DA0003A22706C6C5F62616E64776964746822F9
:107DB0002C226964223A3730382C2274797065227B
:107DC0003A22666C6F6174222C226163636573735F
:107DD000223A227277227D2C7B226E616D65223AD7
:107DE00022706D5F666C75785F6C696E6B6167653C
:107DF000222C226964223A3730392C22747970653A
:107E0000223A22666C6F6174222C2261636365736F
:107E100073223A227277227D5D7D5D7D2C7B226EFE
:107E2000616D65223A22747261705F7472616A22B8
:107E30002C2274797065223A226F626A656374221B
:107E40002C226D656D62657273223A5B7B226E61D6
:107E50006D65223A22636F6E666967222C227479FF
:107E60007065223A226F626A656374222C226D6506
:107E70006D62657273223A5B7B226E616D65223A98
:107E80002276656C5F6C696D6974222C22696422AC
:107E90003A3731302C2274797065223A22666C6F41
:107EA0006174222C22616363657373223A227277B4
:107EB000227D2C7B226E616D65223A2261636365AF
:107EC0006C5F6C696D6974222C226964223A3731C7
:107ED000312C2274797065223A22666C6F617422AB
:107EE0002C22616363657373223A227277227D2CA0
:107EF0007B226E616D65223A22646563656C5F6CFE
:107F0000696D6974222C226964223A3731322C223D
:107F100074797065223A22666C6F6174222C22613A
:107F20006363657373223A227277227D5D7D5D7D86
:107F30002C7B226E616D65223A226D696E5F656EE3
:107F40006473746F70222C2274797065223A226FE8
:107F5000626A656374222C226D656D62657273229C
:107F60003A5B7B226E616D65223A22656E647374A2
:107F70006F705F7374617465222C226964223A37D2
:107F800031332C2274797065223A22626F6F6C2231
:107F90002C22616363657373223A2272227D2C7BEB
:107FA000226E616D65223A22636F6E666967222CCC
:107FB0002274797065223A226F626A656374222C9A
:107FC000226D656D62657273223A5B7B226E616D14
:107FD00065223A226770696F5F6E756D222C226987
:107FE00064223A3731342C2274797065223A227532
:107FF000696E743136222C22616363657373223A91
:10800000227277227D2C7B226E616D65223A226579
:108010006E61626C6564222C226964223A373135C4
:108020002C2274797065223A22626F6F6C222C22A6
:10803000616363657373223A227277227D2C7B22FF
:108040006E616D65223A226F6666736574222C221A
:108050006964223A3731362C2274797065223A22CB
:10806000666C6F6174222C22616363657373223ABC
:10807000227277227D2C7B226E616D65223A226905
:10808000735F6163746976655F68696768222C2233
:108090006964223A3731372C2274797065223A228A
:1080A000626F6F6C222C22616363657373223A22C4
:1080B0007277227D2C7B226E616D65223A22646587
:1080C000626F756E63655F6D73222C226964223A5C
:1080D0003731382C2274797065223A2275696E74B2
:1080E0003332222C22616363657373223A227277E2
:1080F000227D5D7D5D7D2C7B226E616D65223A2245
:108100006D61785F656E6473746F70222C22747970
:108110007065223A226F626A656374222C226D6553
:108120006D62657273223A5B7B226E616D65223AE5
:1081300022656E6473746F705F7374617465222C52
:10814000226964223A3731392C2274797065223AD7
:1081500022626F6F6C222C22616363657373223A13
:108160002272227D2C7B226E616D65223A22636F22
:108170006E666967222C2274797065223A226F62DA
:108180006A656374222C226D656D62657273223A92
:108190005B7B226E616D65223A226770696F5F6E4C
:1081A000756D222C226964223A3732302C22747980
:1081B0007065223A2275696E743136222C22616311
:1081C00063657373223A227277227D2C7B226E6163
:1081D0006D65223A22656E61626C6564222C2269AB
:1081E00064223A3732312C2274797065223A226245
:1081F0006F6F6C222C22616363657373223A227263
:1082000077227D2C7B226E616D65223A226F666635
:10821000736574222C226964223A3732322C22741C
:10822000797065223A22666C6F6174222C22616338
:1082300063657373223A227277227D2C7B226E61F2
:108240006D65223A2269735F6163746976655F6860
:10825000696768222C226964223A3732332C2274EF
:10826000797065223A22626F6F6C222C22616363FF
:10827000657373223A227277227D2C7B226E616DA8
:1082800065223A226465626F756E63655F6D732265
:108290002C226964223A3732342C22747970652298
:1082A0003A2275696E743332222C226163636573DE
:1082B00073223A227277227D5D7D5D7D2C7B226E5A
:1082C000616D65223A226D656368616E6963616CF8
:1082D0005F6272616B65222C2274797065223A228A
:1082E0006F626A656374222C226D656D62657273BC
:1082F000223A5B7B226E616D65223A22636F6E6665
:108300006967222C2274797065223A226F626A654D
:108310006374222C226D656D62657273223A5B7BF9
:10832000226E616D65223A226770696F5F6E756DAE
:10833000222C226964223A3732352C2274797065F6
:10834000223A2275696E743136222C22616363658C
:108350007373223A227277227D2C7B226E616D65C7
:10836000223A2269735F6163746976655F6C6F7727
:10837000222C226964223A3732362C2274797065B5
:10838000223A22626F6F6C222C22616363657373E1
:10839000223A227277227D5D7D2C7B226E616D6593
:1083A000223A22656E67616765222C226964223A4F
:1083B0003732372C2274797065223A2266756E63E3
:1083C00074696F6E222C22696E70757473223A5B29
:1083D0005D2C226F757470757473223A5B5D7D2C11
:1083E0007B226E616D65223A2272656C65617365F0
:1083F000222C226964223A3732382C227479706533
:10840000223A2266756E6374696F6E222C22696E41
:1084100070757473223A5B5D2C226F75747075747D
:1084200073223A5B5D7D5D7D2C7B226E616D6522E2
:108430003A227461736B5F74696D6573222C2274C8
:10844000797065223A226F626A656374222C226D0C
:10845000656D62657273223A5B7B226E616D652287
:108460003A22746865726D6973746F725F757064B7
:10847000617465222C2274797065223A226F626AD7
:10848000656374222C226D656D62657273223A5B9E
:108490007B226E616D65223A2273746172745F741F
:1084A000696D65222C226964223A3732392C227494
:1084B000797065223A2275696E743332222C2261FA
:1084C0006363657373223A2272227D2C7B226E6174
:1084D0006D65223A22656E645F74696D65222C2297
:1084E0006964223A3733302C2274797065223A223B
:1084F00075696E743332222C226163636573732253
:108500003A2272227D2C7B226E616D65223A226CAA
:10851000656E677468222C226964223A3733312CE5
:108520002274797065223A2275696E743332222C76
:1085300022616363657373223A2272227D2C7B224F
:108540006E616D65223A226D61785F6C656E67744D
:1085500068222C226964223A3733322C22747970D3
:1085600065223A2275696E743332222C226163636C
:10857000657373223A227277227D5D7D2C7B226E99
:10858000616D65223A22656E636F6465725F757016
:1085900064617465222C2274797065223A226F62BC
:1085A0006A656374222C226D656D62657273223A6E
:1085B0005B7B226E616D65223A2273746172745F17
:1085C00074696D65222C226964223A3733332C2278
:1085D00074797065223A2275696E743332222C22C6
:1085E000616363657373223A2272227D2C7B226E53
:1085F000616D65223A22656E645F74696D65222C37
:10860000226964223A3733342C2274797065223A15
:108610002275696E743332222C2261636365737331
:10862000223A2272227D2C7B226E616D65223A22D3
:108630006C656E677468222C226964223A37333580
:108640002C2274797065223A2275696E7433322255
:108650002C22616363657373223A2272227D2C7B24
:10866000226E616D65223A226D61785F6C656E677E
:108670007468222C226964223A3733362C227479AA
:108680007065223A2275696E743332222C2261633E
:1086900063657373223A227277227D5D7D2C7B2283
:1086A0006E616D65223A2273656E736F726C6573CD
:1086B000735F657374696D61746F725F7570646107
:1086C0007465222C2274797065223A226F626A6581
:1086D0006374222C226D656D62657273223A5B7B36
:1086E000226E616D65223A2273746172745F7469DF
:1086F0006D65222C226964223A3733372C22747933
:108700007065223A2275696E743332222C226163BD
:1087100063657373223A2272227D2C7B226E616D17
:1087200065223A22656E645F74696D65222C226948
:1087300064223A3733382C2274797065223A2275D4
:10874000696E743332222C22616363657373223A3B
:108750002272227D2C7B226E616D65223A226C652D
:108760006E677468222C226964223A3733392C22CE
:1087700074797065223A2275696E743332222C2224
:10878000616363657373223A2272227D2C7B226EB1
:10879000616D65223A226D61785F6C656E67746801
:1087A000222C226964223A3734302C227479706585
:1087B000223A2275696E743332222C22616363651A
:1087C0007373223A227277227D5D7D2C7B226E614B
:1087D0006D65223A22656E6473746F705F757064A4
:1087E000617465222C2274797065223A226F626A64
:1087F000656374222C226D656D62657273223A5B2B
:108800007B226E616D65223A2273746172745F74AB
:10881000696D65222C226964223A3734312C227426
:10882000797065223A2275696E743332222C226186
:108830006363657373223A2272227D2C7B226E6100
:108840006D65223A22656E645F74696D65222C2223
:108850006964223A3734322C2274797065223A22C4
:1088600075696E743332222C2261636365737322DF
:108870003A2272227D2C7B226E616D65223A226C37
:10888000656E677468222C226964223A3734332C6F
:108890002274797065223A2275696E743332222C03
:1088A00022616363657373223A2272227D2C7B22DC
:1088B0006E616D65223A226D61785F6C656E6774DA
:1088C00068222C226964223A3734342C227479705D
:1088D00065223A2275696E743332222C22616363F9
:1088E000657373223A227277227D5D7D2C7B226E26
:1088F000616D65223A2263616E5F686561727462C0
:10890000656174222C2274797065223A226F626A42
:10891000656374222C226D656D62657273223A5B09
:108920007B226E616D65223A2273746172745F748A
:10893000696D65222C226964223A3734352C227401
:10894000797065223A2275696E743332222C226165
:108950006363657373223A2272227D2C7B226E61DF
:108960006D65223A22656E645F74696D65222C2202
:108970006964223A3734362C2274797065223A229F
:1089800075696E743332222C2261636365737322BE
:108990003A2272227D2C7B226E616D65223A226C16
:1089A000656E677468222C226964223A3734372C4A
:1089B0002274797065223A2275696E743332222CE2
:1089C00022616363657373223A2272227D2C7B22BB
:1089D0006E616D65223A226D61785F6C656E6774B9
:1089E00068222C226964223A3734382C2274797038
:1089F00065223A2275696E743332222C22616363D8
:108A0000657373223A227277227D5D7D2C7B226E04
:108A1000616D65223A22636F6E74726F6C6C657261
:108A20005F757064617465222C2274797065223AD6
:108A3000226F626A656374222C226D656D626572B5
:108A400073223A5B7B226E616D65223A22737461F8
:108A500072745F74696D65222C226964223A37341E
:108A6000392C2274797065223A2275696E7433321A
:108A7000222C22616363657373223A2272227D2C59
:108A80007B226E616D65223A22656E645F74696D4A
:108A900065222C226964223A3735302C2274797091
:108AA00065223A2275696E743332222C2261636327
:108AB000657373223A2272227D2C7B226E616D6572
:108AC000223A226C656E677468222C226964223A0D
:108AD0003735312C2274797065223A2275696E74AB
:108AE0003332222C22616363657373223A2272222D
:108AF0007D2C7B226E616D65223A226D61785F6C00
:108B0000656E677468222C226964223A3735322CEC
:108B10002274797065223A2275696E743332222C80
:108B200022616363657373223A227277227D5D7DD1
:108B30002C7B226E616D65223A226F70656E5F6CD0
:108B40006F6F705F636F6E74726F6C6C65725F7560
:108B50007064617465222C2274797065223A226FE8
:108B6000626A656374222C226D656D626572732280
:108B70003A5B7B226E616D65223A22737461727476
:108B80005F74696D65222C226964223A3735332C73
:108B90002274797065223A2275696E743332222C00
:108BA00022616363657373223A2272227D2C7B22D9
:108BB0006E616D65223A22656E645F74696D65222F
:108BC0002C226964223A3735342C2274797065225C
:108BD0003A2275696E743332222C226163636573A5
:108BE00073223A2272227D2C7B226E616D65223ABD
:108BF000226C656E677468222C226964223A3735CC
:108C0000352C2274797065223A2275696E7433327C
:108C1000222C22616363657373223A2272227D2CB7
:108C20007B226E616D65223A226D61785F6C656EA4
:108C3000677468222C226964223A3735362C2274F4
:108C4000797065223A2275696E743332222C226162
:108C50006363657373223A227277227D5D7D2C7B7C
:108C6000226E616D65223A226163696D5F6573747E
:108C7000696D61746F725F757064617465222C2216
:108C800074797065223A226F626A656374222C22BD
:108C90006D656D62657273223A5B7B226E616D65F4
:108CA000223A2273746172745F74696D65222C229A
:108CB0006964223A3735372C2274797065223A225A
:108CC00075696E743332222C22616363657373227B
:108CD0003A2272227D2C7B226E616D65223A2265DA
:108CE0006E645F74696D65222C226964223A37359F
:108CF000382C2274797065223A2275696E74333289
:108D0000222C22616363657373223A2272227D2CC6
:108D10007B226E616D65223A226C656E67746822F3
:108D20002C226964223A3735392C227479706522F5
:108D30003A2275696E743332222C22616363657343
:108D400073223A2272227D2C7B226E616D65223A5B
:108D5000226D61785F6C656E677468222C2269648D
:108D6000223A3736302C2274797065223A2275699E
:108D70006E743332222C22616363657373223A224C
:108D80007277227D5D7D2C7B226E616D65223A2299
:108D90006D6F746F725F757064617465222C2274DC
:108DA000797065223A226F626A656374222C226DA3
:108DB000656D62657273223A5B7B226E616D65221E
:108DC0003A2273746172745F74696D65222C226932
:108DD00064223A3736312C2274797065223A227532
:108DE000696E743332222C22616363657373223A95
:108DF0002272227D2C7B226E616D65223A22656E85
:108E0000645F74696D65222C226964223A373632B8
:108E10002C2274797065223A2275696E743332227D
:108E20002C22616363657373223A2272227D2C7B4C
:108E3000226E616D65223A226C656E677468222C21
:108E4000226964223A3736332C2274797065223ACB
:108E50002275696E743332222C22616363657373E9
:108E6000223A2272227D2C7B226E616D65223A228B
:108E70006D61785F6C656E677468222C226964226C
:108E80003A3736342C2274797065223A2275696E2D
:108E9000743332222C22616363657373223A227227
:108EA00077227D5D7D2C7B226E616D65223A226387
:108EB000757272656E745F636F6E74726F6C6C65E1
:108EC000725F757064617465222C227479706522FA
:108ED0003A226F626A656374222C226D656D626549
:108EE0007273223A5B7B226E616D65223A22737443
:108EF0006172745F74696D65222C226964223A374D
:108F000036352C2274797065223A2275696E743375
:108F100032222C22616363657373223A2272227DAE
:108F20002C7B226E616D65223A22656E645F7469E6
:108F30006D65222C226964223A3736362C227479E8
:108F40007065223A2275696E743332222C22616375
:108F500063657373223A2272227D2C7B226E616DCF
:108F600065223A226C656E677468222C226964223D
:108F70003A3736372C2274797065223A2275696E39
:108F8000743332222C22616363657373223A227236
:108F9000227D2C7B226E616D65223A226D61785FA5
:108FA0006C656E677468222C226964223A37363801
:108FB0002C2274797065223A2275696E74333222DC
:108FC0002C22616363657373223A227277227D5D7E
:108FD0007D2C7B226E616D65223A2264635F636142
:108FE0006C6962222C2274797065223A226F626A5F
:108FF000656374222C226D656D62657273223A5B23
:109000007B226E616D65223A2273746172745F74A3
:10901000696D65222C226964223A3736392C227414
:10902000797065223A2275696E743332222C22617E
:109030006363657373223A2272227D2C7B226E61F8
:109040006D65223A22656E645F74696D65222C221B
:109050006964223A3737302C2274797065223A22BB
:1090600075696E743332222C2261636365737322D7
:109070003A2272227D2C7B226E616D65223A226C2F
:10908000656E677468222C226964223A3737312C66
:109090002274797065223A2275696E743332222CFB
:1090A00022616363657373223A2272227D2C7B22D4
:1090B0006E616D65223A226D61785F6C656E6774D2
:1090C00068222C226964223A3737322C2274797054
:1090D00065223A2275696E743332222C22616363F1
:1090E000657373223A227277227D5D7D2C7B226E1E
:1090F000616D65223A2263757272656E745F736585
:109100006E7365222C2274797065223A226F626A2E
:10911000656374222C226D656D62657273223A5B01
:109120007B226E616D65223A2273746172745F7482
:10913000696D65222C226964223A3737332C2274F8
:10914000797065223A2275696E743332222C22615D
:109150006363657373223A2272227D2C7B226E61D7
:109160006D65223A22656E645F74696D65222C22FA
:109170006964223A3737342C2274797065223A2296
:1091800075696E743332222C2261636365737322B6
:109190003A2272227D2C7B226E616D65223A226C0E
:1091A000656E677468222C226964223A3737352C41
:1091B0002274797065223A2275696E743332222CDA
:1091C00022616363657373223A2272227D2C7B22B3
:1091D0006E616D65223A226D61785F6C656E6774B1
:1091E00068222C226964223A3737362C227479702F
:1091F00065223A2275696E743332222C22616363D0
:10920000657373223A227277227D5D7D2C7B226EFC
:10921000616D65223A2270776D5F75706461746567
:10922000222C2274797065223A226F626A65637417
:10923000222C226D656D62657273223A5B7B226E11
:10924000616D65223A2273746172745F74696D6531
:10925000222C226964223A3737372C2274797065C0
:10926000223A2275696E743332222C22616363655F
:109270007373223A2272227D2C7B226E616D6522ED
:109280003A22656E645F74696D65222C22696422DE
:109290003A3737382C2274797065223A2275696E14
:1092A000743332222C22616363657373223A227213
:1092B000227D2C7B226E616D65223A226C656E6781
:1092C0007468222C226964223A3737392C22747947
:1092D0007065223A2275696E743332222C226163E2
:1092E00063657373223A2272227D2C7B226E616D3C
:1092F00065223A226D61785F6C656E677468222C16
:10930000226964223A3738302C2274797065223A07
:109310002275696E743332222C2261636365737324
:10932000223A227277227D5D7D5D7D2C7B226E61EB
:109330006D65223A227761746368646F675F666562
:109340006564222C226964223A3738312C227479E0
:109350007065223A2266756E6374696F6E222C22E4
:10936000696E70757473223A5B5D2C226F75747030
:10937000757473223A5B5D7D5D7D2C7B226E616D21
:1093800065223A22746573745F66756E6374696FE3
:109390006E222C226964223A3738322C227479707A
:1093A00065223A2266756E6374696F6E222C22699B
:1093B0006E70757473223A5B7B226E616D65223A22
:1093C0002264656C7461222C226964223A37383336
:1093D0002C2274797065223A22696E743332222C01
:1093E00022616363657373223A227277227D5D2C5A
:1093F000226F757470757473223A5B7B226E616D97
:1094000065223A22636E74222C226964223A37382C
:10941000342C2274797065223A22696E74333222B8
:109420002C22616363657373223A2272227D5D7D13
:109430002C7B226E616D65223A226765745F6164E0
:10944000635F766F6C74616765222C226964223ACF
:109450003738352C2274797065223A2266756E632E
:1094600074696F6E222C22696E70757473223A5B78
:109470007B226E616D65223A226770696F222C2211
:109480006964223A3738362C2274797065223A2280
:1094900075696E743332222C2261636365737322A3
:1094A0003A227277227D5D2C226F75747075747309
:1094B000223A5B7B226E616D65223A22766F6C7474
:1094C000616765222C226964223A3738372C22746E
:1094D000797065223A22666C6F6174222C22616376
:1094E00063657373223A2272227D5D7D2C7B226E2E
:1094F000616D65223A22736176655F636F6E66699E
:109500006775726174696F6E222C226964223A3722
:1095100038382C2274797065223A2266756E63742D
:10952000696F6E222C22696E70757473223A5B5DCE
:109530002C226F757470757473223A5B7B226E6196
:109540006D65223A2273756363657373222C2269F9
:1095500064223A3738392C2274797065223A2262B3
:109560006F6F6C222C22616363657373223A2272DF
:10957000227D5D7D2C7B226E616D65223A226572B3
:109580006173655F636F6E66696775726174696F39
:109590006E222C226964223A3739302C2274797079
:1095A00065223A2266756E6374696F6E222C226999
:1095B0006E70757473223A5B5D2C226F75747075D2
:1095C0007473223A5B5D7D2C7B226E616D65223A5D
:1095D000227265626F6F74222C226964223A3739D5
:1095E000312C2274797065223A2266756E63746933
:1095F0006F6E222C22696E70757473223A5B5D2C3B
:10960000226F757470757473223A5B5D7D2C7B22BA
:109610006E616D65223A22656E7465725F6466756F
:109620005F6D6F6465222C226964223A3739322CCF
:109630002274797065223A2266756E6374696F6E62
:10964000222C22696E70757473223A5B5D2C226F36
:10965000757470757473223A5B5D7D2C7B226E612C
:109660006D65223A226765745F696E746572727502
:1096700070745F737461747573222C226964223A6A
:109680003739332C2274797065223A2266756E63FD
:1096900074696F6E222C22696E70757473223A5B46
:1096A0007B226E616D65223A226972716E222C22D4
:1096B0006964223A3739342C2274797065223A224F
:1096C000696E743332222C22616363657373223AAC
:1096D000227277227D5D2C226F75747075747322EF
:1096E0003A5B7B226E616D65223A227374617475F8
:1096F00073222C226964223A3739352C227479700E
:1097000065223A2275696E743332222C22616363BA
:10971000657373223A2272227D5D7D2C7B226E61FD
:109720006D65223A226765745F646D615F73746171
:10973000747573222C226964223A3739362C2274CC
:10974000797065223A2266756E6374696F6E222C99
:1097500022696E70757473223A5B7B226E616D654F
:10976000223A2273747265616D5F6E756D222C22D0
:109770006964223A3739372C2274797065223A228B
:1097800075696E7438222C22616363657373223AA3
:10979000227277227D5D2C226F757470757473222E
:1097A0003A5B7B226E616D65223A22737461747537
:1097B00073222C226964223A3739382C227479704A
:1097C00065223A2275696E743332222C22616363FA
:1097D000657373223A2272227D5D7D2C7B226E613D
:1097E0006D65223A226765745F6770696F5F737495
:1097F00061746573222C226964223A3739392C222C
:1098000074797065223A2266756E6374696F6E2290
:109810002C22696E70757473223A5B5D2C226F7511
:109820007470757473223A5B7B226E616D65223AA7
:1098300022737461747573222C226964223A383061
:10984000302C2274797065223A2275696E74333235
:10985000222C22616363657373223A2272227D5D3A
:109860007D2C7B226E616D65223A226765745F6490
:1098700072765F6661756C74222C226964223A38B4
:1098800030312C2274797065223A2266756E6374C9
:10989000696F6E222C22696E70757473223A5B5D5B
:1098A0002C226F757470757473223A5B7B226E6123
:1098B0006D65223A226472765F6661756C74222C43
:1098C000226964223A3830322C2274797065223A47
:1098D0002275696E743634222C226163636573735A
:1098E000223A2272227D5D7D2C7B226E616D652283
:1098F0003A22636C6561725F6572726F7273222CBB
:10990000226964223A3830332C2274797065223A05
:109910002266756E6374696F6E222C22696E707593
:109920007473223A5B5D2C226F75747075747322A8
:109930003A5B5D7D5D000000D9DB0000256C6C6446
:10994000000000002A25750D0A0000000D0A000025
:10995000506C656173652073656520646F63756D18
:10996000656E746174696F6E20666F72206D6F72C0
:10997000652064657461696C7300000041766169FB
:109980006C61626C6520636F6D6D616E64732073D2
:10999000796E746178207265666572656E63653A8A
:1099A00000000000506F736974696F6E3A20712077
:1099B0006178697320706F732076656C2D6C696DAA
:1099C00020492D6C696D0000506F736974696F6E6A
:1099D0003A2070206178697320706F732076656C0F
:1099E0002D666620492D66660000000056656C6F86
:1099F000636974793A207620617869732076656CA2
:109A000020492D6666000000546F727175653A201A
:109A100063206178697320540000000050726F70F9
:109A20006572746965732073746172742061742047
:109A30006F647269766520726F6F742C2073756322
:109A4000682061732061786973302E726571756565
:109A5000737465645F73746174650000526561645A
:109A60003A20722070726F70657274790000000085
:109A700057726974653A20772070726F70657274DE
:109A8000792076616C7565005361766520636F6E31
:109A90006669673A20737300457261736520636F6E
:109AA0006E6669673A207365000000005265626F58
:109AB0006F743A20737200006E6F7420696D706C61
:109AC000656D656E746564007220253235357300EE
:109AD000696E76616C696420636F6D6D616E642080
:109AE000666F726D61740000696E76616C696420E6
:109AF00070726F70657274790000000077202532F3
:109B0000353573202532353573000000756E6B6E68
:109B10006F776E20636F6D6D616E640070202575C8
:109B2000202566202566202566000000696E766186
:109B30006C6964206D6F746F7220257500000000E1
:109B400071202575202566202566202566000000E9
:109B50007620257520256620256600006320257562
:109B60002025660074202575202566007520257542
:109B7000000000006C20257520256900656E636F6C
:109B80006465722073657420746F20257500000071
:109B90006620257500000000486172647761726577
:109BA0002076657273696F6E3A2025642E25642DC8
:109BB000256456004669726D77617265207665721C
:109BC00073696F6E3A2025642E25642E256400008B
:109BD00053657269616C206E756D6265723A2025FD
:109BE00073000000746865726D6973746F725F75DD
:109BF0007064617465000000656E636F6465725F18
:109C0000757064617465000073656E736F726C6566
:109C100073735F657374696D61746F725F7570647F
:109C200061746500656E6473746F705F75706461F4
:109C30007465000063616E5F68656172746265617E
:109C4000740000006F70656E5F6C6F6F705F636FA4
:109C50006E74726F6C6C65725F75706461746500B0
:109C60006163696D5F657374696D61746F725F754F
:109C700070646174650000006D6F746F725F757061
:109C8000646174650000000063757272656E745FD4
:109C9000636F6E74726F6C6C65725F757064617403
:109CA0006500000063757272656E745F73656E7334
:109CB0006500000070776D5F757064617465000009
:109CC0006770696F5F6E756D0000000069735F619A
:109CD00063746976655F6C6F77000000636F6E6612
:109CE000696700006F6666736574000069735F6181
:109CF00063746976655F6869676800006465626FB0
:109D0000756E63655F6D7300656E6473746F705F0D
:109D1000737461746500000076656C5F6C696D69D1
:109D200074000000616363656C5F6C696D69740049
:109D3000646563656C5F6C696D6974006F627365FF
:109D4000727665725F6761696E000000706C6C5FAF
:109D500062616E647769647468000000706D5F66AC
:109D60006C75785F6C696E6B616765006572726FA8
:109D7000720000007068617365000000706C6C5FB9
:109D8000706F730070686173655F76656C000000CA
:109D900076656C5F657374696D61746500000000C1
:109DA000736C69705F76656C6F636974790000002D
:109DB000726F746F725F666C75780000736C697097
:109DC0005F76656C0000000070686173655F6F66A8
:109DD0006673657400000000737461746F725F7065
:109DE000686173655F76656C000000007374617470
:109DF0006F725F7068617365000000007573655F66
:109E0000696E6465780000007573655F696E6465EE
:109E1000785F6F66667365740000000066696E6443
:109E20005F6964785F6F6E5F6C6F636B696E5F6FA5
:109E30006E6C79006162735F7370695F63735F67F3
:109E400070696F5F70696E00637072007068617333
:109E5000655F6F66667365745F666C6F6174000042
:109E6000646972656374696F6E0000007072655F8B
:109E700063616C696272617465640000656E616241
:109E80006C655F70686173655F696E746572706F31
:109E90006C6174696F6E000063616C69625F72610E
:109EA0006E67650063616C69625F7363616E5F64B6
:109EB000697374616E63650063616C69625F73638B
:109EC000616E5F6F6D6567610000000069676E6FAE
:109ED00072655F696C6C6567616C5F68616C6C5F13
:109EE000737461746500000068616C6C5F706F6C06
:109EF000617269747900000068616C6C5F706F6CEE
:109F000061726974795F63616C69627261746564BE
:109F10000000000073696E636F735F6770696F5F45
:109F200070696E5F73696E0073696E636F735F67EC
:109F300070696F5F70696E5F636F730069735F72E2
:109F40006561647900000000696E6465785F666F22
:109F5000756E6400736861646F775F636F756E74AC
:109F600000000000636F756E745F696E5F637072EE
:109F700000000000696E746572706F6C6174696FC7
:109F80006E000000706F735F657374696D61746556
:109F900000000000706F735F657374696D617465B4
:109FA0005F636F756E747300706F735F6369726364
:109FB000756C617200000000706F735F6370725F98
:109FC000636F756E7473000064656C74615F706FAD
:109FD000735F6370725F636F756E7473000000006F
:109FE00068616C6C5F7374617465000076656C5FAA
:109FF000657374696D6174655F636F756E7473000A
:10A0000063616C69625F7363616E5F726573706FC9
:10A010006E736500706F735F616273007370695F68
:10A020006572726F725F726174650000667265714D
:10A0300075656E6379000000706F735F616D706CA1
:10A04000697475646500000076656C5F616D706CA5
:10A050006974756465000000746F727175655F6185
:10A060006D706C69747564650000000063616C69F3
:10A07000625F616E7469636F6767696E6700000095
:10A0800063616C69625F706F735F74687265736837
:10A090006F6C640063616C69625F76656C5F7468A5
:10A0A000726573686F6C6400636F6767696E675F82
:10A0B000726174696F000000616E7469636F676735
:10A0C000696E675F656E61626C6564006761696E89
:10A0D0005F7363686564756C696E675F77696474E4
:10A0E00068000000656E61626C655F76656C5F6C30
:10A0F000696D697400000000656E61626C655F7473
:10A100006F727175655F6D6F64655F76656C5F6CAE
:10A11000696D697400000000656E61626C655F675F
:10A1200061696E5F7363686564756C696E67000072
:10A13000656E61626C655F6F76657273706565648C
:10A140005F6572726F720000636F6E74726F6C5F26
:10A150006D6F646500000000696E7075745F6D6FEF
:10A1600064650000706F735F6761696E00000000D6
:10A1700076656C5F6761696E0000000076656C5FF4
:10A18000696E7465677261746F725F6761696E0092
:10A1900076656C5F696E7465677261746F725F6C0F
:10A1A000696D69740000000076656C5F6C696D69AB
:10A1B000745F746F6C6572616E63650076656C5F69
:10A1C00072616D705F72617465000000746F72710E
:10A1D00075655F72616D705F72617465000000008B
:10A1E00063697263756C61725F736574706F696EB9
:10A1F0007473000063697263756C61725F73657478
:10A20000706F696E745F72616E67650073746570FC
:10A21000735F7065725F63697263756C61725F72A0
:10A22000616E676500000000686F6D696E675F733F
:10A230007065656400000000696E65727469610094
:10A24000617869735F746F5F6D6972726F7200001D
:10A250006D6972726F725F726174696F00000000E5
:10A26000746F727175655F6D6972726F725F726122
:10A2700074696F006C6F61645F656E636F646572B3
:10A280005F61786973000000696E7075745F66695C
:10A290006C7465725F62616E6477696474680000F3
:10A2A000616E7469636F6767696E67006D65636887
:10A2B000616E6963616C5F706F7765725F62616E1A
:10A2C0006477696474680000656C656374726963BF
:10A2D000616C5F706F7765725F62616E64776964ED
:10A2E000746800007370696E6F75745F6D65636884
:10A2F000616E6963616C5F706F7765725F746872BD
:10A300006573686F6C6400007370696E6F75745F5D
:10A31000656C656374726963616C5F706F77657299
:10A320005F7468726573686F6C6400006C6173744D
:10A330005F6572726F725F74696D6500696E7075CA
:10A34000745F706F73000000696E7075745F76657E
:10A350006C000000696E7075745F746F7271756562
:10A3600000000000706F735F736574706F696E74C6
:10A370000000000076656C5F736574706F696E74C1
:10A3800000000000746F727175655F736574706FA3
:10A39000696E74007472616A6563746F72795F6468
:10A3A0006F6E650076656C5F696E74656772617467
:10A3B0006F725F746F72717565000000616E746911
:10A3C000636F6767696E675F76616C696400000040
:10A3D0006175746F74756E696E675F7068617365BF
:10A3E000000000006175746F74756E696E6700001F
:10A3F0006D656368616E6963616C5F706F776572CC
:10A4000000000000656C656374726963616C5F7065
:10A410006F77657200000000706F6C655F70616936
:10A420007273000063616C6962726174696F6E5F60
:10A4300063757272656E7400726573697374616EB0
:10A4400063655F63616C69625F6D61785F766F6C95
:10A45000746167650000000070686173655F696E14
:10A4600064756374616E63650000000070686173F9
:10A47000655F726573697374616E636500000000E7
:10A48000746F727175655F636F6E7374616E740063
:10A490006D6F746F725F74797065000063757272AE
:10A4A000656E745F6C696D0063757272656E745F62
:10A4B0006C696D5F6D617267696E0000746F7271B7
:10A4C00075655F6C696D0000696E766572746572A2
:10A4D0005F74656D705F6C696D69745F6C6F7765D3
:10A4E00072000000696E7665727465725F74656DE6
:10A4F000705F6C696D69745F7570706572000000E3
:10A500007265717565737465645F63757272656E8B
:10A51000745F72616E67650063757272656E745FF9
:10A52000636F6E74726F6C5F62616E64776964747E
:10A53000680000006163696D5F6761696E5F6D69E6
:10A540006E5F666C757800006163696D5F6175743C
:10A550006F666C75785F6D696E5F4964000000001E
:10A560006163696D5F6175746F666C75785F656E48
:10A5700061626C65000000006163696D5F61757404
:10A580006F666C75785F61747461636B5F67616936
:10A590006E0000006163696D5F6175746F666C7554
:10A5A000785F64656361795F6761696E00000000D0
:10A5B000525F774C5F46465F656E61626C65000076
:10A5C00062454D465F46465F656E61626C650000A0
:10A5D000495F6275735F686172645F6D696E0000E8
:10A5E000495F6275735F686172645F6D61780000D6
:10A5F000495F6C65616B5F6D6178000064635F63E8
:10A60000616C69625F74617500000000705F676172
:10A61000696E0000695F6761696E0000495F6D6582
:10A620006173757265645F7265706F72745F66697D
:10A630006C7465725F6B000049645F736574706F62
:10A64000696E740049715F736574706F696E740030
:10A6500056645F736574706F696E740056715F73D2
:10A660006574706F696E740049616C7068615F6DCC
:10A67000656173757265640049626574615F6D65DB
:10A68000617375726564000049645F6D656173751F
:10A690007265640049715F6D656173757265640010
:10A6A000706F776572000000765F63757272656E19
:10A6B000745F636F6E74726F6C5F696E74656772DE
:10A6C000616C5F6400000000765F63757272656E96
:10A6D000745F636F6E74726F6C5F696E74656772BE
:10A6E000616C5F710000000066696E616C5F765F8F
:10A6F000616C70686100000066696E616C5F765F16
:10A700006265746100000000706F6C795F636F6553
:10A710006666696369656E745F300000706F6C799E
:10A720005F636F656666696369656E745F310000BB
:10A73000706F6C795F636F656666696369656E7477
:10A740005F320000706F6C795F636F656666696386
:10A7500069656E745F33000074656D705F6C696D60
:10A7600069745F6C6F7765720000000074656D70CE
:10A770005F6C696D69745F757070657200000000D0
:10A7800074656D70657261747572650069735F617F
:10A79000726D65640000000069735F63616C6962DB
:10A7A000726174656400000063757272656E745F37
:10A7B0006D6561735F7068410000000063757272BF
:10A7C000656E745F6D6561735F70684200000000C4
:10A7D00063757272656E745F6D6561735F706843F7
:10A7E0000000000044435F63616C69625F70684110
:10A7F0000000000044435F63616C69625F706842FF
:10A800000000000044435F63616C69625F706843ED
:10A8100000000000495F627573000000706861739A
:10A82000655F63757272656E745F7265765F67618E
:10A83000696E00006566666563746976655F637559
:10A840007272656E745F6C696D0000006D61785F97
:10A85000616C6C6F7765645F63757272656E7400AE
:10A860006D61785F64635F63616C69620000000022
:10A870006665745F746865726D6973746F720000E9
:10A880006D6F746F725F746865726D6973746F72E7
:10A890000000000063757272656E745F636F6E74A2
:10A8A000726F6C006E5F6576745F63757272656E51
:10A8B000745F6D6561737572656D656E740000001F
:10A8C0006E5F6576745F70776D5F757064617465D7
:10A8D000000000006E6F64655F69640069735F6506
:10A8E0007874656E64656400686561727462656140
:10A8F000745F726174655F6D73000000656E636FF5
:10A900006465725F726174655F6D73006D6F746F03
:10A91000725F6572726F725F726174655F6D7300F2
:10A92000656E636F6465725F6572726F725F72618C
:10A9300074655F6D73000000636F6E74726F6C6C92
:10A9400065725F6572726F725F726174655F6D735D
:10A950000000000073656E736F726C6573735F65E2
:10A9600072726F725F726174655F6D7300000000D8
:10A97000656E636F6465725F636F756E745F72613D
:10A9800074655F6D7300000069715F726174655F6B
:10A990006D73000073656E736F726C6573735F72B5
:10A9A0006174655F6D7300006275735F76695F72D5
:10A9B0006174655F6D73000072616D705F74696DC5
:10A9C0006500000072616D705F64697374616E632D
:10A9D00065000000616363656C00000076656C00D3
:10A9E00066696E6973685F64697374616E6365003C
:10A9F00066696E6973685F6F6E5F76656C000000F4
:10AA000066696E6973685F6F6E5F64697374616EA7
:10AA10006365000066696E6973685F6F6E5F656E7F
:10AA2000635F69647800000076656C5F70695F65DC
:10AA30006E61626C6500000076656C5F70695F6BCB
:10AA40007000000076656C5F70695F6B69000000E4
:10AA500076656C5F70695F6C696D697400000000F9
:10AA6000737461727475705F6D6F746F725F636120
:10AA70006C6962726174696F6E0000007374617258
:10AA80007475705F656E636F6465725F696E64652F
:10AA9000785F7365617263680000000073746172AF
:10AAA0007475705F656E636F6465725F6F66667301
:10AAB00065745F63616C6962726174696F6E0000D6
:10AAC000737461727475705F636C6F7365645F6CCF
:10AAD0006F6F705F636F6E74726F6C00737461720E
:10AAE0007475705F686F6D696E670000656E616296
:10AAF0006C655F737465705F646972007374657010
:10AB00005F6469725F616C776179735F6F6E00007B
:10AB1000656E61626C655F73656E736F726C657391
:10AB2000735F6D6F646500007761746368646F675D
:10AB30005F74696D656F757400000000656E616219
:10AB40006C655F7761746368646F670073746570C8
:10AB50005F6770696F5F70696E0000006469725FA3
:10AB60006770696F5F70696E0000000063616C69F7
:10AB700062726174696F6E5F6C6F636B696E000007
:10AB800073656E736F726C6573735F72616D700065
:10AB900067656E6572616C5F6C6F636B696E0000F8
:10ABA000737465705F6469725F6163746976650070
:10ABB0006C6173745F6472765F6661756C740000BB
:10ABC000737465707300000063757272656E745FF4
:10ABD00073746174650000007265717565737465E6
:10ABE000645F73746174650069735F686F6D656439
:10ABF000000000006D6F746F72000000636F6E7470
:10AC0000726F6C6C65720000656E636F64657200D4
:10AC10006163696D5F657374696D61746F72000063
:10AC200073656E736F726C6573735F657374696D52
:10AC300061746F7200000000747261705F74726101
:10AC40006A0000006D696E5F656E6473746F7000FA
:10AC50006D61785F656E6473746F70006D656368B5
:10AC6000616E6963616C5F6272616B650000000018
:10AC70007461736B5F74696D65730000656E6470F9
:10AC80006F696E74000000006D696E006D61780080
:10AC9000656E61626C655F756172745F6100000072
:10ACA000656E61626C655F756172745F6200000061
:10ACB000656E61626C655F756172745F6300000050
:10ACC000756172745F615F62617564726174650061
:10ACD000756172745F625F62617564726174650050
:10ACE000756172745F635F6261756472617465003F
:10ACF000656E61626C655F63616E5F61000000009C
:10AD0000656E61626C655F6932635F6100000000BF
:10AD10007573625F6364635F70726F746F636F6C8F
:10AD20000000000075617274305F70726F746F6341
:10AD30006F6C000075617274315F70726F746F6355
:10AD40006F6C000075617274325F70726F746F6344
:10AD50006F6C00006D61785F726567656E5F63752B
:10AD60007272656E740000006272616B655F72657D
:10AD700073697374616E636500000000656E6162E3
:10AD80006C655F6272616B655F7265736973746F26
:10AD90007200000064635F6275735F756E64657254
:10ADA000766F6C746167655F747269705F6C6576ED
:10ADB000656C000064635F6275735F6F76657276C1
:10ADC0006F6C746167655F747269705F6C657665DE
:10ADD0006C000000656E61626C655F64635F627544
:10ADE000735F6F766572766F6C746167655F7261B1
:10ADF0006D70000064635F6275735F6F7665727675
:10AE00006F6C746167655F72616D705F737461729E
:10AE10007400000064635F6275735F6F76657276BD
:10AE20006F6C746167655F72616D705F656E640001
:10AE300064635F6D61785F706F7369746976655F75
:10AE400063757272656E740064635F6D61785F6EC6
:10AE5000656761746976655F63757272656E7400AB
:10AE60006572726F725F6770696F5F70696E000004
:10AE70006770696F335F616E616C6F675F6D617082
:10AE800070696E67000000006770696F345F616E03
:10AE9000616C6F675F6D617070696E6700000000C4
:10AEA0006770696F315F6D6F646500006770696F0F
:10AEB000325F6D6F646500006770696F335F6D6F3F
:10AEC000646500006770696F345F6D6F64650000D2
:10AED0006770696F355F6D6F646500006770696FDB
:10AEE000365F6D6F646500006770696F375F6D6F07
:10AEF000646500006770696F385F6D6F646500009E
:10AF00006770696F395F6D6F646500006770696FA6
:10AF100031305F6D6F6465006770696F31315F6DEF
:10AF20006F6465006770696F31325F6D6F646500D3
:10AF30006770696F31335F6D6F6465006770696F4B
:10AF400031345F6D6F6465006770696F31355F6DB7
:10AF50006F6465006770696F31365F6D6F6465009F
:10AF60006770696F315F70776D5F6D617070696E6A
:10AF7000670000006770696F325F70776D5F6D61A9
:10AF80007070696E670000006770696F335F70777B
:10AF90006D5F6D617070696E670000006770696F4A
:10AFA000345F70776D5F6D617070696E670000006F
:10AFB000626175645F7261746500000073697A652F
:10AFC000000000006164647200000000616464724B
:10AFD0005F6D617463685F636E74000072785F63B5
:10AFE0006E7400006572726F725F636E74000000B1
:10AFF00074785F636E74000074785F6F7665727248
:10B00000756E5F636E740000757074696D65000025
:10B010006D696E5F686561705F7370616365000084
:10B020006D61785F737461636B5F75736167655F92
:10B0300061786973000000006D61785F737461630B
:10B040006B5F75736167655F757362006D61785FD3
:10B05000737461636B5F75736167655F756172744B
:10B06000000000006D61785F737461636B5F7573DE
:10B070006167655F63616E006D61785F73746163C2
:10B080006B5F75736167655F73746172747570006F
:10B090006D61785F737461636B5F75736167655F22
:10B0A000616E616C6F670000737461636B5F7369DD
:10B0B0007A655F6178697300737461636B5F73694C
:10B0C0007A655F7573620000737461636B5F7369A7
:10B0D0007A655F7561727400737461636B5F736925
:10B0E0007A655F7374617274757000007374616364
:10B0F0006B5F73697A655F63616E0000737461638F
:10B100006B5F73697A655F616E616C6F67000000E9
:10B110007072696F5F617869730000007072696FA7
:10B120005F757362000000007072696F5F75617215
:10B13000740000007072696F5F737461727475706F
:10B14000000000007072696F5F63616E00000000B4
:10B150007072696F5F616E616C6F67006932630066
:10B1600073746172745F74696D650000656E645F0D
:10B1700074696D65000000006D61785F6C656E67D5
:10B180007468000073616D706C696E670000000088
:10B19000636F6E74726F6C5F6C6F6F705F6D6973ED
:10B1A00063000000636F6E74726F6C5F6C6F6F7022
:10B1B0005F636865636B730064635F63616C69629E
:10B1C0005F77616974000000766275735F766F6CFB
:10B1D000746167650000000069627573000000001B
:10B1E000696275735F7265706F72745F66696C74A3
:10B1F00065725F6B0000000073657269616C5F6E61
:10B20000756D62657200000068775F7665727369BC
:10B210006F6E5F6D616A6F720000000068775F7625
:10B22000657273696F6E5F6D696E6F72000000000A
:10B2300068775F76657273696F6E5F766172696158
:10B240006E74000066775F76657273696F6E5F6D0E
:10B25000616A6F720000000066775F7665727369DD
:10B260006F6E5F6D696E6F720000000066775F76CB
:10B27000657273696F6E5F7265766973696F6E0070
:10B2800066775F76657273696F6E5F756E72656CF7
:10B2900065617365640000006272616B655F726571
:10B2A000736973746F725F61726D65640000000092
:10B2B0006272616B655F7265736973746F725F73DD
:10B2C0006174757261746564000000006272616B84
:10B2D000655F7265736973746F725F6375727265AF
:10B2E0006E7400006E5F6576745F73616D706C697B
:10B2F0006E6700006E5F6576745F636F6E74726F69
:10B300006C5F6C6F6F7000007461736B5F74696D5C
:10B310006572735F61726D656400000073797374A8
:10B32000656D5F73746174730000000075736572FE
:10B330005F636F6E6669675F6C6F61646564000070
:10B340006D6973636F6E666967757265640000008E
:10B350006F7363696C6C6F73636F706500000000DE
:10B36000746573745F70726F706572747900000039
:10B370006F74705F76616C69640000006178697356
:10B38000300000006178697331000000E49B04081C
:10B3900014ED0020F89B040814ED0020089C04081C
:10B3A00014ED0020249C040814ED0020349C0408B3
:10B3B00014ED0020909C040814ED0020449C040827
:10B3C00014ED0020609C040814ED0020789C040813
:10B3D00014ED0020889C040814ED002064A80408E3
:10B3E00014ED0020A49C040814ED0020B49C040873
:10B3F00014ED0020C09C040844E90020CC9C040803
:10B40000F8E90020DC9C040840EB0020C09C040804
:10B4100044E90020C4A00408F8E90020E49C0408E2
:10B420000CEA0020EC9C0408F8E90020FC9C0408CD
:10B43000E4E90020089D040834ED0020DC9C0408A9
:10B4400058EB0020189D04080CEA0020249D0408F5
:10B450000CEA0020309D04080CEA0020DC9C040863
:10B4600070EB00203C9D04080CEA00204C9D040871
:10B470000CEA00205C9D04080CEA00206C9D040886
:10B480007CE80020749D040864ED00207C9D040885
:10B4900064ED0020849D040864ED0020909D040864
:10B4A00064ED0020DC9C040888EB0020A09D0408CB
:10B4B0000CEA0020B09D040864ED0020BC9D040847
:10B4C00064ED0020C89D040864ED0020D89D0408A8
:10B4D00064ED0020EC9D040864ED0020DC9C040871
:10B4E000A0EB002050A1040890E80020FC9D040877
:10B4F000F8E900200C9E04080CEA0020089E0408CD
:10B50000F8E900201C9E0408F8E90020349E040895
:10B5100044E90020489E04081CE90020C89D040856
:10B520001CE900204C9E04080CEA0020609E0408E0
:10B530001CE900206C9E0408F8E900207C9E0408A9
:10B54000F8E90020509D04080CEA0020989E0408A9
:10B550000CEA0020A49E04080CEA0020B89E04080F
:10B560000CEA0020CC9E0408F8E90020E89E0408BC
:10B57000B8E80020F89E0408F8E90020149F0408A9
:10B5800044E90020289F040844E900206C9D040839
:10B59000A4E800203C9F040834ED0020489F0408E4
:10B5A00034ED0020549F0408FCEC0020649F040844
:10B5B000FCEC0020749F040864ED0020749D0408D6
:10B5C00064ED0020849F040864ED0020949F04082B
:10B5D00064ED0020A89F040864ED0020B89F0408D3
:10B5E00064ED0020C89F040864ED0020E09F04087B
:10B5F00044ED0020909D040864ED0020EC9F0408B9
:10B6000064ED002000A0040864ED002014A00408EC
:10B610001CE900201CA0040864ED0020DC9C040848
:10B62000B8EB00202CA004080CEA002038A0040885
:10B630000CEA002048A004080CEA002058A00408E6
:10B640000CEA0020009E040824ED00206C9E0408F3
:10B65000F8E900206CA0040834ED002080A0040864
:10B660000CEA002094A004080CEA0020A8A004081A
:10B6700064ED0020B8A00408F8E90020CCA004087C
:10B680000CEA0020E4A00408F8E90020F8A004086F
:10B69000F8E9002018A10408F8E9002030A1040806
:10B6A000F8E9002048A10408E0E8002058A10408B7
:10B6B000CCE8002064A104080CEA002070A1040872
:10B6C0000CEA00207CA104080CEA002090A10408E8
:10B6D0000CEA0020189D04080CEA0020A8A1040828
:10B6E0000CEA0020BCA104080CEA0020CCA104084C
:10B6F0000CEA0020E0A10408F8E90020F4A1040805
:10B700000CEA00200CA204081CE9002028A204086E
:10B710000CEA002038A204080CEA002040A2040829
:10B72000B8E8002050A204080CEA002060A2040837
:10B730000CEA002074A20408B8E8002088A20408DB
:10B740000CEA0020A0A20408E8EB0020ACA2040848
:10B750000CEA0020C8A204080CEA0020E4A20408B5
:10B760000CEA002008A304080CEA00206C9D0408E1
:10B77000F4E800202CA304080CEA00203CA30408F1
:10B780000CEA002048A304080CEA002054A3040893
:10B790000CEA002064A3040864ED002074A30408EC
:10B7A00064ED002084A3040864ED002094A3040841
:10B7B00034ED0020A4A304080CEA0020BCA3040874
:10B7C000F8E90020D0A304080CEA0020DC9C04085F
:10B7D000DCEB0020E4A30408D0EB0020F0A3040875
:10B7E00064ED002004A4040864ED00206C9E0408AD
:10B7F000F8E9002018A404081CE9002024A4040887
:10B800000CEA002038A404080CEA002058A404081C
:10B810000CEA00206CA404080CEA002080A40408B0
:10B820000CEA002090A4040808E900209CA4040865
:10B830000CEA0020A8A404080CEA0020BCA4040818
:10B840000CEA0020C8A404080CEA0020E4A40408C0
:10B850000CEA002000A504080CEA002018A5040842
:10B860000CEA002034A504080CEA002048A50408CE
:10B870000CEA002060A50408F8E9002078A5040877
:10B880000CEA002094A504080CEA0020B0A50408E6
:10B89000F8E90020C0A50408F8E90020D0A50408B4
:10B8A0000CEA0020E0A504080CEA0020F0A504083A
:10B8B0000CEA0020FCA504080CEA00200CA60408F1
:10B8C00064ED002014A6040864ED00201CA6040802
:10B8D0000CEA002038A6040864ED002044A6040801
:10B8E00064ED002050A6040864ED00205CA6040866
:10B8F00064ED0020749D040864ED0020849D04081C
:10B9000064ED002068A6040864ED002078A6040811
:10B9100064ED002088A6040864ED002094A60408C5
:10B9200064ED0020A0A6040864ED0020A8A6040889
:10B930000CEA0020C8A604080CEA0020E8A60408C7
:10B9400064ED0020F8A6040864ED002060AB040854
:10B9500044E9002008A704080CEA00201CA70408FA
:10B960000CEA002030A704080CEA002044A70408D1
:10B970000CEA002058A704080CEA00206CA7040871
:10B980000CEA0020C4A00408F8E9002080A70408FD
:10B9900064ED0020DC9C040824EC002058A7040877
:10B9A0000CEA00206CA704080CEA0020C4A00408DC
:10B9B000F8E9002080A7040864ED0020DC9C04085E
:10B9C0003CEC00202CA304080CEA00206C9D040829
:10B9D00030E900208CA7040834ED002098A7040863
:10B9E00034ED0020A8A7040864ED0020BCA70408DB
:10B9F00064ED0020D0A7040864ED0020E4A704084B
:10BA00000CEA0020F4A704080CEA002004A80408AB
:10BA10000CEA002014A8040864ED00201CA8040807
:10BA20000CEA002034A8040864ED00204CA80408A7
:10BA300064ED002060A8040864ED002070A80408EC
:10BA400030EC002080A8040818EC002094A804081A
:10BA50000CEC0020A4A8040824ED0020C0A80408D1
:10BA600024ED0020DC9C040800EC0020D4A804088D
:10BA7000E4E90020DCA80408F8E90020E8A80408AC
:10BA8000E4E90020FCA80408E4E900200CA904086B
:10BA9000E4E9002020A90408E4E9002038A904080A
:10BAA000E4E9002054A90408E4E9002070A904088E
:10BAB000E4E9002088A90408E4E9002094A9040826
:10BAC000E4E90020A8A90408E4E9002058A8040833
:10BAD0000CEA0020B8A904080CEA0020C4A9040854
:10BAE0000CEA0020D4A904080CEA0020DCA9040810
:10BAF0000CEA0020E0A904080CEA0020F0A90408E0
:10BB0000F8E9002000AA0408F8E9002014AA0408B3
:10BB1000F8E9002028AA0408F8E9002038AA040857
:10BB20000CEA002044AA04080CEA002050AA0408E9
:10BB30000CEA002058A804080CEA0020B8A9040860
:10BB40000CEA0020C4A904080CEA0020D4A90408C7
:10BB50000CEA0020DCA904080CEA002060AA040812
:10BB6000F8E900207CAA0408F8E900209CAA04084F
:10BB7000F8E90020C0AA0408F8E90020DCAA0408BB
:10BB8000F8E90020ECAA0408F8E90020FCAA04085F
:10BB9000F8E9002010AB0408F8E9002028AB0408FD
:10BBA0000CEA00203CAB0408F8E900204CAB040888
:10BBB00044E900205CAB040844E900206CAB0408B5
:10BBC0006CEC002080AB040860EC002090AB040813
:10BBD00060EC002074B0040854EC00206C9D040854
:10BBE0006CE90020A0AB040834ED0020B0AB0408E1
:10BBF00024ED0020C0AB04088CEC0020C8AB040886
:10BC00007CEC0020D8AB040858E90020E8AB04081D
:10BC1000F8E90020DC9C040848EC0020F4AB0408A0
:10BC2000F4EB0020FCAB0408C4EB002008AC0408D3
:10BC3000ACEB002010AC040894EB002020AC04080E
:10BC40007CEB002038AC040864EB002044AC040812
:10BC50004CEB002050AC04084CEB00205CAC04081A
:10BC600034EB002070AC040828EB00207CAC040806
:10BC700094E9002088AC04080CEA00208CAC04088D
:10BC80000CEA002090AC0408F8E90020A0AC0408FD
:10BC9000F8E90020B0AC0408F8E90020C0AC0408C2
:10BCA000E4E90020D0AC0408E4E90020E0AC04089A
:10BCB000E4E90020F0AC0408F8E9002000AD040835
:10BCC000F8E9002010AD0408A8E9002024AD04081C
:10BCD000A8E9002034AD0408A8E9002044AD040818
:10BCE000A8E9002054AD04080CEA002068AD04085F
:10BCF0000CEA00207CAD0408F8E9002094AD0408AB
:10BD00000CEA0020B4AD04080CEA0020D4AD04080D
:10BD1000F8E90020F4AD04080CEA002014AE040891
:10BD20000CEA002030AE04080CEA002048AE0408FB
:10BD30000CEA002060AE0408E4E9002070AE0408BC
:10BD4000A4EC002088AE0408A4EC0020A0AE0408F7
:10BD500080E90020ACAE040880E90020B8AE0408F9
:10BD600080E90020C4AE040880E90020D0AE0408B9
:10BD700080E90020DCAE040880E90020E8AE040879
:10BD800080E90020F4AE040880E9002000AF040838
:10BD900080E900200CAF040880E9002018AF0408F7
:10BDA00080E9002024AF040880E9002030AF0408B7
:10BDB00080E900203CAF040880E9002048AF040877
:10BDC00080E9002054AF040880E9002060AF040837
:10BDD000A4EC002074AF0408A4EC002088AF040891
:10BDE000A4EC00209CAF0408A4EC0020B0AF040831
:10BDF000E4E9002018AD0408BCE900206C9D0408AB
:10BE0000D0E90020DC9C0408BCEC0020BCAF040896
:10BE100024ED0020C4AF040844ED0020CCAF04089A
:10BE200024ED0020DCAF040824ED0020E4AF04087A
:10BE300024ED0020DCAF040824ED0020F0AF04085E
:10BE400024ED0020F8AF040824ED002008B0040819
:10BE500024ED002010B0040824ED002020B00408D8
:10BE600024ED002038B0040824ED00204CB0040874
:10BE700024ED002064B0040824ED002078B004080C
:10BE800024ED002090B0040824ED0020A8B00408A0
:10BE900024ED0020B8B0040824ED0020C8B0040848
:10BEA00024ED0020D8B0040824ED0020ECB00408F4
:10BEB00024ED0020FCB0040824ED002010B104089B
:10BEC000FCEC00201CB10408FCEC002028B10408A4
:10BED000FCEC002034B10408FCEC002044B1040860
:10BEE000FCEC002050B10408FCEC002048B0040831
:10BEF000ECEC00205CB10408E0EC002060B1040828
:10BF000024ED00206CB1040824ED00207CB104086D
:10BF100024ED002078B10408E4E9002084B104088D
:10BF200014ED002090B1040814ED0020A4B1040821
:10BF300014ED0020B8B1040814ED00206C9D040835
:10BF400020EA0020C8B1040864ED0020D8B104083C
:10BF500064ED0020E0B104080CEA0020F8B1040808
:10BF600054ED002008B2040844ED00201CB204087F
:10BF700044ED002030B2040844ED002044B204082F
:10BF800044ED002058B2040844ED00206CB20408CF
:10BF900044ED002080B2040844ED002098B204086B
:10BFA00034ED0020B0B2040834ED0020CCB2040817
:10BFB00064ED0020E4B2040824ED0020F4B204088B
:10BFC00024ED002008B30408F8E9002070AC040850
:10BFD00008ED00201CB30408D4EC00202CB30408A6
:10BFE00024ED002040B3040834ED002050B30408D1
:10BFF000C8EC002074B00408B0EC002060B3040862
:10C00000E4E9002070B3040834ED0020DC9C04084F
:10C0100098EC00207CB304081CEB002084B30408D7
:10C020001CEB002031354F447269766533547970CA
:10C0300065496E666F49364F447269766545000002
:10C04000BCDA040824C00408A8AF030832314669EA
:10C0500062726550726F7065727479547970654957
:10C060006E666F493850726F7065727479494B66AD
:10C070004545000034DB04084CC004080000000003
:10C0800002000000CCAF030802000000A8AF0308C4
:10C09000020400003231466962726550726F706549
:10C0A00072747954797065496E666F493850726F51
:10C0B0007065727479494B794545000034DB04089A
:10C0C00094C004080000000002000000CCAF030888
:10C0D00002000000A8AF03080204000032314669E4
:10C0E00062726550726F70657274795479706549C7
:10C0F0006E666F493850726F7065727479494B681B
:10C100004545000034DB0408DCC0040800000000E2
:10C1100002000000CCAF030802000000A8AF030833
:10C12000020400003231466962726550726F7065B8
:10C1300072747954797065496E666F493850726FC0
:10C140007065727479494B624545000034DB040820
:10C1500024C104080000000002000000CCAF030866
:10C1600002000000A8AF0308020400003231466953
:10C1700062726550726F7065727479547970654936
:10C180006E666F493850726F7065727479494B6D85
:10C190004545000034DB04086CC1040800000000C1
:10C1A00002000000CCAF030802000000A8AF0308A3
:10C1B0000204000032334F44726976655461736B38
:10C1C00054696D657354797065496E666F49395469
:10C1D00061736B54696D657345000000BCDA040837
:10C1E000B4C10408A8AF030832334F4472697665BE
:10C1F0005461736B54696D657254797065496E66EC
:10C200006F49395461736B54696D65724500000064
:10C21000BCDA0408E8C10408A8AF030832354F446B
:10C220007269766553797374656D53746174735470
:10C23000797065496E666F49313353797374656DF2
:10C2400053746174735F744500000000BCDA040825
:10C250001CC20408A8AF03083231466962726550F7
:10C26000726F706572747954797065496E666F4942
:10C270003850726F7065727479494B6C4545000097
:10C2800034DB040858C2040800000000020000006B
:10C29000CCAF030802000000A8AF030802040000AE
:10C2A00032384F447269766553797374656D53748F
:10C2B00061747355736254797065496E666F493164
:10C2C0003055534253746174735F7445000000002D
:10C2D000BCDA0408A0C20408A8AF030832384F44EF
:10C2E0007269766553797374656D537461747349BB
:10C2F000324354797065496E666F49313049324333
:10C3000053746174735F744500000000BCDA040864
:10C31000DCC20408A8AF030832364F447269766560
:10C320004F7363696C6C6F73636F7065547970657C
:10C33000496E666F4931324F7363696C6C6F73631A
:10C340006F70654500000000BCDA040818C30408DB
:10C35000A8AF030831374F447269766543616E5464
:10C36000797065496E666F49394F447269766543E5
:10C37000414E4500BCDA040854C30408A8AF0308C2
:10C3800032334F447269766543616E436F6E6669FE
:10C390006754797065496E666F494E394F447269CA
:10C3A000766543414E38436F6E6669675F744545F5
:10C3B00000000000BCDA040880C30408A8AF03082A
:10C3C00032314F447269766533436F6E66696754E4
:10C3D000797065496E666F493133426F61726443AB
:10C3E0006F6E6669675F744500000000BCDA040880
:10C3F000C0C30408A8AF030832324F44726976659F
:10C40000456E64706F696E7454797065496E666FBD
:10C4100049313250574D4D617070696E675F744598
:10C4200000000000BCDA0408F8C30408A8AF030841
:10C4300031384F4472697665417869735479706513
:10C44000496E666F4934417869734500BCDA040867
:10C4500030C40408A8AF03083231466962726550DF
:10C46000726F706572747954797065496E666F4940
:10C470003850726F7065727479494B784545000089
:10C4800034DB040858C40408000000000200000067
:10C49000CCAF030802000000A8AF030802040000AC
:10C4A0003231466962726550726F70657274795488
:10C4B000797065496E666F493850726F7065727435
:10C4C00079494B4E31304F4472697665496E7466D6
:10C4D0003841786973496E74663941786973537469
:10C4E000617465454545000034DB0408A0C40408B8
:10C4F0000000000002000000CCAF030802000000B2
:10C50000A8AF03080204000032344F447269766514
:10C5100041786973436F6E66696754797065496ED7
:10C52000666F494E344178697338436F6E66696748
:10C530005F74454500000000BCDA040808C5040823
:10C54000A8AF030834314F44726976654178697346
:10C55000436F6E66696743616C6962726174696F8B
:10C560006E4C6F636B696E54797065496E666F4986
:10C570004E344178697331344C6F636B696E436F2D
:10C580006E6669675F74454500000000BCDA040808
:10C5900044C50408A8AF030833304F447269766578
:10C5A000417869734C6F636B696E436F6E66696740
:10C5B00054797065496E666F494E344178697331BC
:10C5C000344C6F636B696E436F6E6669675F744569
:10C5D00045000000BCDA040898C50408A8AF0308A9
:10C5E00032374F44726976654178697343616E43AF
:10C5F0006F6E66696754797065496E666F494E342F
:10C6000041786973313143414E436F6E6669675FAC
:10C6100074454500BCDA0408E0C50408A8AF030867
:10C6200031394F44726976654D6F746F7254797009
:10C6300065496E666F49354D6F746F724500000035
:10C64000BCDA040820C60408A8AF030834354F44F8
:10C65000726976654F6E626F617264546865726D5F
:10C660006973746F7243757272656E744C696D692B
:10C6700074657254797065496E666F4933314F6ED7
:10C68000626F617264546865726D6973746F72432E
:10C69000757272656E744C696D69746572450000DF
:10C6A000BCDA04084CC60408A8AF030835314F446F
:10C6B000726976654F6E626F617264546865726DFF
:10C6C0006973746F7243757272656E744C696D69CB
:10C6D000746572436F6E66696754797065496E66FA
:10C6E0006F494E33314F6E626F6172645468657288
:10C6F0006D6973746F7243757272656E744C696D97
:10C700006974657238436F6E6669675F744545008A
:10C71000BCDA0408ACC60408A8AF030834364F449A
:10C72000726976654F6666626F617264546865729D
:10C730006D6973746F7243757272656E744C696D56
:10C740006974657254797065496E666F4933324F0A
:10C750006666626F617264546865726D6973746F46
:10C760007243757272656E744C696D697465724559
:10C7700000000000BCDA04081CC70408A8AF0308C6
:10C7800035324F44726976654F6666626F617264D6
:10C79000546865726D6973746F7243757272656EF9
:10C7A000744C696D69746572436F6E66696754791C
:10C7B0007065496E666F494E33324F6666626F61CF
:10C7C0007264546865726D6973746F7243757272C6
:10C7D000656E744C696D6974657238436F6E666915
:10C7E000675F744545000000BCDA040880C7040890
:10C7F000A8AF030833334F44726976654D6F746F89
:10C800007243757272656E74436F6E74726F6C549E
:10C81000797065496E666F4932334669656C644F5D
:10C820007269656E746564436F6E74726F6C6C656B
:10C8300072450000BCDA0408F4C70408A8AF030876
:10C8400032354F44726976654D6F746F72436F6E07
:10C8500066696754797065496E666F494E354D6FEC
:10C86000746F7238436F6E6669675F744545000088
:10C87000BCDA040840C80408A8AF030832344F44A7
:10C8800072697665436F6E74726F6C6C6572547901
:10C890007065496E666F493130436F6E74726F6CAC
:10C8A0006C65724500000000BCDA04087CC804080E
:10C8B000A8AF030833304F4472697665436F6E74D6
:10C8C000726F6C6C6572436F6E66696754797065E0
:10C8D000496E666F494E3130436F6E74726F6C6C87
:10C8E000657238436F6E6669675F74454500000086
:10C8F000BCDA0408B4C80408A8AF030834314F44B4
:10C9000072697665436F6E74726F6C6C6572436F9B
:10C910006E666967416E7469636F6767696E6754B5
:10C92000797065496E666F494E3130436F6E74722F
:10C930006F6C6C65723133416E7469636F676769E0
:10C940006E675F7445450000BCDA0408FCC8040843
:10C95000A8AF030833344F4472697665436F6E7431
:10C96000726F6C6C65724175746F74756E696E6709
:10C9700054797065496E666F494E3130436F6E74FD
:10C98000726F6C6C657231324175746F74756E695B
:10C990006E675F7445450000BCDA040854C904089A
:10C9A000A8AF030832314F4472697665456E636FF4
:10C9B00064657254797065496E666F4937456E6378
:10C9C0006F64657245000000BCDA0408A4C904085D
:10C9D000A8AF030832374F4472697665456E636FBE
:10C9E000646572436F6E66696754797065496E66F7
:10C9F0006F494E37456E636F64657238436F6E667C
:10CA000069675F7445450000BCDA0408D4C90408AE
:10CA1000A8AF030832374F44726976654163696D88
:10CA2000457374696D61746F7254797065496E668F
:10CA30006F4931334163696D457374696D61746F1A
:10CA400072450000BCDA040814CA0408A8AF030841
:10CA500033334F44726976654163696D4573746918
:10CA60006D61746F72436F6E666967547970654962
:10CA70006E666F494E31334163696D457374696DFC
:10CA800061746F7238436F6E6669675F7445450005
:10CA9000BCDA040850CA0408A8AF030833334F4473
:10CAA0007269766553656E736F726C6573734573E7
:10CAB00074696D61746F7254797065496E666F49FF
:10CAC000313953656E736F726C6573734573746936
:10CAD0006D61746F72450000BCDA04089CCA0408DA
:10CAE000A8AF030833394F447269766553656E7396
:10CAF0006F726C657373457374696D61746F7243A3
:10CB00006F6E66696754797065496E666F494E311C
:10CB10003953656E736F726C657373457374696DA9
:10CB200061746F7238436F6E6669675F7445450064
:10CB3000BCDA0408E4CA0408A8AF030833354F443C
:10CB40007269766554726170657A6F6964616C545C
:10CB500072616A6563746F727954797065496E6643
:10CB60006F49323154726170657A6F6964616C54D7
:10CB700072616A6563746F7279450000BCDA0408FB
:10CB80003CCB0408A8AF030834314F447269766582
:10CB900054726170657A6F6964616C5472616A6520
:10CBA00063746F7279436F6E666967547970654913
:10CBB0006E666F494E323154726170657A6F696486
:10CBC000616C5472616A6563746F727938436F6E19
:10CBD0006669675F74454500BCDA040888CB0408C1
:10CBE000A8AF030832314F4472697665456E6473AD
:10CBF000746F7054797065496E666F4937456E641D
:10CC000073746F7045000000BCDA0408E4CB0408BC
:10CC1000A8AF030832374F4472697665456E647376
:10CC2000746F70436F6E66696754797065496E669C
:10CC30006F494E37456E6473746F7038436F6E661C
:10CC400069675F7445450000BCDA040814CC040829
:10CC5000A8AF030832394F44726976654D65636841
:10CC6000616E6963616C4272616B6554797065498C
:10CC70006E666F4931354D656368616E6963616CDD
:10CC80004272616B65450000BCDA040854CC0408AC
:10CC9000A8AF030833354F44726976654D65636804
:10CCA000616E6963616C4272616B65436F6E666948
:10CCB0006754797065496E666F494E31354D6563CD
:10CCC00068616E6963616C4272616B6538436F6E57
:10CCD0006669675F74454500BCDA040894CC0408B3
:10CCE000A8AF030832374F4472697665417869739B
:10CCF0005461736B54696D657354797065496E66E0
:10CD00006F494E3441786973395461736B54696D5E
:10CD10006573454500000000BCDA0408E4CC040853
:10CD2000A8AF03080000000040C004085D570308D6
:10CD30000000000074C004084D590308894202082D
:10CD400035570308FCFFFFFF74C00408555703085C
:10CD500000000000BCC004089D5903088942020875
:10CD60000D570308FCFFFFFFBCC004082D57030844
:10CD70000000000004C10408295903088942020880
:10CD8000E5560308FCFFFFFF04C10408055703082C
:10CD9000000000004CC10408A158030889420208A1
:10CDA000BD560308FCFFFFFF4CC10408DD56030815
:10CDB0000000000094C104080559030889420208D4
:10CDC00095560308FCFFFFFF94C10408B5560308FD
:10CDD00000000000DCC104087156030800000000D8
:10CDE00010C2040831560308000000004CC20408B9
:10CDF0009D5503080000000080C20408E1580308A4
:10CE00008942020875550308FCFFFFFF80C2040831
:10CE10009555030800000000D0C204084D550308D2
:10CE2000000000000CC304081555030800000000B2
:10CE300048C30408F95403080000000074C3040840
:10CE4000CD54030800000000B4C30408955403083F
:10CE500000000000ECC30408495303080000000070
:10CE600024C4040809530308000000004CC404084B
:10CE7000255203080000000080C404087959030803
:10CE800089420208FD510308FCFFFFFF80C404082B
:10CE90001D52030800000000E8C40408BD58030840
:10CEA00089420208D5510308FCFFFFFFE8C40408CB
:10CEB000F55103080000000038C504083551030887
:10CEC000000000008CC50408F950030800000000B1
:10CED000D4C50408855003080000000014C60408E7
:10CEE000195003080000000040C60408454F03081D
:10CEF00000000000A0C60408214F03080000000045
:10CF000010C70408E14E03080000000074C70408BD
:10CF1000BD4E030800000000E8C70408554E030892
:10CF20000000000034C80408914D03080000000010
:10CF300070C80408814C030800000000A8C8040859
:10CF4000954B030800000000F0C80408594A030884
:10CF50000000000048C90408D1490308000000008F
:10CF600098C904089D49030800000000C8C90408C6
:10CF7000CD4803080000000008CA0408A9470308B8
:10CF80000000000044CA04085947030800000000DC
:10CF900090CA04083947030800000000D8CA0408F2
:10CFA000D94603080000000030CB0408A946030856
:10CFB000000000007CCB0408954603080000000038
:10CFC000D8CB0408654603080000000008CC04081C
:10CFD000414603080000000048CC0408C945030886
:10CFE0000000000088CC0408B545030800000000DC
:10CFF000D8CC04087D4503080000000018CD0408C3
:10D0000029450308756172745F7365727665725F96
:10D010007468726561645F64656600004E356669B8
:10D0200062726532364173796E6353747265616DF5
:10D0300053696E6B4D756C7469706C657865724977
:10D040004C6A324545450000BCDA04081CD004088F
:10D05000D8A703080000000048D00408697E030830
:10D06000317F0308BCDA04087CD00408B4A70308A5
:10D07000BCDA040898D00408D8A703084E356669BE
:10D08000627265313753746D333255617274527800
:10D0900053747265616D45004E3566696272653123
:10D0A0003753746D333255617274547853747265AA
:10D0B000616D45000000000064D00408697D03082C
:10D0C000657D03080000000070D00408097E030895
:10D0D000657D0308001000007573625F73657276EA
:10D0E00065725F7468726561645F64656600000004
:10D0F000BCDA040808D10408B4A70308BCDA0408A1
:10D1000024D10408D8A703084E35666962726531D8
:10D110003653746D3332557362527853747265614D
:10D120006D4500004E356669627265313653746D27
:10D130003332557362547853747265616D450000E3
:10D1400000000000F0D00408ED83030859830308B1
:10D1500000000000FCD004085D8303085983030825
:10D16000001000000600000000050601000000009D
:10D17000920E493CB10AC93C2BC3163D2EFB483DDB
:10D18000752B7B3D04A9963D80B6AF3D36BDC83DAD
:10D190002FBCE13D73B2FA3D87CF093E8340163E76
:10D1A000B5AB223EA2102F3ECF6E3B3EC2C5473EDE
:10D1B0000115543E135C603E7F9A6C3ECCCF783EA6
:10D1C000C07D823E938E883E229A8E3E32A0943E4F
:10D1D00086A09A3EE59AA03E128FA63ED47CAC3E35
:10D1E000EF63B23E2A44B83E491DBE3E15EFC33E32
:10D1F00053B9C93ECA7BCF3E4136D53E80E8DA3EC0
:10D200004F92E03E7533E63EBBCBEB3EEA5AF13E31
:10D21000CBE0F63E275DFC3EE4E7003F3D9C033F4C
:10D22000824B063F9BF5083F6B9A0B3FDA390E3F66
:10D23000CDD3103F2A68133FD9F6153FC07F183F62
:10D24000C6021B3FD17F1D3FCBF61F3F9967223F90
:10D2500025D2243F5636273F1594293F4AEB2B3FD2
:10D26000DE3B2E3FBB85303FC9C8323FF304353F1C
:10D27000233A373F4268393F3B8F3B3FF9AE3D3F52
:10D2800067C73F3F70D8413F01E2433F03E4453F5A
:10D2900065DE473F12D1493FF8BB4B3F029F4D3FF0
:10D2A000207A4F3F3D4D513F4918533F31DB543FAA
:10D2B000E595563F5348583F6AF2593F1A945B3FF1
:10D2C000532D5D3F05BE5E3F2146603F97C5613FE0
:10D2D0005A3C633F59AA643F880F663FD86B673F4B
:10D2E0003CBF683FA7096A3F0C4B6B3F5E836C3FB6
:10D2F00093B26D3F9ED86E3F73F56F3F0809713F43
:10D300005213723F4714733FDD0B743F0BFA743FA7
:10D31000C6DE753F07BA763FC58B773FF853783F37
:10D320009812793F9DC7793F02737A3FBE147B3FC5
:10D33000CDAC7B3F283B7C3FC9BF7C3FAC3A7D3FB7
:10D34000CCAB7D3F23137E3FB0707E3F6DC47E3FEC
:10D35000580E7F3F6D4E7F3FAB847F3F0FB17F3FC5
:10D3600097D37F3F43EC7F3F11FB7F3F0000803F1F
:10D3700011FB7F3F43EC7F3F97D37F3F0FB17F3F50
:10D38000AB847F3F6D4E7F3F580E7F3F6DC47E3F25
:10D39000B0707E3F23137E3FCCAB7D3FAC3A7D3FE8
:10D3A000C9BF7C3F283B7C3FCDAC7B3FBE147B3F5D
:10D3B00002737A3F9DC7793F9812793FF853783FBF
:10D3C000C58B773F07BA763FC6DE753F0BFA743FD1
:10D3D000DD0B743F4714733F5213723F0809713FCE
:10D3E00073F56F3F9ED86E3F93B26D3F5E836C3F87
:10D3F0000C4B6B3FA7096A3F3CBF683FD86B673F48
:10D40000880F663F59AA643F5A3C633F97C5613F06
:10D410002146603F05BE5E3F532D5D3F1A945B3F42
:10D420006AF2593F5348583FE595563F31DB543F28
:10D430004918533F3D4D513F207A4F3F029F4D3F8A
:10D44000F8BB4B3F12D1493F65DE473F03E4453F00
:10D4500001E2433F70D8413F67C73F3FF9AE3D3FD0
:10D460003B8F3B3F4268393F233A373FF304353F18
:10D47000C9C8323FBB85303FDE3B2E3F4AEB2B3FD6
:10D480001594293F5636273F25D2243F9967223FDE
:10D49000CBF61F3FD17F1D3FC6021B3FC07F183F09
:10D4A000D9F6153F2A68133FCDD3103FDA390E3F26
:10D4B0006B9A0B3F9BF5083F824B063F3D9C033F19
:10D4C000E4E7003F275DFC3ECBE0F63EEA5AF13E42
:10D4D000BBCBEB3E7533E63E4F92E03E80E8DA3E52
:10D4E0004136D53ECA7BCF3E53B9C93E15EFC33E48
:10D4F000491DBE3E2A44B83EEF63B23ED47CAC3EEA
:10D50000128FA63EE59AA03E86A09A3E32A0943E97
:10D51000229A8E3E938E883EC07D823ECCCF783E4E
:10D520007F9A6C3E135C603E0115543EC2C5473E77
:10D53000CF6E3B3EA2102F3EB5AB223E8340163E3F
:10D5400087CF093E73B2FA3D2FBCE13D36BDC83DE1
:10D5500080B6AF3D04A9963D752B7B3D2EFB483D23
:10D560002BC3163DB10AC93C920E493C0000000095
:10D57000920E49BCB10AC9BC2BC316BD2EFB48BDD7
:10D58000752B7BBD04A996BD80B6AFBD36BDC8BDA9
:10D590002FBCE1BD73B2FABD87CF09BE834016BE72
:10D5A000B5AB22BEA2102FBECF6E3BBEC2C547BEDA
:10D5B000011554BE135C60BE7F9A6CBECCCF78BEA2
:10D5C000C07D82BE938E88BE229A8EBE32A094BE4B
:10D5D00086A09ABEE59AA0BE128FA6BED47CACBE31
:10D5E000EF63B2BE2A44B8BE491DBEBE15EFC3BE2E
:10D5F00053B9C9BECA7BCFBE4136D5BE80E8DABEBC
:10D600004F92E0BE7533E6BEBBCBEBBEEA5AF1BE2D
:10D61000CBE0F6BE275DFCBEE4E700BF3D9C03BF48
:10D62000824B06BF9BF508BF6B9A0BBFDA390EBF62
:10D63000CDD310BF2A6813BFD9F615BFC07F18BF5E
:10D64000C6021BBFD17F1DBFCBF61FBF996722BF8C
:10D6500025D224BF563627BF159429BF4AEB2BBFCE
:10D66000DE3B2EBFBB8530BFC9C832BFF30435BF18
:10D67000233A37BF426839BF3B8F3BBFF9AE3DBF4E
:10D6800067C73FBF70D841BF01E243BF03E445BF56
:10D6900065DE47BF12D149BFF8BB4BBF029F4DBFEC
:10D6A000207A4FBF3D4D51BF491853BF31DB54BFA6
:10D6B000E59556BF534858BF6AF259BF1A945BBFED
:10D6C000532D5DBF05BE5EBF214660BF97C561BFDC
:10D6D0005A3C63BF59AA64BF880F66BFD86B67BF47
:10D6E0003CBF68BFA7096ABF0C4B6BBF5E836CBFB2
:10D6F00093B26DBF9ED86EBF73F56FBF080971BF3F
:10D70000521372BF471473BFDD0B74BF0BFA74BFA3
:10D71000C6DE75BF07BA76BFC58B77BFF85378BF33
:10D72000981279BF9DC779BF02737ABFBE147BBFC1
:10D73000CDAC7BBF283B7CBFC9BF7CBFAC3A7DBFB3
:10D74000CCAB7DBF23137EBFB0707EBF6DC47EBFE8
:10D75000580E7FBF6D4E7FBFAB847FBF0FB17FBFC1
:10D7600097D37FBF43EC7FBF11FB7FBF000080BF1B
:10D7700011FB7FBF43EC7FBF97D37FBF0FB17FBF4C
:10D78000AB847FBF6D4E7FBF580E7FBF6DC47EBF21
:10D79000B0707EBF23137EBFCCAB7DBFAC3A7DBFE4
:10D7A000C9BF7CBF283B7CBFCDAC7BBFBE147BBF59
:10D7B00002737ABF9DC779BF981279BFF85378BFBB
:10D7C000C58B77BF07BA76BFC6DE75BF0BFA74BFCD
:10D7D000DD0B74BF471473BF521372BF080971BFCA
:10D7E00073F56FBF9ED86EBF93B26DBF5E836CBF83
:10D7F0000C4B6BBFA7096ABF3CBF68BFD86B67BF44
:10D80000880F66BF59AA64BF5A3C63BF97C561BF02
:10D81000214660BF05BE5EBF532D5DBF1A945BBF3E
:10D820006AF259BF534858BFE59556BF31DB54BF24
:10D83000491853BF3D4D51BF207A4FBF029F4DBF86
:10D84000F8BB4BBF12D149BF65DE47BF03E445BFFC
:10D8500001E243BF70D841BF67C73FBFF9AE3DBFCC
:10D860003B8F3BBF426839BF233A37BFF30435BF14
:10D87000C9C832BFBB8530BFDE3B2EBF4AEB2BBFD2
:10D88000159429BF563627BF25D224BF996722BFDA
:10D89000CBF61FBFD17F1DBFC6021BBFC07F18BF05
:10D8A000D9F615BF2A6813BFCDD310BFDA390EBF22
:10D8B0006B9A0BBF9BF508BF824B06BF3D9C03BF15
:10D8C000E4E700BF275DFCBECBE0F6BEEA5AF1BE3E
:10D8D000BBCBEBBE7533E6BE4F92E0BE80E8DABE4E
:10D8E0004136D5BECA7BCFBE53B9C9BE15EFC3BE44
:10D8F000491DBEBE2A44B8BEEF63B2BED47CACBEE6
:10D90000128FA6BEE59AA0BE86A09ABE32A094BE93
:10D91000229A8EBE938E88BEC07D82BECCCF78BE4A
:10D920007F9A6CBE135C60BE011554BEC2C547BE73
:10D93000CF6E3BBEA2102FBEB5AB22BE834016BE3B
:10D9400087CF09BE73B2FABD2FBCE1BD36BDC8BDDD
:10D9500080B6AFBD04A996BD752B7BBD2EFB48BD1F
:10D960002BC316BDB10AC9BC920E49BC0000008091
:10D97000BCDA04087CD90408E0DA04084E31305FD0
:10D980005F637878616269763131375F5F636C61BC
:10D9900073735F747970655F696E666F4500000030
:10D9A0000000000070D9040855890308698903083C
:10D9B0000D9703080D970308E589030815890308E7
:10D9C000C989030885890308498903087374643A7F
:10D9D0003A6261645F657863657074696F6E0000B8
:10D9E000A8D9040804DA0408A8D9040824DA040829
:10D9F000BCDA040848DA0408FCD90408A8D90408E9
:10DA00005CDA04084E31305F5F6378786162697672
:10DA10003131355F5F666F726365645F756E77691C
:10DA20006E6445004E31305F5F637878616269767D
:10DA30003131395F5F666F726569676E5F65786304
:10DA4000657074696F6E4500537431336261645F51
:10DA5000657863657074696F6E0000005374396592
:10DA60007863657074696F6E00000000000000004C
:10DA7000F0D90408AD8D0308B98D0308B18D0308F2
:10DA8000BCDA04088CDA040870D904084E31305F1F
:10DA90005F637878616269763132305F5F73695FA6
:10DAA000636C6173735F747970655F696E666F45EF
:10DAB000000000000000000080DA0408F19503086F
:10DAC000059603080D9703080D970308E5890308D9
:10DAD00015890308DD9603085D960308219603085F
:10DAE000A8D90408E8DA0408537439747970655FBA
:10DAF000696E666F00000000BCDA040804DB0408ED
:10DB000070D904084E31305F5F637878616269765E
:10DB10003132315F5F766D695F636C6173735F741F
:10DB20007970655F696E666F450000000000000057
:10DB3000F8DA04083D970308519703080D97030886
:10DB40000D970308E589030815890308C59B030899
:10DB5000F59703086D970308494E4600696E660005
:10DB60004E414E006E616E003031323334353637FF
:10DB7000383961626364656600000000286E756C68
:10DB80006C29000065256C64000000004E614E00A9
:10DB9000496E66696E6974790000000042616C6CC0
:10DBA0006F632073756363656564656400000000DE
:10DBB0002E2E2F2E2E2F2E2E2F2E2E2F2E2E2F2E80
:10DBC0002E2F2E2E2F2E2E2F6E65776C69622F6CC6
:10DBD0006962632F7374646C69622F64746F612E61
:10DBE0006300000043000000504F534958000000FC
:10DBF0002E0000002E2E2F2E2E2F2E2E2F2E2E2FCB
:10DC00002E2E2F2E2E2F2E2E2F2E2E2F6E65776C32
:10DC100069622F6C6962632F7374646C69622F6D23
:10DC2000707265632E6300006E660000696E697431
:10DC3000790000002C2066756E6374696F6E3A205F
:10DC400000000000617373657274696F6E20222595
:10DC50007322206661696C65643A2066696C652090
:10DC6000222573222C206C696E652025642573257E
:10DC7000730A00002E2E2F2E2E2F2E2E2F2E2E2FFB
:10DC80002E2E2F2E2E2F2E2E2F2E2E2F6E65776CB2
:10DC900069622F6C6962632F7374646C69622F67A9
:10DCA00064746F612D6765746865782E6300000089
:10DCB000C9040181B0B0A9800000000008B1018151
:10DCC000B0B0008400000000B5B2FE7F81C914012D
:10DCD000B0B0B0AFFFFF011C66049E0A007204E200
:10DCE0000A00820104DE0A00880104B40A00C801A7
:10DCF000EC080000C9010181B0B0AC800000000058
:10DD00007DB2FE7FB0B0A800FFFF0100C901018114
:10DD1000B0B0AE830000000065B2FE7FB0AB04007F
:10DD2000FFFF011B7C04AC0600800504A20600A0D6
:10DD300005100000920604AC0600A8060C000000C6
:10DD400080C90181B0AB08B10000000031B2FE7F94
:10DD500080C90401B0B0B0AFFFFF01128C01D60240
:10DD60000000AA04048E08009A05FE0200000000CC
:10DD700008B10181B0B000840000000001B2FE7F54
:10DD8000B0B0AA00FFFF010C12020000261A7400B6
:10DD900078040000C9010181B0B0A8800000000033
:10DDA000DDB1FE7FAB08B100FFFF010848044E0063
:10DDB00052040000C90A0181B0B0A980000000002F
:10DDC000BDB1FE7F01AC0900FFFF010B709203AEF5
:10DDD0000400B80404000000A5B1FE7FB0AB080049
:10DDE000FFFF010B4A8202EE0200F802040000006D
:10DDF0008DB1FE7F81C90101B0B0B0AAFFFF010B58
:10DE0000D6010486060082061200000071B1FE7F72
:10DE1000B0A90600FFFF010C2004000032045A00E4
:10DE20004C18000059B1FE7FB0AC0D00FFFF010A95
:10DE300056049801009E01040000000041B1FE7FDD
:10DE4000B0AC0D00FFFF010A6C048C0200920204CA
:10DE50000000000029B1FE7FB0AF0E00FFFF010BF4
:10DE6000940104BA0300C0030400000008B101815A
:10DE7000B0B0008400000000C9060181B0B0AF84DA
:10DE80000000000085C90181B0AB08B100000000AE
:10DE9000EDB0FE7FB0B0A800FFFF0111AA030EB8DD
:10DEA0000300BC03040000C2031AB8030000000012
:10DEB00008B10181B0B0008400000000C1B0FE7F55
:10DEC000B0AA0100FFFF010B32C401FE0100820273
:10DED00004000000A9B0FE7FAB08B100FFFF0108FD
:10DEE00018163E004204000095B0FE7FAB08B1005A
:10DEF000FFFF0108200C540060040000C91A0181D2
:10DF0000B0B0AF820000000075B0FE7FB0AF02007D
:10DF1000FFFF0142FE010AD00800CC020CF4080009
:10DF20009C031EE2080082040EAC0900C804049E93
:10DF30000900880504900900C205048209008006D2
:10DF400004B40800B80604A60800860704C2080046
:10DF5000C407F6010000000025B0FE7FB0AF2A0024
:10DF6000FFFF010F0A460000EA0202C80300F203A5
:10DF70000400000008B10181B0B00084000000007E
:10DF800008B10181B0B000840000000008B1018137
:10DF9000B0B000840000000008B10181B0B000847E
:10DFA0000000000008B10181B0B000840000000052
:10DFB00008B10181B0B0008400000000C9020181F5
:10DFC000B0B0A9800000000008B10181B0B00084A9
:10DFD00000000000A9AFFE7FB0AF1200FF101901D2
:10DFE000101E98070000D80704A20901C408040005
:10DFF000000100000000000085AFFE7F00840200E9
:10E00000FF1019010C04060A010E04120520080075
:10E010000001007F00007D00000000000000000003
:10E0200008B10181B0B000840000000008B1018196
:10E03000B0B0008400000000C9080181B0B0AF801A
:10E040000000000039AFFE7FB0AF0400FF101901DF
:10E050000F320A3C01840142CC0100D401040000CB
:10E06000010000000000000015AFFE7FA908B1000C
:10E07000FFFF010008B10181B0B000840000000082
:0CE0800008B10181B0B000840000000075
:10E08C0034E7FB7F0100000094EAFB7FB0A902801B
:10E09C0028EBFB7FB0B0A88078EBFB7F0100000081
:10E0AC0084EBFB7FB0B0AA80B8EBFB7FAE71B28083
:10E0BC007CECFB7F0100000078ECFB7FAB3F3880F1
:10E0CC00D8ECFB7F01000000E0ECFB7FB0B0AA8035
:10E0DC001CEDFB7F01000000C8EDFB7FAA0DB28098
:10E0EC0044EEFB7FB0AF0880E4F0FB7F0100000042
:10E0FC00E8F0FB7FAD3F028064F3FB7F0100000082
:10E10C0040F5FB7F0084048054F5FB7F0100000088
:10E11C0050F5FB7FB0AD0480F4F7FB7FB0A8038013
:10E12C0018F8FB7F44FFFF7F1CF8FB7F48FFFF7F45
:10E13C0028F8FB7F01000000A0FCFB7FB0A8038047
:10E14C003CFDFB7F0100000050FDFB7FB0AF108059
:10E15C001CFEFB7FB0A8018050FEFB7FB0AA0D8097
:10E16C00B0FEFB7FB0A80180BCFFFB7F010000006C
:10E17C00A400FC7F30FBFF7FB801FC7F34FBFF7FEA
:10E18C00E401FC7FB0AA01800804FC7F01000000C0
:10E19C004005FC7FB0B0A880E005FC7FB0AF0A80E2
:10E1AC001C08FC7F010000005808FC7F10FBFF7F5F
:10E1BC00040EFC7F0100000060A9FC7FB0AB048062
:10E1CC00D4A9FC7FB0AD088028ABFC7F0100000017
:10E1DC0080ACFC7FB0A908808CADFC7F01000000F6
:10E1EC00ACADFC7FB0AB068018B0FC7F010000002A
:10E1FC0080B1FC7FB0AE0B8024B3FC7F010000002B
:10E20C00A4B3FC7FB0A80580D4B3FC7F0100000050
:10E21C00B4B6FC7FAD08B180F4B6FC7F0100000001
:10E22C0060B8FC7FA908B180A4B8FC7FAB08B180B2
:10E23C00A0B9FC7FB0A9048014BAFC7F01000000D7
:10E24C0058BBFC7FA4FAFF7FF8BBFC7F01000000E9
:10E25C0030BCFC7FA908B18004BEFC7FB0A805804F
:10E26C002CBEFC7F01000000C8BEFC7F88FAFF7F3B
:10E27C00D4BEFC7F0100000030C3FC7FB0A8058039
:10E28C006CC3FC7F0084048094C3FC7F01000000FD
:10E29C00E0C3FC7FB0B0A88044C4FC7FB0A8018070
:10E2AC00BCC4FC7F01000000E4C4FC7F54FAFF7F77
:10E2BC0034C8FC7F58FAFF7F68CBFC7F78FAFF7F6D
:10E2CC0054CDFC7FB0A9028004CEFC7FB0A80180A5
:10E2DC0084CEFC7F6CFAFF7F98D2FC7F88FAFF7F9C
:10E2EC0098D2FC7F010000000CD5FC7FB0B0A88058
:10E2FC0028D5FC7F0100000028D7FC7F74FAFF7F33
:10E30C00A4D7FC7FA908B180DCD7FC7F01000000FA
:10E31C0054D8FC7F74FAFF7FBCD8FC7F010000004E
:10E32C0024D9FC7F70FAFF7F7CD9FC7FA880C98040
:10E33C0008DAFC7F01000000B4DAFC7F6CFAFF7F86
:10E34C00BCDBFC7FB0A90880ACDCFC7FA880C9805A
:10E35C0028DDFC7F60FAFF7F70DFFC7F010000008E
:10E36C0038E0FC7F68FAFF7FC0E1FC7FA908B18030
:10E37C0010E2FC7F70FAFF7F40E5FC7F010000009B
:10E38C008CE5FC7FB0B0A88000E6FC7F01000000AB
:10E39C0074E6FC7FB0AA0180E8E6FC7FB0A801809F
:10E3AC003CE7FC7F01000000F8E9FC7FB0B0A880DE
:10E3BC009CEAFC7F0100000098EAFC7F008402804C
:10E3CC00D0EAFC7F0100000050EBFC7F34FAFF7FA9
:10E3DC00B4EBFC7F44FAFF7F50ECFC7F54FAFF7FD8
:10E3EC0068EDFC7F64FAFF7F3CEFFC7FAD08B180E9
:10E3FC00F4F2FC7F01000000A0F3FC7FB0B0AA8017
:10E40C00FCF3FC7FB0A90480C4F4FC7F0100000085
:10E41C0084F5FC7FB0A80180D4F5FC7FB0B0A88057
:10E42C00A8F6FC7F0100000054F7FC7FAC82C98089
:10E43C001CFDFC7F01000000C8FDFC7FA908B18019
:10E44C00ACFFFC7F01000000F802FD7F14FAFF7F97
:10E45C005003FD7F010000009803FD7F10FAFF7F41
:10E46C00180FFD7F010000008810FD7F0CFAFF7F64
:10E47C00F412FD7F010000000C13FD7FB0AA078091
:10E48C00AC13FD7F00FAFF7F8815FD7FB0B0B08024
:10E49C008815FD7F010000005417FD7FA881C980FD
:10E4AC008C19FD7F01000000201CFD7FB0AC0980A1
:10E4BC00841CFD7FB0AB0280601DFD7FB0B0A880D6
:10E4CC00DC1DFD7F01000000881FFD7FD8F9FF7F58
:10E4DC008C1FFD7FA908B180A41FFD7F01000000E7
:10E4EC000420FD7FAF08B180A020FD7F010000005B
:10E4FC007821FD7FB0AF0280F825FD7FB4F9FF7F56
:10E50C000027FD7F010000000027FD7FA908B180D6
:10E51C001028FD7FB0B0A8802C28FD7FB0AF048000
:10E52C008029FD7FA4F9FF7FC429FD7FB0B0AA80AC
:10E53C00102AFD7FA8F9FF7F782AFD7FB0B0A88054
:10E54C00C82AFD7FB0B0AA80242BFD7FA4F9FF7FE1
:10E55C003435FD7F010000003437FD7FA0F9FF7FCB
:10E56C00FC3BFD7F010000007440FD7FB0B0A88033
:10E57C00A841FD7F01000000EC46FD7FB0B0AA80F1
:10E58C00B047FD7FB0B0A880F447FD7F03AB168089
:10E59C007C48FD7FB0B0A880B448FD7F010000002E
:10E5AC00B448FD7FB0AA07807849FD7FB0AB0880E6
:10E5BC00D049FD7FB0AC07802C4AFD7FB0AB088002
:10E5CC00904AFD7FB0AF0A808C4BFD7FB0AB0880CA
:10E5DC00F04BFD7FB0AC0780484CFD7FB0AB0880A2
:10E5EC00884DFD7FB0A90680F04DFD7FB0B0A880AE
:10E5FC00044EFD7FB0AE0980B84EFD7F01000000D7
:10E60C007050FD7FB0AC0D801851FD7F40F9FF7F3D
:10E61C004053FD7FB0AB0680F055FD7F010000003C
:10E62C003456FD7FB0A908808C56FD7FB0A80980B8
:10E63C00C856FD7FB0AB0A802C58FD7F010000004E
:10E64C002858FD7FB0B0A8808858FD7FB0A90680FF
:10E65C00CC58FD7F01000000FC58FD7FB0AF0E8050
:10E66C00E05AFD7FB0B0AC80705BFD7FFCF8FF7FA3
:10E67C00705BFD7F00F9FF7F805BFD7F04F9FF7FFE
:10E68C00905BFD7F08F9FF7FA05BFD7F0100000020
:10E69C00A45BFD7F04F9FF7FB45BFD7F08F9FF7F6E
:10E6AC00C45BFD7F010000005C60FD7F0084028084
:10E6BC006460FD7FB0B0B0806460FD7FB0B0A880B6
:10E6CC007860FD7FB0B0B0807860FD7FE4F8FF7FAC
:10E6DC00B460FD7FB0B0B080B460FD7FB0A90280A3
:10E6EC00D060FD7FB0B0B080D060FD7FB0A902805B
:10E6FC00EC60FD7FB0B0B080EC60FD7FB0A9028013
:10E70C000861FD7FB0B0B0800861FD7FB0A90280C8
:10E71C002461FD7FB0B0B0802461FD7FB0A9028080
:10E72C004061FD7FB0B0B0804061FD7FB0A9028038
:10E73C005C61FD7FB0B0B0805C61FD7FB0A90280F0
:10E74C007861FD7FB0B0B0807861FD7FB0A90280A8
:10E75C009461FD7FB0B0B0809461FD7FB0A9028060
:10E76C00B061FD7FB0B0B080B061FD7FB0A9028018
:10E77C00CC61FD7FB0B0B080CC61FD7FB0A90280D0
:10E78C00E861FD7FB0B0B080E861FD7FB0A9028088
:10E79C000462FD7FB0B0B0800462FD7FB0A902803E
:10E7AC002062FD7FB0B0B0802062FD7FB0A90280F6
:10E7BC003C62FD7FB0B0B0803C62FD7FB0A90280AE
:10E7CC005862FD7FB0B0B0805862FD7FB0A9028066
:10E7DC007462FD7FB0B0B0807462FD7FB0A902801E
:10E7EC009062FD7FB0B0B0809062FD7FB0A90280D6
:10E7FC00AC62FD7FB0B0B080AC62FD7FB0A902808E
:10E80C00D062FD7FB0B0B080D062FD7FB0A9048033
:10E81C000063FD7FB0B0B0800063FD7FB0A90480C1
:10E82C003063FD7FB0B0B0803063FD7FB0A9048051
:10E83C006463FD7FB0B0B0806463FD7FB0A90280DB
:10E84C008063FD7FB0B0B0808063FD7FB0A9048091
:10E85C00B063FD7FB0B0B080B063FD7F01000000FD
:10E86C001064FD7FB0A801802C64FD7F01000000C6
:10E87C002065FD7FB0B0A8802C65FD7F01000000F5
:10E88C00C068FD7FB0B0A880CC68FD7F010000009F
:10E89C00D468FD7FB0AD04808C69FD7FB0AC038083
:10E8AC00946AFD7FB0AB0680F86AFD7FB0A9028048
:10E8BC00386BFD7FA908B180486BFD7FB0AC03803D
:10E8CC00C86BFD7FB0AB06804C6CFD7FB0B0AA80EE
:10E8DC00B46CFD7FB0AB06804073FD7FA880C9800F
:10E8EC006473FD7FA908B1808273FD7FA880C98005
:10E8FC00F673FD7F010000002074FD7FB0B0A8808E
:10E90C009474FD7FB0B0AE80CC75FD7F010000002B
:10E91C00A877FD7F0084088084B4FD7F010000008F
:10E92C00E4B4FD7FB0A9028038B5FD7FB0B0B080F3
:10E93C0038B5FD7FB0A9028094B5FD7FB0B0B08032
:10E94C0094B5FD7FB0A80180B4B5FD7FB0A902805D
:10E95C0008B6FD7FB0B0B08008B6FD7FB0A90280CC
:10E96C005CB6FD7FB0B0B0805CB6FD7FB0A9028014
:10E97C00B0B6FD7FB0B0B080B0B6FD7FB0A902805C
:10E98C0004B7FD7FB0B0B08004B7FD7FB0A90280A2
:10E99C0054B7FD7FB0B0B08054B7FD7FB0A80380F2
:10E9AC0074B7FD7FB0A90280C8B7FD7FB0B0B0804E
:10E9BC00C8B7FD7FB0A902801CB8FD7FB0B0B08095
:10E9CC001CB8FD7FB0A902806CB8FD7FB0B0B080E0
:10E9DC006CB8FD7FB0A803808CB8FD7FB0A9028015
:10E9EC00E0B8FD7FB0B0B080E0B8FD7FB0A9028088
:10E9FC0034B9FD7FB0B0B08034B9FD7FB0A90280CE
:10EA0C0088B9FD7FB0B0B08088B9FD7FB0A9028015
:10EA1C00DCB9FD7FB0B0B080DCB9FD7FB0A902805D
:10EA2C002CBAFD7FB0B0B0802CBAFD7FB0A80380AB
:10EA3C004CBAFD7FB0A90280A0BAFD7FB0B0B08007
:10EA4C00A0BAFD7F0100000038BBFD7FB0AC0F8089
:10EA5C005C52FE7F010000006C52FE7FB0A9028068
:10EA6C00BC54FE7F010000002C6EFE7FB0B0A8806D
:10EA7C00406EFE7FB0A902803C6FFE7F010000005B
:10EA8C00386FFE7FB0AD1680EC71FE7FB0A90880A8
:10EA9C007072FE7FB0A805809872FE7F01000000A6
:10EAAC001C73FE7FB0AF10800074FE7F010000006D
:10EABC000474FE7FB0AD16805475FE7FB0B0AA8092
:10EACC002076FE7FAB3F0880AC76FE7FAA05B28035
:10EADC004477FE7FB0A90680E877FE7FB0AA058058
:10EAEC008478FE7FB0A906800C79FE7FB0A90280E5
:10EAFC00547AFE7FB0AD1880047CFE7FB0AD1A80D6
:10EB0C00BC7DFE7FB0AD16800C7FFE7FB0A904806B
:10EB1C00647FFE7F01000000388FFE7FAD3F0480D4
:10EB2C00BC90FE7FB0AE07800892FE7F0100000013
:10EB3C005092FE7FB0A90680C492FE7FB0AB0480D9
:10EB4C001C93FE7FB0AA0580DC93FE7F01000000C1
:10EB5C002894FE7FB0A90880A094FE7F01000000DD
:10EB6C00E894FE7FB0AF0C807096FE7FB0A9068053
:10EB7C00BC96FE7F01000000D897FE7FB0AB0480EE
:10EB8C006098FE7FB0AA0180F098FE7FB0AF0A803B
:10EB9C00A49BFE7F01000000F09BFE7FB0A80580C7
:10EBAC00189CFE7F01000000609DFE7FB0AA0380D0
:10EBBC008C9DFE7F01000000509EFE7FB0AC078054
:10EBCC00F09EFE7F010000004CA0FE7FB0AB0280E7
:10EBDC00F8A0FE7F01000000F4A1FE7FB0B0AA8077
:10EBEC00ACA2FE7FD8F3FF7FF4A2FE7FAB08B1800E
:10EBFC0080A3FE7FD4F3FF7F20A8FE7FF0F3FF7F7E
:10EC0C0040A8FE7F010000004CA8FE7F08F4FF7FA7
:10EC1C004CA8FE7F0CF4FF7F58A8FE7F010000007B
:10EC2C0070A8FE7F00840280B4A8FE7F0100000063
:10EC3C0004A9FE7FB0A8018034A9FE7FB0B0A880E3
:10EC4C009CA9FE7F0100000088AAFE7FB0B0AC80BA
:10EC5C00ACAAFE7F0100000008ABFE7FB0AF0280C3
:10EC6C0088ABFE7FB0AF128050AFFE7FC0F3FF7F4A
:10EC7C00A8B0FE7F0100000000B1FE7FBCF3FF7F57
:10EC8C00DCB1FE7FD8F3FF7F50B2FE7F01000000A5
:10EC9C00719F0308290200080DEA0008911A020866
:10ECAC0025270208293F0308816A03087582030897
:08ECBC00C5870308ED8B030876
:04ECC4000102000841
:10ECC80000000003063800000000000000000000FB
:10ECD800000000000000000000000000000000002C
:10ECE800000000000000000000000000000000001C
:10ECF800000000000000000000000000000000000C
:10ED080000000000000000000000000000000000FB
:10ED180000000000000000000000000000000000EB
:10ED280000000000000000000000000000000000DB
:10ED380000000000000000000000000000000000CB
:10ED480000000000000000000000000000000000BB
:10ED580000000000000000000000000000000000AB
:10ED6800000000000000000000000000000000009B
:10ED7800000000000000000000000000000000008B
:10ED8800000000000000000000000000000000007B
:10ED9800000000000000000000000000000000006B
:10EDA800000000000000000000000000000000005B
:10EDB800000000000000000000000000000000004B
:10EDC800000000000000000000000000000000003B
:10EDD800000000000000000000000000000000002B
:10EDE800000000000000000000000000000000001B
:10EDF800000000000000000000000000000000000B
:10EE080000000000000000000000000000000000FA
:10EE180000000000000000000000000000000000EA
:10EE280000000000000000000000000000000000DA
:10EE380000000000000000000000000000000000CA
:10EE480000000000000000000000000000000000BA
:10EE580000000000000000000000000000000000AA
:10EE6800000000000000000000000000000000009A
:10EE7800000000000000000000000000000000008A
:10EE8800000000000000000000000000000000007A
:10EE9800000000000000000000000000000000006A
:10EEA800000000000000000000000000000000005A
:10EEB800000000000000000000000000000000004A
:10EEC800000000000000000000000000000000003A
:10EED80000000000FF0000002002002000000000E9
:10EEE800000000000C05002074050020DC0500204F
:10EEF800000000000000000000000000000000000A
:10EF080000000000000000000000000000000000F9
:10EF180000000000000000000000000000000000E9
:10EF280000000000000000000000000000000000D9
:10EF380000000000000000000000000000000000C9
:10EF480000000000000000000000000000000000B9
:10EF580000000000000000000000000000000000A9
:10EF68000000000000000000000000000000000099
:10EF78000000000000000000000000000000000089
:10EF88000000000000000000010000000000000078
:10EF98000E33CDAB34126DE6ECDE05000B0000003D
:10EFA8000000000000000000000000000000000059
:10EFB8000000000000000000000000000000000049
:10EFC8000000000000000000000000000000000039
:10EFD8000000000000000000000000000000000029
:10EFE8000000000000000000000000000000000019
:10EFF8000000000000000000000000000000000009
:10F0080000000000000000000000000000000000F8
:10F0180000000000000000000000000000000000E8
:10F0280000000000000000000000000000000000D8
:10F0380000000000000000000000000000000000C8
:10F0480000000000000000000000000000000000B8
:10F0580000000000000000000000000000000000A8
:10F068000000000000000000000000000000000098
:10F078000000000000000000000000000000000088
:10F088000000000000000000000000000000000078
:10F098000000000000000000000000000000000068
:10F0A8000000000000000000000000000000000058
:10F0B8000000000000000000000000000000000048
:10F0C8000000000000000000000000000000000038
:10F0D8000000000000000000000000000000000028
:10F0E8000000000000000000000000000000000018
:10F0F8000000000000000000000000000000000008
:10F1080000000000000000000000000000000000F7
:10F1180000000000000000000000000000000000E7
:10F1280000000000000000000000000000000000D7
:10F1380000000000000000000000000000000000C7
:10F1480000000000000000000000000000000000B7
:10F1580000000000000000000000000000000000A7
:10F168000000000000000000000000000000000097
:10F178000000000000000000000000000000000087
:10F188000000000000000000000000000000000077
:10F198000000000000000000000000000000000067
:10F1A8000000000000000000000000000000000057
:10F1B8000000000000000000000000000000000047
:10F1C8000000000000000000000000000000000037
:10F1D8000000000000000000000000000000000027
:10F1E8000000000000000000000000000000000017
:10F1F8000000000000000000000000000000000007
:10F2080000000000000000000000000000000000F6
:10F2180000000000000000000000000000000000E6
:10F2280000000000000000000000000000000000D6
:10F2380000000000000000000000000000000000C6
:10F2480000000000000000000000000000000000B6
:10F2580000000000000000000000000000000000A6
:10F268000000000000000000000000000000000096
:10F278000000000000000000000000000000000086
:10F288000000000000000000000000000000000076
:10F298000000000000000000000000000000000066
:10F2A8000000000000000000000000000000000056
:10F2B8000000000000000000000000000000000046
:10F2C8000000000000000000000000000000000036
:10F2D8000000000000000000000000000000000026
:10F2E8000000000000000000000000000000000016
:10F2F8000000000000000000000000000000000006
:10F3080000000000000000000000000000000000F5
:10F31800480600204806002050060020500600201D
:10F3280058060020580600206006002060060020CD
:10F33800680600206806002070060020700600207D
:10F34800780600207806002080060020800600202D
:10F3580088060020880600209006002090060020DD
:10F368009806002098060020A0060020A00600208D
:10F37800A8060020A8060020B0060020B00600203D
:10F38800B8060020B8060020C0060020C0060020ED
:10F39800C8060020C8060020D0060020D00600209D
:10F3A800D8060020D8060020E0060020E00600204D
:10F3B800E8060020E8060020F0060020F0060020FD
:10F3C800F8060020F80600200007002000070020AB
:10F3D8000807002008070020100700201007002059
:10F3E8001807002018070020200700202007002009
:10F3F80028070020280700203007002030070020B9
:10F408003807002038070020400700204007002068
:10F418004807002048070020500700205007002018
:10F4280058070020580700206007002060070020C8
:10F438006807002068070020700700207007002078
:10F448007807002078070020800700208007002028
:10F4580088070020880700209007002090070020D8
:10F468009807002098070020A0070020A007002088
:10F47800A8070020A8070020B0070020B007002038
:10F48800B8070020B8070020C0070020C0070020E8
:10F49800C8070020C8070020D0070020D007002098
:10F4A800D8070020D8070020E0070020E007002048
:10F4B800E8070020E8070020F0070020F0070020F8
:10F4C800F8070020F80700200008002000080020A6
:10F4D8000808002008080020100800201008002054
:10F4E8001808002018080020200800202008002004
:10F4F80028080020280800203008002030080020B4
:10F508003808002038080020400800204008002063
:10F518004808002048080020500800205008002013
:10F5280058080020580800206008002060080020C3
:10F538006808002068080020700800207008002073
:10F548007808002078080020800800208008002023
:10F5580088080020880800209008002090080020D3
:10F568009808002098080020A0080020A008002083
:10F57800A8080020A8080020B0080020B008002033
:10F58800B8080020B8080020C0080020C0080020E3
:10F59800C8080020C8080020D0080020D008002093
:10F5A800D8080020D8080020E0080020E008002043
:10F5B800E8080020E8080020F0080020F0080020F3
:10F5C800F8080020F80800200009002000090020A1
:10F5D800080900200809002010090020100900204F
:10F5E80018090020180900202009002020090020FF
:10F5F80028090020280900203009002030090020AF
:10F60800380900203809002040090020400900205E
:10F61800480900204809002050090020500900200E
:10F6280058090020580900206009002060090020BE
:10F63800680900206809002070090020700900206E
:10F64800780900207809002080090020800900201E
:10F6580088090020880900209009002090090020CE
:10F668009809002098090020A0090020A00900207E
:10F67800A8090020A8090020B0090020B00900202E
:10F68800B8090020B8090020C0090020C0090020DE
:10F69800C8090020C8090020D0090020D00900208E
:10F6A800D8090020D8090020E0090020E00900203E
:10F6B800E8090020E8090020F0090020F0090020EE
:10F6C800F8090020F8090020000A0020000A00209C
:10F6D800080A0020080A0020100A0020100A00204A
:10F6E800180A0020180A0020200A0020200A0020FA
:10F6F800280A0020280A0020300A0020300A0020AA
:10F70800380A0020380A0020400A0020400A002059
:10F71800FFFFFFFF000002004300000000000000A0
:10F7280000000000000000000000000000000000D1
:10F73800000000000000000043000000000000007E
:10F7480000000000000000000000000000000000B1
:10F75800000000000000000043000000000000005E
:10F768000000000000000000000000000000000091
:10F77800000000000000000043000000000000003E
:10F788000000000000000000000000000000000071
:10F79800000000000000000043000000000000001E
:10F7A8000000000000000000000000000000000051
:10F7B80000000000000000004300000000000000FE
:10F7C8000000000000000000000000000000000031
:10F7D80000000000000000004300000000000000DE
:10F7E8000000000000000000000000000000000011
:10F7F8000000000000000000F1AC0008815A000879
:10F8080000000000C8A10308F0DB040840DC04087D
:10F8180040DC040840DC040840DC040840DC040840
:10F8280040DC040840DC040840DC040840DC040830
:10F83800FFFFFFFFFFFFFFFFFFFFFFFFFFFF0000CE
:10F848000100415343494900000000000000000046
:10F8580000000000000000000000000000000000A0
:10F868000000415343494900000000000000000027
:10F878000000000000000000000000000000000080
:10F8880000000000FF000000AAAAAAAA00000000C9
:10F89800FF00000000000000FF0000000000000062
:10F8A800FF00000004000000080000000A0000003B
:10F8B8000200000000000000FF000000040000003B
:10F8C800080000000A00000002000000000000001C
:10F8D800FF00000005000000070000000A0000000B
:10F8E8000200000000000000FF000000050000000A
:10F8F800070000000A0000000200000000000000ED
:10F90800FF00000000000000FF00000000000000F1
:10F91800FF00000000000000FF00000000000000E1
:10F92800FF00000000000000FF00000000000000D1
:10F93800FF00000000000000FF00000000000000C1
:10F94800FF00000000000000FF00000000000000B1
:10F95800FF00000000000000FF00000000000000A1
:10F96800FF0000000B000000020000000000000083
:10F97800FF00000000000000FF0000000B00000076
:10F988000200000000000000FF000000000000006E
:10F99800FF00000000000000FF0000000000000061
:10F9A800FF00000000000000FF0000000800000049
:10F9B800040000000C00000002000000000000002D
:10F9C800FF00000008000000040000000C00000018
:10F9D8000200000000000000FF000000000000001E
:10F9E800FF00000000000000FF0000000000000011
:10F9F800FF000000070000000900000008000000E8
:10FA08000400000000000000FF00000007000000E4
:10FA180009000000080000000400000000000000C9
:10FA2800FF0000000000000032000000000000009D
:10FA380000000000000000000000000000000000BE
:10FA480000000000000000000000000000000000AE
:10FA5800000000003200000000000000000000006C
:10FA6800000000000000000000000000000000008E
:10FA7800000000000000000000000000000000007E
:10FA8800320000000000000000000000000000003C
:10FA9800000000000000000000000000000000005E
:10FAA800000000000000000000000000320000001C
:10FAB800000000000000000000000000000000003E
:10FAC800000000000000000000000000000000002E
:10FAD80000000000D89A0020989A002041FF0008F2
:10FAE80029FF000859FF00081DFF0008000000005A
:10FAF8006D0301087903010885030108BD030108A6
:10FB0800A1030108D9030108F50301081201000245
:10FB1800EF0201400912320D000301020301000047
:10FB28000403090412034D00530046005400310039
:10FB38003000300050000000006400400800000061
:10FB4800000000000000000300000F00000030006B
:10FB5800000101010000000000000000000000009A
:10FB68000024F40001000000018A0108A5890108A9
:10FB7800AD88010800000000A98701082D88010848
:10FB8800ED870108000000000000000000000000F0
:10FB98009D8A0108D5870108918A0108E187010833
:10FBA8001104010809026A00030100C032080B00B1
:10FBB80002020201000904000001020201000524FA
:10FBC8000010010524010001042402020524060096
:10FBD800010705820308001009040100020A000059
:10FBE80000070501024000000705810240000008E7
:10FBF8000B020100000006090402000200010000D7
:10FC080007050302400000070583024000000000CA
:10FC18000A0600020000004001000000F8F9002078
:10FC280000F8012000004041000000000A00000028
:10FC3800004000000002000000000C0800000C0852
:10FC4800000000000B00000000400000000200005F
:10FC580000000E0800000E084D9403087903000800
:040000050800D9DD39
:00000001FF
