:020000040800F2
:1000000000000220DDD9000845040108C9040108E8
:10001000DD040108FD0401080505010800000000D9
:10002000000000000000000000000000E1DA00080D
:100030000D0501080000000071DB00081105010832
:1000400031DA000831DA000831DA000831DA000864
:1000500031DA000831DA00081124020831240208DC
:100060005124020871240208912402081505010890
:1000700031DA00082105010831DA00082D050108F0
:10008000390501084505010831DA00085D05010858
:10009000690501087505010881050108B1240208F8
:1000A00031DA000831DA000831DA000831DA000804
:1000B00031DA000831DA000831DA0008C9E900084D
:1000C000D5E9000831DA000831DA000831DA000831
:1000D00031DA000831DA00088D05010831DA00084C
:1000E0003525020831DA000831DA000831DA000873
:1000F000DDE600089905010831DA0008510501081C
:1001000031DA000831DA0008D1E60008B505010847
:10011000C105010831DA000831DA000831DA0008D7
:1001200031DA000831DA000831DA000831DA000883
:1001300031DA0008000000000000000031DA000899
:1001400031DA000831DA000831DA0008E1E90008A4
:1001500031DA000831DA000831DA000831DA000853
:1001600031DA000831DA000831DA000831DA000843
:1001700031DA000885E700080000000000000000F8
:0801800031DA000831DA000851
:1001C0000348044B834202D0034B03B118477047E6
:1001D000A00F0020A00F00200000000005480649E5
:1001E0000B1AD90F01EBA301491002D0034B03B145
:1001F00018477047A00F0020A00F0020000000004B
:1002000010B5064C237843B9FFF7DAFF044B13B15E
:100210000448AFF300800123237010BDA00F00201D
:1002200000000000A498030808B5044B1BB1044962
:100230000448AFF30080BDE80840CFE700000000AD
:10024000A40F0020A498030810EE102AC2F3C7538D
:100250007F3B162B22F0004128DC002B18DB1A49CB
:1002600019410A4221D0DFED197A70EE277AF5EEB6
:10027000C07AF1EE10FA18DD002A04DA4FF400001B
:1002800040FA03F31A4422EA010300EE103A7047E1
:10029000DFED0E7A70EE277AF5EEC07AF1EE10FA05
:1002A00003DD002A08DB9FED0A0A7047B1F1FF4F1A
:1002B000FBD330EE000A7047FFEE007A002918BF2A
:1002C000B0EE670A704700BFFFFF7F00CAF24971B6
:1002D0000000000010EE103AC3F3C7527F3A162A0E
:1002E00010EE101A15DC002A0CDB0C4810410342FA
:1002F00005D04FF4800313410B4423EA000300EEC2
:10030000103A7047013203F00043F8D143F07E53B6
:10031000F5E7802AF3D130EE000A7047FFFF7F0037
:1003200008B52DED028BB0EE408A00F021F80E4B9F
:1003300093F9003001330BD0B4EE488AF1EE10FA95
:1003400006D6DFED0A8AB4EEE88AF1EE10FA02D49E
:10035000BDEC028B08BD00F023F888EEA80ABDECC6
:10036000028B2123036008BD14020020000000005E
:10037000B1EEC00A704700BF08B5062000F024FDAA
:1003800001200DF029FB00BF002301461A46184644
:1003900003F0A0BC13460A460146022003F09ABCB3
:1003A000014B1868704700BF1802002038B5084B91
:1003B000084D5B1B9C1007D0043B1D44013C55F8C5
:1003C00004399847002CF9D1BDE8384039F070BAAB
:1003D000B0E10408ACE1040870B50D4E0D4D761B7C
:1003E000B61006D0002455F8043B01349847A642C5
:1003F000F9D1094E094D761B39F054FAB61006D0E2
:10040000002455F8043B01349847A642F9D170BD49
:1004100084E1040884E10408ACE1040884E10408F0
:10042000024B0146186800F00BB800BF180200200C
:10043000024B0146186804F0F7BE00BF1802002006
:100440002DE9F04F01F10B06162E83B0044624D897
:10045000102900F2BA8000F005FC102618220220B4
:10046000B74F3A44A2F1080153688B4200F0BA80BA
:100470005A68D96822F003021A449D68E9608D60C9
:10048000516841F001012046516003F1080500F078
:10049000EBFB284603B0BDE8F08F36F0070600F10D
:1004A0009480B14200F2918000F0DCFBB6F5FC7F55
:1004B000C0F09681730A00F08F80042B00F26B81EC
:1004C000B30903F1390003F1380CC3009C4F3B44DE
:1004D000A3F108055B689D4206D10CE0002980F27B
:1004E0002B81DB689D4206D05A6822F00302911BE3
:1004F0000F29F3DD60463D69DFF848C265457CD0D1
:100500006A6822F00302931B0F2B00F37781002B04
:10051000C7E904CC80F26881B2F5007F80F01681D3
:10052000D308796801334FEA521E012202FA0EF213
:100530000A4357F833E0C5F808E007EBC301083970
:10054000E9607A6047F83350CEF80C5083100121EF
:100550009940914257D8114206D120F0030049003A
:10056000114200F10400FAD007EBC0094D4686465F
:10057000D5F80C80454508D119E1002B80F2208187
:10058000D8F80C80454500F01281D8F8042022F0FC
:100590000302931B0F2BF0DD2046D8E9025408EB31
:1005A000060146F00106C8F80460EC60A56043F05F
:1005B0000104C7E90411C1E902CC4C6048F80230DB
:1005C00000F052FB08F1080502E00C23236000252F
:1005D000284603B0BDE8F08F4FF4007340204FF081
:1005E0003F0C73E7D3689A4208BF02307FF440AFF4
:1005F0003D69DFF850C1654582D17A6883100121D9
:1006000099409142A7D9BD686B6823F0030846451D
:1006100003D8A8EB06030F2B7EDCDFF82C91D7F86C
:100620000824D9F800300132334405EB080A00F001
:100630002F8103F580530F3323F47F6B2BF00F0BC7
:100640005946204600F012FB411C024600F0EF80A4
:10065000824500F2EA80D9F804105944C9F8041020
:100660000B4600F04B81D7F8081401311BBFA2EBF9
:100670000A0A5344C7F80824C9F8043012F00703E3
:1006800000F01281C3F108010A44C3F5805193447C
:100690000831A1EB0B01C1F30B0A51462046019230
:1006A000009300F0E3FA421CDDE9003200F04B81D8
:1006B000831A03EB0A0BD9F80400BA604BF001036C
:1006C0000AEB0001BD425360C9F8041000F022811A
:1006D000B8F10F0F40F220816B68A8F10C0020F0F8
:1006E000070003F0010303436B604FF0050C2B1868
:1006F0000F28C3E901CC00F22D8153681546D9F8C3
:100700002C208A42D9F8302038BFC9F82C108A42F0
:1007100038BFC9F830108CE0AA1943F0010346F045
:1007200001066E602046BA60536000F09DFA0835FD
:10073000284603B0BDE8F08FD9681A449DE600BF93
:100740004806002050060020BC0F0020B2F5206FA4
:100750004FEA522363D3142B00F2B88003F15C01FB
:10076000C9005B3307EB010E7958AEF1080E8E45D8
:1007700000F091804B6823F00303934202D989680B
:100780008E45F7D1D1F80CE07A68C5E9021ECEF8A3
:100790000850CD60DAE6142B59D9542B00F29E8014
:1007A000330B03F16F0003F16E0CC3008EE60EF104
:1007B000010E1EF0030F05F108057FF4D9AE51E0DC
:1007C000424445465368D8F80C1043F00103536087
:1007D00055F8083F2046D9608B6000F045FAF7E6EF
:1007E000F00806F108023BE62A442046536843F02D
:1007F00001035360083500F037FAE9E6A9192046ED
:1008000046F0010643F001046E60C7E90411C1E936
:1008100002CC4C60AB5000F027FA0835D8E69309BB
:1008200003F13901C90038339CE7BD4260D0BD688F
:100830006B6823F0030B5E45ABEB060302D80F2B6E
:100840003FF76AAF204600F00FFA0025C0E603F13B
:100850005C0003F15B0CC30038E659F808394B45DE
:1008600040F0968010F0030F00F1FF30F5D17B6867
:1008700023EA01037B60490099423FF6C4AE19B9EF
:10088000C1E649000EF1040E1942FAD070466BE63B
:1008900003F1100BD4E69A104FF001087B6808FAB8
:1008A00002F21A437A6070E702EB0B014942C1F38E
:1008B0000B0A514620460193009200F0D7F9431CE1
:1008C000DDE900237FF4F4AE9A46F4E6542B26D8F3
:1008D000130B03F16F01C9006E3343E7B3F5AA7F31
:1008E00026D8F30B03F1780003F1770CC300EDE594
:1008F000D9F804305B44C9F80430B4E6CAF30B00FD
:1009000000287FF4B0AEBD6808EB0B0343F0010391
:100910006B60F4E61546F2E60123536092E7B3F507
:10092000AA7F21D8D30B03F17801C900773319E7E7
:1009300040F25452934221D8B30C03F17D0003F1ED
:100940007C0CC300C2E5083B9B44ABEB020B4FF0B1
:10095000000AB0E605F10801204604F065FCBD6818
:10096000D9F804106B68CAE640F254518B420BD898
:10097000930C03F17D01C9007C33F3E64FF47E73E1
:100980007F204FF07E0CA1E54FF47E717E23E9E6D7
:100990007B6870E7844641EA000313F003036DD1DE
:1009A000403A41D351F8043B40F8043B51F8043B32
:1009B00040F8043B51F8043B40F8043B51F8043B39
:1009C00040F8043B51F8043B40F8043B51F8043B29
:1009D00040F8043B51F8043B40F8043B51F8043B19
:1009E00040F8043B51F8043B40F8043B51F8043B09
:1009F00040F8043B51F8043B40F8043B51F8043BF9
:100A000040F8043B51F8043B40F8043B51F8043BE8
:100A100040F8043B51F8043B40F8043B51F8043BD8
:100A200040F8043B403ABDD2303211D351F8043B78
:100A300040F8043B51F8043B40F8043B51F8043BB8
:100A400040F8043B51F8043B40F8043B103AEDD227
:100A50000C3205D351F8043B40F8043B043AF9D278
:100A6000043208D0D2071CBF11F8013B00F8013B4B
:100A700001D30B8803806046704700BF082A13D358
:100A80008B078DD010F003038AD0C3F10403D21A70
:100A9000DB071CBF11F8013B00F8013B80D331F8A4
:100AA000023B20F8023B7BE7043AD9D3013A11F824
:100AB000013B00F8013BF9D20B7803704B7843708F
:100AC0008B7883706046704788420DD98B188342BB
:100AD0000AD900EB020CBAB1624613F801CD02F854
:100AE00001CD9942F9D170470F2A0ED8034602F181
:100AF000FF3C4AB10CF1010C013B8C4411F8012B75
:100B000003F8012F6145F9D1704740EA01039B07C3
:100B100050D1A2F1100370B501F1200C23F00F05A4
:100B200001F1100E00F11004AC441B095EF8105CDA
:100B300044F8105C5EF80C5C44F80C5C5EF8085CF1
:100B400044F8085C5EF8045C44F8045C0EF1100E96
:100B5000E64504F11004E9D1013312F00C0F01EB6A
:100B6000031102F00F0400EB031327D0043C24F020
:100B700003064FEA940C1E441C1F8E465EF8045B6D
:100B800044F8045FB442F9D10CF1010402F003020D
:100B900003EB840301EB840102F1FF3C4AB10CF149
:100BA000010C013B8C4411F8012B03F8012F614526
:100BB000F9D170BD02F1FF3C03469BE72246EBE70B
:100BC000830730B548D0541E002A3FD0CAB203462E
:100BD00001E0013C3AD303F8012B9D07F9D1032C26
:100BE0002DD9CDB245EA05250F2C45EA054536D964
:100BF000A4F1100222F00F0C03F1200EE6444FEA9C
:100C0000121C03F1100242E9045542E90255103268
:100C10007245F8D10CF1010214F00C0F03EB021233
:100C200004F00F0C13D0ACF1040323F003030433DE
:100C3000134442F8045B9342FBD10CF003042CB143
:100C4000CAB21C4403F8012B9C42FBD130BD644660
:100C50001346002CF4D1F9E703461446BFE71A46C1
:100C6000A446E0E7704700BF704700BF38B5074DA6
:100C70000022044608462A6018F0B6FC431C00D047
:100C800038BD2B68002BFBD0236038BDF00F00204F
:100C900038B5D0F8DC420CB1002038BD80210546C3
:100CA000FFF7CEFB0246C5F8DC0230B1031F7C32F1
:100CB00043F8044F9342FBD1EEE74FF0FF3038BDCD
:100CC0001F29F8B5054609D8D0F8DC620C4617464E
:100CD0004EB156F8240046F82470F8BD1623036080
:100CE0004FF0FF30F8BD8021FFF7AAFB0646C5F89C
:100CF000DC0240B1031F00F17C05002143F8041F12
:100D00009D42FBD1E5E74FF0FF30F8BD1F2938B514
:100D1000054621D8D0F8DC220C466AB152F82130C1
:100D200053B1012B16D0591C10D00025204642F893
:100D300024509847284638BD284600F003F922463B
:100D400001462846BDE8384000F0E6B816230360A7
:100D5000012038BD002038BD162303604FF0FF305E
:100D600038BD00BF1F292CD8D0F8DC2238B50C467E
:100D7000054682B152F8243002EB84024BB1591C73
:100D80001AD0012B16D0002520461560984728461A
:100D900038BD012038BD8021FFF752FB0246C5F85F
:100DA000DC0258B1031F00217C3043F8041F984235
:100DB000FBD1DFE7032038BD022038BD4FF0FF3004
:100DC00038BD4FF0FF30704738B5154B1F281D68F0
:100DD00020D8D5F8DC22044662B152F820304BB15D
:100DE000012B15D0591C0FD0002542F820509847F0
:100DF000284638BD284600F0A5F822460146284678
:100E0000BDE8384000F088B816232B60012038BDBB
:100E1000002038BD16232B604FF0FF3038BD00BFD7
:100E200018020020134B1F2870B51E6809D80D4604
:100E3000D6F8DC12044649B151F8240041F8245098
:100E400070BD162333604FF0FF3070BD80213046F7
:100E5000FFF7F6FA0146C6F8DC0240B1031F00F1C5
:100E60007C0C002243F8042F6345FBD1E4E74FF0EC
:100E7000FF3070BD1802002038B50C4B1D68D5F846
:100E8000DC420CB1002038BD80212846FFF7D8FA9B
:100E9000C5F8DC0238B1031F00F17C0243F8044FAF
:100EA0009342FBD1EEE74FF0FF3038BD180200202F
:100EB00038B5184B1F281D6828D8D5F8DC22044601
:100EC00082B152F8243002EB84024BB1591C1BD082
:100ED000012B17D00025204615609847284638BDBD
:100EE000012038BD80212846FFF7AAFA0246C5F83E
:100EF000DC0258B1031F00217C3043F8041F8342F9
:100F0000FBD1DEE7032038BD022038BD4FF0FF30B3
:100F100038BD00BF1802002070B50C46084D0346CE
:100F20000026204611461C462E600CF03DFD431C59
:100F300000D070BD2B68002BFBD0236070BD00BFBC
:100F4000F00F00200CF020BD08B410B5002A9DB0B1
:100F5000044633DB4FF40273ADF81430029106916E
:100F600020AB17D0013A4FF6FF7104920792ADF80B
:100F700016101F9A019302A900F032FB421C01DAFD
:100F80008B232360029B00221A701DB0BDE8104025
:100F900001B070474FF6FF7104920792ADF816103A
:100FA0001F9A019302A900F01BFB431C01DA8B235B
:100FB00023601DB0BDE8104001B070478B23036073
:100FC0004FF0FF30F5E700BF0CB410B51F4B002900
:100FD0001C689CB035DB4FF40273ADF814300290FE
:100FE00006901FAB18D001394FF6FF72049107919C
:100FF000ADF8162002A91E9A0193204600F0F0FADF
:10100000421C01DA8B232360029B00221A701CB061
:10101000BDE8104002B070474FF6FF72049107918F
:10102000ADF8162002A91E9A0193204600F0D8FAC6
:10103000431C01DA8B2323601CB0BDE8104002B0D2
:1010400070478B2323604FF0FF30F5E71802002034
:101050000EB410B59FB021AC4FF4017154F8042BBD
:101060000192ADF81C100490089000F009FA059068
:1010700009900B480B490C9100234FF6FF7C10930D
:101080001593019A0068ADF81EC0234604A9039485
:1010900001F004FD1FB0BDE8104003B0704700BF71
:1010A00018020020251100080CB430B59FB022AC06
:1010B0004FF4017354F8042B019205460846ADF82D
:1010C0001C300491089100F0DBF90C490C910346A7
:1010D000059309934FF6FF71002310931593ADF814
:1010E0001E10019A03942846234604A901F0D6FC59
:1010F0001FB0BDE8304002B0704700BF25110008A6
:1011000010B50C46B1F90E1005F072FA002803DB99
:10111000236D0344236510BDA38923F48053A38169
:1011200010BD00BF002070472DE9F0410C46B1F919
:101130000C101F46CB05054616460BD421F48051F2
:10114000A1813B46B4F90E1032462846BDE8F04175
:1011500002F040BDB4F90E100223002204F084FB1B
:10116000B4F90C10EAE700BF10B50C46B1F90E1047
:1011700004F07AFBA389421C0EBF23F4805343F48E
:1011800080532065A38110BDB1F90E1002F0D6BDC9
:10119000000000000000000000000000000000004F
:1011A000A2EB0300704700BF02780B78012A28BF2A
:1011B0009A42F5D16DE9044540EA0104CDE90267A0
:1011C0006FF0000C4FEA447212B380EA010414F08D
:1011D000070F6AD100F0070420F0070004F00305B0
:1011E00021F007014FEAC505F0E8042314F0040FCD
:1011F000F1E804670CFA05F462EA040266EA040600
:101200000AD063EA0403624667EA0407664603E01D
:10121000F0E80423F1E8046782FA4CF582EA060458
:10122000A4FA8CF46CBB83FA4CF583EA0705A5FAA3
:101230008CF595B950E9022351E9026782FA4CF521
:1012400082EA0604A4FA8CF483FA4CF583EA0705D3
:10125000A5FA8CF52543DBD09CB92DBAB5FA85F4F7
:1012600024F0070427FA04F1DDE9026723FA04F306
:1012700003F0FF0001F0FF01FDE80445A0EB0100D1
:10128000704724BAB4FA84F424F0070426FA04F16F
:10129000DDE9026722FA04F202F0FF0001F0FF012B
:1012A000FDE80445A0EB0100704714F0030F3CD1AA
:1012B00010F0030428D150F8082B51F8083B82FAAB
:1012C0004CF582EA0305A5FA8CF55DB950F8042CBB
:1012D00051F8043C82FA4CF582EA0305A5FA8CF534
:1012E000002DE8D02DBAB5FA85F424F0070423FACE
:1012F00004F122FA04F202F0FF0001F0FF01FDE820
:101300000445A0EB010070474FEAC40420F003003D
:1013100050F8082B21F0030151F8083B0CFA04F4B3
:1013200062EA040263EA0403C9E710F003041AD076
:10133000A1EB040120F00300E40750F8042B06D0D1
:101340000FD28B785FFAA2F4E41A06D12BB1CB78D6
:101350005FFAB2F4E41A00D11BB920465DF8104BD5
:10136000704701F1040150F8042BCC0721F0030170
:1013700051F8043B48D824D222F07F4482FA4CF53D
:1013800094EA1325A5FA8CF50AD165B951F8043B06
:1013900084EA0204B4EB036F0ED150F8042BEBE7A0
:1013A0004FEA132355E035F07F454DD10878FDE82D
:1013B0000445C0F1000070474FEA126203F0FF03DA
:1013C00047E002EA1C4482FA4CF594EA1345A5FA78
:1013D0008CF50AD165B951F8043B84EA0204B4EBF8
:1013E000034F0CD150F8042BEBE74FEA134330E0E6
:1013F00015EA1C4528D10B884FEA124229E04FEA32
:10140000124203EA1C4324E002F0FF0482FA4CF586
:1014100094EA1365A5FA8CF50AD165B951F8043B35
:1014200084EA0204B4EB032F09D150F8042BEBE754
:101430004FEA13630DE015F0FF0F05D10B684FEA7B
:10144000122223F07F4304E04FF00000FDE8044542
:10145000704712BA1BBA82FA4CF482EA0304A4FA67
:101460008CF5B5FA85F402FA04F203FA04F34FEAB4
:101470001260FDE80445A0EB136070470000000017
:1014800090F800F06DE9024520F007016FF0000CC4
:1014900010F0070491F820F040F049804FF000046C
:1014A0006FF00700D1E9002391F840F000F1080047
:1014B00082FA4CF2A4FA8CF283FA4CF3A2FA8CF37F
:1014C0004BBBD1E9022382FA4CF200F10800A4FAE6
:1014D0008CF283FA4CF3A2FA8CF3E3B9D1E904233A
:1014E00082FA4CF200F10800A4FA8CF283FA4CF371
:1014F000A2FA8CF37BB9D1E9062301F1200182FA2B
:101500004CF200F10800A4FA8CF283FA4CF3A2FA30
:101510008CF3002BC6D0002A04BF04301A4612BA3E
:10152000B2FA82F2FDE8024500EBD2007047D1E941
:10153000002304F00305C4F100004FEAC50514F0D0
:10154000040F91F840F00CFA05F562EA05021CBFA1
:1015500063EA050362464FF00004A9E7A2B330B581
:1015600040EA0104A40784460B462AD09CF80000F8
:101570000C7884422FD1012A0DD0E64660B11EF8C6
:10158000010F11F8014F6FEA0E03A042134422D15C
:101590001CEB0303F2D1002030BD0468194653F858
:1015A000045BA4F1013EAC4284462EEA040E00F135
:1015B00004000BD1043A84461946ECD01EF0803F5B
:1015C000E9D1032AE9D8D1E7104670479CF800001A
:1015D0000C78A042D1D0001B30BD00BF000000003D
:1015E0002DE9F04F2DED068BBBB08846914609934F
:1015F00009EE100A04F030F9036810931846FFF75B
:101600003FFFB8F80C300F90180604D5D8F810300A
:10161000002B00F0E7869FED867B0023CDE91E338B
:101620008DED0C7B2AAA0B931D9292460E9311937B
:10163000069399F80030002B00F087814C4604E0B7
:1016400014F8013F002B00F0C580252BF8D1B4EB36
:10165000090540F0C3802378002B00F07681002339
:101660004FF0FF3265788DF8573004F101091846C4
:10167000059207939B4609F10109A5F12002582A1A
:1016800000F2DA80DFE812F05E02D800D8005902DA
:10169000D800D800D800D800D800D8000C025402D6
:1016A000D80017021C02D8004F02590059005900F7
:1016B000590059005900590059005900D800D80064
:1016C000D800D800D800D800D800D800D800D8005A
:1016D00036026C01D8006C01D800D800D800D800C0
:1016E0006602D800D8007800D800D800D800D8000A
:1016F000D8006800D800D8007902D800D800D800F7
:10170000D800D800D800D800D800D800D8006B0284
:10171000CF016C016C016C019A02CF01D800D80096
:101720000E03D800F8027A00DD02D802D800B60213
:10173000D8006A00D800D8009F02A5F1300200212D
:1017400019F8015B01EB810102EB4101A5F13002C7
:10175000092AF5D9079190E74BF0100B1BF02001F7
:1017600000F05381099B073323F00703596853F8AE
:10177000080B099301230EE04BF0100B1BF0200126
:1017800000F03681099B073323F00703596853F8AB
:10179000080B0993002300248DF85740059A561C26
:1017A00000F08F822BF08006039650EA010640F08D
:1017B0008682002A40F00E83002B40F03C851BF00F
:1017C0000103089300F0AF8530238DF8A7300DF1A9
:1017D000A7069BE2B4EB090500F0B7801F9B2B44E2
:1017E0001F931E9B0133072BCAE900951E9305DC4E
:1017F0000AF1080A069B2B4406932CE719EE100AFF
:101800001DAA414606F038FD18B90DF1A80AF1E706
:10181000B046B8F80C3013F0400F069B18BF4FF0DD
:10182000FF33069306983BB0BDEC068BBDE8F08F06
:101830000000000000000000002B40F0E987002DB0
:1018400000F0838000238DF8573001238DF88050FD
:101850000493089320AE0023CDF80CB005930A93AF
:10186000039B13F0020302D0049A02320492039AFB
:1018700012F0840B05D1079A0499571A002F00F330
:10188000A0831F9C9DF857208AB11E9A0DF1570125
:1018900001320134CAF80010072A4FF001011F94E9
:1018A0001E92CAF8041000F3D9830AF1080A83B122
:1018B0001E9B16AA01330234CAF80020072B4FF0F2
:1018C00002021F941E93CAF8042000F3D6830AF183
:1018D000080ABBF1800F00F09982059B089AA3EBE0
:1018E000020BBBF1000F00F3D482039BDF0500F174
:1018F0001682089BCAF804301C441E9BCAF800607C
:101900000133072B1F941E9300F34E830AF1080A3C
:10191000039B5B0705D5079B049A9D1A002D00F3D6
:10192000B983DDE9063204998A42ACBF9B185B1883
:101930000693002C40F0E88200231E9399F80030B3
:101940000DF1A80A002B7FF479AE1F9B002B3FF40A
:1019500060AF19EE100A1DAA414606F08DFC58E74B
:10196000002B41F00680099B073323F00703B3ECFB
:10197000027B8DED0C7BDDE90C67099327F00043BA
:1019800008EE903A08EE106AB64B51EC180B4FF087
:10199000FF320AF087FC002840F0C784B14B51ECBD
:1019A000180B4FF0FF320AF05FFC002840F0BD84B6
:1019B00000220023304639460AF04CFC002840F053
:1019C000FC869DF85740A84E2BF080030393A74B4D
:1019D0000022472DC8BF1E460323CDE904320893D9
:1019E0000A92002C3FF43CAF049B0133049337E789
:1019F0001BF0100348D11BF0400145D0099A52F862
:101A0000040B0992194680B2C5E61BF0100341D1C0
:101A10001BF040013ED0099A52F8040B0992194676
:101A200080B20123B7E6002B40F0A7871BF0200F00
:101A3000099B68D0073323F007031A465B6852F806
:101A4000080B09921946002BC0F23D84059B013317
:101A500000F085852BF08003039350EA01039DF885
:101A6000574000F0E483DDF80CB00A2871F1000360
:101A700080F01085303001238DF8A700CDF80CB030
:101A800008930DF1A70641E1099B53F8040B099354
:101A90000B4680E6099B53F8040B099301237AE671
:101AA000099A52F8041B0791002980F2378407999C
:101AB00009924942079199F800504BF0040BDAE57E
:101AC000494611F8015B2A2D00F0C787A5F13002C5
:101AD000092A894698BF002100F23B8719F8015B6B
:101AE00001EB810102EB4101A5F13002092AF5D990
:101AF0000591C2E5002B40F044874BF0100B1BF022
:101B0000200F099B96D153F8040B09931BF0100F7B
:101B100040F0D4831BF0400F00F0D08340F3C0317D
:101B20000B4600B28FE799F800504BF0800BA2E50E
:101B300099F8005001232B209DE599F800504BF0B7
:101B4000010B98E599F8005000287FF494AD01232B
:101B5000202090E599F800504BF0080B8BE5099B8D
:101B600000228DF8572053F8042B099301238DF898
:101B700080200493089320AE6DE6002B40F0F186A0
:101B80003B4B0E931BF0200125D0099B073323F01C
:101B90000703596853F8080B09931BF0010F0BD08A
:101BA00050EA010308D030238DF858308DF8595091
:101BB0004BF0020B0223EEE50223ECE599F800500E
:101BC0004BF0400B57E5002B40F0C786294B0E9396
:101BD0001BF02001D9D11BF0100340F06A831BF0E9
:101BE000400100F06683099A52F8040B09921946E5
:101BF00080B2D2E7099C059B54F8046B00278DF84E
:101C00005770002E00F0E5845A1C00F0FC831A4641
:101C10003946304603F04CFF002800F08286831BD3
:101C2000089323EAE373099405979DF85740CDF88C
:101C30000CB004930A97D4E699F800504BF0200BAF
:101C400019E5099B53F8040B0993302378258DF887
:101C50005830084B0E934BF0020B8DF85950002171
:101C6000022398E5FFFFEF7F40D0040844D004082A
:101C700034A7030850D00408002B40F076861BF0F0
:101C8000200F40F099831BF0100F40F0F5831BF0FC
:101C9000400F00F0F183099B069953F8042B099338
:101CA0001180C6E499F800506C2D03BF99F80150DB
:101CB0004BF0200B09F101094BF0100BDBE4DDF8D0
:101CC0000CB0012B3FF4D1AE022B00F08B802AAE7A
:101CD00000F00703C00840EA4170C908303350EAF9
:101CE0000107324606F8013DF2D11BF0010F00F06A
:101CF0008780302B00F084803023023A06F8013CC4
:101D00002AAB9B1ACDF80CB008931646059B089A8F
:101D10009342B8BF1346049300230A9361E6652DEE
:101D200040F3FC80DDE90C01002200230AF088FA70
:101D3000002800F0EA811E9BAA4ACAF8002001335D
:101D400001340122072B1F941E93CAF8042000F3CC
:101D500016840AF1080A179B0B9A934203DB039B34
:101D6000D8077FF5D5AD0F9B109A1C44CAE9002314
:101D70001E9B1F940133072B1E9300F31C840AF152
:101D8000080A0B9B5D1E002D7FF7C2AD102D1E9B18
:101D9000954F40F3E88319EE10BA102605E00AF1DA
:101DA000080A103D102D40F3DE8301331034072B59
:101DB000CAE90076CDE91E34F1DD1DAA4146584638
:101DC00006F05AFA00287FF424ADDDE91E340DF147
:101DD000A80AE6E7012B00F06F85022BDDF80CB0B6
:101DE0007FF475AF0E9A2AAE00F00F030009D35CA2
:101DF00006F8013D40EA0170090950EA0103F3D1F8
:101E00002AAB9B1BCDF80CB008937FE7079B049A85
:101E1000A3EB020BBBF1000F7FF75FADBBF1100F1F
:101E20001E9A714F27DD2146102319EE104A06E055
:101E3000ABF1100BBBF1100F0AF1080A1ADD0132E9
:101E40001031072ACAE90073CDE91E21F0DD1DAA71
:101E5000414620460DF1A80A06F00EFA00287FF44C
:101E6000D8ACABF1100BBBF1100FDDE91E214FF028
:101E70001003E4DC0C4601325C44072ACDE91E2441
:101E8000CAF80070CAF804B000F387830AF1080AA0
:101E900023E5BBF1100F1E9A534F27DD2146102377
:101EA00019EE104A06E0ABF1100BBBF1100F0AF16E
:101EB000080A1ADD01321031072ACAE90073CDE998
:101EC0001E21F0DD1DAA4146204606F0D5F9002866
:101ED0007FF49FACABF1100BBBF1100FDDE91E21BD
:101EE0000DF1A80A4FF01003E4DC0C4601325C440B
:101EF000072ACDE91E24CAF80070CAF804B000F31E
:101F0000CA810AF1080AF0E419EE100A1DAA414636
:101F100006F0B2F900283FF40FAD7AE40B9B012BD9
:101F200040F366811E9DCAF800600135013401232B
:101F3000072D1F941E95CAF8043000F3CE810AF1D4
:101F4000080A0F9B109A01351C44072DCAE900238B
:101F5000CDE91E5400F3D4810AF1080ADDE90C0131
:101F6000002200230AF06CF9002840F069810B9BE5
:101F70000135013B01361C44072DCAF800601E954F
:101F8000CAF804301F9400F344810AF1080A119B37
:101F9000CAF8043001351C44072D19ABCDE91E5495
:101FA000CAF800307FF7B2AC19EE100A1DAA4146FC
:101FB00006F062F900287FF42CAC1F9C0DF1A80AF2
:101FC000A6E4102FDDE91E2139DD1293CDF84C90E7
:101FD0001024B1460B464646B8462F4619EE105A15
:101FE0000BE000BF88A80408A09A0308A8F1100815
:101FF000B8F1100F0AF1080A19DD0132BE49103399
:10200000072ACAE90014CDE91E23EFDD1DAA3146D7
:1020100028460DF1A80A06F02FF900287FF4F8AB46
:10202000A8F11008B8F1100FDDE91E23E5DC3D46EC
:1020300019464746129BB0464E46DDF84C90CAF80A
:10204000047001327C18072AAB49CAF80010CDE9A8
:102050001E2400F374820AF1080A13E419EE100A30
:102060001DAA4146129306F007F900287FF4D1AB70
:102070001F9C129B0DF1A80A19E419EE100A1DAA63
:10208000414606F0F9F800287FF4C3AB1F9C0DF120
:10209000A80A1EE4102D1E9B20DD19EE107A1026D2
:1020A00004E0103D102D0AF1080A17DD0133924AB1
:1020B0001034072BCAE90026CDE91E34F1DD1DAA34
:1020C000414638460DF1A80A06F0D6F800287FF4FC
:1020D000A0AB103D102DDDE91E34E7DC0133864A4C
:1020E000CAF804502C44072BCDE91E34CAF800204E
:1020F0007FF717AC19EE100A1DAA414606F0BCF88E
:1021000000287FF486AB1F9C0BE41799002940F34D
:10211000E181DDE90A379F42A8BF1F46002F0BDD92
:102120001E9B01333C44072BCAE900671F941E9392
:1021300000F3D7830AF1080A0A9D002FA8BFED1B00
:10214000002D00F37081179D0B9B9D4280F23E8114
:102150000F9B109A1C44CAE900231E9B1F94013355
:10216000072B1E9300F344830AF1080A0B9B0A9A7B
:102170005D1B9F1AAF42A8BF2F46002F0EDD1E9B8E
:10218000CAF80470013316443C44072BCAF80060B7
:102190001F941E9300F3B5830AF1080A002FA8BF0D
:1021A000ED1B002D7FF7B4AB102D1E9B534F40F35A
:1021B000DA8119EE10BA102605E00AF1080A103D7E
:1021C000102D40F3D08101331034072BCAE900767B
:1021D000CDE91E34F1DD1DAA4146584606F04CF803
:1021E00000287FF416ABDDE91E340DF1A80AE6E7FE
:1021F000039BDA073FF596AE1E9DCAF800600135D5
:1022000001340123072D1F941E95CAF804307FF76F
:10221000BCAE19EE100A1DAA414606F02DF80028A2
:102220007FF4F7AADDE91E540DF1A80AAFE6059B7D
:10223000002B40F041830023059308932AAE65E507
:102240000B9B5E1E002E7FF7A2AE102E2B4F40F38D
:10225000CB81CDF814904FF0100B19EE109A05E0D9
:102260000AF1080A103E102E40F3BC8101351034EB
:10227000072DCAE9007BCDE91E54F1DD1DAA4146B8
:10228000484605F0F9FF00287FF4C3AADDE91E5493
:102290000DF1A80AE6E719EE100A1DAA414605F05D
:1022A000EBFF00287FF4B5AA1F9C0DF1A80AFFF7E9
:1022B0001CBB099B53F8040B09936EE4C1170B4632
:1022C000002BBFF6C3AB40424FF02D0461EB410140
:1022D0008DF857400123FFF761BA19EE100A1DAAC5
:1022E000414605F0C9FF00287FF493AADDE91E549A
:1022F0000DF1A80A25E600BF909A0308A09A0308EA
:1023000019EE100A1DAA414605F0B6FF00287FF419
:1023100080AADDE91E540DF1A80A1FE699F80050C5
:102320000992FFF7A8B92AAEF0E4DDE90C010246F4
:102330000B4609F0B7FF002840F05183059B01339D
:1023400025F02003049300F0D982472B00F09C80F5
:10235000DDE90C014BF4807200290392C0F2328255
:102360009DED0C7B0027B0EE47AAF0EE67AA662D24
:1023700000F07A81462D00F07781B0EE4A0AF0EE47
:102380006A0A049B452B0ABF059B059C5C1C1BAB82
:10239000019318AB009319EE100A17AB22460221E5
:1023A00001F072FD672D064640F092821BF0010F8E
:1023B00000F0AC8134446FE1099B069853F8041B8C
:1023C0000993C217C1E90002FFF733B9039BD9078C
:1023D0003FF5BEAEDDE90A239F1A5D1BAF42A8BFE1
:1023E0002F46DBE619EE100A4021FEF729F8C8F85F
:1023F0000000C8F81000002800F03E834023C8F811
:102400001430FFF708B9304609940597CDF80CB0A1
:10241000FFF736F820EAE0739DF8574008900493E0
:102420000A97FFF7DEBA102D1E9BB54F40F3B88117
:102430003A460596474619EE106A4FF0100B904643
:1024400005E00AF1080A103D102D40F3A581013383
:102450001034072BCAE9008BCDE91E34F1DD1DAA2B
:102460003946304605F008FF002840F0A782DDE934
:102470001E340DF1A80AE6E7099B069953F8042BD0
:1024800011600993FFF7D5B8059B002B08BF012306
:1024900005935DE7CDF80C902AAEA1460A220023F1
:1024A00004460F460AF00AF9303206F8012D0023DF
:1024B000204639460A220AF001F90A2C77F1000376
:1024C000ECD22AAB9B1B4C460893DDF80C90CDF860
:1024D0000CB01BE41E9B8B4ACAF800200133013468
:1024E0000122072B1F941E93CAF8042000F3728167
:1024F0000AF1080A002940F08380039B0B9A03F03D
:10250000010313433FF404AA0F9B10991A19CAE957
:1025100000131E9B1F920133072B1E9300F37C8137
:102520000AF1080A0B99CAF8006001338C18072BCE
:10253000CDE91E34CAF804107FF7E8A934E519EE96
:10254000100A1DAA4146129305F096FE00287FF45A
:1025500060A91F9C129B0DF1A80AFFF793B99DF883
:102560005740FFF782BA01332C44072BCAF800709A
:10257000CAF80450CDE91E347FF7C8A914E519EE56
:10258000100A1DAA414605F077FE00287FF441A9F4
:102590001F9C0DF1A80AFFF7DEBB19EE100A1DAA59
:1025A000414605F069FE00287FF433A91F9C0DF118
:1025B000A80AFFF792B919EE100A1DAA414605F0C4
:1025C0005BFE00287FF425A91F9C0DF1A80AFFF7E8
:1025D000D8BB062B28BF0623CDE908344A4E049306
:1025E000FFF739B9DDF81490CAF8007001353444AA
:1025F000072DCDE91E54CAF804607FF7C6AC08E683
:102600000F9B10981A19CAE900031E9B1F920133F1
:10261000072B1E9300F300810AF1080A002981DAD2
:102620004D421031364F80F2B08119EE10BA1024AD
:1026300005E00AF1080A103D102D40F3A681013390
:102640001032072BCAE90074CDE91E32F1DD1DAA54
:102650004146584605F010FE00287FF4DAA8DDE96F
:102660001E320DF1A80AE6E7059CB0EE4A0AF0EE2C
:102670006A0A1BAB019318AB0093224617AB19EE05
:10268000100A032101F000FC064604193378302BB0
:1026900000F09781179B1C4451EC1A0B0022002379
:1026A00009F0CEFD002840F0B1801B9BA34206D26A
:1026B00030215A1C1B9219701B9B9C42F9D89B1B02
:1026C0000B93049B472B28D0662D40F0DE81179B8F
:1026D000059A0A93002B0BF0010B40F3F1805BEAA3
:1026E000020140F09F810A9B04930893002F00F0A1
:1026F000F3802D238DF8573000230593FFF774B92D
:10270000A09A030888A8040864D004081B9B9B1B9C
:102710000B93049B472B40F0B881179B0A93D91C5D
:1027200011DB059A93420EDCDDE90A329342C0F2D6
:1027300004811BF0010F40F0638123EAE3720492ED
:1027400008936725D2E7023D0A9A8DF86450531E1C
:10275000002B1793B6BFC2F101032B222D22092BA8
:102760008DF8652074DC30338DF8673030238DF8B8
:102770006630042311930B9A119B012A134408938A
:1027800040F34781089B0F9A1344089323EAE373AD
:10279000049300230A93A9E74246059EB8461746CC
:1027A00001332C44072BCDE91E34CAF80070CAF857
:1027B000045040DC0AF1080AC5E42D248DF8574086
:1027C000FFF701B901F100430AEE100A0AEE903A50
:1027D0002D27CCE519EE100A1DAA414605F04CFD47
:1027E00000287FF416A817991F9C0DF1A80A81E60E
:1027F00019EE100A1DAA414605F03EFD00287FF49F
:1028000008A8179D1F9C0DF1A80AAFE4234656E7C0
:102810008DF85700FFF713B819EE100A1DAA4146AC
:1028200005F02AFD00287EF4F4AFDDE91E32179989
:102830000DF1A80AF2E619EE100A1DAA414605F0AC
:102840001BFD00287EF4E5AF1F9C0DF1A80A7AE479
:102850000DF17304DFF840C2224610468CFB0321C1
:10286000DA17C2EBA10202EB8201A3EB4101303186
:1028700000F8011C19466329134600F1FF32ECDC15
:102880003033D9B2831E9C4202F8011C40F2F18021
:1028900013460DF1660201E013F8011B02F8011B5B
:1028A0009C42F9D10DF175030DF166021B1A134418
:1028B00019AA9B1A11935EE7DDF80CB0FFF7DAB89E
:1028C0005BEA020340F0B6800123049308930DE70E
:1028D000472D3FF46BAD6DE59DF857400597FFF729
:1028E00080B819EE100A1DAA414605F0C5FC002863
:1028F0007EF48FAF1F9C0DF1A80A1DE406230593FB
:1029000026E519EE100A1DAA414605F0B5FC00287F
:102910007EF47FAF179D0B9B1F9C5D1B0DF1A80ADA
:102920003CE4059B0994CDF80CB09DF85740049306
:10293000089305900A90FFF754B80F9A0B9B134425
:102940000A9A0893002A7DDD23EAE373049367253E
:10295000CCE600220592FEF790BE8DF85700FFF7F7
:1029600035B98DF85700FFF70BB98DF85700FFF711
:1029700086B98DF85700FEF7F6BF8DF85700FFF7C0
:1029800055B88DF85700FFF7B8B801332A44072B24
:10299000CDE91E32CAF80070CAF804507FF7C0AD06
:1029A00019EE100A1DAA414605F066FC00287EF4C7
:1029B00030AFDDE91E320DF1A80AB3E5B846FEF7E7
:1029C00028BF51EC1A0B0022002309F039FC002823
:1029D0007FF460AE059BC3F1010317935BE60D9B8B
:1029E0002B4E002BB8BF2D242BF080030393A8BFE0
:1029F0009DF85740274BB8BF8DF85740FEF7E8BF0A
:102A00000A9B0F9A1344089323EAE3730493672500
:102A10006CE61BF001020A927FF4B4AE23EAE37382
:102A2000049363E60F990B441A4422EAE273089276
:102A300004935BE60F9B01331A4422EAE273089287
:102A4000049353E60A9B089AC3F101031A4422EA4D
:102A5000E27308920493672548E6099A99F80150B1
:102A6000894652F8041B099241EAE1710591FEF78B
:102A700002BE022311937EE619EE102A0C23136086
:102A80004FF0FF330693FEF7CDBE179B0A935BE62C
:102A900048D004084CD00408676666662DE9F04FFC
:102AA0008B46B1F90C10ADF5317D8E04814608934B
:102AB00009D4DBF8643041F4005123F40053ABF83F
:102AC0000C10CBF8643092461AF8012B1392002AAE
:102AD00000F02A870023734F09930A9307939846BF
:102AE0000493BB5C13F0080372D1252A60D19AF8D5
:102AF00000001E461D46A0F125020AF10101532ADD
:102B000061D8DFE812F054006000600060006000EF
:102B1000710460006000600060006000AE00AE0004
:102B2000AE00AE00AE00AE00AE00AE00AE00AE0035
:102B30006000600060006000600060006000600095
:102B4000600060000D04BA006000BA006000600020
:102B500060006000320460006000040460006000F7
:102B6000600060006000600060006000A103600021
:102B7000600016046000600060006000600060009B
:102B8000600020040F04BA00BA00BA003C044604F6
:102B9000600060004D0460005A04060425046000D3
:102BA0006000280460002B0460006000A1038A46D6
:102BB000DBF80430002B3DDDDBF800301AF8012C87
:102BC0001978914225D004980DF5317DBDE8F08F3C
:102BD000DBF804200EE0DBF800301A78BA5C150749
:102BE00003F101030ED5DBF80420013ACBE90032F2
:102BF00008F10108002AEEDC5946484606F026F99D
:102C00000028E8D01AF8012B1392002A7FF469AF4C
:102C1000D9E70133CBF80030DBF80430013BCBF8C7
:102C200004301AF8012B139208F10108002A7FF4EE
:102C300058AFC8E75946484606F008F90028BBD007
:102C4000049A002A00F0CE86BBF80C3013F0400F37
:102C500018BF4FF0FF32049204980DF5317DBDE8A6
:102C6000F08F16F08F0FAED105EB850500EB450513
:102C7000303D9AF801008A463DE78A460424DBF895
:102C80000420002A40F3EE82720640F1F782621EB1
:102C9000032A00F2E786DFE812F0CC018701D300B7
:102CA000070000BFD59A03084846039302F0D4FDFD
:102CB0006A1E03680D93B2F5AE7F039B40F2F48366
:102CC0006FF4AE7C05EB0C02109240F25D15002211
:102CD00058A946F4F0660B910C46CDF838A0594639
:102CE0001192CB460F9206920C9203969A46914609
:102CF00008680278A2F12B0CBCF14E0F50D8DFE827
:102D00001CF0E6014F00E6014F004F008C029700D7
:102D100097009700970097009700970097009700FB
:102D20004F004F004F004F004F004F004F00DF019A
:102D30004F004F004F00680261024F004F00070232
:102D40004F004F004F004F00EE014F004F004F006B
:102D50004F004F00D8014F004F004F004F00D101EE
:102D60004F004F004F004F004F004F004F00DF015A
:102D70004F004F004F00680261024F004F000702F2
:102D80004F004F004F004F00EE014F004F004F002B
:102D90004F004F00D8014F004F004F004F00D101AE
:102DA0000D9B93F800C0944516D1039B9E0513D547
:102DB00023F420730393069B0C9304F8012B013D2D
:102DC0004A68013A002A08F101084A6040F3258365
:102DD00001300860002D8BD14A46D9468B460699B2
:102DE000039E5346DDF838A0002940F05A83013A8B
:102DF000012A40F2E9855A1E062A00F2A281022B1E
:102E000040F21986032B00F09C81043BDBB2DD43CA
:102E10000393254414F8011D5A46484605F0D6FF91
:102E2000A542F7D1039B08F1FF38A8EB030888E11E
:102E300019EB0A0FD0D1039B23F4C0730393BCE7B3
:102E40006B1EB3F5AE7F40F222836FF4AE72AB1807
:102E5000069340F25D1558AC00235946D346C2464E
:102E6000DDF81C800B9446F4586603930A681078CA
:102E7000A0F12B034D2B60D8DFE813F03B025F007D
:102E80003B025F005F00BF02C901C901C901C9015E
:102E9000C901C901C901410241025F005F005F0031
:102EA0005F005F005F005F004E004E004E004E006E
:102EB0004E004E005F005F005F005F005F005F003C
:102EC0005F005F005F005F005F005F005F005F000A
:102ED0005F005F005F002E025F005F005F005F0029
:102EE0005F005F005F005F004E004E004E004E002E
:102EF0004E004E005F005F005F005F005F005F00FC
:102F00005F005F005F005F005F005F005F005F00C9
:102F10005F005F005F002E02B8F10A0F0DDD26F49E
:102F2000386604F8010B4B68013B002B4B6040F303
:102F3000808201320A60013D98D1F005CDF81C80F5
:102F4000D046DA468B4607D50B9B9C4200F2B084F4
:102F50000B9B9C423FF437AE16F0100240F07A8291
:102F60000B99079B099D22704846A847B10600F1BE
:102F70006982720700F1358416F0010240F0628226
:102F8000B30740F15F82AE4B099999424846079BCF
:102F90000B9900F03C8504F0B5FF089B53F8042B17
:102FA0000893C2E9000152E2002D08BF4FF0FF353F
:102FB000F10700F18382F10640F13183DBF8003044
:102FC0001A78BA5C12073FF51DAE0133CBF800301A
:102FD000DBF80430012D03F1FF33CBF8043008BFD8
:102FE00008F101083FF40EAE012412E0DBF80030D6
:102FF0001A78BA5C160703F1010312D4CBF800303B
:10300000DBF804300134013BA542CBF8043000F07A
:103010006784002BEADC5946484605F017FF002874
:10302000E4D0A0441AF8012B1392002A7FF459AD82
:10303000C9E5002D08BF4FF0FF35F20700F13783D7
:10304000F00640F1A182DBF8003018AE1A78B25CCD
:10305000002A3FF4B8AD0133CBF80030DBF8043080
:10306000012D03F1FF33CBF8043011D1D9E7DBF8A0
:1030700000301A78B25C0133002AD2D0CBF800308D
:10308000DBF804300134013BA542CBF80430C8D052
:10309000002BECDC5946484605F0D8FE0028E6D067
:1030A000A044BFE7BAF1070F7FF496AE4FF0080ACD
:1030B00083E6BAF1060F7FF48FAE4FF0070A7CE685
:1030C000B9F1010F7FF488AE4FF0020975E6039B5A
:1030D0001E067FF581AE23F0800303936DE6B9F100
:1030E000000F40F0CD81069B33B9039B03F4E06CE5
:1030F000BCF5E06F00F0FE83BAF1010F03D0BAF126
:10310000040F7FF469AE0AF1010A5FFA8AFA54E605
:10311000BAF1000F40F0AB81069B002B40F0BA8162
:10312000039B03F4E06CBCF5E06F00F0DC834A46DF
:10313000013A012AD946039EDDF838A08B4640F2B9
:103140004384F00513D5710500F1518414F8011C76
:10315000652904F1FF3308F1FF3502D0452940F01D
:1031600033835A464846A8461C4605F02FFE16F003
:1031700010027FF447AD06F4C063B3F5806F227090
:1031800000F09F830F9B002B40F0518300220B998E
:10319000484604F061FCF20755EC104B02D4B3072B
:1031A00040F12583089B53F8042BC2E9004508939E
:1031B000049B1AF8012B139201330493002A7FF425
:1031C00090AC00E5BAF1020F7FF406AE4FF0030AAF
:1031D000F3E5039B03F4A06CBCF5806F06D05E059D
:1031E0007FF5FAAD069B002B00F0E583039B9B0562
:1031F00004D4069B0C9E11949B1B0F93039B23F4FA
:10320000F06646F4C073039300230693D5E50D4B97
:1032100026F4386633F9188083E6039BDE057FF5D4
:1032200007AE23F080030393069B01330693109BA4
:10323000002B3FF4C4AD109B013B1093C0E500BFD1
:1032400075800008B09A030846F40076984A0992FF
:1032500010220792DBF80420002A8A464FF003046C
:103260003FF712AD59464846039305F0EFFD039B27
:1032700000287FF4E5AC72063FF509ADDBF80010DD
:103280000A78BA5C10077FF502AD03935B460A46E5
:10329000C346A0461C4604E022601378FB5C190775
:1032A00014D56368013B002B0BF1010B636002F145
:1032B0000102F1DC2146484605F0C8FD002840F037
:1032C000F38122681378FB5C1907EAD42246039B3A
:1032D0004446D8469346DAE406F4C063B3F5007F6B
:1032E0007FF42BAE26F4007646F4A0664FF010086B
:1032F00017E633067FF521AE26F0800611E66D4B0A
:1033000033F91880B8F1080F3FF709AE15E646F01B
:103310000106674A099208228A4607920324AEE40E
:1033200046F00106644A09920A228A46079203245B
:10333000A5E418A8039303F05DFB46F04006039B49
:10334000824601249BE446F040068A46002496E427
:1033500046F408767AE78A46022490E4544A0992B1
:103360000A228A460792032489E430077FF42BACB3
:103370009AF8010046F002068A46FFF7BCBB320706
:103380007FF421AC9AF8010046F004068A46FFF764
:10339000B2BB494A099200228A46079203246EE48E
:1033A00034077FF410AC9AF801006C2800F090828A
:1033B00046F001068A46FFF79EBBF30600F1FE8148
:1033C000750700F12B82F40700F1B182B00740F1DC
:1033D000AE82089B53F8042B08934FEAE8738A46A1
:1033E000C2F8008053600DE435437FF4ECAB9AF8EB
:1033F000010010268A46FFF77EBB33057FF591ADAD
:10340000B8F1000F03D146F400764FF008087305B9
:1034100040F1C88126F4B06683E55846059105F071
:1034200015FD059900287FF4D7AC002D7FF460AC22
:10343000D2E44846059105F009FD059900283FF4BE
:103440007AAD7AE5089B53F8042B10600893049B2F
:10345000013304930B9B1AF8012B1392E41A039B7C
:1034600023449844002A7FF43CABFFF7ACBBBAF18D
:10347000030F3FF448AEBAF1050F3FF444AEABE49E
:10348000B9F1020F7FF438AE4FF0030995E4002341
:103490000693E0E45346039EDDF838A04A46D94639
:1034A0008B4626F48076A2E4002210920FE400BF3F
:1034B00075800008B09A03082D7D000816F01006EC
:1034C00040F07F81089B53F8042B03920893DBF8AC
:1034D00000301B78FB5C13F0080440F0DF81059698
:1034E000CDF818A002F090F9A0422E463FF4A8AB08
:1034F000DBE9003213F8011B013ACBE900320A9BE9
:1035000058A8032B015504F1010A16AD02D12B680E
:10351000042B04D0082200212846FDF751FB58AAAD
:10352000039900955346484602F054FA421C0A900B
:103530003FF486AB002840F0E481039A106002F06B
:1035400035F9002840F00B82D044013E059B002B4A
:1035500040F01882039A043203929A46DBF8043052
:10356000002B40F3ED81DBF800301B78FB5C180783
:1035700000F19281002E00F08F8102F045F954464F
:10358000A042B5D1FFF75CBBDBF8002008991378A7
:1035900051F8040B039018AE0591F35C002B3FF437
:1035A00012ABDBF80430013BCBF80430531CCBF8F2
:1035B00000300446137804F8013B012D21D0054466
:1035C00011E0DBF800301A78B25CD2B1DBF80420ED
:1035D000013ACBF804205A1CCBF800201B7804F8E1
:1035E000013BAC420DD0DBF80430002BE9DC59463E
:1035F000484605F02BFC0028E3D0039BA3423FF490
:103600001FAB039BE61A3FF4DEAA049B013304932D
:10361000059B08930023B0442370FFF7F3BA089B7F
:103620001A46DBF8003052F8046B03921A78BA5C41
:10363000100700F1EA81DBF80420013ACBF80420FE
:103640005A1CCBF8002034461B7804F8013B012DAE
:1036500000F0E181354412E0DBF800301A78BA5C02
:10366000110716D4DBF80420013ACBF804205A1CC9
:10367000CBF800201B7804F8013BAC4209D0DBF802
:103680000430002BE8DC5946484605F0DFFB0028F3
:10369000E2D0A61BB044049B01330493039B089320
:1036A00000232370FFF7AEBAA346FFF7C9BA16F09E
:1036B00010030B9340F09280089B53F8042B039265
:1036C0000893CDE905580A9CCDF830A0002602F0F9
:1036D0009BF8B0423FF4B4AADBE9003258A813F8D3
:1036E000011B8155013A032CCBE9003206F1010A96
:1036F0000DF1500803D1D8F80030042B04D0082273
:1037000000214046FDF75CFA039DCDF8008053464A
:1037100058AA2946484602F05DF9431C04463FF486
:103720008FAA002840F097802860054616AB082233
:10373000002118460A93FDF743FAB8490A9BD1F8CD
:10374000E0102A4648460D4612A9A847012800F075
:103750009A80002218AB9B5C002B00F01681069B20
:10376000032C5344069300F09180059B013B059385
:103770000B9B13B9039B04330393DBF80430002B3A
:103780004FF0000670DD059B002BA0D1DDF81880FE
:10379000DDF830A00A940B9B002B7FF433AA039A28
:1037A000136005E5069B26F4607613B1013B069392
:1037B0000135039B01330393FFF7B5BB8A46FFF73F
:1037C00021BA13AB039382E65A46484605F0FEFA47
:1037D000A8F1020514F8021CA31EC2E413AB039364
:1037E0006FE7089B53F8042B089310802FE6089E80
:1037F00056F8043B039310EE102A10EE100A2B46E5
:10380000294608F04FFD002840F00C81204629464B
:1038100008F0A6FD039B08961860C9E4089B53F8BE
:10382000042B08938A46A2F80080FFF7EBB9119C9D
:1038300021460A230131484604F078FA0F9BC21A48
:103840000DF2B3239C4228BF0DF2B22474492046E6
:1038500003F038F99AE4851C40F0FC80DBF8043072
:10386000002B56463FF733AF5946484605F0EEFA6F
:10387000002888D0DDF81880DDF830A00A94002EEA
:1038800089D0FFF7DDB99DF8482063E7D8F800300C
:10389000042B7FF46AAF6BE7DDE9056A002E7FF445
:1038A000B1A9039B1E60049B01330493FFF7AAB9DF
:1038B00014F8011C5A464846013C05F087FAFFF708
:1038C00047BB0C9B06998B42A3EB0102B8D15DE488
:1038D0009AF8020046F002060AF1020AFFF70BB955
:1038E000A844FFF78FB923F4F06303934FF0010A64
:1038F000FFF763BA23F4F06303934FF00109FFF776
:103900005CBA0A9B02333FF429AE039B186801F0AE
:103910004DFF20BB0A9B032BD0447FF416AE2B68CF
:10392000042B7FF412AE11E60492FFF74CB9089B0A
:1039300053F8042B8A46C2F800800893FFF762B957
:103940005946484605F082FA00283FF40CAE53462B
:10395000059EDDF818A0002B7FF472A99EE7534660
:10396000059EDDF818A0002B98D058AB1C44C3F17D
:10397000010514F801195A46484605F027FAE542B0
:10398000F7D18BE74FF0000AE8E55346DDF81880E1
:10399000DDF830A00A94002B3FF4FDAE58AB1E4476
:1039A000C3F1010416F801195A46484605F00EFA0B
:1039B000F442F7D1EFE64A465346D946039EDDF876
:1039C00038A08B46FFF713BA0B9DAC427FF6FBA8DD
:1039D00014F8011D5A46484605F0F8F9AC42F7D1F3
:1039E000FFF7F1B84FF0FF330493FFF7ECB80B9DEE
:1039F000AC427FF6E8A814F8011D5A46484605F087
:103A0000E5F9AC42F7D1FFF7DEB8344643E604F0FF
:103A100019FCFFF7C2BA08F101083CE6580A002079
:103A20006CD004086A48089603F02AF8039B83EDDB
:103A3000000AFFF7BDBB0B9A94427FF6C4A814F8A6
:103A4000011D5A46484605F0C1F90B9B9C42F6D130
:103A5000FFF7B9B8039B1B681D4601337FF466AEC0
:103A60002A4677E6012D38BF012516F0010415D14D
:103A7000F10679D4089C2B4654F8041BCDF800B00D
:103A80000122484605F000FA00283FF4D9A8049B1B
:103A90000894013380440493FFF7B4B816F0100380
:103AA000039308BF089BCDF814A004BF53F8046B20
:103AB00008934FF000040A9BAA4618BF00264D4603
:103AC000A146069301F0A0FE48453FF4B9A8DBE902
:103AD000002158AB12F8010B03F80900069B0139CD
:103AE000032BCBE9002109F1010916AC02D12368AF
:103AF000042B04D0082200212046FDF761F84B4634
:103B000058AA00943146284601F064FF421C03463F
:103B10003FF496A800283DD1039A02B93260C84408
:103B20000AF1FF3A039A02B90436DBF80420002AAE
:103B30004FF0000934DDBAF1000FC2D1DDF814A056
:103B40000A93A946039B002B3FF432ABFFF75AB808
:103B5000DBF800201A44CBF80020594648461C44A4
:103B6000ED1A05F073F978B9DBF804309D42EFDC0B
:103B70005B1BCBF80430DBF800302C441D44CBF841
:103B80000050A044FFF74EBA002C3FF459A8A044BF
:103B9000FFF748BA981C14D1DBF80420002A90DC07
:103BA00059462846069305F051F9069B0028C2D0D5
:103BB0004C46DDF814A00A93A946002CC2D0FFF7AA
:103BC0003FB8032BC844ABD12268042AA8D1A9E787
:103BD00028D1040838B50C46084D844611462046C5
:103BE0001A4600232B60644622F014F8431C00D0D0
:103BF00038BD2B68002BFBD0236038BDF00F0020B0
:103C000038B5334B1B6805460C460BB19A6B12B3A3
:103C1000B4F90C3018079AB225D5216900292DD0A6
:103C200012F0010007D00020A06060694042A0614E
:103C300039B1002038BD950758BF6069A0600029E0
:103C4000F7D1120658BF0846F4D543F04003A381CC
:103C50004FF0FF3038BD184601F076FAB4F90C3059
:103C600018079AB2D9D4D1062AD5520714D421699B
:103C700043F00803A3819AB20029D1D102F4207045
:103C8000B0F5007FCCD02146284601F003FEB4F900
:103C90000C3021699AB2C3E7216B51B104F14002A3
:103CA000914204D0284601F0BFFAB4F90C3000224A
:103CB000226321690022C4E9001223F02403D7E71C
:103CC000092243F040032A604FF0FF30A38138BD42
:103CD0001802002070B4184C2568D5F848411CB370
:103CE00065681F2D25DC38B9AB1C0135656044F8CB
:103CF0002310002070BC704704EB850C0228CCF820
:103D00008820D4F888614FF0010202FA05F246EAF1
:103D10000206C4F88861CCF80831E5D1D4F88C31BA
:103D20001343C4F88C31DFE705F5A674C5F84841A4
:103D3000D6E74FF0FF30DDE78C9A030838B5074D22
:103D40000022044608462A6009F00EFE431C00D0FB
:103D500038BD2B68002BFBD0236038BDF00F00204E
:103D60002DE9F04F03690C69A34283B0C0F287804C
:103D7000013C01F11405A30000F11408009355F86B
:103D8000243058F82420013381469A4208EB8400FD
:103D900005EB84070190B2FBF3F63BD30023AE465C
:103DA00040469B465EF804AB02681FFA8AFC06FB9D
:103DB0000C334FEA134C4FEA1A4A06FB0ACA1FFAA1
:103DC00083FCABEB0C0C1FFA8AF31CFA82FCC3EBEE
:103DD000124202EB2C421FFA8CFC4CEA024377455C
:103DE00040F8043B4FEA224B4FEA1A43DAD2009BD9
:103DF00058F8033073B9019B043B984504D307E09E
:103E0000984504F1FF3403D253F80429002AF7D06F
:103E1000C9F81040484602F07DF900282BDB013636
:103E20004046002355F8041BD0F800C08AB29A1A05
:103E30000B0C12FA8CF2C3EB1C4303EB224392B23D
:103E400042EA0342AF4240F8042B4FEA2343E9D24F
:103E500058F8242008EB84036AB9043B984504D33E
:103E600007E0984504F1FF3403D253F80429002AEF
:103E7000F7D0C9F81040304603B0BDE8F08F0020FD
:103E800003B0BDE8F08F00BF2DE9F04F2DED068B9C
:103E900095B08DED020B0191016C249D099259ECB6
:103EA000108B0446069341B1426C4A600123934053
:103EB0008B6001F073FE00232364B9F1000AB4BFE4
:103EC000012300232B607C4BBCBF2AF0004ACDF8B5
:103ED0000CA033EA0A0300F0B2809DED027B0022C1
:103EE00051EC170BB0EE479AF0EE679A002308F0FA
:103EF000A7F9074680B1069A01231360259B002B82
:103F000000F0DB826D481860431E0093009815B0E6
:103F1000BDEC068BBDE8F08F12AA13A92046B0EEC7
:103F2000490AF0EE690A02F04DFAB0EE498AF0EE65
:103F3000698A5FEA1A56054640F09980DDE91276F3
:103F40003E4406F23240202840F3AB83C0F14000EB
:103F50000AFA00FA06F2124028FA00F04AEA0000D3
:103F600007F08CFE0123013E0D93A1F1F871544B33
:103F7000002207F045FD4AA3D3E9002307F0F8FE2D
:103F800049A3D3E9002307F03DFD8046304689462A
:103F900007F084FE46A3D3E9002307F0E9FE0246BA
:103FA0000B464046494607F02DFD8046894608F0FD
:103FB0008FF90022834600234046494608F04AF91B
:103FC000002840F06D82BBF1160F00F25C823D4B81
:103FD00003EBCB03D3E9002351EC190B08F03AF9BA
:103FE000002875D00023BE1B0C93731E0BF1FF3B02
:103FF000049300F14F8200230893BBF1000F6EDAA7
:10400000089BCDF814B0A3EB0B030893CBF100038E
:104010000B93019B092B4FF0000B69D8052B40F344
:104020003E83043B01930026019B023B032B00F2DD
:104030009986DFE813F04E044B0443042604069AE5
:1040400042F20F73CAF3130A13605AEA08031DD130
:10405000259B002B00F07D861B4B00930833259A8F
:104060000098136015B0BDEC068BBDE8F08F18EE1C
:10407000903AC3F3130351EC190B43F07F510D97A2
:10408000A6F2FF36129F41F4401170E7259B002BEA
:1040900040F0DB830D4B009338E700BFAFF30080A7
:1040A00061436F63A787D23FB3C8608B288AC63F3E
:1040B000FB799F501344D33F0000F07F89A8040888
:1040C0000000F83FE89B030878D0040874D0040887
:1040D000BE1B731E049300F19A840C900890049BFD
:1040E0005B44CDE9043B00230B93019B092B95D93D
:1040F000002301264FF0FF3201930A96079209939D
:10410000079B0F9300216164204601F021FD009080
:10411000002800F02F86009B2364079B0E2B00F2E3
:10412000F980002E00F0F6800599002940F3718493
:10413000BD4B01F00F0203EBC2034FEA2118C90582
:10414000D3E9006740F10384B84B51EC190BD3E974
:10415000082307F037FF41EC180B08F00F084FF069
:10416000030AB8F1000F13D0DFF8C09218F0010F66
:1041700009D030463946D9E9002307F0F9FD0AF1A4
:10418000010A06460F465FEA680809F10809EDD101
:1041900051EC180B32463B4607F014FF41EC1A0B6A
:1041A0000C9B5BB157EC1A6BA14B1AEE100A002264
:1041B000394608F04FF8002840F05285504607F085
:1041C0006DFD53EC1A2B07F0D3FD9A4B002207F03C
:1041D00019FC079B8046A1F15079002B00F0F38376
:1041E000059B1093079B0E930A9B002B00F0C08445
:1041F0000E9A8D4B9049DDF800A003EBC20353E902
:104200000223002007F0DEFE42464B4607F0F8FB93
:1042100059EC1A8B41EC180B49461AEE100A08F0BB
:1042200057F8074607F03AFD02460B461AEE100A09
:10423000494607F0E5FB30370AF8017B53EC182BB1
:1042400006460F4608F006F8002840F055854FF066
:1042500000080AEE105ACDF844B055465BEC18AB96
:1042600008EE104A44462AE00E9B01349C424BDA89
:10427000724B50465946002207F07AFD6F4B0022E0
:1042800082468B463046394607F072FD89468046A5
:1042900008F01EF8074607F001FD02460B464046AF
:1042A000494607F0ADFB303705F8017B52465B46C7
:1042B00006460F4607F0CEFF002840F0188532462C
:1042C0003B465B49002007F09BFB52465B4607F0EC
:1042D000C1FF0028C8D0109B009A0593AA4618EE8B
:1042E000104A1AEE105A02E0924500F0EA84D146D4
:1042F0001AF8013D392BF7D00133DBB28AF80030D0
:10430000059B01330593ABE1DDF844B01AEE105A7A
:1043100018EE104A139B002BC0F29480059A0E2AC7
:1043200000F39080404B03EBC203D3E90089099B63
:10433000002B1BDA079B002B18DC40F05D83404B01
:1043400000224046494607F013FD02460B4651EC59
:10435000190B07F089FFDDF81CA05646002800F075
:10436000D082099BDDF80080DF43D2E242464B4613
:1043700051EC190B07F026FE07F0AAFF064683460C
:1043800007F08CFC42464B4607F0F2FC0B46024617
:1043900051EC190B07F034FBDDF800A03346303345
:1043A0000AF8013B079B012B00F08E834FF0010BB5
:1043B00008EE105A08EE904A1D465446DA461DE0B3
:1043C00042464B463046394607F0FCFD07F080FF79
:1043D000834607F063FC42464B4607F0C9FC0AF1EE
:1043E000010A0B4602463946304607F009FB0BF13D
:1043F0003003AA4504F8013B00F061830F4B002213
:1044000007F0B6FC0022002306460F4607F018FF0F
:104410000028D5D0A24618EE105A18EE904A059BF7
:1044200001330593D1461BE1E89B0308D89C0308A0
:104430000000F03F00001C400000E03F000024406E
:10444000000014400A9A002A3FD0019A012A40F342
:104450009C82079B03F1FF380B9B4345C0F26E82A1
:10446000A3EB0808079B002BC0F26683049A1A444A
:104470000492089A17461A4408920121204601F036
:1044800095FC064625E00123BE1B0C93731E049386
:104490007FF5B1ADC6F10103089300230493ACE5A9
:1044A000584607F0FBFB42464B4607F0C9FE002882
:1044B0007FF489AD0BF1FF3B85E5874B00930098B6
:1044C00015B0BDEC068BBDE8F08FDDF82C80089FA1
:1044D0000A9E002F0CDD049A002A09DD0899BA42D1
:1044E0001346A8BF3B46C91AFF1AD31A0891049372
:1044F0000B9BDBB10A9B002B00F08282B8F1000F0E
:104500000FDD31464246204601F02CFD2A46014689
:104510000646204601F078FC29460546204601F073
:104520003DFB0B9BB3EB080240F0008301212046CA
:1045300001F03CFCBBF1000F824600F3B780019B09
:10454000012B40F386814FF000080120BBF1000FE2
:1045500040F0B880049A104410F01F0000F09680DC
:10456000C0F12003042B40F3F883089BC0F11C002A
:1045700003440244089307440492089B002B05DD82
:1045800029461A46204601F04DFD0546049B002BA6
:1045900005DD51461A46204601F044FD82460C9B3B
:1045A000002B40F03781079B002B40F31E810A9BB4
:1045B000002B40F0A180059B01330593DDF80080BE
:1045C000DDF81C90012707E0294600230A22204637
:1045D00001F0EEFA0137054651462846FFF7C0FBC9
:1045E0004F4500F1300008F8010BEDDB079A002A77
:1045F000C8BF9346009AD8BF4FF0010B03469344BF
:104600000027294601222046019301F00BFD514667
:10461000054601F07FFD002840F3A5811BF8013C11
:10462000009A0BF1FF3B04E05A4500F0A7811BF80C
:10463000013D392B0BF10109F6D001338BF8003025
:104640005146204601F0AAFA56B12FB1B74203D025
:104650003946204601F0A2FA3146204601F09EFA82
:104660002946204601F09AFA002389F80030DDE956
:1046700005231A60259B002B3FF448AC0098C3F833
:10468000009015B0BDEC068BBDE8F08F1C20089B98
:1046900003440893049B0344074404936DE70126F5
:1046A000C2E4C0F1200008FA00F059E401465A467D
:1046B000204601F057FC019B012B824640F3D58137
:1046C0004FF00008DAF810300AEB8303186901F0A4
:1046D0001DFBC0F120003DE788A8040831460023F7
:1046E0000A22204601F064FA0F9B002B064640F395
:1046F0002383CDF814900793002F00F31881B8F1AD
:10470000000F40F0FC81B046029B009F079903F028
:1047100001027B1E1944019B0A92134308910993DD
:1047200051462846FFF71CFB31468346284601F0D8
:10473000F1FC424651468146204601F00DFDC2681B
:1047400001460BF13003002A42D10490284607931A
:1047500001F0E0FC04990290204601F01FFA029A51
:10476000079B1AB90999002900F0D682B9F1000F08
:10477000C0F28781019949EA01090A9951EA0901C0
:1047800000F07F81002A00F3E781089A3B7007F16F
:1047900001099742CB4600F0E581294600230A2211
:1047A000204601F005FA4645054631464FF0000324
:1047B0004FF00A02204612D001F0FAF941460646AF
:1047C00000230A22204601F0F3F94F468046A7E76E
:1047D0002046029301F0E2F9029B0122C6E701F0B4
:1047E000E7F94F46064680469AE7019B022B77DCA5
:1047F0000A9B002B80D1059B514601332846059327
:10480000FFF7AEFADDF800B000F130030BF8013B22
:104810000027F6E65146284601F07CFC0028BFF64A
:10482000C2AE294600230A22204601F0C1F9059BA9
:1048300003F1FF390A9B0546002B7FF44FAF0F9B16
:10484000002B40F370820793B8E6BD4B009303330F
:1048500005E4DDE9021200297FF475AEC2F313030B
:10486000002B7FF470AEB74B1340002B00F03D825D
:10487000089B01330893049B013304934FF0010814
:1048800063E601230A93099B059A13440F930133AE
:10489000012B1F460793B8BF01270021172F616422
:1048A0007FF732AC012204235B0003F11400B8420D
:1048B000114602F10102F7D9616425E401230A934C
:1048C000099F002F4ADD0F970797E6E700230A9319
:1048D000D9E700230A93F3E70F9BCDF814900793D1
:1048E000079B002B7FF43DAD51460522204601F089
:1048F0005FF901468246284601F00CFC00287FF74C
:1049000030AD0098059F3123804600F8013B013708
:1049100000905146204601F041F97B1CDDF80090E3
:104920000593CDF80080002E7FF496AE98E63146D0
:104930003A46204601F076FB0646E0E60B9BCDF8B2
:104940002C80A8EB03039B444FF000088AE54FF04E
:10495000020AB0EE498AF0EE698A02E40123099363
:104960000793FFF7CDBB03D1019BDB073FF556AEA5
:10497000D9461BF8013D302BFAD061E6059B009A21
:1049800001330593312313705AE60D9A002A00F083
:10499000638103F23343049ADDF82C801A440492B5
:1049A000089A17461A44089267E5504607F076F9C8
:1049B00053EC1A2B07F0DCF9634B002207F022F8C6
:1049C0008046A1F15079614B002251EC1A0B07F09F
:1049D00017F842464B4606460F4607F059FC00289A
:1049E00040F07F8130463946424609F1004307F0E6
:1049F00031FC00283FF48EAC4FF0000A5646B0E47C
:104A000029460B9A204601F0ADFA05468EE50C903A
:104A100040E500F04E81059A4D4B564206F00F02DC
:104A200003EBC203D3E9002351EC190B07F0A0F903
:104A3000361141EC1A0B00F08881464F00234FF0ED
:104A4000020AF20706D5D7E9002307F091F90AF127
:104A5000010A0123761007F10807F2D1002B3FF479
:104A60009FAB41EC1A0BFFF79BBB029B002B7FF423
:104A700027AEDDE90212C2F31303002B3FF4F3AEBD
:104A80001EE6002A12DD294601222046019301F08C
:104A9000C9FA5146054601F03DFB0028019B40F351
:104AA0003581392B00F013810BF13103B94609F838
:104AB000013B059B0133374605934646C0E5A246B8
:104AC00018EE105A18EE904A02460B4606F09AFF6E
:104AD00042464B4606460F4607F0DAFB60B94246AF
:104AE0004B463046394607F0ABFB00283FF497AC05
:104AF0005FEACB717FF593AC009AFFF7F8BB716862
:104B0000204601F025F80746002800F03A81336975
:104B100002339A0006F10C010C30FBF73BFF3946DB
:104B20000122204601F07EFA8046EDE52946204626
:104B300001F018FA0546F9E4DDE907239F1A9CE421
:104B400074D004080000F07F00001C4000001440F6
:104B5000E89B0308D89C0308392B00F0B880B946BD
:104B60000133A4E7059A013237460592464648E5E7
:104B70000E988D4901EBC00142464B4651E90201B6
:104B800007F0F6F85AEC1A9B41EC180B51461AEE56
:104B9000100A07F09DFB074607F080F802460B4617
:104BA0001AEE100A514606F02BFF06460E98DDF865
:104BB00000803037012808F8017B0F4600F0BA80EA
:104BC0000E9B009ACDF838B013449B46C246774BF3
:104BD00000223046394607F0CBF88946804607F078
:104BE00077FB074607F05AF8303702460B46404637
:104BF000494606F005FF0AF8017BDA4506460F46EE
:104C0000E5D1DA46DDF838B0694B59EC188B002253
:104C100018EE100A494606F0F5FE32463B4607F00C
:104C200019FB00286DD118EE102A4B466049002070
:104C300006F0E6FE32463B4607F02AFB00283FF42A
:104C400069ABD1460AF1FF3A19F8013C302BF8D094
:104C5000109B0133059303E5129BC3F136039AE6DB
:104C6000079B002B3FF4A1AE0F9B002B7FF752ABAD
:104C7000059A0E93013A4D4B10921AEE100A3946DE
:104C8000002207F075F8024616460F460AF10100A9
:104C900007F004F832463B4607F06AF8454B00221D
:104CA00006F0B0FE47EC1A6B8046A1F15079FFF791
:104CB0009BBA4FF0020AB0EE49AAF0EE69AAFFF7DC
:104CC0006FBA059B013305933123FFF717BB059B93
:104CD000BB4601330593392337460BF8013B464663
:104CE0009EE44FF0000A56460BE698462DE4AA468D
:104CF00018EE104A1AEE105A109B01330593D14654
:104D0000AEE4109B009A0593FFF7F1BA7FF4CEAEA4
:104D1000DA077FF5CBAEC4E6392BD8D0B9F1000F56
:104D20003FF7C2AEC2E6019B022B3FF7D5ADCDF8EF
:104D3000149060E5C24667E7019B022B3FF7CCADBC
:104D40000F9BCDF814900793D6E44FF0020AFFF7BB
:104D500027BA194B0093FFF7D9B83FF40EACC0F156
:104D60003C0094E4002666643146204600F0F0FEE4
:104D7000009068B9114B124800224FF4D57105F02C
:104D8000C5FF0E4B0E483A4640F2EA2105F0BEFF41
:104D9000009B236401224FF0FF3309960F930A9280
:104DA0000793FFF7B7BA00BFE89B03080000244051
:104DB0000000E03F00001C4078D0040884D00408C4
:104DC00098D00408B1F90C202DE9F0410C461107E8
:104DD000804647D4636842F40062002BA2815EDD06
:104DE000A56A002D58D00023D8F80060C8F800301C
:104DF00093B212F4805256D10123E1694046A8478C
:104E0000431C67D0A389A56A5F0705D56368C01AEC
:104E1000236B0BB1E36BC01AE169024600234046E5
:104E2000A847411C41D1D8F80030002B3DD01D2BA4
:104E300001D0162B56D1A3892269226023F4006386
:104E400000216160A381216BC8F8006021B304F1E7
:104E50004003994202D0404600F0E6F9002020636A
:104E6000BDE8F0812669BEB193B2256826609A0735
:104E70000CBF63690023AD1BA3600BE02B463246D9
:104E8000E169676A4046B847B0F1000CA5EB0C0534
:104E9000664417DD002DF1DC0020BDE8F081E36BF6
:104EA000002B9DDCF8E7206DAEE7B4F90C302269E9
:104EB000226023F40063A3810022DB046260C2D578
:104EC0002065C0E7A38943F040034FF0FF30A38182
:104ED000BDE8F081D8F80030002B93D01D2B06D010
:104EE000162B04D0A38943F04003A381D5E7C8F86B
:104EF0000060D1E738B50D46044608B1836B1BB19D
:104F0000B5F90C0030B938BD00F01EF9B5F90C0048
:104F10000028F8D029462046BDE83840FFF752BFA8
:104F200038B5B8B10F4B1D6804460DB1AB6B4BB132
:104F3000B4F90C0000B938BD21462846BDE8384018
:104F4000FFF740BF284600F0FFF8B4F90C00002836
:104F5000F1D0F1E7044B05491868BDE8384000F08E
:104F600001BC00BF180200208C9A0308F54E00080F
:104F700000207047014900F0F5BB00BF1DAE0008DE
:104F8000002070472DE9F84F2D4A4668C26300247F
:104F90000323C0E9B843074600F53B720423C0F879
:104FA000E8222146C6E902430822C6E90044C6E9D0
:104FB00004447466B46106F15C00FBF701FEDFF89F
:104FC0008CB0BD68DFF888A0DFF88890DFF88880B3
:104FD0001C4BC6F824A0C6E9076BC6F82890C6F893
:104FE0002C800822EB60C5E90044C5E904446C66E6
:104FF000AC60AC61214605F15C00FBF7E1FDC5E961
:10500000075BC5E909A9C5F82C80FD680E4BEB606C
:10501000C5E90044C5E904446C66AC60AC61214656
:10502000082205F15C00FBF7CBFD0123C5E9075B16
:10503000C5E90A98C5F824A0BB63BDE8F88F00BF96
:10504000754F00080900010012000200011100085C
:1050500029110008691100088911000870B568223B
:105060004D1E02FB05F50E4605F17401FBF7E8F94C
:10507000044640B100210C30C4E90016A06005F1DF
:105080006802FBF79DFD204670BD00BF274B2DE950
:10509000F0411E68B36B07465BB306F538764FF0F8
:1050A0000408D6E90134013B04D51EE05A1C04F182
:1050B00068041AD0B4F90C50013B002DF6D11C4BFA
:1050C0006566C4E90055C4E90253C4E90455A56105
:1050D0000822294604F15C00FBF772FDC4E90C5577
:1050E000C4E911552046BDE8F08135682DB12E4642
:1050F000D7E73046FFF746FFCFE74FF4D671384683
:10510000FBF79EF9044668B10560C0F804800C30D6
:105110002946A06025464FF4D072FBF751FD34605C
:105120002E46BEE70C2330603B60DBE78C9A030819
:105130000100FFFF024B0349186800F013BB00BFDA
:105140008C9A03081DAE0008836B03B1704719E702
:10515000704700BF704700BF704700BF704700BF77
:10516000024B0349186800F0DDBA00BF18020020A6
:10517000714F0008024B0349186800F0D3BA00BF12
:1051800018020020814F0008F8B5244F0C4606464F
:10519000FBF768FDBA685568C4F57E630F3325F0E8
:1051A00003052B4423F47F6323F00F03A3F58054FE
:1051B000B4F5805F07DB00213046FBF757FDBB6885
:1051C0002B44984204D03046FBF74EFD0020F8BD3A
:1051D00061423046FBF74AFD01300DD0104ABB68F2
:1051E0002D1B45F001055D60136830461B1B1360E5
:1051F000FBF73AFD0120F8BD00213046FBF736FDF4
:10520000BA68831A0F2BDEDD43F001035360054BB0
:1052100003491B68C01A0860D5E700BF4806002094
:10522000C00F0020500A0020002961D0F8B50C46BC
:105230000646FBF717FD54F8042C7B4FA4F1080534
:1052400022F0010105EB010CB868DCF80430604580
:1052500023F0030300F08B80D207CCF8043032D463
:1052600054F8082CAD1A1144AA6807F108008242CC
:105270006AD00CEB0304D4F804E0EC68D4601EF0B0
:10528000010FA26000F0978041F001036B60CCF841
:105290000010B1F5007F35D27A68CB0848090121AA
:1052A000013381401143796007EBC30257F8331093
:1052B000083AC5E9021247F83350CD603046BDE8E0
:1052C000F840FBF7D1BC0CEB03025268D00710D4B6
:1052D000194407F10800DCF80830834273D0DCF889
:1052E0000C20DA60936041F001036B606950D0E7F5
:1052F000704741F00103B1F5007F44F8043CCCF85D
:105300000010C9D3B1F5206F4FEA512348D28B0961
:1053100003F1390003F13802C300F818FB580838CC
:10532000984259D05A6822F003028A4202D99B68F7
:105330009842F7D1D868C5E902308560DD60304613
:10534000BDE8F840FBF790BC0CEB03025268D207B3
:1053500063D40B44DCE90212CA60916043F001029D
:105360006A603046EB50BDE8F840FBF77DBC0B446B
:10537000D10707D454F8082CAD1A1344D5E902120A
:10538000CA60916043F001026A60284ABD601268F9
:105390009A4293D8264B30461968FFF7F5FE8DE701
:1053A000142B0AD9542B1FD80B0B03F16F0003F1F8
:1053B0006E02C300B1E719448DE703F15C0003F10D
:1053C0005B02C300A9E741F00103C7E90455C5E941
:1053D00002006B60695071E779689210012404FA49
:1053E00002F20A437A60A6E7B3F5AA7F06D8CB0B90
:1053F00003F1780003F17702C3008EE740F25452C4
:10540000934206D88B0C03F17D0003F17C02C300AC
:1054100083E74FF47E737E227FE741F001036B60E8
:10542000CCF800104AE700BF48060020540A0020CC
:10543000BC0F00209368002B00F085802DE9F04F11
:10544000B1F90C300C461907804683B0174698B264
:1054500025D523691BB310F002033D682DD04FF012
:10546000000ADFF8BCB25646B9465E45334652469E
:1054700028BF5B464046002E52D0E169676AB847B4
:10548000002856DDD9F808301B1A8244361AC9F8AC
:105490000830002BE9D1002003B0BDE8F08F214691
:1054A0004046FEF7ADFB002840F03681B4F90C30E1
:1054B0003D6898B210F00203D1D110F0010944D137
:1054C0004E46009746B38205D4F808B040F1838079
:1054D000B3455A4600F2B28010F4906F40F0BF809E
:1054E000206801924946FBF7EFFAA368019AA3EB03
:1054F0000B012368A1601344B24623600026009B81
:105500009868A0EB0A00D14498600028C3D0B4F991
:105510000C0080B2002ED6D1D5E900960835D1E72F
:10552000D5E900A60835A0E721464046FFF7E2FC92
:1055300080B3B4F90C3043F040034FF0FF30A38147
:1055400003B0BDE8F08F002070471E46AA4699467A
:1055500018461D46009756B388B34A46D4E904134B
:105560002068B24228BF3246884205D9A16803EBC1
:10557000010B5A4500F3A680934263DCE169676A38
:105580002A464046B847B0F1000BD2DDB9EB0B0913
:10559000CAD00120009A9368A3EB0B035D44A6EBED
:1055A0000B069360002B3FF476AF002ED4D10AF1A6
:1055B000080353E902569A460833002EF9D03246C2
:1055C0000A21284600F074FA002800F09C8001307F
:1055D000A0EB0509C1E720682369984216D86369E2
:1055E000B34213D86FF00042B24228BF3246E1699D
:1055F00092FBF3F2676A02FB03F340464A46B84760
:10560000B0F1000A95DDA6EB0A0678E7B345DA4665
:1056100028BFB24652464946FBF756FAA3682268AD
:10562000A3EB0A035244A3602260002BEBD1214676
:105630004046FFF75FFC0028E5D07AE72068B346D4
:1056400032464EE729460192FBF73EFA019AA368DB
:105650009B1AA360236813442360934696E723684C
:105660002169A3EB010B636903EB430A0AEBDA7AC6
:105670000BF101034FEA6A0A33445345524684BF93
:105680009A46524643052CD511464046FAF7D8FEB5
:1056900000283BD05A4621690190FBF77BF9A2898B
:1056A000019B22F4906242F08002A28103EB0B0086
:1056B0002361AAEB0B03C4F814A0A3602060B346D7
:1056C00032460EE729465A46FBF7FEF923685B444B
:1056D000236021464046FFF70DFC00283FF456AFFB
:1056E00027E7404600F09AFF03460028DED12169F3
:1056F0004046FFF799FDB4F90C300C2223F08003EB
:10570000C8F8002017E7721C914627E70C22B4F96D
:105710000C30C8F800200EE74FF0FF30BCE600BFA9
:1057200000FCFF7F2DE9F041884600F53877002620
:10573000D7E90154013D0FD4A389012B05F1FF35B1
:1057400006D9B4F90E300133204601D0C0470643D4
:105750006B1C04F16804EFD13F68002FE8D130469C
:10576000BDE8F0812DE9F8430746884600F5387614
:105770004FF00009D6E90154013D11D4A389012B52
:1057800005F1FF3508D9B4F90E300133214603D0B5
:105790003846C04749EA00096B1C04F16804EDD1A2
:1057A0003668002EE6D14846BDE8F883002100F0B7
:1057B00001B800BFFF289DBF024BC05C00F008008D
:1057C00000207047D59A030842B110B50B49104626
:1057D0001446FBF7E9FC18B9094810BD08487047A2
:1057E00007492046FBF7E0FC0028F5D00549204694
:1057F000FBF7DAFC0028EFD0002010BDD0D0040861
:10580000CCD0040828D10408014B93F82801704734
:10581000580A002041B110B50C4620460A49FBF752
:10582000C3FC18B9094810BD08487047074920460D
:10583000FBF7BAFC0028F5D005492046FBF7B4FC7D
:105840000028EFD0002010BDD0D00408CCD0040830
:1058500028D10408F030704700487047480B0020FA
:1058600000487047480B002038B50C46084D844668
:10587000114620461A4600232B60644608F09CF827
:10588000431C00D038BD2B68002BFBD0236038BDF3
:10589000F00F00202DE9F0418B890C46990796B056
:1058A00008D504F143030122C4E90432236016B091
:1058B000BDE8F081B4F90E100029064627DB6A46E0
:1058C00005F092FB002821DB019D05F47045A5F54C
:1058D0000055B5FA85F54FF480686D094FF40067FF
:1058E00041463046FAF7ACFDB4F90C30F0B1204A2D
:1058F000F26343F08003C4F81480A3812060206128
:1059000035BB3B43A38116B0BDE8F081A38913F0FA
:10591000800519D04FF0400841463046FAF790FD17
:105920000025B4F90C302F460028E0D19A05BED4EA
:1059300023F0030304F1430243F002030121C4E90D
:105940000421A3812260B2E74FF480682F46C7E7A5
:10595000B4F90E10304605F08DFF10B9B4F90C30D3
:10596000CFE7A38923F0030343F001031BB2C8E789
:10597000754F000870B50C46B1F90E10002996B0AD
:1059800015461E4614DB6A4605F02EFB00280FDB89
:10599000019A02F47042A2F50052B2FA82F24FF478
:1059A000806352094FF4006032602B6016B070BD06
:1059B000B4F90C10002311F08000336004D04022B1
:1059C00018462A6016B070BD4FF480632B6016B085
:1059D00070BD00BF70B582B00546069C42B10C4E4A
:1059E0000094D6F8E460B047431C0BD002B070BD01
:1059F000074B0094D3F8E46011460123054AB047F1
:105A0000431CF3D100228A2322602B6002B070BDB8
:105A1000580A002028D1040870B51C46104B82B0EB
:105A20001D6861B113460A4601460E480094D0F83D
:105A3000E4602846B047431C0BD002B070BD094B50
:105A40000094D3F8E460084A01232846B047431C79
:105A5000F3D100228A2322602B6002B070BD00BF08
:105A600018020020580A002028D1040810B4034C62
:105A7000D4F8E440A4465DF8044B6047580A00207F
:105A800082B049B15AB16BB113780B601278101E15
:105A900018BF012002B0704701A9002AF3D11046B7
:105AA00002B070476FF00100F4E700BF0000000093
:105AB00001F0FF01102A2BDB10F0070F08D010F8BF
:105AC000013B013A8B422DD010F0070F42B3F6D1C3
:105AD000F0B441EA012141EA014122F007047FF0DC
:105AE00000070023F0E80256083C85EA010586EA33
:105AF000010685FA47F5A3FA87F586FA47F6A5FA6F
:105B000087F68EB9EED1F0BC01F0FF0102F007027A
:105B100032B110F8013B013A83EA010313B1F8D125
:105B20000020704701387047002D06BF3546033806
:105B3000073815F0010F07D1013015F4807F02BF3F
:105B4000013015F4C03F0130F0BC0138704700BF90
:105B5000C36C70B505460C464BB153F8240080B1B8
:105B6000026843F824200023C0E9033370BD2122DA
:105B7000042105F0F1F80346E8640028EDD1002087
:105B800070BD012101FA04F6721D9200284605F04D
:105B9000E3F80028F3D0C0E90146E4E731B1C36C73
:105BA0004A6853F82200086043F82210704700BF8B
:105BB000F0B50C69064683B00D4601F1140E0020C5
:105BC000DEF800101FFA81FC02FB0C334FEA134C85
:105BD000090C02FB01CC01309BB203EB0C43844265
:105BE0004EF8043B4FEA1C43EADC3BB1AA68A242F0
:105BF00007DD05EB8402013453612C61284603B0B4
:105C0000F0BD6968019301313046FFF7A1FF019BA8
:105C10000746B8B12A690193023205F10C019200DE
:105C20000C30FAF7B7FEF26C6968019B52F821005C
:105C3000286042F821503D4605EB8402013453614F
:105C40002C61DBE7024B03483A46B52105F05EF8CC
:105C500084D00408DCD004082DE9F8430C46284918
:105C60001F46164603F1080281FB0231092F4FEA55
:105C7000E2730546C3EB610339DD4FF0010C0021EF
:105C80004FEA4C0C634501F10101F9DC2846FFF7AE
:105C90005FFF014668B3089B4361092E4FF0010383
:105CA000036112DC0A340926B7420BDDBE1B264411
:105CB00014F8013B0A22303B2846FFF779FFA64241
:105CC0000146F5D10846BDE8F88304F10909C84644
:105CD000344418F8013B0A22303B2846FFF768FF9E
:105CE000A0450146F5D1A6F108044C44DCE70021AB
:105CF000CCE70A46034B0448CE2105F007F800BF65
:105D0000398EE33884D00408DCD00408030C1B046B
:105D1000D3B90004102310F07F4F04BF00020833F2
:105D200010F0704F04BF0001043310F0404F04BF67
:105D300080000233002805DB10F0804F03F10103DF
:105D400008BF2023184670470023E4E7036813F0D8
:105D50000702014607D0DA071FD4980721D55B0850
:105D60000B600120704798B2A0B11046DAB20AB9B0
:105D700008301B0A1A0704BF1B0904309A0704BF26
:105D80009B080230DA0703D45B0800F1010006D05B
:105D90000B6070471B0C1020E8E7002070472020A4
:105DA00070479B080B600220704700BF38B5C36C7A
:105DB00004460D464BB15868B0B102685A600022E3
:105DC0000123C0E90435C26038BD2122042104F05A
:105DD000C3FF0346E0640028EDD1094B09480022C7
:105DE0004FF4A07104F092FF1C220121204604F020
:105DF000B3FF0028F1D001220223C0E90123DEE72E
:105E000084D00408DCD004082DE9F04F0E69156930
:105E1000AE4285B08846144605DB2A462346354601
:105E20000C4616469846A3686168AF19BB42B8BFD6
:105E30000131FFF78DFE0190002800F08780019B63
:105E400003F1140909EB870AD14505D24B4600221C
:105E500043F8042B9A45FBD808F1140808EB860B8D
:105E600004F11403D8451A4603EB85055FD22B1BBA
:105E7000153B23F0030304331534A54238BF042334
:105E8000CDE902A7AC461F46924605E0000C29D199
:105E9000C34509F1040948D958F8040B85B2002D0F
:105EA000F4D056464C46002356F8040B216882B2C3
:105EB0001FFA81FE05FB02EE000C0A0C734405FB81
:105EC000002202EB13429BB243EA0243B44544F87A
:105ED000043B4FEA1243E7D849F8073058F8040C5E
:105EE000000CD5D0D9F80030544619464D46002252
:105EF0002688090C00FB06110A449BB243EA0243C0
:105F000045F8043B54F8046B2968360C8BB200FB4F
:105F1000063303EB1243A4454FEA1342E8D8C345C6
:105F200049F8073009F10409B6D8DDE902A7002FC6
:105F300002DC05E0013F03D05AF8043D002BF9D004
:105F4000019B18461F6105B0BDE8F08F034B044864
:105F5000019A40F25D1104F0D9FE00BF84D004081C
:105F6000DCD0040812F003032DE9F0411446064684
:105F700032D10D46A41020D0D6F84880B8F1000FD9
:105F800033D0E3074FF0000707D4641015D0D8F8DA
:105F90000000A8B18046E307F7D5424629463046BF
:105FA000FFF732FFB5B16968F36C641053F8212034
:105FB0002A6043F821500546E9D12846BDE8F08122
:105FC000424641463046FFF71FFFC8F80000076011
:105FD0008046E0E70546D8E7013B0F4A52F8232008
:105FE0000023FFF7E5FD0546C4E701213046FFF732
:105FF000AFFD804640B1012340F27122C0E9043276
:106000000023B0640360BCE7044B054842464FF4EC
:10601000A07104F07BFE00BFD89B030884D0040865
:10602000DCD004082DE9F0470C4690462669A368A9
:10603000496806EB6216751C9D4207464FEA6219D5
:1060400004DD5B009D4201F10101FADC3846FFF7F7
:106050007FFD8446002851D0B9F1000F00F11400F3
:106060000EDD09F105024FEA820E03460CEB8202B7
:10607000002143F8041B9342FBD1AEF114031844F2
:10608000216904F1140318F01F0803EB81012DD0DE
:10609000C8F1200986464FF0000A1A6802FA08F291
:1060A00042EA0A024EF8042B53F8042B994222FAD2
:1060B00009FAF2D80B1B153B23F00303043304F158
:1060C0001502914238BF0423BAF1000F18BF2E46C3
:1060D00040F803A0FB6C6268CCF8106053F8221003
:1060E0002160604643F82240BDE8F087043853F849
:1060F000042B40F8042F9942F9D8EBE7034B0448EE
:10610000624640F2D91104F001FE00BF84D00408B9
:10611000DCD004080B6984460069C01A16D10CF162
:10612000140C14310CEB830210B401EB830301E077
:10613000944508D252F8044D53F8041D8C42F7D010
:1061400005D24FF0FF305DF8044B704770470120D7
:106150005DF8044B704700BF2DE9F84F0F691369D4
:10616000FF1A002F0E4690467AD101F11405143221
:1061700002EB830205EB830301E09D4273D253F8E7
:10618000041D52F8044DA142F7D064D37168FFF7A3
:10619000DFFC8146002872D03569D8F81020C7602E
:1061A00008F1140E06F1140009F1140A06F1100C9E
:1061B0000EEB820200EB8507564600215EF8044B89
:1061C0005CF804BFA3B211FA8BF1CB1A210CC1EB1E
:1061D0001B4101EB23419BB243EA0143724546F860
:1061E000043B4FEA2141E9D8A2EB0804153C08F131
:1061F0001508424524F0030606F1040638BF0426BC
:10620000304424F0030238BF002287425244B24493
:1062100016D95646044654F8043B11FA83F10A1481
:1062200002EB134289B241EA0243A74246F8043B1B
:106230004FEA2241EFD87A1E101A20F0030252448E
:1062400023B952F8043D013D002BFAD0C9F8105093
:106250004846BDE8F88F334601274646984695E7FD
:10626000F9DB002792E70021FFF772FC814668B155
:1062700001220023C9E904234846BDE8F88F074BF3
:1062800007484A464FF4107104F040FD034B0448A0
:106290004A4640F2322104F039FD00BF84D00408A0
:1062A000DCD0040882B08DED000B154B019A134031
:1062B000A3F15073002B05DD0020194641EC100BB3
:1062C00002B070475B42B3F1A07F4FEA235208DA75
:1062D0004FF40023002043FA02F141EC100B02B00E
:1062E0007047143A1E2ADABF4FF0004323FA02F235
:1062F00001220021104641EC100B02B0704700BF94
:106300000000F07FF8B5046900F1140606EB840480
:10631000271F54F8045C2846FFF7F8FCC0F120035F
:106320000A280B6031DDBE421BD20B3854F8081C22
:1063300023D0C0F1200C854021FA0CF72F43A4F1A3
:10634000080547F07F53AE4243F4401336D28140F4
:1063500054F80C0C20FA0CF00843024643EC102BC6
:10636000F8BD0B3808D005FA00F040F07F5300204C
:1063700043F440130246F1E7014645F07F5343F4EE
:1063800040130A4643EC102BF8BDC0F10B0C25FA64
:106390000CF1BE4241F07F5338BF54F8081C00F1A5
:1063A000150034BF21FA0CF1002105FA00F043F486
:1063B000401340EA010243EC102BF8BD01FA00F053
:1063C0000246CBE72DE9F043884683B0012157EC24
:1063D000106B1546FFF7BCFB044600284FD0C7F3EF
:1063E0000A59C7F31303B9F1000F01D043F4801326
:1063F000002E019324D068460096FFF7A7FC0028E2
:1064000039D0DDE90013C0F1200203FA02F20A4399
:10641000C34062610193002B14BF02220122A361D9
:106420002261B9F1000F16D0A9F233430344C0F141
:106430003500C8F800302860204603B0BDE8F0837E
:1064400001A8FFF783FC019B6361012220302261D8
:10645000B9F1000FE8D104EB8203A0F23240C8F892
:1064600000001869FFF752FCC0EB4210286020467C
:1064700003B0BDE8F083009B6361019BCBE7034B56
:106480000348224640F20A3104F040FC84D004085C
:10649000DCD004082DE9F04383B00E466946074678
:1064A000FFF730FF01A9304655EC104BFFF72AFFEC
:1064B0003B693169591ADDE90023D31A03EB411313
:1064C000002B51EC100B0DDD05EB03594D46024638
:1064D0000B462046294605F075FD41EC100B03B034
:1064E000BDE8F083C3EB033301EB03573946EEE716
:1064F000172870B506460CDD0A490B4D0020002414
:1065000022462B4605F034FC013EF9D141EC100B3C
:1065100070BD064B03EBC006D6E9040141EC100B3D
:1065200070BD00BF0000F03F00002440D89B03086E
:106530000139491101F1010C116902F1140303EB56
:1065400081018B4200EB8C0C16D210B5A0F1040E29
:1065500053F8044B4EF8044F9942F9D88B1A153B67
:1065600023F0030304331844844504D9002340F87E
:10657000043B8445FBD810BD844505D9002340F871
:10658000043B8445FBD87047704700BF03694A113C
:10659000934200F1140009DA00EB830302E053F8A0
:1065A000042DCAB98342FAD80020704711DD11F0DA
:1065B0001F010ED010B450F8224000EB820324FAE1
:1065C00001F202FA01F18C420CD001205DF8044B7B
:1065D000704700EB8203E5E70120704753F8042D74
:1065E000002AF2D18342F9D800205DF8044B7047AD
:1065F00038B50C46084D8446114620461A460023FD
:106600002B60644607F0E0F9431C00D038BD2B68CE
:10661000002BFBD0236038BDF00F00202DE9F84F90
:106620001746002900F0988007F10B0580460C46BC
:10663000FAF718FB162D5DD810252A46AF425ED812
:1066400054F8041C21F003069642A4F1080962DA0A
:10665000BC4BD3F808C009EB0600844500F09780D6
:10666000D0F804C02CF0010303445B68DB0768D456
:106670002CF0030C06EB0C03934247DACB0710D443
:1066800054F8083CA9EB030ADAF8043023F00301BC
:106690008C44B444944580F211817318934280F283
:1066A000E88039464046F9F7CBFE0746E0B154F89A
:1066B000043C23F001034B44A0F10802934200F094
:1066C000D280321F242A00F2F580132A00F2AC8017
:1066D00003462246116819605168596092689A60B1
:1066E00021464046FEF7A0FD4046FAF7BDFA38467F
:1066F000BDE8F88F25F00705002D2A469EDA0C2309
:10670000C8F8003000273846BDE8F88F1E46D0E9AB
:106710000223D3609A60731B0F2B22D8D9F8043060
:1067200003F0010333434E44C9F80430736843F067
:106730000103736040462746FAF796FA3846BDE8EB
:10674000F88FC907ADD454F8083CA9EB030ADAF86E
:10675000041021F00301A0E7BDE8F84F1146F9F756
:106760006FBED9F8041001F001012943C9F80410E3
:1067700009EB05014E4443F001034B60736843F09D
:106780000103083173604046FEF74EFDD2E7DCF8A6
:10679000040020F0030B06EB0B0C05F11000844500
:1067A0004DDAC9073FF57DAF54F8081CA9EB010A83
:1067B000DAF8041021F003018B44B34458453FF745
:1067C0006CAF5746DAF80C1057F8080F321F242A1E
:1067D000C160886000F2DB80132A40F2D680216815
:1067E000CAF808106168CAF80C101B2A00F2DF8092
:1067F00008340AF110022168116061685160A168D3
:1068000091600AEB0501ABEB050242F001029960D1
:106810004A60DAF8043003F001031D434046CAF829
:106820000450FAF721FA6EE7236803606368436057
:106830001B2A68D804F1080200F108034AE709EBB3
:1068400005029A60ACEB050343F00103536054F872
:10685000043C03F001031D43404644F8045CFAF78E
:1068600003FA27464FE750F8043C23F003031E4485
:1068700051E75746DAF80C1057F8080F321F242A50
:10688000C16088604CD8132A48D92168CAF808101A
:106890006168CAF80C101B2A56D808340AF1100295
:1068A0001E462368136063685360A3689360D146F3
:1068B0003C4630E72146FAF707F911E7D0E9021321
:1068C0005746CB60996057F8081FDAF80C30CB6058
:1068D000321F242A99602DD8132A29D92368CAF88F
:1068E00008306368CAF80C301B2A42D808340AF111
:1068F000100322681A6062685A60A2689A6066464D
:10690000D1463C4607E7A3688360E368C360242A56
:1069100026D004F1100200F11003DBE63A46BFE78F
:10692000214638461E46D146FAF7CEF83C46F2E6F6
:106930003B46DEE7214638466646D146FAF7C4F8BC
:106940003C46E8E648060020A168CAF81010E16855
:10695000CAF81410242A20D010340AF118029FE734
:10696000236903616169416104F1180200F11803B0
:10697000B0E6A368CAF81030E368CAF81430242AD5
:1069800021D010340AF11803B3E73A4633E7214621
:106990003846FAF799F8164B33E72269CAF81820F7
:1069A0006269CAF81C2018340AF1200278E7A1684D
:1069B000CAF81010E168CAF81410242A0DD0103457
:1069C0000AF1180217E72369CAF818306369CAF890
:1069D0001C3018340AF120038BE72269CAF818200A
:1069E0006269CAF81C2018340AF1200203E700BFCC
:1069F00048060020F0B50C785E2C23D0002201F16F
:106A0000010C9646431E00F1FF0103F8012F8B4253
:106A1000FBD19CB18EF00102C64302550CF1010E70
:106A20001EF8013C2D2B714612D05D2B04D013B102
:106A30001C46F446F1E761460846F0BD0CF1FF3113
:106A40000846F0BD01224C7801F1020C9646D9E7C8
:106A50009CF801505D2DEBD0AC42E9DC671C0CF1D9
:106A6000020CC31903F8012BF1188D42FADC2B1B21
:106A7000013BAC42A8BF00230EF1020EDC19CFE7A8
:106A80009FED010A704700BF0000C07F0CB410B535
:106A90009CB01EAB6FF00044CDE90614029108498A
:106AA00053F8042B059102A901930494FAF798FD79
:106AB000029B00221A701CB0BDE8104002B0704763
:106AC0000802FFFF0EB410B59DB06FF000411FAB80
:106AD000CDE906010491094953F8042B0290084CB2
:106AE0000868019302A90594FAF77AFD029B002237
:106AF0001A701DB0BDE8104003B0704718020020A6
:106B00000802FFFF000000002DE9F04F1C462DEDAC
:106B1000048B9D4B1B689FB0002582461846884613
:106B200007921A950893FAF7ABFC002183460020E0
:106B3000CDE90401CDF864804246174612F8013BC6
:106B40002D2B2FD8DFE813F0A4002E002E002E00EE
:106B50002E002E002E002E002E00B400B400B40033
:106B6000B400B4002E002E002E002E002E002E00A9
:106B70002E002E002E002E002E002E002E002E00A5
:106B80002E002E002E002E00B4002E002E002E000F
:106B90002E002E002E002E002E002E002E000E04A1
:106BA0002E00040400220992302B00F08380002282
:106BB0000C922F2B1C4640F24D854FF000093846B1
:106BC0004E464D4612E00130082D1990C8BF09EB22
:106BD00089090478C6BF03EB4903A3F13009A2F188
:106BE00030062F2C05F10105234674DD06EB8602E5
:106BF000392C03EB4202E6DD08995A46FAF7AEFC5F
:106C00000346002835D1199A11465A44199211F8B1
:106C10000B40002D40F0A985302C40F06185C2F179
:106C200001015318013219921478302CF9D0A4F1D3
:106C30003102082A00F24383A4F1300E199C03F1BB
:106C4000010B0023012527460A9306EB86060EEB6F
:106C500046060023621C19926478A4F130010929C8
:106C600000F2F18201338E46002940F0D284199C53
:106C7000F0E70023652C0A959B469E4601D0452CE3
:106C800036D1002D40F085800C9A1A4340F0808068
:106C9000079B9FED3B8B13B1079BC3F80080B0EEC1
:106CA000480AF0EE680A1FB0BDEC048BBDE8F08F17
:106CB000199242E77B7803F0DF03582B00F08D84B4
:106CC000013719973B78302BFAD0002B00F0D38096
:106CD00001220C926DE708995A46FAF73FFC0346E9
:106CE000002800F0DB800A954FF0000B5B46DE4683
:106CF00000220D92002D00F098800A9A1346002A77
:106D000008BF2B4630460A9304F0B8FF0B460246F4
:106D1000CDE904230D9B102DA3EB0B032C46A8BF3C
:106D20001024092D0C9314DD184B03EBC40353E915
:106D3000122305F01DF8024648469046894604F0A5
:106D40009DFF02460B464046494604F05BFECDE9F6
:106D500004010F2D00F3AB800C9B002B00F034845A
:106D60000C9B40F38283162B40F3F1840C9AC5F1FF
:106D70002503934280F204850C9B2C1B1C449CE051
:106D80000000000000000000B49E0308E89B030818
:106D90000025DDF8648008F10102199298F801409D
:106DA0002B2C00F089822D2C00F01D8200220892ED
:106DB000A4F13002092A00F21182302C05D1199A6F
:106DC000013219921478302CFAD0A4F13102082A39
:106DD0008ED819990D914A1C1992A4F130004C7863
:106DE0002F2C09DC00F044BC013219929CF80140C0
:106DF0002F2CA1F1300006DD00EB8001392C9446E8
:106E000004EB4101F0DD0D99521A082A40F3308459
:106E100044F61F620D92089A002A3FF46BAF0D9A58
:106E200052420D92002D7FF468AF0C9A134322D189
:106E3000BEF1000F7FF42CAF692C00F0318400F319
:106E40005283492C00F02C844E2C7FF421AFB8499A
:106E500019A804F01DFC00283FF41AAF199B1B78F9
:106E6000282B00F07185B34804F016FDB0EE408A7F
:106E7000F0EE608A01E09FEDAA8B079A0AB1199B98
:106E80001360099B002B3FF40AAF18EE901A18EE1E
:106E9000102A01F1004343EC182B00E7199A0A95D8
:106EA00002EB0B01199112F80B409B46D5E60C9BA7
:106EB0002C1B1C44002C40F31B8314F00F000AD041
:106EC0009D4901EBC001DDE90423D1E9000104F093
:106ED0004FFFCDE9040134F00F0340F0708200232E
:106EE00008930A9A00962B4639465046FEF7B4FEA0
:106EF0001190002800F06B830D9BABEB03000C9B03
:106F0000002BB4BF024600224FF0000823EAE373CF
:106F10000D921093C346119C50466168FEF718FE0F
:106F20008146002800F0478122699DED048B0232E2
:106F3000920004F10C010C30F9F72CFDB0EE480A78
:106F4000F0EE680A1CAA1BA95046FFF73BFA1A90FC
:106F5000002800F01D8101215046FEF727FF8346DF
:106F6000002800F028811B9B002BC0F217810D9A8E
:106F7000109D9E18089A1C9C9B1A23446F4A013B43
:106F80009342C4F1360480F2B080D21A1F2AA4EBD7
:106F9000020400F31C81012393400A930027089BFD
:106FA00025443444A6421D443346A8BF2346AB4281
:106FB000A8BF2B46002B02DDE41AED1AF61A0D9B32
:106FC000002B00F3C580002C00F3D9800C9B002B14
:106FD00000F3E880002D00F3F080002E08DD594614
:106FE00032465046FFF71EF88346002800F0E38043
:106FF0001A994A465046FFF7AFF88046002800F03D
:10700000DA800023C268C36059460E92FFF782F807
:107010000028C0F2758400F0E58359464046FFF72A
:1070200039FA55EC104B10EE100A00224FF0804355
:10703000294605F019F900285BD00E9B002B00F0C3
:10704000DD80059B0F933E4B3D4D0022CDE90A2389
:1070500000243C4F0F9A3C4B02EA07069E4200F088
:10706000F880089B8BB1B6F1D46F0ED82EA3D3E96C
:1070700000232046294605F0F7F8002840F08781D4
:107080000B9B03F1D6639B1B0B93DDE90A01B0EE6A
:10709000480AF0EE680ACDE90401FFF703F9DDE9DB
:1070A000040153EC102B04F063FE53EC182B04F096
:1070B000A9FCCDE904010A91089B2BB9214B0A9A3E
:1070C00013409E4200F004811A995046FEF766FD77
:1070D00049465046FEF762FD59465046FEF75EFDB2
:1070E00041465046FEF75AFD15E7012300270A9353
:1070F00055E7164B20462946002204F039FE0E9B28
:1071000004460D46002B76D101F1004312901393F3
:10711000059B0F93DDE91223CDE90A2399E700BF10
:1071200000000000000000000000C0FFFFFFDF4182
:1071300000A6040828D10408E89B030802FCFFFF0E
:107140000000F03F0000F07F0000E07F0000E03F23
:1071500059461A465046FEF705FF834658B3014686
:107160001A9A5046FEF750FE28B30E901A995046D0
:10717000FEF714FD0E9B1A93002C7FF727AF1A9988
:1071800022465046FEF74EFF1A9000287FF41EAFAD
:1071900022239FEDBF8BCAF80030C4E0109A0D9EE9
:1071A000D51AE7E64946109A5046FEF7DBFE8146BF
:1071B00000287FF40FAF1A98EAE749462A4650465E
:1071C000FEF730FF814600287FF407AFF3E7B84FA2
:1071D000FF1A012303FA07F70A93E0E60022CDF82D
:1071E00064800D9286E50122089208F1020219924C
:1071F00098F80240DCE5CDE9124589E7DDE90412A3
:10720000002940F0B280C2F313030F92002B40F02C
:10721000B280A84B00222046294605F01BF8002822
:1072200040F0A782A44B20462946002204F0A0FD8E
:1072300001F1004304460D4616901793DDE916232D
:10724000CDE90A2305E7652C4FF0010E3FF4A1AD0F
:1072500015E5A2F1547305939DED047BDDE90A0168
:10726000B0EE470AF0EE670AB0EE479AF0EE679A82
:10727000CDE90401FFF716F8DDE9040153EC102B0A
:1072800004F076FD53EC192B04F0BCFB8B4B0F4044
:107290009F42CDE9040175D918EE902A03F1547389
:1072A0009A4203D118EE103A013384D0844A4FF049
:1072B000FF33CDE9043207E70022089295E7652CF9
:1072C00000F00A81452C00F007814FF0010EACE57B
:1072D0002046294605F01EFA04F01CFD0B46024626
:1072E0002946204604F08CFB049C0E9F27430A9CF1
:1072F000C4F3130657EA060304460D4600F0AC80BB
:1073000065A3D3E9002304F0A5FF48B964A3D3E93A
:1073100000232046294604F0BBFF00283FF4D4AEEA
:107320009DED048B1A9801465046FEF737FC4946FE
:107330005046FEF733FC59465046FEF72FFC119994
:107340005046FEF72BFC41465046FEF727FC94E5DD
:10735000012309937A1C19927B78002B3FF498AC97
:10736000174621E400230993F4E7DDE9041201291B
:1073700000F086810F92534B4E4D0022CDE90A2337
:10738000002466E601F154730A93059394E62946B6
:10739000204604F0C5FF012838BF012004F06EFC30
:1073A0000E9B04460D46002B40F0778101F100430F
:1073B00014901593DDE91423CDE90A2360E6B3F5B3
:1073C0009A7F00F304811C11102B3F4B089340F36C
:1073D000D7829846DDE904234FF0000CE14614F013
:1073E000010F104619464FEA640409F1010907D05C
:1073F000D8E9002304F0BCFC4FF0010C02460B4618
:10740000012C08F10808EAD1BCF1000F01D0CDE948
:107410000423089B03EBC909059BA3F1547305934F
:10742000DDE90423D9E9000104F0A2FC274BCDE9F2
:1074300004010B400A4626498B4200F2C880A1F5A0
:1074400080118B4240F23B821D4A4FF0FF33CDE961
:1074500004320023089344E513A3D3E9002304F086
:10746000F9FE00283FF430AE5AE71633FFF61FADA1
:107470000D9BABEB030A174B03EBCA03DDE90401D9
:10748000D3E9002304F09EFD41EC180BF5E400BFA6
:10749000000000000000F07F9535A094FFFFDF3F63
:1074A00035E5AF350000E03F9535A094FFFFCF3FB5
:1074B000E2FBFFFF0000F03F0000E03FFFFF9F7C8A
:1074C000FFFFEF7F0000F0BFD89C03080000F07FB3
:1074D0000000A07CE89B030800220A9293464FF02C
:1074E000010EFFF7D1BB6E2C3FF4B1ACFFF7D0BB60
:1074F0003FF4F5AC644214F00F020AD0B24B03EB38
:10750000C203DDE90401D3E9002304F05BFDCDE90A
:10751000040124113FF4E3AC1F2C3EDC14F01003F3
:1075200018BF6A230893DDE90423DFF8B4824FF023
:10753000000C14F0010F1046194607D0D8E90023BB
:1075400004F016FC4FF0010C02460B46641008F1E3
:107550000808EED1BCF1000F01D0CDE90423089B4F
:1075600093B1DDE90401C1F30A52C2F16B03002BB0
:107570000ADD1F2B40F330820020342B049040F3AF
:1075800036824FF05C730593DDE90401002200238D
:1075900004F056FE00283FF4A4AC22239FED848B18
:1075A000CAF8003069E41C9B04931B9B03F233422E
:1075B0001D9B23F4801343EA02530593290742BF1E
:1075C000059B43F0004305939DED048B55E4222376
:1075D0009FED798BCAF800304FE4099B01931AABF9
:1075E00002940093794A1BAB19A9504603F064FD3D
:1075F00010F0070405463FF43EAC062C73D1079B00
:107600009FED6B8B0137002B3FF449AB1F60FFF7F9
:1076100046BB6A1C012B199C9B44104615D02B4479
:1076200003F1FF3C03E0460094450DD001322B46A8
:10763000082B154606EB8600F5D9102ADCBF09EBAE
:1076400089094FEA4909EFE7981C082D3EDC0546F9
:10765000FFF7FBBA08995A463846F9F77FFF00282A
:107660006BD000231D460A9399461E46FFF73CBB8C
:1076700044F61F629042A8BF10460D90FFF7CBBBA7
:10768000DDE904120F92002A7FF475AE22239FEDEC
:10769000488B1A98CAF8003045E6CDE9144589E6CA
:1076A0004B4919A803F0F4FF00283FF4F1AA199BF5
:1076B0004849013B19A8199303F0EAFF10B9199B37
:1076C000013319939FED3C8BFFF7D7BB1028DCBF2C
:1076D00009EB890901EB490905460023FFF7BABA0E
:1076E0000023FFF7A4BA1A9A3AB135211CA8FEF775
:1076F0001FFF1A995046FEF751FA013C042C3FF641
:107700005DAF01A353F824F0A77500083177000896
:107710002B7700081D770008A77500084FF0FF338E
:107720006FF00040CDE9043048E72B4B059345E767
:107730001C9B04931D9B059340E7199A13465A44DA
:10774000199213F80B4006468146FFF765BA0C986C
:107750001D4901EBC001DDE90423D1E9000104F07A
:1077600007FB41EC180BFFF788BB0A958346FFF730
:1077700074BA9FED137B194D8DED167B00245DE5EA
:10778000114CC5F10F0504EBC501DDE90423D1E976
:10779000000104F0EDFA0C9B5D1B04EBC504D4E979
:1077A000002304F0E5FA41EC180BFFF766BB00BFBD
:1077B0000000000000000000000000000000F07F5A
:1077C000000000000000E0BFE89B0308009D0308E4
:1077D00010D1040814D104080000F07F0000E03F3D
:1077E000289D03080E9B002B70D0DDE90445954BC6
:1077F000C5F3130199422A463FD0002F00F0B8800C
:10780000DDE904231F421C4623D0B0EE480AF0EE07
:10781000680A0E9B002B00F0B680FEF743FD089B24
:1078200051EC100B6BB1C4F30A54C4F16B04002C7F
:1078300007DD240504F17F53002203F5401304F013
:1078400097FA02460B4651EC180B04F0DBF841ECBA
:10785000180B089B7BB151EC180B7B4B002204F0FA
:1078600087FA41EC180B18EE902A0346134304BF25
:107870002223CAF800301A9855E5089B0499002B7A
:1078800000F0B280714B2B40B3F1D46F00F2AC80AA
:107890001B0DC3F16B034FF0FF3000FA03F3994265
:1078A000ABD16B4B9A4200F0C780684B134003F595
:1078B00080130593002304939DED048BC9E702F127
:1078C0005473059300230893FFF70BBBDDE9041203
:1078D000C2F313030B4314468FD1089B002B40F0D7
:1078E000A0805A4B2340A3F580136FEA13536FEA2D
:1078F000035305934FF0FF3304939DED048BA8E7EA
:10790000DDE904010E9B0343A3D1C1F313030C462D
:10791000002B9ED121F000431B0D1B05B3F1D66F48
:1079200097D9D8F814301BB9D8F81030012B90DD56
:10793000414601225046FEF775FB59468046FEF748
:10794000E9FB002885DDC8E7424919A81CAA03F015
:10795000BBFE05287FF487AA1D9B43F0FF4343F439
:10796000E00305931C9B04939DED048BFFF785BA00
:10797000DDE904010A9B03423FF46BAF0C4644E788
:107980004FF0000945E5FEF78DFC089953EC102BEC
:10799000B9B3C4F30A54C4F16B04002C0CDD240504
:1079A000194604F17F530E9A03F5401310EE100AA6
:1079B00004F0DEF902460B4651EC180B04F020F8F7
:1079C00002460B4643EC182B0022002304F038FC3F
:1079D00000283FF440AF59E64FF0FF3202FA03F3BC
:1079E000049A1A400492CFE54FF0FF3357E74FF067
:1079F000FF33C2F14B0203FA02F202EA01030593DC
:107A0000C2E551EC180B03F0FBFF02460B4643ECBA
:107A1000182B0022002304F013FC00283FF42BAFA6
:107A200034E60A4B2340B3F1D66F3FF75CAFB3F1B6
:107A30005C7F3FF710AF29E601317FF436AFFFF7E7
:107A4000BABB00BFFFFF0F00000050390000F07FFD
:107A5000FFFFEF7F149D0308014BFFF755B800BFF0
:107A6000580A002010B4054C8446134620685DF87F
:107A7000044B0A466146FFF747B800BF18020020D2
:107A800010B4054C054B84460A4620685DF8044B4B
:107A90006146FFF739B800BF18020020580A0020DD
:107AA0002DE9F041DFF8A880044613462DED028B46
:107AB0000A46D8F800002146FFF726F855EC104B8F
:107AC00010EE102A10EE100A2B46294604F0EAFBAD
:107AD00050BB2046294604F043FC08EE100ADFEDB7
:107AE000197AB0EEC87AB4EE677AF1EE10FA15DDC5
:107AF00025F00047144B4FF0FF322046394604F082
:107B0000D1FB38B9104B4FF0FF322046394604F014
:107B1000ABFB18B1D8F8003022221A60B0EE480A48
:107B2000BDEC028BBDE8F081002D084804DAFEF7B9
:107B3000A7FFB1EE408AF1E7BDEC028BBDE8F04152
:107B4000FEF79EBFFFFF7F7FFFFFEF7F28D1040876
:107B5000180200202DE9F041DFF8AC80264B0446E6
:107B60000A462DED028B2146D8F80000FEF7CCFF27
:107B700055EC104B10EE102A10EE100A2B46294639
:107B800004F090FB50BB2046294604F0E9FB08EEC8
:107B9000100ADFED1A7AB0EEC87AB4EE677AF1EE29
:107BA00010FA15DD25F00047154B4FF0FF32204647
:107BB000394604F077FB38B9114B4FF0FF322046BD
:107BC000394604F051FB18B1D8F8003022221A606F
:107BD000B0EE480ABDEC028BBDE8F081002D0948EB
:107BE00004DAFEF74DFFB1EE408AF1E7BDEC028BFF
:107BF000BDE8F041FEF744BF580A0020FFFF7F7F39
:107C0000FFFFEF7F28D10408180200202DE9F04F74
:107C1000814645488E4675461EF801CB10F80C404B
:107C200014F00804F7D1BCF12D0FE34654D0BCF199
:107C30002B0F08BF9EF800B06FF0004808BF05F199
:107C4000020E1BB1102B4FD01F4604E0BBF1300FCA
:107C500055D00A231F460025B8FBF7F6284607FB38
:107C6000168A07E0864215D329D007FB00C00125FC
:107C70001EF801BBABF1300CBCF1090F06D9ABF11A
:107C8000410CBCF1190F08D8ABF1370C63450DDD81
:107C9000002DE7DA4FF0FF35EAE7ABF1610CBCF1FC
:107CA000190F03D8ABF1570C6345F1DC002D0BDB4A
:107CB00004B140420AB195BB1160BDE8F08FE245C6
:107CC000D3DA4FF0FF35D3E72223C9F800301AB3D7
:107CD0000EF1FF314046EFE79EF800B04FF000484C
:107CE00005F1020E0124ACE7BBF1300FACD19EF8D8
:107CF000000000F0DF00582807D01F46ABE79EF8D1
:107D0000003003F0DF03582B0BD110279EF801B091
:107D10003B460EF1020E9EE74046BDE8F08F8046DE
:107D2000D6E708231F4696E7D59A0308012B02D011
:107D3000242B00D86AE710B5F8F732FB162303604E
:107D4000002010BD012A08D0242A06D884460648FF
:107D5000134600680A46614658E710B5F8F720FB5D
:107D600016230360002010BD18020020012A08D04D
:107D7000242A06D884460648134600680A46614607
:107D800044E710B5F8F70CFB16230360002010BD84
:107D9000180200202DE9F04F85B01F46584B039084
:107DA0008A4600920D462A4615F8014B1E5D16F0D4
:107DB0000806F8D12D2C76D02B2C05BF2C780296F6
:107DC0000296951C4FF0FF366FF0004B2FB1102F2D
:107DD00070D0B8464FEAE77905E0302C75D04FF007
:107DE0000A08B946474642464B463046594604F0D3
:107DF00065FC0023019284460A461846194611E0A4
:107E00008A4208BF84453ED000FB09F308FB0131DC
:107E1000A0FB080319441EEB000041EBEE710123A7
:107E200015F8014BA4F1300EBEF1090F06D9A4F1EB
:107E3000410EBEF1190F0CD8A4F1370E774511DDB4
:107E40005C1CEDD0844572EB0103D9D24FF0FF33B7
:107E5000E6E7A4F1610EBEF1190F03D8A4F1570EA5
:107E60007745EDDC5A1C14D0029A12B1404261EB06
:107E70004101009A22B1002B39D1009BC3F800A028
:107E800005B0BDE8F08F019B7345BDDA4FF0FF33BD
:107E9000C6E7039A22231360009B1BB305F1FF3A48
:107EA00030465946E9E701232C780293951C4FF0A0
:107EB000004B8BE7302C04D12B7803F0DF03582BD9
:107EC00008D0B8464FF000098DE72B7803F0DF03A8
:107ED000582B0FD14FF010086C784FF00009023585
:107EE000474680E73046594605B0BDE8F08F064664
:107EF0008B46D3E74FF00808B946474673E700BF03
:107F0000D59A030846E700BF10B4044C84461346D4
:107F100020685DF8044B0A4661463BE718020020E2
:107F200010B4044C8446134620685DF8044B0A469E
:107F300061462FE7180200202DE9F04707464B481D
:107F40000E46354616F801CB10F80C4014F0080424
:107F5000F7D1BCF12D0FE64658D0BCF12B0F04BF72
:107F600096F800E0AE1C5BB1102B54D04FF0FF38F8
:107F7000B8FBF3F803FB08FA6FEA0A0A994608E02F
:107F8000BEF1300F5AD00A23DFF8E4804FF0050A23
:107F900099460025284607E0404515D829D009FB19
:107FA00000C0012516F801EBAEF1300CBCF1090F51
:107FB00006D9AEF1410CBCF1190F08D8AEF1370C5F
:107FC00063450DDD002DE7DA4FF0FF35EAE7AEF14E
:107FD000610CBCF1190F03D8AEF1570C6345F1DC0D
:107FE000002D0BDB04B140420AB16DB91160BDE850
:107FF000F087D445D3DD4FF0FF35D3E722233B6034
:108000004FF0FF30002AF2D0711EEFE796F800E043
:108010000124AE1CA7E7BEF1300F21D1307800F06B
:10802000DF00582816D14FF0100996F801E04FF004
:108030000F0A02366FF070484B46AAE7337803F018
:10804000DF03582BEFD008234FF0070A6FF060488A
:1080500099469EE799466FF070484FF00F0A98E7EF
:108060004FF00F0A6FF07048994692E7D59A0308CF
:108070009999991960E700BF10B4044C84461346DF
:1080800020685DF8044B0A46614655E71802002057
:1080900010B4044C8446134620685DF8044B0A462D
:1080A000614649E7180200202DE9F04F85B08A4665
:1080B0000192624A03901E460D46294615F8014B6F
:1080C000135D13F00803F8D12D2C00F083802B2CC6
:1080D00003BF2C7802938D1C0293BEB1102E7ED06C
:1080E0004FEAE67B32465B464FF0FF304FF0FF3100
:1080F00004F0E4FA3246074688465B464FF0FF300C
:108100004FF0FF31B14604F0D9FA0AE0302C7AD0B2
:108110004FF00A09DFF82881B34605224FF099375E
:108120004E464FF0000C6046614615E0874278EB02
:10813000010420D3414508BFB8423AD000FB0BF4FC
:1081400009FB0141A0FB09042144181841EBE3712C
:108150004FF0010C15F8014BA4F13003092B05D9A0
:10816000A4F14103192B09D8A4F137039E420DDD78
:10817000BCF1000FDADA4FF0FF3CEBE7A4F161034A
:10818000192B03D8A4F157039E42F1DCBCF1000F78
:1081900014DB029B13B1404261EB4101019B2BB107
:1081A000BCF1000F13D1019BC3F800A005B0BDE8DE
:1081B000F08F9342C2DD4FF0FF3CCBE7039A2223BE
:1081C0001360019B4FF0FF300146002BEED005F10C
:1081D000FF3AE8E701232C7802938D1C7DE7302CD1
:1081E00023D12B7803F0DF03582B1BD14FF010095C
:1081F0006C780F2202354FF0FF376FF070484FF068
:10820000000B4E468DE72B7803F0DF03582BEDD0A3
:108210004FF00809B34607224FF0FF376FF0604870
:108220004E467EE74FF0000B5CE70F224FF0FF3722
:108230006FF07048B1464FF0000B72E7D59A030813
:108240009999991930E700BF10B4044C844613463D
:1082500020685DF8044B0A46614625E718020020B5
:1082600010B4044C8446134620685DF8044B0A465B
:10827000614619E7180200202DE9F04F936883B09A
:108280009146002B6ED017688D6880460C460868B2
:10829000083744E0A38913F4906F2ED0D4E9041575
:1082A000A0EB010A05EB450505EBD5750AEB0600C9
:1082B0006D100130A8422A4684BF05462A465B0558
:1082C00037D511464046F8F7BBF800283BD0524658
:1082D00021690190F8F75EFBA289019B22F490626C
:1082E00042F08002A281A5EB0A0203EB0A0065615D
:1082F000A260236120603546B24659465246F8F7DF
:10830000E3FBA068D9F808102368451B8E1B03EB1C
:108310000A00A5602060C9F808601EB3083757E955
:1083200002B6002EFAD0B542AA46B3D93546B246B7
:10833000E3E74046FEF772F903460028D3D12169EE
:108340004046FCF771FF0C23C8F80030A3890022D7
:1083500043F040034FF0FF30A381C9E9012203B08D
:10836000BDE8F08F0020C9F8040003B0BDE8F08F2D
:108370002DE9F04FABB0174606938B891A06884655
:10838000834603D50B69002B00F0A4841AAB0D9330
:108390000023CDE90E3309930DF1680903935E467E
:1083A0003B78002B00F035813C4604E014F8013F97
:1083B000002B00F05681252BF8D1E51B40F05381AE
:1083C0002378002B00F0258100214FF00002637814
:1083D0008DF82F20671C08464FF0FF3B05918A4619
:1083E0000137A3F12002582A00F25781DFE812F08A
:1083F000AA0255015501A602550155015501550125
:10840000550155019C029802550135017F02550125
:108410007B02590059005900590059005900590070
:108420005900590055015501550155015501550196
:10843000550155015501550161025501550155017F
:1084400055015501550155015501550155012201AF
:10845000550155015501550155016800550155015A
:10846000150255015501550155015501550155019B
:10847000550155015501060284015501550155016B
:108480005D02840155015501530255013D0224014D
:108490002C02E1015501C00155016A005501550149
:1084A000E501A3F13002002417F8013B04EB84043A
:1084B00002EB4404A3F13002092AF5D9059490E7B0
:1084C0004AF0100A1AF0200100F00881069B0733D9
:1084D00023F00703596853F8080B069301234FF064
:1084E00000028DF82F2000220792BBF1FF3F00F021
:1084F00032822AF08002029250EA010240F0298280
:10850000BBF1000F40F00D84002B40F08A831AF07D
:108510000103049300F0878330238DF867300DF159
:108520006704049B079A5B45B8BF5B4601930AB199
:1085300001330193029B13F00203079302D0019BC6
:1085400002330193029B13F08403089305D1059B2A
:10855000019A9D1A002D00F3CC82DDE90E219DF8D1
:108560002F0080B101320DF12F000131C9F8000058
:10857000072A4FF00100CDE90E21C9F8040000F3ED
:10858000F28209F10809079B7BB101320CAB023181
:10859000C9F80030072A4FF00203CDE90E21C9F8CF
:1085A000043000F3ED8209F10809089B802B00F0EC
:1085B0000882049BABEB0305002D00F34582049B6E
:1085C000C9F8004001321944072ACDE90E21C9F843
:1085D000043000F3798209F10809029B5B0705D595
:1085E000059B019A9C1A002C00F3D782039B059AE5
:1085F00001988242ACBF9B181B180393002940F0DE
:108600006F8200230E933B780DF16809002B7FF4F5
:10861000CBAE0F9B002B40F0A083B8F80C3013F0CA
:10862000400F039B18BF4FF0FF33039303982BB009
:10863000BDE8F08F4AF0100A1AF0200141D0069BE5
:10864000073323F00703596853F8080B06930023F8
:1086500045E7059A5242CDE905233B784AF0040AE2
:10866000BEE6E51BD5D00F9B2B440F930E9B013329
:10867000072BC9E900750E9305DC09F10809039B76
:108680002B4403939CE60DAA41463046FFF7F4FDC8
:108690000028C2D10DF16809F1E7002940F0638399
:1086A000002BB6D08DF840304FF000038DF82F30FE
:1086B00001230193049310ACCDF808A04FF0000BF8
:1086C00038E71AF0100347D11AF0400144D0069A57
:1086D00052F8040B0692194680B200E71AF0100314
:1086E00040D11AF040013DD0069A52F8040B069290
:1086F000194680B20123F2E6002940F04B831AF0BC
:10870000200F069B00F0DF80073323F007031A4693
:108710005B6852F8080B06921946002BC0F28F8254
:10872000BBF1FF3F00F0F9829DF82F30079350EA2C
:1087300001032AF0800A00F06E820A2871F100031A
:1087400080F09382303001238DF86700CDF808A0C7
:1087500004930DF16704E4E6069B53F8040B0693BB
:108760000B46BCE6069B53F8040B06930123B6E6C2
:10877000069D55F8044B4FF000038DF82F30002C68
:1087800000F0E282BBF1FF3F00F097825A460021E1
:108790002046FDF78DF9002800F0E882031B0493C2
:1087A0009DF82F300695CDF808A007934FF0000BE9
:1087B000B7E63B784AF0200A12E6002940F0ED8245
:1087C000A74A09921AF020012FD0069A073222F008
:1087D0000702516852F8080B06921AF0010F0BD0ED
:1087E00050EA010208D08DF8313030238DF8303056
:1087F0004AF0020A022372E6022370E6069B4FF05B
:1088000000028DF82F2053F8042B069301238DF8D6
:1088100040200193049310AC4EE7002940F0B18250
:10882000904A09921AF02001CFD11AF0100240F0BC
:10883000FC811AF0400100F0F881069C54F8040B0A
:108840000694114680B2C8E7069B53F8040B0693C2
:1088500030238DF8303078238DF83130804B0993F8
:108860004AF0020A0021022339E6002940F08C82F6
:108870001AF0200F40F017821AF0100F40F03882E3
:108880001AF0400F00F03482069B039953F8042B32
:108890000693118084E53B786C2B03BF7B784AF00C
:1088A000200A01374AF0100A9AE53B784AF0400A5C
:1088B00096E5002940F06B824AF0100A1AF0200F6A
:1088C000069B7FF421AF53F8040B06931AF0100FA8
:1088D00040F0B0811AF0400F00F0AC8140F3C0319D
:1088E0000B4600B219E73B784AF0800A78E53C462F
:1088F00014F8013B2A2B00F05382A3F13002092A1D
:1089000027464FF0000B3FF66CAD17F8013B0BEB21
:108910008B0B02EB4B0BA3F13002092AF5D960E572
:108920003B7801212B205BE5069B53F8042B059235
:10893000002AFFF68EAE06933B7851E53B784AF06D
:10894000010A4DE53B7800287FF44AAD0121202043
:1089500046E5DDF808A0012B3FF4EFAE022B1AAC80
:1089600012D1099A00F00F030009D35C04F8013D0D
:1089700040EA0170090950EA0103F3D11AAB1B1B4D
:10898000CDF808A00493CCE500F00703C00840EA46
:108990004170C908303350EA0105224604F8013D10
:1089A000F2D11AF0010FE9D0302BE7D03023023A90
:1089B00004F8013C1AAB9B1ACDF808A004931446A6
:1089C000AFE5059B01981D1A002D7FF7F2AD102D24
:1089D000DFF894A025DD50461023A246044604E0AB
:1089E000103D102D09F1080918DD01321031072A58
:1089F000C9E90043CDE90E21F2DD0DAA414630461A
:108A00000DF16809FFF738FC00287FF406AE103D31
:108A1000102DDDE90E214FF01003E6DC234654460D
:108A20009A4601322944072ACDE90E21C9F800A04F
:108A3000C9F8045000F37B81049BABEB0305002DC8
:108A400009F108097FF7BBAD102DDFF81CA02DDD63
:108A50000B4651464FF0100BA2460C460BE000BFF0
:108A600050D0040834A70308609D0308103D102D62
:108A700009F1080916DD01321033072AC9E9004B54
:108A8000CDE90E23F2DD0DAA41463046FFF7F4FB97
:108A900000287FF4C2AD103D102DDDE90E230DF14D
:108AA0006809E8DC1946234654469A4601322944AF
:108AB000072ACDE90E21C9F800A0C9F8045000F337
:108AC000C78009F108097AE50DAA41463046FFF74B
:108AD000D3FB00287FF4A1AD0F990DF168097CE567
:108AE0000DAA41463046FFF7C7FB00283FF489AD89
:108AF00093E5102DDDE90E21DFF8CCA225DD5046EF
:108B00001023A246044604E0103D102D09F1080987
:108B100018DD01321031072AC9E90043CDE90E21E1
:108B2000F2DD0DAA414630460DF16809FFF7A4FBBE
:108B300000287FF472AD103D102DDDE90E214FF0BD
:108B40001003E6DC234654469A4601322944072A9C
:108B5000CDE90E21C9F800A0C9F8045000F3D08077
:108B600009F10809FBE40DAA41463046FFF784FBF2
:108B700000287FF452ADDDE90E210DF1680902E510
:108B80000DAA41463046FFF777FB00287FF445AD3C
:108B9000DDE90E210DF1680907E5102C0E9BDFF8C9
:108BA00028A225DD0A4651461025BA460F4604E0A4
:108BB000103C102C09F1080916DD01331032072B87
:108BC000C9E90075CDE90E32F2DD0DAA4146304605
:108BD000FFF752FB00287FF420AD103C102CDDE99C
:108BE0000E320DF16809E8DC11463A4657469246C6
:108BF00001332144072BC9E900A4CDE90E317FF7E9
:108C0000F5AC0DAA41463046FFF736FB00287FF44D
:108C100004AD0F99EAE4BBF1000F7FF493ADCDF8FA
:108C200008A0CDF810B01AAC7BE4069A52F8040BF9
:108C30000692D2E5C1170B46002BBFF671AD2D236E
:108C400040428DF82F30079361EB410101234CE442
:108C50000DAA41463046FFF70FFB00287FF4DDAC3C
:108C6000DDE90E210DF16809A9E41AAC0197274648
:108C70000A22002304460D4603F020FD303207F897
:108C8000012D0023204629460A2203F017FD0A2C55
:108C900075F10003ECD23C461AAB1B1B019FCDF8CB
:108CA00008A004933DE4069B039853F8041B069325
:108CB000C217C1E90002FFF773BB20460695CDF845
:108CC00008A0F8F7DDFB9DF82F30049007934FF0D4
:108CD000000B26E44021F7F7B3FBC8F80000C8F802
:108CE0001000002866D04023C8F81430FFF74EBBB0
:108CF000069B039953F8042B11600693FFF750BBB2
:108D00000DAA41463046FFF7B7FA00287FF485AC3C
:108D1000DDE90E210DF1680921E49DF82F3007935C
:108D20000BE5012BDDF808A07FF418AE0AE50DAACB
:108D300041463046FFF7A0FA00287FF46EACDDE92B
:108D40000E210DF1680934E45B46062B28BF06238B
:108D50001C4C049306950193AEE40DAA414630469F
:108D6000FFF78AFA59E48DF82F0099E49DF82F3027
:108D7000CDF810B00695CDF808A083460793FFF70D
:108D8000D0BB8DF82F004BE58DF82F0070E58DF8E6
:108D90002F0091E58DF82F00B1E48DF82F000FE53D
:108DA000069A7B78274652F8044B069244EAE47B05
:108DB000FFF716BB0C23CBF800304FF0FF330393C3
:108DC00034E400BF64D00408509D030838B54B1C40
:108DD0001AD093891446126B23F02003A381CDB2DD
:108DE000AAB16268636B9A4209DA23685A1E22604C
:108DF00003F8015C636801336360284638BD21468F
:108E000001F014F80028F0D04FF0FF35F5E72369A2
:108E100022682BB1934203D212F8013CAB420FD02F
:108E20006168E1632346A26304F1400103226263A7
:108E3000216303F8425F0122C4E90032284638BDAD
:108E40006368013A0133C4E90023D6E710B50C4644
:108E5000096B69B104F14003994201D0FCF7E4F9D0
:108E6000E36B63600020206313B1A36B236010BD2C
:108E7000A3892169002243F02003C4E90012A381E1
:108E80004FF0FF3010BD00BF2DE9F04F85B0CDE9A8
:108E9000023202FB03F30E9C0193A3B3D4F804A0A7
:108EA000019B53458B4646D9A046019D58F8401B6F
:108EB0000746002652465846F7F76CFD2368226B9A
:108EC0005344A946C4E9003611463846D344A5EBBD
:108ED0000A05E2B1424501D0FCF7A6F9E36B26632F
:108EE0006360A3B1A16B2160AB429A46E2D3029BBF
:108EF00001932A465846F7F74DFDD4E90032521B3C
:108F00002B44C4E90032019805B0BDE8F08F019B05
:108F100022695344A3EB090A039BBAFBF3F30193C1
:108F2000A389019843F02003A3810023C4E900230F
:108F300005B0BDE8F08F21681D46D8E72DE9F04F58
:108F40008B46DFB0B1F90C1006938B04074609D4A9
:108F5000DBF8643041F4005123F40053ABF80C10FB
:108F6000CBF8643092461AF8013B0F93002B00F0C7
:108F70007886002207920A9205929046049214AADB
:108F8000C2F10102DFF87494CDF80CA00B92BA463E
:108F900019F8037017F0080770D1252B5ED10398DC
:108FA00002783C46A2F12503411C532B62D8DFE82E
:108FB00013F054006100610061006100C4016100B0
:108FC0006100610061006100C500C500C500C50009
:108FD000C500C500C500C500C500C5006100610031
:108FE0006100610061006100610061006100610079
:108FF0006801610061006100610061006100610061
:10900000860161006100060161006100610061008C
:109010006100610061006100D100610061007901BF
:109020006100610061006100610061006100810117
:109030006A0161006100610071019B0161006100D2
:10904000A2016100AD0108018E0161006100910182
:109050006100940161006100D1000391DBF80430EC
:10906000002B50DDDBF80030039A197812F8012C40
:10907000914235D004985FB0BDE8F08FDBF8043042
:109080000BF1400500241A460FE0DBF800301A7897
:1090900019F80220160703F101032BD5DBF8042091
:1090A000013ACBE9003208F10108002AEDDCDBF8D7
:1090B000303050461946002B00F05883AB4201D0A7
:1090C000FCF7B2F8DBF83C30CBF83040CBF804309A
:1090D000002B00F04B83DBF83830CBF80030D6E7BC
:1090E0000133CBF80030DBF80430013B08F1010814
:1090F000CBF80430039A12F8013B03920F93002B34
:109100007FF446AFB6E7DBF83010002900F0AC8200
:109110000BF14003994202D05046FCF785F8DBF88A
:109120003C30CBF804300022CBF83020002B00F08C
:109130009B82DBF83830CBF8003095E717F08F0FC3
:1091400098D104EB840402EB4402A2F1300442788B
:10915000084627E747F40077A64B079310230391AF
:1091600005930325DBF80430002B35DD17F04006AE
:109170004FD0022D00F01182032D00F04181012D0E
:1091800000F0E280012C38BF012417F0010540F007
:10919000EB83FA0600F15983069D234655F8041B1C
:1091A000CDF800B001225046FFF76EFE002800F017
:1091B0006682049B06950133804404939AE747F046
:1091C00001078C4B079308230593DBF804300391C8
:1091D000002B4FF00305C9DCDBF83010002900F04C
:1091E00043820BF14003994202D05046FCF71CF831
:1091F000DBF83C30CBF804300022CBF83020002BD9
:1092000000F03282DBF83830CBF8003017F040063F
:10921000AFD1DBF80020137819F803301907A8D56F
:109220000BF140030894114634461E4607E0CBF884
:1092300000100B7819F803301B0740F10F82DBF8A0
:109240000430013B002B08F10108CBF8043001F198
:109250000101ECDCDBF8303050461946002B00F001
:109260000382B34201D0FBF7DFFFDBF83C30CBF8E1
:109270003040CBF80430002B00F0F681DBF83810DA
:10928000D5E747F001075C4B07930A230391059349
:10929000032567E73B077FF4EDAE427847F004070C
:1092A00008467FE61EA8FDF7A5FB47F040070390A0
:1092B000012557E747F040070391002552E73A0799
:1092C0007FF4D8AE427847F0020708466AE647F4D2
:1092D000087741E70391022544E7464B07930A23A9
:1092E0000391059303253DE7434B07930023039127
:1092F0000593032536E73D077FF4BCAE42786C2A20
:1093000000F0918447F0010708464BE6FE0600F1A5
:109310002A847D0700F13384FC0700F1A584B80797
:1093200040F1A284069A039152F8043B06924FEA58
:10933000E872C3F800805A60DCE63C437FF49AAEE2
:109340004278102708462DE6002C08BF4FF0FF3466
:1093500017F0010640F08B8317F010039C4600F0D5
:109360001382DBF800301EAF1A78BA5C002A3FF493
:1093700081AE0133CBF80030DBF80430012C03F16F
:10938000FF33CBF8043000F06D810BF14002CDF8D3
:109390002080904612E0DBF800301978795C0133C8
:1093A000002900F05D81CBF80030DBF80430013596
:1093B000013BAC42CBF8043000F05281002BEADCD8
:1093C000DBF8303050461946002B00F07A844345D4
:1093D00001D0FBF729FFDBF83C30CBF83060CBF84D
:1093E0000430002B00F06D84DBF83830CBF800300F
:1093F000D3E700BF758000082D7D0008D59A0308CB
:10940000631E262B40F24B81A4F1270309932724E6
:1094100000260BF14003324608933346059E47F47D
:10942000586714ADDBF8000090F800C0ACF12B01D8
:109430004D293AD8DFE801F07E397E3939896D6DE2
:109440006D6D6D6D6D838339393939393939272718
:1094500027272727393939393939393939393939C4
:109460003939393939733939393939393939272756
:1094700027272727393939393939393939393939A4
:109480003939393939730A2E0FDD27F4386705F871
:1094900001CBDBF8041001390029CBF8041060DDA2
:1094A0000130CBF80000013CBCD105961E46F80502
:1094B00007D514AB9D4200F2998314AB9D423FF453
:1094C000D9AD17F0100240F0C48014A9059B079C89
:1094D0002A705046A047B90600F1B3807A0700F120
:1094E000488317F0010240F0AC80BB0740F1A9802F
:1094F000079BB6498B425046059B14A900F0748423
:10950000FEF700FD069A52F8043B0692C3E90001FB
:109510009CE0AF4927F4386731F91660B7E707F4E4
:10952000C061B1F5007FC0D127F4007747F4A06790
:109530001026ACE73906B8D527F08007A7E7A4497D
:1095400031F91660082EA0DCAFE739059FD516B9B2
:1095500047F400770826790540F1F98227F4B067CF
:1095600095E7DBF83010002900F0878308988142E6
:1095700005D050460593FBF757FE059B0022DBF80C
:109580003C10CBF83020CBF80410002900F0758394
:10959000DBF83810CBF8001085E7002C08BF4FF03F
:1095A000FF34F9077ED4F80640F18681DBF80030FD
:1095B0001A7819F8026016F008067FF49BAD0133A3
:1095C000CBF80030DBF80430012C03F1FF33CBF88B
:1095D000043008BF08F101083FF48CAD01250BF100
:1095E000400713E0DBF800301A7819F80220110761
:1095F00003F1010336D4CBF80030DBF80430013539
:10960000013BAC42CBF8043000F01383002BE9DCC3
:10961000DBF8303050461946002B00F0A680BB42E4
:1096200001D0FBF701FEDBF83C30CBF83060CBF823
:109630000430002B00F09980DBF83830CBF8003094
:10964000D2E7069A52F8043B18600692049B013355
:10965000049314ABED1A2E44B0444BE5089C88E506
:10966000DDF82080A84445E5DBF81010BBF80C308D
:109670000022CBE9001243F02003ABF80C30049A2F
:10968000002A00F0EC82BBF80C3013F0400F18BF3A
:109690004FF0FF32049204985FB0BDE8F08F0023D2
:1096A0000993B5E6DBF8003017F010071B7808BF08
:1096B000069A19F8033006BF52F8045B06920FAD04
:1096C00013F0080649D1CDE90874FCF79DF8B042C3
:1096D000D5D0DBE9003213F8011B013ACBE90032A7
:1096E0000A9B14A8032B815506F1010712AC02D185
:1096F0002368042B04D0082200212046F7F760FAE3
:1097000014AA00943B4629465046FCF763F9421CD4
:109710000A90B4D0002840F08F822860FCF746F809
:10972000002840F0FA82B844099B013B0993089F46
:10973000002F40F003830435DBF80430002B40F3A6
:10974000D282DBF800301B7819F803301C0703D4F1
:10975000099B0BB13E46B8E7089F002F7FF4CAACC7
:10976000049B2F6001330493C4E4A844BBF80C307D
:1097700043F02003ABF80C30DBF81030CBF80030AE
:109780000023CBF80430B5E4DBF80000069A037838
:109790001EAFF95C52F8043B069200293FF46AAC14
:1097A000DBF804100139CBF80410411CCBF8001091
:1097B0001D46017805F8011B012C3CD00BF1400639
:1097C000CDE908831C44B046664615E07580000864
:1097D000709D0308DBF800201178795C49B3DBF851
:1097E00004100139CBF80410511CCBF8001012788A
:1097F00005F8012BA5421CD0DBF80420002AE9DC87
:10980000DBF8302050461146002A00F046824245DF
:1098100001D0FBF709FDDBF83C20CBF83060CBF83A
:109820000420002A00F03982DBF83820CBF8002031
:10983000D2E7DDE90883EB1A3FF41CAC9844049BA3
:109840000133049300232B7054E4DBE90012A2429D
:1098500080F2C382DBF83030CDF824800BF1400772
:109860002E461144CBF80010A846089419465046DD
:109870001544A41A002B00F0C181BB4201D0FBF7B4
:10988000D3FCDBF83C20CBF83060CBF80420002A76
:1098900000F0B481DBF83810CBF8001094424FF0A0
:1098A0000003DEDC4546DDE908381D44121B0C448C
:1098B000CBE90042A8441DE4069BDBF8001053F8F6
:1098C000042B06930B7819F8036016F0080640F095
:1098D0008682DBF80430013BCBF804304B1CCBF81C
:1098E000003015460B7805F8013B012C00F0798219
:1098F0000BF140073B461444374608921E4616E0DB
:10990000DBF80030197819F801100A0703F101009B
:1099100000F12681DBF80410CBF800000139CBF808
:1099200004101B7805F8013BA54200F01981DBF813
:109930000430002BE4DCDBF8303050461946002BB5
:1099400000F01382B34201D0FBF76EFCDBF83C3031
:10995000CBF83070CBF80430002B00F00682DBF837
:109960003830CBF80030CDE717F0100308BF069A67
:1099700009934FF0000504BF52F8046B06922F467E
:109980000A9DCDF8208018BF0026FBF73DFFB842A6
:109990003FF475AEDBE9001314AA11F8010BD055A2
:1099A000013B032D07F10108CBE9001312AF02D1EF
:1099B0003A68042A04D0082200213846F7F700F953
:1099C0000097434614AA31465046FCF703F8054673
:1099D000681C3FF454AEEDB9099B03B93360089B92
:1099E00043440893013C099B03B90436DBF8043077
:1099F000002B4FF0000714DD002CC6D1DDF82080CD
:109A00000A95099B002B7FF475AB049B01330493EB
:109A1000FFF770BBA91C21D1DBF8041000294746D1
:109A2000B3DCDBF83010002900F0C3810BF14003F8
:109A3000994202D05046FBF7F7FB0023CBF83030B9
:109A4000DBF83C30CBF80430002B00F0B281DBF8BF
:109A50003830CBF80030002C97D1CFE7089B032D8E
:109A600043440893BED13B68042BBBD1BBE717F03E
:109A700010030D937AD1069A52F8043B089306928C
:109A800009940A9CCDF830800026FBF7BDFEB04259
:109A90003FF4F5ADDBE9003214A813F8011B815542
:109AA000013A032CCBE9003206F1010810AD02D1D6
:109AB0002B68042B04D0082200212846F7F780F8F1
:109AC000089F0095434614AA39465046FBF782FF8B
:109AD000431C04463FF4D3AD002859D138600746F3
:109AE00012AB0822002118460A93F7F769F8C0491B
:109AF0000A9BD1F8E0103A4650460F460EA9B847E7
:109B000001286CD000221EAB9B5C002B00F03E8134
:109B10000C9B032C43440C9364D0099B013B099399
:109B20000D9B13B9089B04330893DBF80430002B1A
:109B300037DD0026099B002BA7D1DDF830800A9481
:109B40000D9B002B7FF4D6AA089A13605DE7099954
:109B500027F4607711B1013909910134013398E498
:109B6000089AAB1A6AE60391FFF7C4BA0FAB0893E1
:109B700086E7069A52F8043B0692188066E5069A34
:109B8000039152F8043B0692A3F80080FFF7B2BAA3
:109B9000A01C40F04281DBF80430002B03DD464678
:109BA00073E74FF00008DBF83010002900F0C880A0
:109BB0000BF14003994202D05046FBF735FBDBF82E
:109BC0003C30CBF804300022CBF83020002B00F0E2
:109BD000B780DBF83830CBF800304646AAE79DF86E
:109BE000382090E72B68042B97D199E715F8011CD2
:109BF0005A465046013DFFF7E9F85EE4BBF80C30E9
:109C0000DDF8248043F02003ABF80C30DBF8103093
:109C1000CBF800300023CBF80430002D3FF42FADFB
:109C2000A844FFF767BA827847F002070230FFF7CF
:109C3000B9B9A044FFF75EBA0A9B02333FF47CAD8A
:109C40002868FBF7B3FD002867D10A9B032BB844B3
:109C50007FF46AAD2368042B7FF466AD67E54FF0AF
:109C6000FF330493FFF706BA069A039152F8043BB8
:109C7000C3F800800692FFF73DBA05961E46BBF872
:109C80000C3043F02003ABF80C30DBF81030CBF88D
:109C900000300023CBF8043009E4BBF80C10DDE9F8
:109CA000088341F02001ABF80C10DBF81010CBF862
:109CB0000010AB424FF00001CBF804107FF4BBADB5
:109CC000DDE4BBF80C30DDF8208043F02003ABF876
:109CD0000C30DBF81030CBF800300023CBF8043028
:109CE000A844FFF707BADBF83010002900F08280A3
:109CF0000BF14003994202D05046FBF795FA00233E
:109D0000CBF83030DBF83C30CBF80430002B71D08E
:109D1000DBF83830CBF8003015E53B46089F002BC8
:109D20003FF41BAD14AB0B9C1E4416F801195A46A8
:109D30005046FFF74BF8F442F7D10EE50027FBE45D
:109D4000BBF80C300A9443F02003ABF80C30DBF87E
:109D50001030CBF8003045460023DDF83080CBF8DA
:109D60000430002D3FF4ECAE89E4089AAB1A984415
:109D7000BBF80C3043F02003ABF80C30DBF81030AC
:109D8000CBF800300023CBF8043058E545460A9460
:109D9000DDF83080002D3FF4D3AE14AB0B9C1E4495
:109DA00016F801195A465046FFF710F8F442F7D159
:109DB000C6E6BBF80C30DDF820800A9543F020039E
:109DC000ABF80C30DBF81030CBF800300023CBF8C8
:109DD0000430002F3FF415AE51E4254666E51546E4
:109DE0002DE508F101082AE5FEF72CFAFFF78ABBFA
:109DF000580A0020BBF80C3043F02003ABF80C30BD
:109E0000DBF81030CBF800303A460023089FCBF83F
:109E10000430002A7FF433AC9FE4089B1B681F4684
:109E200001337FF45DAE3A466DE600BF01F14003B9
:109E30002DE9F0410C46096B994214D0666B77000E
:109E40003A46FCF7EBFB054640B300EB060801463B
:109E500032464046F6F79EFDC4E90C57C4F8008030
:109E60000020BDE8F0814FF48061F6F7E9FAA8B16F
:109E700094F842304FF48062C4E90C0280F8FF335A
:109E800094F8413080F8FE3394F8402080F8FD23A8
:109E900000F2FD3323600020BDE8F0814FF0FF3079
:109EA000DFE700BF70B54C1C34D00E4605461446A3
:109EB00010B1836B002B30D0B4F90C309A0405D468
:109EC000626E22F4005243F40053626623F02003D2
:109ED0005807A3819AB206D4D1061BD512073CD4E9
:109EE00043F00403A381236BF6B2EBB16268636BAA
:109EF0009A4209DA23685A1E226003F8016C6368EB
:109F000001336360304670BD21462846FFF78EFF5F
:109F10000028EFD04FF0FF36F4E7FBF715F9B4F95E
:109F20000C309A04D2D4CBE7236922682BB1934238
:109F300003D212F8013CB3421CD06168E1632346AE
:109F4000A26304F1400103226263216303F8426FBC
:109F50000122C4E90032304670BD21462846FAF796
:109F6000C9FF0028D6D1B4F90C30A06023F0080353
:109F7000A061B5E76368013A0133C4E90023C1E792
:109F800010B4044C03460A4620685DF8044B194699
:109F9000FFF788BF180200202DE9F84F4B6E9C0494
:109FA00090462DD59368126843B38B46064602F15E
:109FB000080959E9025A5FEA9A0715D0043D0024BE
:109FC00001E0A7420ED055F8041F5A46304600F073
:109FD000D3FF431C04F10104F3D10023C8E901338A
:109FE000BDE8F88FD8F808302AF0030AA3EB0A037B
:109FF000C8F8083009F10809002BDAD10020ECE795
:10A00000FBF718FA0023C8E90133BDE8F88F00BF59
:10A0100010B4946814B15DF8044BBDE72046546059
:10A020005DF8044B704700BF2DE9F04FABB01C4604
:10A03000884617460693834618B1836B002B00F0C1
:10A040002582B8F90C1088048AB20AD4D8F8643092
:10A0500041F4005223F40053A8F80C20C8F86430EF
:10A0600092B2130740F1A480D8F81030002B00F012
:10A070009F8002F01A020A2A00F0A8801AAB0D9302
:10A080000023CDE90E3309930DF1680905933B7860
:10A09000002B00F00D813C4604E014F8013F002B3A
:10A0A00000F0E880252BF8D1E51B40F0E58023780F
:10A0B000002B00F0FD804FF0000200218DF82F20D2
:10A0C000637804914FF0FF32671C084602928A467B
:10A0D0000137A3F12002582A00F2F780DFE812F0DE
:10A0E0003302F500F5002F02F500F500F500F5004C
:10A0F000F500F500E5012B02F500F001F401F50093
:10A1000027025900590059005900590059005900B7
:10A1100059005900F500F500F500F500F500F500CF
:10A12000F500F500F500F5000E02F500F500F5006C
:10A13000F500F500F500F500F500F500F5009400D8
:10A14000F500F500F500F500F5008400F500F500D8
:10A150004802F500F500F500F500F500F500F50002
:10A16000F500F500F5003A02A701F500F500F5004D
:10A170008902A701F500F5007F02F500690296004B
:10A18000C902C502F500A402F5008600F500F5003D
:10A190008D02A3F13002002417F8013B04EB840484
:10A1A00002EB4404A3F13002092AF5D9049490E7A4
:10A1B00041465846F9F724FD002840F03585B8F8A7
:10A1C0000C2002F01A020A2A7FF458AFB8F90E30B8
:10A1D000002BFFF653AF23463A46414658462BB074
:10A1E000BDE8F04F00F044BD4AF0100A1AF020011B
:10A1F00000F00F81069B073323F00703596853F8DB
:10A20000080B069301230EE04AF0100A1AF0200111
:10A2100000F0F280069B073323F00703596853F8D8
:10A22000080B069300234FF000028DF82F20002228
:10A230000792029A541C00F02F822AF080040194A5
:10A2400050EA010440F02682002A40F09584002B59
:10A2500040F00E841AF00103039340F03E841AACE0
:10A26000DDE902639E42B8BF1E46079B002B3ED02D
:10A2700001363CE0E51B1BD00E9B0F9A01332A44AC
:10A28000072BC9E900750F920E9305DC09F1080947
:10A29000059B2B4405930AE7002A00F0D1830DAA01
:10A2A00041465846FFF778FE30B90DF16809EFE7EF
:10A2B0000F9B002B40F08584B8F80C305B0600F152
:10A2C000B38405982BB0BDE8F08F002940F0758469
:10A2D000002BEDD08DF8403001264FF000038DF8B3
:10A2E0002F30039610AC0023CDF804A00293019BFD
:10A2F00013F002030793019B18BF023613F0840387
:10A30000089304D1049B9D1B002D00F3DB82DDE943
:10A310000E1001F1010C9DF82F3093B101300DF1B9
:10A320002F030121BCF1070FCDE90EC0C9F80030A1
:10A33000C9F8041000F3A682614609F108090CF17E
:10A34000010C079BEBB10CAB0230C9F80030BCF13B
:10A35000070F4FF00203CDE90EC0C9F8043040F3F7
:10A36000AB82002800F066830DAA41465846FFF7ED
:10A3700013FE0028A0D1DDE90E100DF1680901F1EE
:10A38000010C089B802B00F0C881DDE902329D1A88
:10A39000002D00F31C82039BC9F800401844BCF157
:10A3A000070FCDE90EC0C9F8043040F3B38100288F
:10A3B00000F0D2820DAA41465846FFF7EDFD002875
:10A3C0007FF47AAF0F980DF16809019B5A0704D505
:10A3D000049B9C1B002C00F3C982DDE90423B242DC
:10A3E000ACBF9B189B190593002840F036820023D0
:10A3F0000E930DF168094AE61AF0100349D11AF0DC
:10A40000400146D0069A52F8040B0692194680B2D3
:10A4100009E71AF0100342D11AF040013FD0069A22
:10A4200052F8040B0692194680B20123FBE600297C
:10A4300040F0E1831AF0200F069B68D0073323F029
:10A4400007031A465B6852F8080B06921946002B60
:10A45000C0F20483029B013300F08A839DF82F3001
:10A46000079350EA01032AF0800A00F054830A2877
:10A4700071F1000380F01283303001238DF8670002
:10A48000CDF804A003930DF16704E9E6FAF75CFE4A
:10A49000D7E5069B53F8040B06930B46C3E6069BD1
:10A4A00053F8040B06930123BDE6069B53F8042BD7
:10A4B0000492002A80F20D83049A06935242049279
:10A4C0003B784AF0040A03E63C4614F8013B2A2B89
:10A4D00000F0AF83A3F13002092A274698BF002479
:10A4E00000F28F8317F8013B04EB840402EB440471
:10A4F000A3F13002092AF5D90294EAE5002940F0D7
:10A5000084834AF0100A1AF0200F069B96D153F864
:10A51000040B06931AF0100F40F09B821AF0400FC4
:10A5200000F0978240F3C0310B4600B28FE73B78D2
:10A530004AF0800ACCE53B7801212B20C8E53B7826
:10A540004AF0010AC4E53B7800287FF4C1AD01213F
:10A550002020BDE5069B4FF000028DF82F2001263C
:10A5600053F8042B8DF840200693039610ACBAE6FE
:10A57000002940F04D83BD4A09921AF0200144D0D1
:10A58000069A073222F00702516852F8080B069229
:10A590001AF0010F0BD050EA010208D08DF83130CB
:10A5A00030238DF830304AF0020A02233BE60223C2
:10A5B00039E6002940F022831AF0200F40F09A82F9
:10A5C0001AF0100F40F0CC821AF0400F00F0C88251
:10A5D000069B059953F8042B0693118057E53B78A9
:10A5E0006C2B03BF7B784AF0200A01374AF0100A2F
:10A5F0006EE53B784AF0400A6AE5002940F0F882AF
:10A600009B4A09921AF02001BAD11AF0100240F0C8
:10A610001B821AF0400100F01782069C54F8040BCC
:10A620000694114680B2B3E7069D55F8044B4FF0EF
:10A6300000038DF82F30002C00F0A482029B5E1CDA
:10A6400000F072821A4600212046FBF731FA0028FA
:10A6500000F0BE82031B03939DF82F300793002365
:10A660000695CDF804A00293FAE53B784AF0200A5B
:10A670002EE5069B53F8040B069330238DF83030FB
:10A6800078238DF831307A4B09934AF0020A002181
:10A690000223C8E5DDF804A0012B3FF4E8AE022B4D
:10A6A0001AAC12D1099A00F00F030009D35C04F828
:10A6B000013D40EA0170090950EA0103F3D11AABE8
:10A6C0001B1BCDF804A00393CAE500F00703C008E4
:10A6D00040EA4170C908303350EA0105224604F8C7
:10A6E000013DF2D11AF0010FE9D0302BE7D0302331
:10A6F000023A04F8013C1AAB9B1ACDF804A003936C
:10A700001446ADE503981A9401231B900F900E9305
:10A710000DF1680909F1080957E6049B9D1B002DFE
:10A720007FF733AE102D40F37B82DFF848A152460D
:10A730001023A246144607E001F1020E09F10809B0
:10A740001146103D102D1DDD4A1C1030072AC9E9A5
:10A750000043CDE90E20EFDD0DAA002800F08C802B
:10A76000414658460DF16809FFF716FC00287FF4B2
:10A77000A3ADDDE90E10103D102D01F1010E4FF0DB
:10A780001003E1DC234654469A462844BEF1070FE5
:10A79000CDE90EE0C9F800A0C9F8045040F3A48147
:10A7A000002800F0F8810DAA41465846FFF7F4FB57
:10A7B00000287FF481ADDDE90232DDE90E109D1A3B
:10A7C000002D01F1010C0DF168097FF7E4AD102DAA
:10A7D000DFF8A0A02BDD52461023A246144607E066
:10A7E00001F1020C09F108091146103D102D1BDD85
:10A7F0004A1C1030072AC9E90043CDE90E20EFDDDD
:10A800000DAA414618B358460DF16809FFF7C4FB7D
:10A8100000287FF451ADDDE90E10103D102D01F13F
:10A82000010C4FF01003E3DC234654469A462844BB
:10A83000BCF1070FCDE90EC0C9F800A0C9F804505B
:10A8400000F3E38009F108090CF1010CA3E54FF0D6
:10A85000010C01460DF16809C7E70DAA41465846AB
:10A86000FFF79AFB00283FF4C2AD25E534A70308A3
:10A8700050D00408A49D03084FF0010E01460DF1CD
:10A8800068095EE7002800F0D2800DAA41465846CC
:10A89000FFF782FB00287FF40FADDDE90E100DF10C
:10A8A000680901F1010C4CE502200CAB1B901A93D6
:10A8B0004FF0010C0DF16809614609F1080901F139
:10A8C000010C5EE5102D40F38D81DFF880A3DDE9FA
:10A8D0000EC052461023A2466146144607E001F11D
:10A8E000020C09F108091146103D102D1BDD4A1C10
:10A8F0001030072AC9E90043CDE90E20EFDD0DAA8B
:10A9000020B3414658460DF16809FFF745FB002882
:10A910007FF4D2ACDDE90E10103D102D01F1010CD9
:10A920004FF01003E3DC2346614654469A46284420
:10A930000729CDE90E10C9F800A0C9F8045000F3AA
:10A940009C8009F1080901F1010CE4E401464FF093
:10A95000010C0DF16809C7E7019B0E9059074CD512
:10A96000049B9C1B002C48DD0DF16809102C40F362
:10A970005281DFF8D8A20E9A53461025B2461E46E1
:10A9800006E0911C09F108091A46103C102C19DD4B
:10A99000531C1030072BC9E90065CDE90E30F0DDFE
:10A9A0000DAA28B341465846FFF7F6FA00287FF46F
:10A9B00083ACDDE90E20103C102C02F101010DF1F9
:10A9C0006809E5DC334656469A4620440729C9E91A
:10A9D00000A4CDE90E107FF700AD70B10DAA41467D
:10A9E0005846FFF7D9FA00287FF466AC0F98F4E4D4
:10A9F000012102460DF16809C7E7DDE90423B242EF
:10AA0000ACBF9B189B190593F1E400283FF47AAE84
:10AA10000DAA41465846FFF7BFFA00287FF44CAC18
:10AA20000E9B0F9803F1010C0DF16809B3E4079B2D
:10AA3000002B69D14FF0010C01460DF16809A0E42B
:10AA40000E920DF1680923E4069A52F8040B06925F
:10AA50009EE5C1170B46002BBFF6FCAC2D234042F0
:10AA60008DF82F30079361EB41010123FFF7E1BB24
:10AA7000029B03931AACFFF7F3BB002862D00DAA28
:10AA800041465846FFF788FA00287FF415ACDDE907
:10AA90000E100DF1680901F1010C3CE41AAC0A2218
:10AAA000002306460D4601F009FE303204F8012D60
:10AAB0000023304629460A2201F000FE0A2E75F1D5
:10AAC0000003ECD21AAB1B1BCDF804A00393FFF7D5
:10AAD000C7BB06933B78FFF7FBBA30238DF867308E
:10AAE0000DF16704FFF7BCBB09F108090EF1010C79
:10AAF00071464AE4DDE9050353F8041B0693C217C7
:10AB0000C1E90002FFF7C3BA02200CAB1B901A93F5
:10AB10000DF16809D1E6029B002B7FF4ADACCDF8B6
:10AB200004A00393FFF79BBB20460695CDF804A035
:10AB3000F6F7A6FC9DF82F300793002303900293AD
:10AB4000FFF78EBB9DF82F3063B301239C461B9308
:10AB50000DF12F031A930DF168096046FFF7ECBB66
:10AB6000069B059953F8042B11600693FFF78FBAE3
:10AB70009DF82F3007937AE4012BDDF804A07FF4D1
:10AB80008EAD79E4029E304C0695062E28BF06262F
:10AB90000396FFF7A8BB4FF0010C01460DF16809C1
:10ABA000FFF7F3BB079B002B7FF47EAE01464FF00F
:10ABB000010C0DF16809FFF7E8BB8DF82F00FFF7D6
:10ABC00087BB0DAA41465846FFF7E6F9FFF774BB6D
:10ABD000029B03939DF82F300695CDE901A00793C2
:10ABE000FFF73EBB0E990F98DFF860A001319EE69B
:10ABF0008DF82F0004E58DF82F001BE48DF82F0051
:10AC0000DAE400220292FFF764BA8DF82F0078E4AC
:10AC10008DF82F00AFE40E99DFF830A00131D4E6B3
:10AC2000DFF82CA0E646B0E54FF0FF330593FFF7C1
:10AC300048BB069A7B78274652F8044B069244EAB2
:10AC4000E4740294FFF744BA64D00408949D0308A6
:10AC5000A49D030810B4054C8446134620685DF893
:10AC6000044B0A466146FFF7DFB900BF1802002017
:10AC700070B50C468989ADF58D6D21F00201ADF8F6
:10AC80000C10616E1991E189ADF80E10E169079120
:10AC9000616A09911AA9009104914FF480610291AF
:10ACA00005910021069169460646FFF7BDF9051E8C
:10ACB00007DB69463046FAF71DF9002818BF4FF048
:10ACC000FF35BDF80C305B0603D5A38943F0400384
:10ACD000A38128460DF58D6D70BD00BF10B4034CE7
:10ACE000D4F8E040A4465DF8044B6047580A0020C1
:10ACF00049B1FF2A02D80A70012070478A230360F5
:10AD00004FF0FF3070470846704700BF00B50B4C4E
:10AD100025681446EE681A4685B003460D464CB1C8
:10AD200007490095CDE901143046064900F0BCF80A
:10AD3000F5F722FB04490C46F3E700BF1802002098
:10AD40001CD104082CD1040828D1040808B51346E6
:10AD50000022FFF7DBFF00BF10B502FB01F1F5F7A2
:10AD60006FFB044668B150F8042C22F00302043A49
:10AD7000242A18D8132A06D802460023C2E9003331
:10AD80009360204610BD00231B2AC0E900330FD971
:10AD9000242AC0E9023311BF00F11002036100F15F
:10ADA00018024361E9E70021F5F70AFF204610BDCC
:10ADB00000F10802E1E700BF70B50C460646FAF75D
:10ADC00001F8E36A054633B1E16930469847002847
:10ADD000B8BF4FF0FF35A3891B0619D4216B41B1D1
:10ADE00004F14003994202D03046FAF71DFA0023DD
:10ADF0002363616C21B13046FAF716FA00236364CD
:10AE0000FAF7A6F90023A381FAF7A4F9284670BD42
:10AE100021693046FAF708FAE0E700BFB1B138B56A
:10AE200004460D4608B1836B4BB1B5F90C300BB934
:10AE3000002038BD29462046BDE83840BCE7FAF777
:10AE400083F9B5F90C30002BF2D0F3E700207047FE
:10AE5000C0B138B50C4B1D6804460DB1AB6B4BB19E
:10AE6000B4F90C300BB9002038BD21462846BDE8A6
:10AE70003840A1E72846FAF767F9B4F90C30002BFF
:10AE8000F1D0F2E700207047180200200CB400B5A2
:10AE900083B004AB53F8042B0193FFF7C5F803B05C
:10AEA0005DF804EB02B070470EB410B583B005AB8B
:10AEB000064C53F8042B019301462068FFF7B4F8C1
:10AEC00003B0BDE8104003B0704700BF1802002077
:10AED0002DE9F04782B0824688461446FAF794FC82
:10AEE000012803D108F1FF33FE2B36D9424604F185
:10AEF0005C0301A9504600F03BFD421C064632D0DF
:10AF000030B39DF804C00DF10509002509E0236860
:10AF10005A1C226083F800C00135B54218D219F8D6
:10AF200001CBA368013B002BA360F0DAA769BB4209
:10AF300061462246504602DBBCF10A0FE7D100F021
:10AF4000B3FC431CE8D10646304602B0BDE8F087AA
:10AF50004646304602B0BDE8F0875FFA88FC8DF8BF
:10AF600004C00646CFE7A389304643F04003A381DF
:10AF700002B0BDE8F08700BFB2F90C3013F4005FF7
:10AF80000BD110B4546E43F4005344F4005454668F
:10AF900093815DF8044BFFF79BBFFFF799BF00BF9C
:10AFA00030B5104B1D680C4683B001460DB1AB6B3C
:10AFB0008BB1B4F90C309A0406D4626E43F400539A
:10AFC00042F40052A38162662246284603B0BDE8DF
:10AFD0003040FFF77DBF01902846FAF7B5F8019998
:10AFE000E7E700BF1802002070B50C46084D034685
:10AFF0000026204611461C462E6002F0BDFC431C74
:10B0000000D070BD2B68002BFBD0236070BD00BF4B
:10B01000F00F00202DE9F0410469B4EB611F2FDD32
:10B0200000F1140E4E1111F01F0C0EEB84050EEB07
:10B0300086032BD05EF8262004339D4222FA0CF1C1
:10B04000CCF1200818D977461A6802FA08F20A43A8
:10B0500047F8042B53F8041B9D4221FA0CF1F3D856
:10B06000A41BA300053B9B0801330EEB83044EF8A1
:10B070002310C9B1043417E0416174460029F9D1A5
:10B080000023036100234361BDE8F0819D4288BF36
:10B0900000F11002F4D953F8041B42F8041F9D423A
:10B0A000F9D8A41B0EEB8404A4EB0E039B1074458B
:10B0B0000361E7D0BDE8F0812DE9F04FAE4C2DEDF6
:10B0C000028B24688BB008EE100A20468946039252
:10B0D00007930494F6F7D4F9D9F800302118024602
:10B0E00011F801BC9978302940F0E5816FF001003A
:10B0F000C01A033300EB030A1C4613F8011B302966
:10B10000F8D0DFF8788218F80130002B00F0F780D3
:10B110002378002718F803303D4626462BB116F851
:10B12000013F18F80330002BF9D104990292304600
:10B13000F6F714FA029A0190002800F09680002D8C
:10B1400040F096803378019503F0DF03502B3546AD
:10B1500000F09880C9F80060002F40F0B0802B1BF1
:10B16000013B072B394604DD5B10072B01F1010180
:10B17000FADC18EE100A0592FAF7EAFC059A02903A
:10B18000002800F07182029BAC4203F1140606967F
:10B1900080F0E7810027C2F10103B946059310E072
:10B1A000202F00F097803946043715F8013C18F835
:10B1B0000330554603F00F038B40A54249EA0309CB
:10B1C00016D915F8013C5B4505F1FF3AE8D1059B1E
:10B1D0005344A342E4D31846049909920893F6F71E
:10B1E000BDF9DDE908320028DAD11D46A542E8D8CC
:10B1F00046F8049B069BF61A029BB6101E61484651
:10B20000FAF784FD039B76011C68301AA04200F314
:10B21000B780C0F22F810027039B019A9B6893425D
:10B22000C0F293810399019A4B68934240F3848062
:10B230009D1AAC4200F3C480CA68022A00F0C6819D
:10B24000032A00F0BE81012A00F0A28118EE100A44
:10B250000299FAF7A3FC5025169A0023284613609A
:10B260000BB0BDEC028BBDE8F08F002D00F011811A
:10B27000AD1BAB000193337803F0DF03502B354651
:10B280007FF468AF6B782B2B00F0F2802D2B6ED003
:10B290006E1C002018F803104B1E182B65D873780D
:10B2A00018F803301039013633BB00B14942019B15
:10B2B000C9F800600B440193002F3FF450AFBAF17E
:10B2C000000F14BF0025062528460BB0BDEC028BED
:10B2D000BDE8F08F002146F8049B0427894664E707
:10B2E00001EB810103EB4103A3F1100116F8013FCB
:10B2F00018F80330002BD8D0192BF1DDD5E70499CD
:10B3000001922046F6F72AF9019A002876D1A15C2D
:10B3100018F80130A518002B72D030292C4605D121
:10B3200014F8013F302BFBD018F80330B3FA83F741
:10B330007F094FF0010AF0E6012557B1039BDB6856
:10B34000022B65D0032B67D0012B00F0888045F0DD
:10B350001005169B029A1A60079B019A1A602846EC
:10B360000BB0BDEC028BBDE8F08F2E46F2E601205B
:10B37000AB78AE1C8EE700BFB49E0308B49D0308F3
:10B38000029D061B31462846FBF700F9074678B1B7
:10B39000721E53110699012751F8231002F01F0362
:10B3A00007FA03F30B4203D0BA4200F3E48002270A
:10B3B000019B0298334431460193FFF72BFE2BE7A4
:10B3C0006E1E002F40F0CB80002E40F0CE80731117
:10B3D000069A029852F8232006F01F06012303FA6A
:10B3E00006F61642294618BF47F00207FFF712FE7D
:10B3F000039B5B680193641B02259EE72178254629
:10B4000001F0DF01502900F0BF80C9F8005056E775
:10B41000179BC3F101031793179B002B97D0029B37
:10B42000DDF818901E6900214B464FEA860809EBAB
:10B43000860003E0984243F8041C40D91F4653F8A5
:10B44000042BB2F1FF3FF5D00132022D3A6000F03B
:10B45000C28014F01F0440F0E180212579E7BA078B
:10B460007FF575AF069B1B681F43FB07D7D46EE7BC
:10B4700000207DE7DDE90131221A9B1A18EE100A3F
:10B480000193FAF7CFFD0346143302900693002789
:10B49000C2E6B35C18F80310B018064600293FF462
:10B4A00053AE16F8013F18F803100029F9D1801B9C
:10B4B0008100019148E69C1C4FF0000A21E6029BA6
:10B4C0009B689E4280F28E803346029901EB830294
:10B4D00001330B61022D4FF0010151617BD09E427F
:10B4E000B7DA002B40F3A780029A09EB8303516976
:10B4F00002F1180083424FEA510140F2AF804C46FE
:10B50000026841EAC27144F8041B50F8041B8342EC
:10B510004FEA5101F4D8029A9B1A193B9B08013358
:10B5200049F8231009EB8303002940F09B8002991E
:10B53000A3EB090292104B450A617FD0039B019A4D
:10B540009B6801329342019287DA029918EE100A41
:10B55000FAF724FB169A00231360A325B4E601270B
:10B5600035E7069E4FF0000942E602983146FBF7A8
:10B570000DF807462BE7B11E2846FBF707F8002811
:10B580003FF415AF032713E700230193012779E662
:10B59000AC427FF45BAE012C08D00298611EFAF732
:10B5A000F5FF00283FF452AE039B5B6807990B60E0
:10B5B000029B069901221A610A60169A622513609D
:10B5C00082E6179A002A3FF441AEEFE7179A002A65
:10B5D0007FF43CAEEAE7039B1B68013BA34231D0FA
:10B5E0002225B6E6029B596818EE100A0131FAF7D7
:10B5F000AFFA074600283DD002990B6902339A0042
:10B600000C310C30F5F7C6F9029918EE100AFAF76A
:10B61000C5FA07F114093B69029756E7C844C4F11B
:10B62000200458F8040CFAF771FBA042BFF615AFDE
:10B63000029B1B6955E7029A00231361029A0023BB
:10B6400053617BE7631104F01F0459F823200123A1
:10B65000A34013420CBF222521257AE6C9F8001029
:10B660004B4669B1043362E7074B0848029ADE2172
:10B67000FFF74CFB044B05483A468421FFF746FB95
:10B68000029B1961DAE700BF84D004085CD104088A
:10B6900010B4046809E014F8013FA3F1410CBCF1B7
:10B6A000190F98BF2033934209D111F8012B002ABA
:10B6B000F1D10134046001205DF8044B7047002093
:10B6C0005DF8044B704700BF2DE9F04F096885B065
:10B6D0004B1111F01F01029002EB8303039140F024
:10B6E0008E801D1F0193029B01991C68002341F865
:10B6F000043C61780134002900F09780DFF87091F4
:10B70000A846AC469A461E460EE0202900F28B80E1
:10B71000B24506DAC44501D2072B5BDD624551D341
:10B72000082314F8011FA1B119F801000028ECD07A
:10B730000133082B06F101063ADCDCF800100901A0
:10B7400000F00F000843CCF8000014F8011F002996
:10B75000EAD1002E69D0E04501D9072B73DD62459F
:10B7600051D2111F634653F8040B41F8040F9D4258
:10B77000F9D2A5EB0C0323F00303691C04330CF18D
:10B78000010C614538BF04231344002143F8041B16
:10B790009D42FBD2019B53F8043C2BB9AA4248D0EE
:10B7A00055F8043D002BF9D0052005B0BDE8F08F19
:10B7B0006245B6D200234CF8043C1946ACF1040CA7
:10B7C0000123BDE70023ACF104084CF8043CB24669
:10B7D000C446A6E7C3F108018900DCF80030C1F1D6
:10B7E000200E60468B46416801FA0EF73B4303602A
:10B7F00021FA0BF340F8043F4045F4D38EE7191DBE
:10B8000001911D466FE7039B002BC3D0039B01985A
:10B81000C3F120014FF0FF33CB4050F8041C0B4024
:10B8200040F8043CB9E7292909D0042005B0BDE857
:10B83000F08F012305202B6005B0BDE8F08F029941
:10B8400001340C6085E7C3F108039B00DCF80010AD
:10B85000C3F120076446666806FA07F001432160D9
:10B8600026FA03F144F8041FA045F4D877E700BF97
:10B87000B49D030838B5074D0022044608462A60E7
:10B8800002F08AF8431C00D038BD2B68002BFBD097
:10B89000236038BDF00F00209FED010B704700BF03
:10B8A000000000000000F87FF8B50D46144606467B
:10B8B00010B1836B002B43D0B4F90C20A369A360B3
:10B8C000170790B21BD52369CBB1EDB281042F4687
:10B8D00022D522686169D31A994229DD0133A16812
:10B8E0000139A160511C2160157062699A422AD009
:10B8F000A389DB0701D50A2D25D03846F8BD21469E
:10B900003046F8F77DF920BBB4F90C20236990B2DA
:10B91000EDB281042F46DCD442F40052A281626E63
:10B92000616922F4005262662268D31A9942D5DC1A
:10B9300021463046F9F7DEFA58B922680123CEE7EE
:10B94000F9F702FCB8E721463046F9F7D3FA0028A8
:10B95000D3D04FF0FF37D0E710B4044C03460A466B
:10B9600020685DF8044B1946FFF79EBF18020020BF
:10B9700070B5054684B01C4639B10B4ED6F8E06070
:10B98000B047431C09D004B070BD0A460649D1F83F
:10B99000E06001A9B047431CF5D100228A23226050
:10B9A0002B6004B070BD00BF580A002070B5104B6A
:10B9B00084B01D68144658B10E4B0A46D3F8E060B7
:10B9C000014623462846B047431C0BD004B070BD47
:10B9D000084A2346D2F8E06001A902462846B0474B
:10B9E000431CF3D100228A2322602B6004B070BD77
:10B9F00018020020580A002081F0004102E000BF38
:10BA000083F0004330B54FEA41044FEA430594EA1E
:10BA1000050F08BF90EA020F1FBF54EA000C55EA59
:10BA2000020C7FEA645C7FEA655C00F0E2804FEA2A
:10BA30005454D4EB5555B8BF6D420CDD2C4480EA0C
:10BA4000020281EA030382EA000083EA010180EA3C
:10BA5000020281EA0303362D88BF30BD11F0004F8A
:10BA60004FEA01314FF4801C4CEA113102D04042C0
:10BA700061EB410113F0004F4FEA03334CEA1333FB
:10BA800002D0524263EB430394EA050F00F0A78013
:10BA9000A4F10104D5F1200E0DDB02FA0EFC22FA0E
:10BAA00005F2801841F1000103FA0EF2801843FA02
:10BAB00005F359410EE0A5F120050EF1200E012AF3
:10BAC00003FA0EFC28BF4CF0020C43FA05F3C01831
:10BAD00051EBE37101F0004507D54FF0000EDCF1AA
:10BAE000000C7EEB00006EEB0101B1F5801F1BD353
:10BAF000B1F5001F0CD349085FEA30004FEA3C0C57
:10BB000004F101044FEA445212F5800F80F09A804C
:10BB1000BCF1004F08BF5FEA500C50F1000041EB50
:10BB2000045141EA050130BD5FEA4C0C404141EB54
:10BB30000101013C28BFB1F5801FE9D291F0000F4F
:10BB400004BF01460020B1FA81F308BF2033A3F1FE
:10BB50000B03B3F120020CDA0C3208DD02F1140CF5
:10BB6000C2F10C0201FA0CF021FA02F10CE002F130
:10BB70001402D8BFC2F1200C01FA02F120FA0CFC29
:10BB8000DCBF41EA0C019040E41AA2BF01EB045172
:10BB9000294330BD6FEA04041F3C1CDA0C340EDC70
:10BBA00004F11404C4F1200220FA04F001FA02F3B3
:10BBB00040EA030021FA04F345EA030130BDC4F171
:10BBC0000C04C4F1200220FA02F001FA04F340EA66
:10BBD0000300294630BD21FA04F0294630BD94F017
:10BBE000000F83F4801306BF81F480110134013DFE
:10BBF0004EE77FEA645C18BF7FEA655C29D094EA6F
:10BC0000050F08BF90EA020F05D054EA000C04BFEC
:10BC10001946104630BD91EA030F1EBF00210020D7
:10BC200030BD5FEA545C05D14000494128BF41F076
:10BC3000004130BD14F580043CBF01F5801130BDDA
:10BC400001F0004545F0FE4141F470014FF0000065
:10BC500030BD7FEA645C1ABF194610467FEA655C16
:10BC60001CBF0B46024650EA013406BF52EA0335B8
:10BC700091EA030F41F4002130BD00BF90F0000FA6
:10BC800004BF0021704730B54FF4806404F13204E2
:10BC90004FF000054FF0000150E700BF90F0000F9B
:10BCA00004BF0021704730B54FF4806404F13204C2
:10BCB00010F0004548BF40424FF000013EE700BF92
:10BCC00042004FEAE2014FEA31014FEA02701FBF22
:10BCD00012F07F4393F07F4F81F06051704732F054
:10BCE0007F4208BF704793F07F4F04BF41F40021AB
:10BCF000704730B54FF4607401F0004521F0004109
:10BD00001CE700BF50EA010208BF704730B54FF092
:10BD100000050AE050EA010208BF704730B511F093
:10BD2000004502D5404261EB41014FF4806404F1CB
:10BD300032045FEA915C3FF4D8AE4FF003025FEA51
:10BD4000DC0C18BF03325FEADC0C18BF033202EBD5
:10BD5000DC02C2F1200300FA03FC20FA02F001FA2F
:10BD600003FE40EA0E0021FA02F11444BDE600BFD2
:10BD700070B54FF0FF0C4CF4E06C1CEA11541DBF81
:10BD80001CEA135594EA0C0F95EA0C0F00F0DEF84C
:10BD90002C4481EA030621EA4C5123EA4C5350EA31
:10BDA000013518BF52EA033541F4801143F4801382
:10BDB00038D0A0FB02CE4FF00005E1FB02E506F013
:10BDC0000042E0FB03E54FF00006E1FB03569CF068
:10BDD000000F18BF4EF0010EA4F1FF04B6F5007F6E
:10BDE00064F5407404D25FEA4E0E6D4146EB0606E0
:10BDF00042EAC62141EA55514FEAC52040EA5E5069
:10BE00004FEACE2EB4F1FD0C88BFBCF5E06F1ED812
:10BE1000BEF1004F08BF5FEA500E50F1000041EB49
:10BE2000045170BD06F0004646EA010140EA0200F6
:10BE300081EA0301B4EB5C04C2BFD4EB0C0541EA18
:10BE4000045170BD41F480114FF0000E013C00F32D
:10BE5000AB8014F1360FDEBF002001F0004170BD51
:10BE6000C4F10004203C35DA0C341BDC04F114046A
:10BE7000C4F1200500FA05F320FA04F001FA05F2F6
:10BE800040EA020001F0004221F0004110EBD370C3
:10BE900021FA04F642EB06015EEA430E08BF20EAEF
:10BEA000D37070BDC4F10C04C4F1200500FA04F392
:10BEB00020FA05F001FA04F240EA020001F0004124
:10BEC00010EBD37041F100015EEA430E08BF20EA97
:10BED000D37070BDC4F1200500FA05F24EEA020EDF
:10BEE00020FA04F301FA05F243EA020321FA04F00E
:10BEF00001F0004121FA04F220EA020000EBD370C5
:10BF00005EEA430E08BF20EAD37070BD94F0000FC4
:10BF10000FD101F00046400041EB010111F4801FF8
:10BF200008BF013CF7D041EA060195F0000F18BFA9
:10BF3000704703F00046520043EB030313F4801FE5
:10BF400008BF013DF7D043EA0603704794EA0C0F9F
:10BF50000CEA135518BF95EA0C0F0CD050EA4106B5
:10BF600018BF52EA4306D1D181EA030101F0004132
:10BF70004FF0000070BD50EA410606BF104619465A
:10BF800052EA430619D094EA0C0F02D150EA013666
:10BF900013D195EA0C0F05D152EA03361CBF1046A7
:10BFA00019460AD181EA030101F0004141F0FE4146
:10BFB00041F470014FF0000070BD41F0FE4141F4CA
:10BFC000780170BD70B54FF0FF0C4CF4E06C1CEACA
:10BFD00011541DBF1CEA135594EA0C0F95EA0C0F7F
:10BFE00000F0A7F8A4EB050481EA030E52EA03353A
:10BFF0004FEA013100F088804FEA03334FF080555B
:10C0000045EA131343EA12634FEA022245EA111587
:10C0100045EA10654FEA00260EF000419D4208BF38
:10C02000964244F1FD0404F5407402D25B084FEAE5
:10C030003202B61A65EB03055B084FEA32024FF491
:10C0400080104FF4002CB6EB020E75EB030E22BFEE
:10C05000B61A754640EA0C005B084FEA3202B6EBAE
:10C06000020E75EB030E22BFB61A754640EA5C005D
:10C070005B084FEA3202B6EB020E75EB030E22BFED
:10C08000B61A754640EA9C005B084FEA3202B6EBEE
:10C09000020E75EB030E22BFB61A754640EADC00AD
:10C0A00055EA060E18D04FEA051545EA16754FEA0F
:10C0B00006164FEAC30343EA52734FEAC2025FEA2D
:10C0C0001C1CC0D111F4801F0BD141EA00014FF0BC
:10C0D00000004FF0004CB6E711F4801F04BF01438D
:10C0E0000020B4F1FD0C88BFBCF5E06F3FF6AFAEA9
:10C0F000B5EB030C04BFB6EB020C5FEA500C50F139
:10C10000000041EB045170BD0EF0004E4EEA1131BB
:10C1100014EB5C04C2BFD4EB0C0541EA045170BDC2
:10C1200041F480114FF0000E013C90E645EA060E06
:10C130008DE60CEA135594EA0C0F08BF95EA0C0F34
:10C140003FF43BAF94EA0C0F0AD150EA01347FF47C
:10C1500034AF95EA0C0F7FF425AF104619462CE753
:10C1600095EA0C0F06D152EA03353FF4FDAE1046B6
:10C17000194622E750EA410618BF52EA43067FF407
:10C18000C5AE50EA41047FF40DAF52EA43057FF497
:10C19000EBAE12E74FF0FF3C06E000BF4FF0010CA2
:10C1A00002E000BF4FF0010C4DF804CD4FEA410C06
:10C1B0007FEA6C5C4FEA430C18BF7FEA6C5C1BD0D3
:10C1C00001B050EA410C0CBF52EA430C91EA030F54
:10C1D00002BF90EA020F0020704710F1000F91EAB1
:10C1E000030F58BF994208BF90422CBFD8176FEA7F
:10C1F000E37040F0010070474FEA410C7FEA6C5C4D
:10C2000002D150EA013C07D14FEA430C7FEA6C5C53
:10C21000D6D152EA033CD3D05DF8040B704700BF7F
:10C220008446104662468C461946634600E000BFCD
:10C2300001B5FFF7B7FF002848BF10F1000F01BD9F
:10C240004DF808EDFFF7F4FF0CBF012000205DF86A
:10C2500008FB00BF4DF808EDFFF7EAFF34BF0120EF
:10C2600000205DF808FB00BF4DF808EDFFF7E0FF88
:10C2700094BF012000205DF808FB00BF4DF808EDD9
:10C28000FFF7CEFF94BF012000205DF808FB00BF40
:10C290004DF808EDFFF7C4FF34BF012000205DF822
:10C2A00008FB00BF4FEA410C7FEA6C5C02D150EA08
:10C2B000013C0AD14FEA430C7FEA6C5C02D152EA9E
:10C2C000033C02D14FF0000070474FF0010070476F
:10C2D0004FEA410212F5001215D211D56FF47873AE
:10C2E000B3EB625212D94FEAC12343F0004343EA51
:10C2F000505311F0004F23FA02F018BF404270472C
:10C300004FF00000704750EA013005D111F00040B5
:10C3100008BF6FF0004070474FF00000704700BF4B
:10C320004A0011D212F5001211D20DD56FF47873B4
:10C33000B3EB62520ED44FEAC12343F0004343EA09
:10C34000505323FA02F070474FF00000704750EA54
:10C35000013002D14FF0FF3070474FF000007047BE
:10C360004FEA4102B2F1E04324BFB3F5001CDCF117
:10C37000FE5C0DD901F0004C4FEAC0024CEA50704F
:10C38000B2F1004F40EB830008BF20F0010070477E
:10C3900011F0804F21D113F13872BCBF01F0004081
:10C3A000704741F480114FEA5252C2F11802C2F1B3
:10C3B000200C10FA0CF320FA02F018BF40F0010034
:10C3C0004FEAC1234FEAD32303FA0CFC40EA0C00E6
:10C3D00023FA02F34FEA4303CCE77FEA625307D123
:10C3E00050EA01331EBF4FF0FE4040F4400070475A
:10C3F00001F0004040F0FE4040F40000704700BFF4
:10C4000080F0004002E000BF81F0004142001FBF09
:10C410005FEA410392EA030F7FEA226C7FEA236C12
:10C420006AD04FEA1262D2EB1363C1BFD218414007
:10C4300048404140B8BF5B42192B88BF704710F09D
:10C44000004F40F4000020F07F4018BF404211F040
:10C45000004F41F4000121F07F4118BF494292EAA8
:10C46000030F3FD0A2F1010241FA03FC10EB0C00D4
:10C47000C3F1200301FA03F100F0004302D5494261
:10C4800060EB4000B0F5000F13D3B0F1807F06D30E
:10C4900040084FEA310102F10102FE2A51D2B1F106
:10C4A000004F40EBC25008BF20F0010040EA0300FB
:10C4B0007047490040EB0000013A28BFB0F5000F7B
:10C4C000EDD2B0FA80FCACF1080CB2EB0C0200FA31
:10C4D0000CF0AABF00EBC25052421843BCBFD04080
:10C4E0001843704792F0000F81F4000106BF80F4FA
:10C4F00000000132013BB5E74FEA41037FEA226CBD
:10C5000018BF7FEA236C21D092EA030F04D092F087
:10C51000000F08BF0846704790EA010F1CBF0020BB
:10C52000704712F07F4F04D1400028BF40F0004018
:10C53000704712F100723CBF00F50000704700F038
:10C54000004343F0FE4040F4000070477FEA22625F
:10C5500016BF08467FEA23630146420206BF5FEA30
:10C56000412390EA010F40F4800070474FF0000330
:10C5700004E000BF10F0004348BF40425FEA000CF7
:10C5800008BF704743F0964301464FF000001CE09F
:10C5900050EA010208BF70474FF000030AE000BFF5
:10C5A00050EA010208BF704711F0004302D5404233
:10C5B00061EB41015FEA010C02BF844601460020A5
:10C5C00043F0B64308BFA3F18053A3F50003BCFAC0
:10C5D0008CF2083AA3EBC25310DB01FA02FC63446D
:10C5E00000FA02FCC2F12002BCF1004F20FA02F274
:10C5F00043EB020008BF20F00100704702F1200267
:10C6000001FA02FCC2F1200250EA4C0021FA02F2C7
:10C6100043EB020008BF20EADC7070477BB972B9B7
:10C620000029BEBF00204FF0004106E008BF0028EF
:10C630001CBF6FF000414FF0FF3001F093B9ADF136
:10C64000080C6DE904CE002909DB002B1ADB00F091
:10C65000B7F8DDF804E0DDE9022304B0704740429A
:10C6600061EB4101002B1BDB00F0AAF8DDF804E0D0
:10C67000DDE9022304B0404261EB4101524263EB29
:10C6800043037047524263EB430300F099F8DDF82F
:10C6900004E0DDE9022304B0404261EB4101704750
:10C6A000524263EB430300F08BF8DDF804E0DDE970
:10C6B000022304B0524263EB4303704753B94AB9B3
:10C6C000002908BF00281CBF4FF0FF314FF0FF309A
:10C6D00001F048B9ADF1080C6DE904CE00F070F836
:10C6E000DDF804E0DDE9022304B0704707EE900AAC
:10C6F000F5EEC07AF1EE10FA01D400F023B8F1EEB5
:10C70000677A08B517EE900A00F01CF8404261EB1A
:10C71000410108BD38B50022002304460D46FFF74D
:10C7200099FD28B920462946BDE8384000F02AB8CE
:10C73000204605F1004100F025F8404261EB41013F
:10C7400038BD00BFD0B5FFF7BBFA0C4B0022064640
:10C750000F46FFF70DFBFFF7E3FD0446FFF78EFAE8
:10C76000074B0022FFF704FB02460B4630463946D2
:10C77000FFF746F9FFF7D4FD2146D0BD0000F03D9C
:10C780000000F041D0B50C4B002206460F46FFF7E3
:10C79000EFFAFFF7C5FD0446FFF770FA074B0022DA
:10C7A000FFF7E6FA02460B4630463946FFF728F90E
:10C7B000FFF7B6FD2146D0BD0000F03D0000F0417E
:10C7C0002DE9F047089D04468E46002B4DD18A4244
:10C7D000944669D9B2FA82F252B101FA02F3C2F177
:10C7E000200120FA01F10CFA02FC41EA030E944008
:10C7F0004FEA1C48210CBEFBF8F61FFA8CF708FB29
:10C8000016E341EA034306FB07F199420AD91CEB00
:10C81000030306F1FF3080F01F81994240F21C8132
:10C82000023E63445B1AA4B2B3FBF8F008FB10337A
:10C8300044EA034400FB07F7A7420AD91CEB0404AF
:10C8400000F1FF3380F00A81A74240F2078164447F
:10C85000023840EA0640E41B00261DB1D440002304
:10C86000C5E900433146BDE8F0878B4209D9002D68
:10C8700000F0EF800026C5E9000130463146BDE8F2
:10C88000F087B3FA83F6002E4AD18B4202D382425C
:10C8900000F2F980841A61EB030301209E46002D0B
:10C8A000E0D0C5E9004EDDE702B9FFDEB2FA82F260
:10C8B000002A40F09280A1EB0C014FEA1C471FFABE
:10C8C0008CFE0126200CB1FBF7F307FB131140EAA5
:10C8D00001410EFB03F0884208D91CEB010103F172
:10C8E000FF3802D2884200F2CB804346091AA4B234
:10C8F000B1FBF7F007FB101144EA01440EFB00FE08
:10C90000A64508D91CEB040400F1FF3102D2A6456C
:10C9100000F2BB800846A4EB0E0440EA03409CE70B
:10C92000C6F12007B34022FA07FC4CEA030C20FAB8
:10C9300007F401FA06F31C43F9404FEA1C4900FAD8
:10C9400006F3B1FBF9F8200C1FFA8CFE09FB181155
:10C9500040EA014108FB0EF0884202FA06F20BD9C8
:10C960001CEB010108F1FF3A80F08880884240F218
:10C970008580A8F102086144091AA4B2B1FBF9F05C
:10C9800009FB101144EA014100FB0EFE8E4508D957
:10C990001CEB010100F1FF346CD28E456AD90238DC
:10C9A000614440EA0840A0FB0294A1EB0E01A142C1
:10C9B000C846A64656D353D05DB1B3EB080261EB2F
:10C9C0000E0101FA07F722FA06F3F1401F43C5E909
:10C9D000007100263146BDE8F087C2F12003D8403F
:10C9E0000CFA02FC21FA03F3914001434FEA1C4781
:10C9F0001FFA8CFEB3FBF7F007FB10360B0C43EA73
:10CA0000064300FB0EF69E4204FA02F408D91CEB22
:10CA1000030300F1FF382FD29E422DD90238634420
:10CA20009B1B89B2B3FBF7F607FB163341EA0341C0
:10CA300006FB0EF38B4208D91CEB010106F1FF380F
:10CA400016D28B4214D9023E6144C91A46EA004606
:10CA500038E72E46284605E70646E3E61846F8E698
:10CA60004B45A9D2B9EB020864EB0C0E0138A3E7E1
:10CA70004646EAE7204694E74046D1E7D0467BE7C2
:10CA8000023B614432E7304609E76444023842E73A
:10CA900003685A004CBF43F0004323F0004318449E
:10CAA000704700BF2DE9F84329B34F1E04461546D1
:10CAB0003E464FF0000808EB060101EBD17149102A
:10CAC00004EBC1094846FFF7E3FF0346C8000830FE
:10CAD0008F42204409D0AB4209D8FFF7D9FF013873
:10CAE000A8420AD201F10108E5E7AB4205D9884521
:10CAF00001D04E1EDFE74FF000094846BDE8F8833D
:10CB0000012807D0022807D0044B00280CBF184684
:10CB1000002070470248704702487047D9D100088A
:10CB2000DDD10008E1D1000830B5234B83B00446C5
:10CB30008D1E3BB301A92846AFF30080E8B10199EF
:10CB40002A46FFF7AFFF0146B8B1FFF7A1FF4B68D8
:10CB5000A064012B2CD0002B01F1040024DBFFF793
:10CB600097FF0023C4E913030368002B11DBFFF7D1
:10CB70008FFF2061002003B030BD00230920236116
:10CB800003B030BD0D4B0E49C91AC91018460191AA
:10CB9000D6E7C3F30360FFF7B3FF0028206114BF9B
:10CBA0000020092003B030BD0123C4E91303DBE7F3
:10CBB000002323610520DEE70000000074D504088F
:10CBC00084E104080368DA0710B5044606D49B071D
:10CBD00000F1480009D500F05BFC2368590709D52E
:10CBE0001A070ED5DB0613D510BD00F049FC2368EB
:10CBF0005907F5D404F1D00000F052FC23681A075D
:10CC0000F0D404F5A87000F053FC2368DB06EBD4E5
:10CC100004F5E870BDE8104000F08EBC09207047B4
:10CC20000346006800B11844704700BF704700BF5A
:10CC300070B504460E46316C2046FFF775FF054679
:10CC400088B9326C626123693246214601209847D7
:10CC50000828F0D0072806D12846316CFFF7E6FFF8
:10CC6000301D00F001FCF3F787FB00BF2DE9F04712
:10CC70000D1DD0F80C80D0F81890074614460FCD43
:10CC8000ADF5727D0DF10C0CACE80F000FCDACE8EA
:10CC90000F000FCDACE80F0095E80F0002AE4FF08B
:10CCA000000E8CE80F00C6F800E020E0336C7B61DA
:10CCB0004FF4F07231467AA8F3F76CFE3B697AAA1A
:10CCC000394650469847889B73642146CDE90069F0
:10CCD00005463B463A460120C0470446E0B94FF4BA
:10CCE000F0727AA93046F3F755FE082D1AD1316C4F
:10CCF0003846FFF719FF09345FFA84FA0546002821
:10CD0000D4D0B36B73643A46CDE900693B464AF030
:10CD100010010120C04700B1092528460DF5727D9C
:10CD2000BDE8F087072DF7D12046316CFFF77EFF75
:10CD300003A800F099FB00BF406C7047F0B5CB6BC7
:10CD40000B6401F1040C0E460546BCE80F00F9B077
:10CD500001AC0FC4BCE80F000FC4BCE80F000FC447
:10CD60009CE80F004FF0FF3784E80F00009706E0C3
:10CD70002B696A46294698470828044608D1109925
:10CD80002846FFF7D1FE0028F2D0092079B0F0BD87
:10CD90006846FFF717FF062CF7D131462846FFF704
:10CDA00047FF00BFC160D96B826119640022194638
:10CDB0005CE700BF70B5C66843690B64AEB9036930
:10CDC0000A4604460D46014602209847072805D02A
:10CDD00008280FD129462046FFF72AFF3046296C44
:10CDE000FFF724FF281D00F03FFB0122FFF73EFF65
:10CDF000F3F7C2FAF3F7C0FAC2681AB1CA6B0A6451
:10CE0000002233E79AE700BF704700BF83680146FE
:10CE10000BB1012018477047012912D009D873B906
:10CE20000F2A0CD800EB820218465368009A136050
:10CE300070470339012994BF012002207047022066
:10CE400070470846704700BF00B585B00A4600230A
:10CE500003A900911946FFF7DFFF039805B05DF8BD
:10CE600004FB00BF012912D009D873B90F2A0CD8CE
:10CE700000EB8200009A126842601846704703393E
:10CE8000012994BF01200220704702207047084604
:10CE9000704700BF10B584B0002303AC0392009428
:10CEA0000A461946FFF7DEFF04B010BD70B5D36B1C
:10CEB000136402F1040C05460C46BCE80F00ADF506
:10CEC0000E7D0DF15C0EAEE80F00BCE80F00AEE881
:10CED0000F00BCE80F00AEE80F009CE80F004FF019
:10CEE000FF368EE80F00169610E0FFF7D3FF2146BD
:10CEF00016A8A847034616AA6946082083B9049BCA
:10CF00009847052806460CD0092809D02699684676
:10CF1000FFF70AFE03466A460C2116A8002BE4D050
:10CF2000092616A8FFF74EFE30460DF50E7D70BDA2
:10CF30002DE9F04FCC6C89B01E4654F8043B0694A2
:10CF40000D46174600F00308002E79D01A0C1B047A
:10CF500005938DF81D200223D2B204EB82048DF8D4
:10CF60001C302B6DB8F1020F08BFAC6B13F001033E
:10CF70000CD005A9384600F079FB18B9082009B093
:10CF8000BDE8F08F092009B0BDE8F08FD4F800A00B
:10CF9000BAF1000FEDD0019300F008030293022EC6
:10CFA0004AD0B4F800A0B4F802900434AB6C29F075
:10CFB000010B0F2138469B44FFF746FF834539D8C4
:10CFC0002AF001039B44834594BF002001204FEACF
:10CFD000490303F002030AF0010A43EA0A03012BA2
:10CFE00049D0022B32D0002BCCD1B8F1000F02D0A7
:10CFF000002840F0CD800434D4F800A0BAF1000F2E
:10D00000CDD105A9384600F031FB0028BAD1019BEB
:10D01000002BB3D00F213846FFF716FF0E21024632
:10D020003846FFF737FF38466A4A0F21FFF732FFCD
:10D030000720A8E70020CAE7D4F804900834B5E731
:10D040001B0205930323ADF81C308AE7236823F005
:10D05000004BB8F1000F45D128B1029A002A5CD0EC
:10D06000BBF1000F74D0002B00DA04340BF1010B7C
:10D0700004EB8B04C0E7B8F1000F19D1B0B16368BD
:10D080002268991C4FEAD2723FF47CAF05F1580137
:10D090000133049100F09080201DFFF7C1FD04AB27
:10D0A000014628462BF046FA00285BD10834A3E756
:10D0B0000D213846D5F82090FFF7C6FE8145F5D101
:10D0C000AB6A9C42F2D12046FFF7E2FC0F210246F8
:10D0D0003846FFF7DFFE38462A460021FFF7DAFE22
:10D0E000072050E70D213846D5F82090FFF7ACFE19
:10D0F000814501D02368B6E7AB6A9C42FAD104238C
:10D100000022C5E90B23E318C5F828B06B63236838
:10D11000002B59DB01230193A8E705F15803CDF853
:10D120000C8004F1040AB04691461E460EE05046BB
:10D130000496FFF775FD0022014604AB284609F16D
:10D1400001090AF1040A2BF0F5F9E0B9D945EED14D
:10D150000D213846FFF778FE049BAC62C5E9080351
:10D16000062010E781460D213846FFF76DFEB9F124
:10D17000020F286225D12B46049A43F82C2F6B62AC
:10D18000AC620620FFE646462368DDF80C806AE7BD
:10D190002046FFF77DFC04340246AC632846144663
:10D1A0002BF022FA00283FF4EDAE384622460F213C
:10D1B000FFF770FE0720E6E60D213846FFF744FE34
:10D1C0002862049B6B62DBE70BF1010004EB80003B
:10D1D0007AE700BF999603080023A9E60123A7E692
:10D1E0000223A5E62DE9F0430646C3B015461C46CA
:10D1F000042900F2BF80DFE801F09E57BD2D030037
:10D20000002C40F0B780102A00F2B4800368D806E2
:10D2100000F1F98020AF384600F098F9B46B394638
:10D2200000234FF0010C0CFA03F22A42204603F1CE
:10D23000010303D050F8042B0A600446042B01F1CB
:10D240000401F0D13846B46300F076F9002043B011
:10D25000BDE8F083032C40F08D8094B204EB1243C0
:10D26000102B4FEA124500F2858003681F0700F17A
:10D27000D28020AF384600F03DF9B26B07EBC50114
:10D2800054B10B46D01A01EBC401E4001D5843F819
:10D29000045B8B42FAD122443846B26300F008F9AD
:10D2A000002043B0BDE8F083012C4FEA124895B24C
:10D2B0005CD0052C5ED108EB0509B9F1200F59D8D7
:10D2C000B8F10F0F79D9A946002D40F08A80B36BD1
:10D2D0006DB320AF4FF0000907EBC807043F03EB25
:10D2E000C50553F8041B47F8041FAB42F9D1B9F147
:10D2F000000F0FD06F464146102938BF102107EBB1
:10D30000C101843903EBC90553F8040B41F8040F3C
:10D31000AB42F9D1012C00F08680B8F10F0FB56354
:10D3200047D9B9F1000F02D0684600F0B9F80020E3
:10D3300043B0BDE8F083ECB9806B23461FFA82FC52
:10D340000124371D04FA03F212EA0C0F014604D03F
:10D3500051F8042B47F8232008460133102BF1D154
:10D3600015F40055E3D1B063284604E008EB05034B
:10D37000102B03D9022043B0BDE8F083B8F10F0FA2
:10D38000F8D83368DA0706D5304623F0030340F8AF
:10D39000483B00F079F820AF384600F075F8B36BE1
:10D3A000002D97D11D460435B563384600F068F866
:10D3B000BDE720A800F06CF8B3E7B9F1100F40D931
:10D3C000A9F110093368D90708D523F001033046C5
:10D3D00043F0020340F8483B00F05EF8B9F1000F5B
:10D3E00032D033685A0720D4B8F10F0F25D96F46D1
:10D3F0003846C8F1100500F057F8002DB36B7FF7E1
:10D400007AAF20AF68E723F01003336006F5E870C9
:10D4100000F09CF8FEE623F00803036000F5A87016
:10D4200000F068F825E720AFBDE7304623F004039D
:10D4300040F8D03B00F038F8D6E720A800F02CF8F0
:10D44000D5E74FF00009BDE7B8F10F0F3FF63FAF4A
:10D4500020AF384600F020F8B36B002D7FF43AAFD0
:10D46000384600F015F862E700F1340191E8380021
:10D470009C46A6464CF8045D90E8FF0FE54600BDCB
:10D4800090EC210B704700BF80EC210B704700BF70
:10D4900090EC200B704700BF80EC200B704700BF62
:10D4A000D0EC200B704700BFC0EC200B704700BFD2
:10D4B000F0EC0201F0EC0211F0EC0221F0EC023190
:10D4C000F0EC0241F0EC0251F0EC0261F0EC027180
:10D4D000F0EC0281F0EC0291F0EC02A1F0EC02B170
:10D4E000F0EC02C1F0EC02D1F0EC02E1F0EC02F160
:10D4F000704700BFE0EC0201E0EC0211E0EC022119
:10D50000E0EC0231E0EC0241E0EC0251E0EC0261BF
:10D51000E0EC0271E0EC0281E0EC0291E0EC02A1AF
:10D52000E0EC02B1E0EC02C1E0EC02D1E0EC02E19F
:10D53000E0EC02F1704700BFB0FC0181B0FC01914A
:10D54000B0FC01A1B0FC01B1704700BFA0FC01819B
:10D55000A0FC0191A0FC01A1A0FC01B1704700BF9B
:10D56000EC4600B52DE900502DE9FF1F4FF00003F8
:10D570002DE90C0001A9FFF7E1FBDDF840E012B056
:10D58000704700BFEC4600B52DE900502DE9FF1FA4
:10D590004FF000032DE90C0001A9FFF70BFCDDF8AB
:10D5A00040E012B0704700BFEC4600B52DE90050D6
:10D5B0002DE9FF1F4FF000032DE90C0001A9FFF733
:10D5C0001BFCDDF840E012B0704700BFEC4600B530
:10D5D0002DE900502DE9FF1F4FF000032DE90C004D
:10D5E00001ABFFF7DFFBDDF840E012B0704700BF92
:10D5F000EC4600B52DE900502DE9FF1F4FF0000368
:10D600002DE90C0001AAFFF751FCDDF840E012B053
:10D61000704700BF027A03467AB9427AA2B14168E4
:10D62000013A10B44272086803220C1D1A720202F9
:10D630005C60000E10BC1A6070470068013A1A72F4
:10D6400002021A60000E7047B020704700B585B026
:10D65000002303AA009219460C22FFF7DDFB039872
:10D6600005B05DF804FB00BFF0E700BF2DE9F04313
:10D67000054685B00E464FF000083046FFF7CAFF5A
:10D68000B028044600F0BA80070620D500F0F00369
:10D69000802B4DD0902B36D0A02B60D0B02B74D0E7
:10D6A000C02B00F08B8000F0F803D02B0BD100F0E2
:10D6B00007020132052342F4002201212846FFF728
:10D6C00091FD0028D9D0092005B0BDE8F083830082
:10D6D000DBB21F1D0DF10C0900231946CDF8009097
:10D6E0000D222846FFF798FB039BCDF800906006BB
:10D6F0004CBFDF1BFF1800230D2219462846039755
:10D70000FFF7B0FBB9E700F00D030D2BDBD003AF43
:10D71000002300F00F02194600972846FFF77CFB14
:10D72000002300970D2219462846FFF79BFBA4E72C
:10D730003046FFF76FFF24022043B0F5004FC2D000
:10D7400004010023A2B219462846FFF74BFD00282A
:10D75000B9D114F4004F18BF4FF001088DE7C24350
:10D7600002F007034FF47F621A41010702F47F625F
:10D770004FF0000348BF42F4804219462846FFF7A5
:10D7800031FD00283FF479AF9DE7B1283BD0B228A6
:10D7900000F09380B32841D000F0FC03B42B92D06A
:10D7A00000F007020132012342F400221946284604
:10D7B000FFF718FD00283FF460AF84E7C6284AD081
:10D7C000C72854D000F0F803C02B63D0C82868D015
:10D7D000C9287FF478AF3046FFF71CFF020300F042
:10D7E0000F0002F470220130024301210523284674
:10D7F000FFF7F8FC00283FF440AF64E7B8F1000FF2
:10D8000018D0002060E73046FFF704FF02460028EA
:10D810003FF459AF10F0F003C8D054E73046FFF79B
:10D82000F9FE020300F00F03013302F470221A43E1
:10D830000123BBE703AC43460E2241460094284631
:10D84000FFF7EAFA009443460F2241462846FFF7C5
:10D8500009FB404638E73046FFF7DCFE020300F0E4
:10D860000F03013302F470221A4303239EE730466C
:10D87000FFF7D0FE024600283FF425AF10F0F0037A
:10D880007FF421AF04212846FFF7ACFC00283FF4C9
:10D89000F4AE18E700F00F020132032342F4202215
:10D8A00084E73046FFF7B6FE00F0F00200F00F0309
:10D8B0001032013343EA023297E700230DF10C09DD
:10D8C0000D221946CDF800902846FFF7A5FA3046FC
:10D8D000FFF7A0FE02064FF002040CD5039B00F0F8
:10D8E0007F00A040184403903046FFF793FE0306E4
:10D8F00004F10704F2D4039BCDF8009000F07F02FE
:10D90000A24003F501731A440023039219460D2225
:10D910002846FFF7A7FAB0E610B5C26C536884B08A
:10D920004FF0030C08321C0208461B0E01A901949B
:10D9300002928DF80CC08DF80D30FFF797FE04B001
:10D9400010BD00BF08B5FFF78FFE806C08BD00BF9B
:10D9500008B5FFF789FEC06CC379023300EB830082
:10D9600008BD00BF704700BF024B58221A604FF03D
:10D97000FF307047F00F0020024B58221A604FF022
:10D98000FF307047F00F0020024B58221A604FF012
:10D99000FF307047F00F0020024B58221A60002021
:10D9A000704700BFF00F0020024B58221A604FF062
:10D9B000FF307047F00F0020024B58221A604FF0E2
:10D9C000FF307047F00F0020024B58221A604FF0D2
:10D9D000FF307047F00F0020FEE700BFDFF838D0BF
:10D9E000002103E00D4B5B58435004310C480D4BB4
:10D9F00042189A42F6D30C4A02E0002342F8043B54
:10DA00000A4B9A42F9D302F045FE13F03BFAF2F7C3
:10DA1000E3FC13F095FA704700000220B0E104081F
:10DA200000000020A00F0020A00F0020A4F900207B
:10DA3000FEE7000008480068006880F308884FF09F
:10DA4000000080F3148862B661B6BFF34F8FBFF356
:10DA50006F8F00DF00BF000008ED00E0DFF80C0072
:10DA6000016841F4700101607047000088ED00E03A
:10DA70000E4B1B6882B000220133019208D04FF098
:10DA8000500383F31188BFF36F8FBFF34F8FFEE70F
:10DA90004FF0500383F31188BFF36F8FBFF34F8FA5
:10DAA000019B002BFCD002B0704700BFC80B0020C8
:10DAB00010B44FF08073074C40F8043C21F0010192
:10DAC0006FF0020340E9034140E909325DF8044B7D
:10DAD0004438704771DA00080000000000000000C0
:10DAE000074B19680868B0E8F04F80F30988BFF366
:10DAF0006F8F4FF0000080F311887047AFF3008004
:10DB000008A200204FF0500383F31188BFF36F8FFA
:10DB1000BFF34F8F0B4A13680133012B136000D002
:10DB200070474FF0E023D3F8043DDBB2002BF7D071
:10DB30004FF0500383F31188BFF36F8FBFF34F8F04
:10DB4000FEE700BFC80B0020084A136843B94FF036
:10DB5000500383F31188BFF36F8FBFF34F8FFEE73E
:10DB6000013B13600BB983F311887047C80B002089
:10DB7000EFF30980BFF36F8F154B1A681EF0100F7B
:10DB800008BF20ED108A20E9F04F10602DE9090050
:10DB90004FF0500080F31188BFF34F8FBFF36F8FAA
:10DBA00009F0B8FB4FF0000080F3118809BC196838
:10DBB0000868B0E8F04F1EF0100F08BFB0EC108AF4
:10DBC00080F30988BFF36F8F704700BFAFF3008009
:10DBD00008A2002008B54FF0500383F31188BFF36B
:10DBE0006F8FBFF34F8F09F015FA28B14FF0E02384
:10DBF0004FF08052C3F8042D002383F3118808BD31
:10DC00004FF0E02200230649136193610B68054839
:10DC1000A0FB03039B090721013B5361116170477E
:10DC2000A00E0020D34D62104FF0E0233D4AD3F800
:10DC3000001D914241D0D3F8002D3B4B9A4233D086
:10DC400030B53A4B3A4C1A783A4883B0FF21D2B2F9
:10DC5000019219701B78DBB28DF803309DF8033008
:10DC60009DF8032003F05003072112062370016082
:10DC700048BF06220FD59DF803305B00DBB28DF85C
:10DC800003309DF803301B06114602F1FF32F2D437
:10DC900003291BD001604FF0500383F31188BFF3B9
:10DCA0006F8FBFF34F8FFEE74FF0500383F3118860
:10DCB000BFF36F8FBFF34F8FFEE74FF0500383F337
:10DCC0001188BFF36F8FBFF34F8FFEE7019B174A99
:10DCD0004FF0E0244FF44071DBB201601370D4F8D0
:10DCE000203D43F47003C4F8203DD4F8203D43F0B8
:10DCF0007043C4F8203DFFF783FF0F4B00251D60E4
:10DD0000FFF7ACFED4F8343F43F04043C4F8343F4F
:10DD1000FFF790FE09F0FEFAFFF7AAFE284603B0CF
:10DD200030BD00BF71C20F4170C20F4100E400E07E
:10DD3000F40F0020F80F0020C80B0020EFF305833C
:10DD40000F2B0ED91149124A5B5C12789A4208D9FE
:10DD50004FF0500383F31188BFF36F8FBFF34F8FE2
:10DD6000FEE74FF0E0230B4AD3F80C3D126803F4B2
:10DD7000E063934208D94FF0500383F31188BFF357
:10DD80006F8FBFF34F8FFEE7704700BFF0E300E0F7
:10DD9000F40F0020F80F002001207047B6EE000AB3
:10DDA000704700BFB6EE000A704700BF9FED010A42
:10DDB000704700BF5E74513F9FED010A704700BF7E
:10DDC0005E74513F90F82C00A0F10200B0FA80F090
:10DDD0004009704790F82800A0F10200B0FA80F0E6
:10DDE0004009704710B5254BDFED257A84460C4677
:10DDF0000FCB84B0B4EEE70A0DF1100EF1EE10FA7D
:10DE00000EE90F0033D5DFED1F7AB4EEE70AF1EE2D
:10DE100010FA2FD5F3EE047AB4EEE70AF1EE10FA19
:10DE200054BF0123002399002CB104AA02EB830301
:10DE300053F8103C2360BCF82430B3F5AA6F03D12B
:10DE4000BCF826308B420FD0DCF81400ACF826105A
:10DE50004FF4AA630022ACF824308CF82C2018B1BF
:10DE6000BCF8181004F0E8FA012004B010BD0C2131
:10DE70000323D9E708210223D6E700BFC09803088F
:10DE80000000A0420000204290F82C302BB1C36962
:10DE900023B11B69028C1A4200D07047002380F81E
:10DEA0002C3070472DE9F04F074691B041F4004601
:10DEB0004FF0010A4FF47A7B27F8286FCDE90CABBD
:10DEC00000230B930A9700F10C092A4D0F92044688
:10DED00099E803000DF1200805F10C0E88E8030015
:10DEE000BEE80F00EC46ACE80F009EE80F008CE89F
:10DEF0000F0095E80E00A06814F0AAFE20B90025D6
:10DF0000284611B0BDE8F08F50460BF0E1FC0A97AF
:10DF1000CDF834B02685CDF830A099E8030004F19F
:10DF20002A030B9305F10C074FF6FF7388E80300F3
:10DF300063850FCF6E460FC697E80F0086E80F0087
:10DF400095E80E00A06814F083FE05460028D6D0A0
:10DF500050460BF0BDFC638D4BF6EF629342CED082
:10DF60000F9A002ACCD0C3F30A032846138011B0BD
:10DF7000BDE8F08FF09E030810B582B001AA002121
:10DF80000446FFF78FFF88B10DF106024FF40061E0
:10DF90002046FFF787FF48B1BDF80600BDF8043002
:10DFA000000400F40000184302B010BD4FF0FF3031
:10DFB00002B010BD70B5C2F30A028EB01143012643
:10DFC0004FF47A72CDE90C62044600F10C0301852E
:10DFD000114D93E8030004F128030A9300230B93E7
:10DFE00005F10C0E08AB83E80300BEE80F00EC4619
:10DFF000ACE80F009EE80F008CE80F0095E80E00DB
:10E00000A06814F025FE044610B130460BF060FC09
:10E0100020460EB070BD00BFF09E030890F82C3073
:10E02000022B00F0838010B50446406982B018B11D
:10E03000218B002204F000FA28200BF049FC6069D3
:10E04000002384F82C3018B1218B012204F0F4F95C
:10E05000142009F007FDA28C4FF480512046FFF7F1
:10E06000A9FF10B9002002B010BDA28C4FF480515E
:10E070002046FFF79FFF0028F4D0A28C4FF4805178
:10E080002046FFF797FF0028ECD0A28C4FF4805178
:10E090002046FFF78FFF0028E4D0A28C4FF4805178
:10E0A0002046FFF787FF0028DCD0E28C4FF4C051F8
:10E0B0002046FFF77FFF0028D4D064200BF008FC37
:10E0C000012384F82C300DF106024FF480512046D4
:10E0D000FFF7E8FE0028C5D0A28CBDF806309A42B2
:10E0E000C0D10DF106024FF4C0512046FFF7DAFE11
:10E0F0000028B7D0E28CBDF806309A42B2D1204653
:10E10000FFF73AFF0028ADD1EFF3108372B694F811
:10E110002C20012A04BF022284F82C2083F31088CB
:10E1200094F82C00831E584258419CE70120704708
:10E13000704700BF704700BF82B010B48BB001AC15
:10E1400084E80700019A0D931168029A1C460B6837
:10E1500012686FF0010003400B60CB680340CB6096
:10E160004B6943F001034B6108614C621368034043
:10E170001360D468039B04401B68D460546944F066
:10E18000010454610E9C106154621C6804401C60C0
:10E19000DC680440DC605C69049144F001045C616B
:10E1A0000F9C18615C620C6810681968059244F055
:10E1B000010440F0010041F001010794089006932A
:10E1C0000991EFF3108372B6DDE90410DDE906244E
:10E1D0000C60DDE908410460116083F310880BB026
:10E1E0005DF8044B02B070470448054A036D1B6894
:10E1F000934200D170475030184700BFBC8C0020BC
:10E2000035E100080448054A836B1B68934200D13E
:10E2100070473830184700BF448B002031E10008B8
:10E2200030B53F4B2DED028BDA6B85B005461046BD
:10E230000C460BF01BFE3B48FFF7C4FD98B93A486B
:10E24000FFF7C0FD002833D135483849384A6FF010
:10E25000040404606FF0260301200B60136005B016
:10E26000BDEC028B30BD314B3249DA6B68460DF0A4
:10E2700001FD2F4B2F49DA6B9DED008A02A80DF0AE
:10E28000F9FC9DF80430002BD9D09DF80C30002B00
:10E29000D5D09DED027A2B7BF1EE487A77EEC77AE6
:10E2A0005BB3C5ED007A85ED018A85ED027AC6E79C
:10E2B0001E4B2149DA6C68460DF0DCFC1C4B1E49F4
:10E2C000DA6C9DED008A02A80DF0D4FC9DF80430B4
:10E2D000002BB9D09DF80C30002BB5D09DED027A03
:10E2E000237BF1EE487A77EEC77A7BB1C4ED007AF2
:10E2F00084ED018A84ED027AA6E70123C5ED007A58
:10E3000085ED018A85ED027A2B7398E70123C4ED30
:10E31000007A84ED018A84ED027A237394E700BFCA
:10E32000002001403C8C00206C8C0020002101402A
:10E3300000220140608D0020108F002008B502F0FF
:10E34000D7FA01F02BFA084A084B1178FF2918BFB9
:10E350001346DA78032A00D0FEE71A79062AFBD1A1
:10E360005B79382BF8D108BD0078FF1F0000002032
:10E3700070B582B002F0B6F901F0C4F901F01AFEEE
:10E3800001F06AFE01F03CF801F03AF900F058FEA5
:10E3900000F08EFE01F0F0FB01F0B2FE01F0DCF8BF
:10E3A00000F0BEFE00F00CFF00220121062003F069
:10E3B000DFF9062003F01AFA00220121072003F0FA
:10E3C000D7F9072003F012FA00220121082003F0F8
:10E3D000CFF9082003F00AFA00220121092003F0F6
:10E3E000C7F9092003F002FA002201210A2003F0F4
:10E3F000BFF90A2003F0FAF900220121172003F0E7
:10E40000B7F9172003F0F2F900220121282003F0C8
:10E41000AFF9282003F0EAF9002205214D2003F08E
:10E42000A7F94D2003F0E2F9002211462C20544CAC
:10E4300003F09EF92C2003F0D9F994F88931002BD0
:10E4400035D194F88A31002B3CD194F89931002BC6
:10E4500043D194F898313BB194F88731072B00F001
:10E460008680012384F8CC32464BD86840F0010006
:10E47000D860DC68444844F00204DC609C6844F0E6
:10E4800080049C6000224FF4805103F0D5FF2820C7
:10E490000BF01EFA01224FF480513B4803F0CCFFF1
:10E4A00044F620600BF014FA012002B070BD374B27
:10E4B000D4F88C211B685A6001F030FC94F88A3142
:10E4C000002BC2D0324BD4F890211B685A6001F067
:10E4D00041FC94F89931002BBBD02E4E06F1180365
:10E4E00093E803006D46002385E8030001221946E6
:10E4F000284613F09DFD06F1200393E80300002356
:10E5000085E8030001221946284613F091FD06F123
:10E51000280393E80300002385E80300012219463D
:10E52000284613F085FD012009F09CFAB3692BB150
:10E530001B69B28B1A4214BF01230023306A28B131
:10E540000269B18C11420CBF00200220B26A2AB1CC
:10E550001269B18D114218BF43F00403184340F013
:10E5600068000D4BC0B2187002F02EF971E794F8F4
:10E570008831072B3FF478AF012384F8CC3273E75E
:10E58000C0E30020002004E000040240140E00203C
:10E59000180E0020B48B002078F900202DE9F043FC
:10E5A0008FB0EFF3108472B6304F314E3A68316855
:10E5B0009368DFF8D0902F4D23F440139360886860
:10E5C0002D4A00EA090088602868816801EA09018B
:10E5D00002F10C08816007CA0DF1080E8EE80700F1
:10E5E00098E8070005AB83E807009EE807000DF1F7
:10E5F000200C8CE8070093E807000EAB03E9070046
:10E600000EAA034612E903008DE803009CE8070008
:10E61000FFF792FD396832688868184E2B6840F41D
:10E62000801088609068304390609D68144835433E
:10E630009D606FF0040500680D6015601D606FF04F
:10E6400002050D6015601D606FF020050D601560FE
:10E650006FF001021D600261C36843F00103C360F3
:10E6600084F310880FB0BDE8F08300BFC89A002083
:10E67000109B0020589B0020D09803080000101029
:10E6800080930020FFFFCFCF034B834200D0704721
:10E69000024814F025BB00BF709800204C91002068
:10E6A000034B834200D07047024814F019BB00BFEF
:10E6B000709800204C910020034B834200D070479B
:10E6C000024814F00DBB00BF709800204C91002050
:10E6D000014811F009BD00BFC09000201F4B204928
:10E6E0001B6820486FF0010210B51A610A680478AF
:10E6F000C2F3001C644522D01B4C80F800C0236884
:10E7000003F52453043302F0100223604AB1174A80
:10E7100040F2D663CB638B634B63D36393635363E2
:10E7200010BD1348134B90F8E0221A70A0F58040FA
:10E7300012F070FB104B4D22C3F8002E10BD0F4895
:10E740004FF4002200230DF0B7F9BDE810400C484B
:10E750004FF4002200230DF0AFB900BF80930020DA
:10E760000004014000880020549100200000014076
:10E77000C0E30020FC0F002000E100E0608D0020DD
:10E78000108F00202DE9F04F834BDFF830928BB0D3
:10E79000D9F800601A6802AD06AC00235707C5E936
:10E7A0000133C4E901330293EB600693E36006D5BD
:10E7B0007A4B1B6803F00603062B00F0B8807848FC
:10E7C0004FF0007200230DF077F9002375484FF0E9
:10E7D00000720DF071F9744B5B6C13F4004300F0A0
:10E7E000BA80724B5B6C13F4004300F0C0800DF1F3
:10E7F000100898E803008DE8030008AF95E80C00C6
:10E800006748A6F256610DF0A9FB97E803008DE872
:10E810000300644894E80C0031460DF09FFB31463C
:10E82000634813F09DF9634B5C4A596A490089B209
:10E8300013689807FCD55F4BDFF884A15B6A9AF8F0
:10E840000020DFF880B15B009BB2581A1AB1CBE907
:10E85000C513CBF81C03DBF82033834238BF0346D3
:10E86000CBF820334C4B1B685B0705D54B4B1B6823
:10E8700003F00603062B4DD049484FF000720023E9
:10E880000DF01AF947484FF0007200230DF014F90B
:10E8900098E803008DE8030006F50A5195E80C009E
:10E8A0003F482E310DF082FC97E803008DE803000D
:10E8B00006F52455043594E80C003A4829460DF035
:10E8C00075FC06F5E941364836310DF0D7FC06F502
:10E8D000F64134480C310DF0D1FCD9F800309D429E
:10E8E00009D02F48102200230DF0E6F82D48102201
:10E8F00000230DF0E1F89BF8E0321BB19AF80030EC
:10E9000083F0010300228BF8E0328AF800200BB07C
:10E91000BDE8F08F284B1B6803F00603062BABD134
:10E9200021462846FFF77CFC0028B1D1A4E7224B02
:10E930001B6803F00603062B7FF441AF21462846EF
:10E94000FFF76EFC00283FF43AAF174B5B6C13F4F3
:10E9500000437FF446AF9DF814207AB10293C5E9D5
:10E960000133124B5B6C13F400437FF440AF9DF80E
:10E97000242052B10693C4E9013338E701230292FF
:10E98000C5E901228DF814302BE701230692C4E972
:10E9900001228DF824302AE70020014000210140A7
:10E9A000608D0020108F0020000001400004014015
:10E9B000C0A30020001C0040002201405491002010
:10E9C000FC0F0020C0E30020014803F015BF00BF8A
:10E9D00090A10020014803F05DBE00BF90A100207F
:10E9E000014804F087BB00BFC093002010B5382158
:10E9F000044629F097FC204610BD00BF10B55021F9
:10EA0000044629F08FFC204610BD00BF2DE9F04FD1
:10EA1000D648DFF8E8B3D64DD64CD74A00232DEDC3
:10EA2000048BCBE90003D548E86002F11801E060EF
:10EA300000F58060C5E90021C4E900216B614FF455
:10EA400080422B8385F82C306361238384F82C303B
:10EA5000E8610423E0614FF4005022822882C84A12
:10EA6000C848C5F808B095B0C4F808B00F212B8489
:10EA700023840DF011FF0423C14AC34819460DF049
:10EA80000BFFC24AC249002029F0C8FBC1480DF063
:10EA90002BFFC1480DF028FFBE4FBA4EBB4ABF49FD
:10EAA000DFF8D8A2DFF85893DFF85883DFEDBC8A8F
:10EAB0009FEDBC9A9FEDBC8A002029F0AFFBCDE909
:10EAC00001679FEDBA0AAA4BB94900950622503753
:10EAD0003836B8480CF02CFE9FEDB40AA54BB64969
:10EAE0000297CDE900460622B448B54C0CF020FE52
:10EAF0004FF40073CDF818B0ADF84C30CDF848A005
:10EB000012A903C91022ADF83C202022ADF8442000
:10EB100004AAADF83430CDF84090CDF83890CDF857
:10EB200030A00A9282E8030010A903C902AB0B933C
:10EB300083E803000EA903C98DE803000DF1300C32
:10EB40009CE80C009F49A0480DF08CFF4FF4004357
:10EB50004FF04001CDF818B0ADF83C10ADF84C3096
:10EB6000CDF848A012A903C90A9AADF83430CDF8FF
:10EB700030A0CDF84090CDF8389082E80300802393
:10EB8000ADF8443010AA92E803000B9BDFF878B28E
:10EB900083E803000EAB93E803008DE803000CABA1
:10EBA0000CCB8A498A480DF05DFF0026894BC8F8D6
:10EBB000003001250227C8F8103040223146C8E94C
:10EBC0000266C8E90666A8F8046088F80650A8F846
:10EBD000146088F816502046F1F7F2FF28223146DB
:10EBE000C4ED018AC4ED028A84ED039AA76227630B
:10EBF000A76304F14000F1F7E3FFDFF810C2DFF88C
:10EC000010E2DFED755A9FED756ADFED756A9FEDD5
:10EC1000757ADFED757A754B84ED139AC4ED118A20
:10EC2000C4ED128AA76684ED1B8A2767A76784ED67
:10EC30001D8A84ED1F8A624603206D4911604FF4DE
:10EC40008067576400264FF07E514FF0804A43F6AC
:10EC500050194FF07A575163116417651076557645
:10EC6000C2F81CB0C2ED085A82ED096AC2ED0B6A07
:10EC700082ED0C7AC2ED0E7A82ED128A82F83C6047
:10EC80005665C2F828A0C2F84CA0FF2743F8B41C70
:10EC900043F8B01C43F8AC1C43F8981C4A4455494F
:10ECA00043F8A41C03F89C7C03F8B86C03F8B76C19
:10ECB00003F8A85C03F8A06C03F89F5C03F89E5C63
:10ECC00003F89D5C03ED258A724503F8907C43F8B8
:10ECD000841C4FF00207484943F88CBC43F888BCB9
:10ECE00043F8786C03F8746C03ED1C8A03ED1B8AFF
:10ECF00003F8686C03ED198A03F8606C03ED178A5A
:10ED000003F8586C03ED158A03F8506C03ED138A71
:10ED100003ED128A03ED118A03ED108A03ED0F8AC9
:10ED200003ED0E8A03ED0D8A03ED0C8A03ED0B8AC9
:10ED300003ED0A8A03ED098A03ED088A03ED078AC9
:10ED400003ED068A03F8146C03F8135C03F8126CE5
:10ED500043F8801C03ED048A03ED038A03ED018A66
:10ED600043F8087C4B447FF468AF53E07098002070
:10ED70003C8C00206C8C0020509F0308000802404F
:10ED8000749F0308448B00207C8B0020100200201D
:10ED900005E20008BC8C00200C8D0020E9E1000891
:10EDA00000007A440118CF3A00000000FFFFF94448
:10EDB00018920020608D002080930020108F00208A
:10EDC000CC900020CC9200200488002008930020E2
:10EDD000A4890020E4A50308ABAA2A3EABAAAA3E58
:10EDE0009A99993F0000807F0AD7233CB04E0020BB
:10EDF00038A6030800002041000020C14C910020EB
:10EE0000000402409C8C00200000A04160150020FE
:10EE100000880020CDF82080DFF898810090CDE9AF
:10EE2000024C544C059408F12C03CDF81880DFF8FF
:10EE300088912660C4F804A0C4F844A02664DFF8D2
:10EE40007CA107934FF07C53CDF810A0CDF804902F
:10EE50003146A360E360A364E36401223B46464875
:10EE60000BF07AF9454A0892454B464A03930292C1
:10EE70000AF5D87308F184020493079209F5D07358
:10EE800008F158024034CDE9007305940692082336
:10EE9000072201213C480BF05FF93C4B3C4A3D48BE
:10EEA0009A6004211A619A611A629A634FF480721F
:10EEB0009983998698624FF40041A3F87C20986565
:10EEC0001867202210201E609E809D819F8208244A
:10EED0009987A3F87410A3F854202F492F4A9885D6
:10EEE000A3F84C002E4E2F4D2F489C844027A3F8AA
:10EEF0004440A3F864704FF400748027A3F85C408A
:10EF00001A631A649A641A651A669A669A67A3F86D
:10EF10006C70C3F88020C1E90065A3F88440886064
:10EF200015B0BDEC048BBDE8F08F01231F4DC3F17C
:10EF30000103382404FB0354AC4210D129F0F4FA45
:10EF400000231B4DC3F10103502404FB0354AC42C6
:10EF5000F4D054F8503D1B6820469847F7E754F822
:10EF6000383D1B6820469847E6E70123E9E7002380
:10EF7000DCE700BF5891002000100020AC8C00207E
:10EF8000B04E00200C910020B0120020B48B002065
:10EF90000000024000080240C0900020000402402F
:10EFA000449300200100020003000400448B002071
:10EFB000BC8C0020640D002004880020608D00209F
:10EFC00030B5014689B000222D2002F0D1FB2D2062
:10EFD00002F00CFC0025164B02951A6C154C42F4FD
:10EFE00080721A641B6C03F4807301A903A8029356
:10EFF000029B04F095FF04F073FF0F4A0F49216054
:10F000004300A2FB03239B0C013B40F2E732204666
:10F01000C4E903256360A56005F0B4FD10B10120CB
:10F0200009B030BD204605F04FFB09B030BD00BF30
:10F0300000380240DC91002083DE1B4300200040AA
:10F0400010B51848184901608CB04FF6FF71C160C7
:10F050000321002301240422039103A9C0E9013301
:10F06000CDE90434CDE90632CDE90834CDE90A32E0
:10F07000036105F0F7FD48B900230A4801A9CDE96D
:10F08000013305F0EDFF30B90CB010BD0748D821B1
:10F0900000F0EAFBF0E70548DF2100F0E5FB0CB0EB
:10F0A00010BD00BFCC92002000040040889F0308E0
:10F0B00010B51848184901608CB04FF6FF71C16057
:10F0C0000321002301240422039103A9C0E9013391
:10F0D000CDE90434CDE90632CDE90834CDE90A3270
:10F0E000036105F0BFFD48B900230A4801A9CDE935
:10F0F000013305F0B5FF30B90CB010BD0748F92158
:10F1000000F0B2FBF0E705484FF4807100F0ACFB73
:10F110000CB010BD0893002000080040889F030831
:10F1200000B524482449002387B04FF0FF32C0E9DE
:10F130000013C0E90232036105F078FDF8B900233D
:10F140001C486946CDE9003305F08AFF58BB0A2206
:10F150000123CDE9022300210F230822CDE9041366
:10F1600014480DEB020105F009FEB0B911480C225C
:10F1700002A905F003FE40B907B05DF804FB0F4893
:10F1800040F2111100F070FBD9E70C484FF4937175
:10F1900000F06AFB07B05DF804FB084840F221115B
:10F1A00000F062FBE2E705484FF48C7100F05CFB75
:10F1B000CDE700BF44930020000C0040889F030867
:10F1C0000A480B4908B542F603120023C0E90013B0
:10F1D000C0E90232036105F0D5FC00B908BDBDE805
:10F1E0000840044840F2731100F03EBB54920020E6
:10F1F000001C0040889F0308124A0368934282B0B3
:10F2000012D0114A934201D002B070470F4B002236
:10F2100001921A6C42F080021A641B6C03F08003A6
:10F220000193019B02B07047084B002200925A6C78
:10F2300042F001025A645B6C03F001030093009BEF
:10F2400002B0704700000140001C0040003802403E
:10F250000368B3F1804F82B012D0114A934201D0BB
:10F2600002B070470F4B002201925A6C42F002022A
:10F270005A645B6C03F002030193019B02B0704778
:10F2800003F50E33002200921A6C42F001021A6458
:10F290001B6C03F001030093009B02B0704700BF9A
:10F2A0000004014000380240124A0368934282B0D1
:10F2B00012D0114A934201D002B070470F4B002286
:10F2C00001921A6C42F004021A641B6C03F00403EE
:10F2D0000193019B02B07047084B002200921A6C08
:10F2E00042F002021A641B6C03F002030093009BBD
:10F2F00002B070470004004000080040003802409F
:10F300000E4B02689A4200D0704700B583B003F5F7
:10F310000B3300220192196C41F0080119641B6C37
:10F3200003F00803019332200121019B02F020FA2F
:10F33000322003B05DF804EB02F058BA000C004034
:10F3400070B52A4A0368934286B007D0B3F1804F64
:10F350001FD0274A93422CD006B070BD4FF46043B3
:10F36000244801A9002402260125CDE90136CDE972
:10F370000344059502F086FE4FF4E0631E480193B6
:10F3800001A9CDE90264CDE9044502F07BFE06B097
:10F3900070BD00230122174805924FF440650224F6
:10F3A00001A9CDE90154CDE9033302F06BFE06B0AB
:10F3B00070BD80230325104805950024022601A96D
:10F3C000CDE90136CDE9034402F05CFE094805951C
:10F3D00001A9CDE90156CDE9034402F053FE4FF4F3
:10F3E000E0730648019301A9CBE700BF000001408C
:10F3F00000040140000402400000024000080240F6
:10F4000010B55248524C6022002394B040F6AC51E3
:10F4100082600222C0E90043C0E90313426105F0A3
:10F42000B1FB00285BD14FF480534848029302A9F6
:10F4300005F0D2F9002840F08380444805F0DAFB5B
:10F44000002878D1414805F0B9FB00286ED1202270
:10F4500000233E486946CDE9002305F001FE00285F
:10F460005FD10022702339480C9206A9CDE90632FB
:10F47000CDE90822CDE90A2205F076FD00284BD11E
:10F480003248042206A905F06FFD00283FD12F481D
:10F49000082206A905F068FD002833D100232B4877
:10F4A00006930C2206A905F02FFD30BB4FF4006136
:10F4B0004FF480620023CDE90D1214244FF4005262
:10F4C000224813930DA9CDE90F34CDE9113205F08F
:10F4D000EDFD48B91D48FFF733FF14B010BD1D48BE
:10F4E000532100F0C1F99EE792211A4800F0BCF9BF
:10F4F0001648FFF725FF14B010BD1648862100F00E
:10F50000B3F9D3E71348802100F0AEF9C6E71148FC
:10F510007B2100F0A9F9BAE70E48762100F0A4F9A2
:10F52000AEE70C486A2100F09FF99AE70948632189
:10F5300000F09AF98BE707485E2100F095F981E722
:10F540000448592100F090F977E700BF1892002095
:10F5500000000140889F030810B5274800238AB0A7
:10F560004FF0804460214FF48052C0E90043C0E96D
:10F570000212036105F03EFB28BB00231E4801A9CF
:10F58000CDE9013305F06CFD80BB00237021022220
:10F59000CDE90313059218480793082203A905F043
:10F5A000E3FCF0B90C2241F20104002312480DEBF8
:10F5B0000201CDE9044305F0D7FC48B90E48FFF736
:10F5C000BFFE0AB010BD0D48A52100F04DF9D4E7EB
:10F5D000BC210A4800F048F90748FFF7B1FE0AB01D
:10F5E00010BD0648B52100F03FF9DBE70348AC2128
:10F5F00000F03AF9C9E700BF90920020889F030805
:10F6000010B53D483D4C6022002390B040F6AC510F
:10F6100082600222C0E90043C0E90313426105F0A1
:10F62000E9FA00283FD12022002333486946CDE97A
:10F63000002305F015FD002857D1002270232E4825
:10F64000089202A9CDE90232CDE90422CDE90622D1
:10F6500005F08AFC002842D12748042202A905F0BF
:10F6600083FC002835D1082223480DEB020105F068
:10F670007BFC40BB4FF400614FF480620023CDE976
:10F68000091214244FF400521B480F9309A9CDE925
:10F690000B34CDE90D3205F009FD50B91648FFF7DE
:10F6A0004FFE10B010BD164840F2391100F0DCF8E2
:10F6B000B9E74FF4B171124800F0D6F80E48FFF7E1
:10F6C0003FFE10B010BD0E484FF4AB7100F0CCF807
:10F6D000D0E70B4840F2511100F0C6F8C3E70848E4
:10F6E0004FF4A67100F0C0F8B6E705484FF4A071DA
:10F6F00000F0BAF8A1E700BF8093002000040140A9
:10F70000889F030800B583B0234B00220092186B3A
:10F7100040F400101863186B00F40010009000987B
:10F720000192186B40F4800018631B6B03F4800394
:10F73000042101930B20019B02F01AF80B2002F028
:10F7400055F800220A210D2002F012F80D2002F0D7
:10F750004DF800220A210F2002F00AF80F2002F0D3
:10F7600045F800220A21102002F002F8102002F0D1
:10F770003DF800220A21112001F0FAFF112002F0C9
:10F7800035F800222F20032101F0F2FF2F2003B0D3
:10F790005DF804EB02F02AB80038024070B594B06E
:10F7A000294A2A4B00200190116C41F080511164CC
:10F7B000126C02F080520192019A02901A6842F48F
:10F7C00080421A601B6803F48043092002934FF4BF
:10F7D00080324FF48003CDE908020224029D0F938A
:10F7E00001210425A822072308A8CDE90D14CDE99D
:10F7F0001052CDE9124304F0E7F800B1FEE74FF4F0
:10F80000A05205904FF480530F26052103A8CDE99F
:10F810000364CDE9062304F0C3FA044600B1FEE711
:10F8200004F058FB0A4BA3FB0030800902F000F8FB
:10F83000284602F017F8224631464FF0FF3001F01B
:10F8400097FF14B070BD00BF003802400070004048
:10F85000D34D6210034B02689A4200D0704701F00A
:10F8600061B800BF00200040FEE700BF0368B3F1AD
:10F87000A04F00D0704710B54FF4C05286B002239D
:10F88000CDE90123002401A903220A230F4805938F
:10F89000CDE9034202F0F6FB0D4B596B41F08001BC
:10F8A00059630094596C41F4804159645B6C03F4D2
:10F8B00080432246009306214320009B01F058FF1D
:10F8C000432001F093FF06B010BD00BF00000240CE
:10F8D0000038024070B5D0F8EC5382B005F2AA2689
:10F8E00000F56F7104463046019108F0D7FE95F897
:10F8F000AA32019903F06003402B03D195F8AB3293
:10F90000502B06D0D4F8EC0302B0BDE8704008F0EC
:10F910002DBBD5F8B832B5F8B0229B680121C5E9F6
:10F92000A512284631469847B5F8B03203B908B158
:10F9300002B070BD284602B0BDE8704008F01CBFA0
:10F94000C1EBC10300EB8303D0F8EC03D3F804222E
:10F9500008F03CBBC1EBC10300EB8303D0F8EC0320
:10F960005A6C08F069BB00BFD0F8EC0308F0FCBB90
:10F9700010B5C16804460039D0F8EC0318BF012166
:10F9800008F0DAFBD4F8EC03BDE8104008F0ACBB9B
:10F9900010B50446D0F8EC0308F0D2FB2268D2F888
:10F9A000003E43F00103C2F8003E236A23B1034A3C
:10F9B000136943F00603136110BD00BF00ED00E0C2
:10F9C000D0F8EC0308F0C6BBD0F8EC0308F0DCBBC1
:10F9D000D0F8EC0308F0D6BBD0F8EC0308F0D6BBA7
:10F9E000D0F8EC0308F0D4BB02780AB100207047CD
:10F9F000194B10B5C3F8EC034FF0A044C0F8C43263
:10FA000006200221C3E900401846C3E90312C3E9F6
:10FA10000521C3E90722C3E90B225A6203F0E6FA83
:10FA2000A0B980210C4803F0CBFF402200210A48F6
:10FA300003F09CFF40220121074803F097FF40227A
:10FA40000321054803F092FF002010BD034840F257
:10FA50005911FFF709FFE4E7C0930020A09F0308B6
:10FA600008B5D0F8C40203F02FFB032896BF024B61
:10FA70000320185C08BD00BFBC9F0308944608B56E
:10FA80001A46D0F8C402634603F04AFE032896BF24
:10FA9000014B0320185C08BDBC9F030808B5D0F8D3
:10FAA000C40203F081FE032896BF024B0320185CBA
:10FAB00008BD00BFBC9F030808B5D0F8C40203F01E
:10FAC000FDFE032896BF024B0320185C08BD00BF53
:10FAD000BC9F030808B5D0F8C40203F01FFF032839
:10FAE00096BF024B0320185C08BD00BFBC9F0308F3
:10FAF0000A06D0F8C43206D4C1EBC10103EB810180
:10FB000091F8FA01704701F07F01C1EBC10103EBED
:10FB1000810191F83A00704708B5D0F8C40203F0AB
:10FB2000EDFD032896BF024B0320185C08BD00BF03
:10FB3000BC9F030808B5D0F8C40203F097FE032861
:10FB400096BF024B0320185C08BD00BFBC9F030892
:10FB500008B5D0F8C40203F057FE032896BF024B45
:10FB60000320185C08BD00BFBC9F030808B5D0F88F
:10FB7000C40203F071FE08BD10B51148114C4FF4DA
:10FB800082720023C0E900424FF400610122C0E903
:10FB90000231C0E904324FF4007418210A22C0E98E
:10FBA0000641C0E90833C0E90A3204F029FA00B975
:10FBB00010BDBDE8104004485221FFF755BE00BFFC
:10FBC00070980020003C0040C09F03083B4B026837
:10FBD0009A4200D07047F0B587B003F5FE33002598
:10FBE00000951A6C42F400421A641B6C03F4004343
:10FBF000022100934FF4A0520126CDE90211009B8F
:10FC000001920623044601A92D48CDE904634FF46F
:10FC1000006702F037FA039629482A4E019701A996
:10FC200002F030FA284B33604023C6E90153E36801
:10FC30004FF48062C6E903524BBBC6E9053300238B
:10FC40004FF400321F487362C6E9073201F016FE16
:10FC500070BB1E4DE2681E49A66400234FF480600D
:10FC6000C5E90013C5E90233B4632861A2B9C5E947
:10FC7000052200234FF4803214486B62C5E9073235
:10FC800001F0FCFD78B9E564AC6307B0F0BD4FF45A
:10FC90000053C6E90573D2E74FF400624FF40053F6
:10FCA000C5E90523E5E70B48A021FFF7DDFDEAE7FD
:10FCB00008488921FFF7D8FDCBE700BF003C004092
:10FCC0000008024010980020B8600240B097002061
:10FCD00010600240C09F03080D4B02689A4200D09A
:10FCE00070470C4A136C10B523F4004304464FF4DC
:10FCF000E0511364084802F0F3FAA06C01F056FEDC
:10FD0000E06C01F053FEBDE81040332001F07CBDF3
:10FD1000003C004000380240000802400A480B49FD
:10FD200008B50C220023C0E90233C0E90432C0E95F
:10FD30000633016005F048FB00B908BDBDE8084086
:10FD400003485121FFF790BD889A0020004C0040E5
:10FD5000D49F03080A480B4908B50C220023C0E9C8
:10FD60000233C0E90432C0E90633016005F02CFB20
:10FD700000B908BDBDE8084003486421FFF774BD21
:10FD8000489A002000440040D49F030870B5584AA8
:10FD90000368934282B0044604D0564A93424BD043
:10FDA00002B070BD002302F5F6320093116C524E82
:10FDB00041F400211164126C5049B36002F4002236
:10FDC00000924FF00062C6E9001200984FF4806183
:10FDD0004FF480723046C6E90331C6E90533C6E9FF
:10FDE0000833F26101F04AFD002872D1444D4549C3
:10FDF00066634FF000620023C5E9001228464021E7
:10FE00004FF48062C5E90213C5E90533C5E907333C
:10FE1000B4632A616B6201F031FD002854D125637F
:10FE2000342000220A21AC6301F0A2FC342002B08D
:10FE3000BDE8704001F0DABC002302F5FA3201930C
:10FE4000116C314E41F400311164126C2F49B360D2
:10FE500002F4003201924FF00062C6E900120198EC
:10FE60004FF480614FF480723046C6E90331C6E931
:10FE70000533C6E90833F26101F000FD70BB244D83
:10FE8000244966634FF000620023C5E9001228464A
:10FE900040214FF48062C5E90213C5E90533C5E985
:10FEA0000733B4632A616B6201F0E8FCD8B92563BB
:10FEB000262000220A21AC6301F05AFC262002B061
:10FEC000BDE8704001F092BC13489421FFF7CCFCD0
:10FED000A5E711488221FFF7C7FC87E70E48B62146
:10FEE000FFF7C2FCCBE70C48C821FFF7BDFCDEE7FB
:10FEF000004C004000440040C89800204060024090
:10FF00002899002070600240889900208860024093
:10FF1000E8990020A0600240D49F030808B5096852
:10FF200028F098F8002008BD08B5044B0022186896
:10FF3000022107F05FFE002008BD00BFF4E60020AC
:10FF400008B5044B00221868012107F053FE002079
:10FF500008BD00BFF4E6002021280CD100234FF09B
:10FF6000C20C012008220B7081F801C08870CB7090
:10FF70000B714B718A710020704700BF4029844685
:10FF80000FD80B4B812AD3F8BC320ED0832A08D16C
:10FF90005C331B7A3BB9134605480A46614608F0B4
:10FFA0008BBD03207047012070474433F1E700BF49
:10FFB000009E002030B52448244C2549002301220E
:10FFC0008FB04FF48035C0E90045C0E90A13836063
:10FFD000036183610362C360C2610363426100F035
:10FFE000C5FC08BB0624012200231748039301A97E
:10FFF000CDE9014200F034FE08BB012206210023B6
:020000040801F1
:10000000CDE905124FF4801409920F4807934FF47D
:10001000803205A9CDE90C24CDE90A33089300F01C
:10002000CDFE30B90FB030BD0A485E21FFF71CFC91
:10003000D8E708487821FFF717FC0FB030BD054816
:100040006821FFF711FCD8E7C89A00200020014082
:100050000100000FEC9F030810B52648264C4FF412
:1000600080310023C0E9004101228EB04FF080545E
:100070004FF06061C0E90A14836003618361036229
:10008000C360C2610363426100F070FC08BB0D24D1
:10009000012200231748039301A9CDE9014200F092
:1000A000DFFD08BB01220A210023CDE905124FF430
:1000B000801409920F4807934FF4803205A9CDE9C7
:1000C0000C24CDE90A33089300F078FE30B90EB065
:1000D00010BD0A489221FFF7C7FBD8E70748AC21BB
:1000E000FFF7C2FB0EB010BD04489C21FFF7BCFB1C
:1000F000D8E700BF109B002000210140EC9F0308BF
:1001000010B52648264C4FF480310023C0E9004149
:1001100001228EB04FF080544FF06061C0E90A14A4
:100120008360036183610362C360C26103634261F0
:1001300000F01CFC08BB0C24012200231748039389
:1001400001A9CDE9014200F08BFD08BB01220B2182
:100150000023CDE905124FF4801409920F4807934C
:100160004FF4803205A9CDE90C24CDE90A33089378
:1001700000F024FE30B90EB010BD0A48C621FFF7CA
:1001800073FBD8E70748E021FFF76EFB0EB010BD08
:100190000448D021FFF768FBD8E700BF589B002038
:1001A00000220140EC9F0308F0B5424A03689342E5
:1001B00089B007D0404A93423FD0404A93425BD037
:1001C00009B0F0BD00263E4B00965A6C3D4D42F4FE
:1001D00080725A645B6C03F48073009303272F23AF
:1001E00003A904463848009A0393CDE9047601F048
:1001F00049FF70233548039303A90497059601F03E
:1002000041FF334A6E624FF48063C5E900262B61DB
:100210004FF400624FF40053C5E9052328464FF41C
:100220008073C5E90266C5E9073601F027FB00289F
:1002300039D1A563AC6309B0F0BD0024204B019413
:100240005A6C214842F400725A645B6C03F40073E8
:100250000193032503A92F230393CDE90454019BA4
:1002600001F010FF70231948059403A9CDE9033567
:1002700001F008FF09B0F0BD114B134800240294AF
:100280005A6C42F480625A645B6C059403F4806398
:10029000032202930F2503A9CDE90352029B01F02B
:1002A000F1FE09B0F0BD0B484FF48A71FFF7DCFA9C
:1002B000BFE700BF002001400021014000220140B3
:1002C00000380240A09B00200008024000000240CD
:1002D00010640240EC9F030810B582B00024224B4A
:1002E00000945A6C42F480425A645A6C02F4804280
:1002F0000092009A01941A6C42F080521A641B6CAE
:1003000003F0805301930320019B01F01FFA224662
:1003100021466FF00B0001F02BFA224621466FF0C8
:100320000A0001F025FA224621466FF0090001F08B
:100330001FFA22466FF00400032101F019FA224649
:1003400021466FF0030001F013FA22460F216FF0EF
:10035000010001F00DFA22460F214FF0FF3002B0EC
:10036000BDE8104001F004BA0038024012230148F1
:100370000B8070474C0E0020042301480B8070470F
:10038000600E002010B5044C04480A46214608F0CF
:100390009DF9204610BD00BF009C002000A003086E
:1003A00010B5044C04480A46214608F08FF920464F
:1003B00010BD00BF009C0020F0E9002010B5044CE7
:1003C00004480A46214608F081F9204610BD00BFC6
:1003D000009C002010A0030810B5044C04480A46F5
:1003E000214608F073F9204610BD00BF009C002094
:1003F0002CA0030810B5044C04480A46214608F016
:1004000065F9204610BD00BF009C002038A00308FD
:100410000020EE2908B5108002D0062905D008BDBD
:100420001346122204481A8008BD0449044808F003
:100430004DF9024808BD00BF640E0020009C00205A
:1004400048A00308704700BF1B4A1C49536C10B4F6
:1004500023F4404353644B6C0468194A8FB023F46F
:1004600040434B640294D0E9014303940493D0E9E0
:100470000434C16805910693D0E9061307940891E6
:100480000993936A0A93D2F888200E4B0B925B6B08
:100490000C930A9BC3F340238DF806300A9B01227C
:1004A000C3F300238DF807300D920D9B002BFCD178
:1004B0000FB05DF8044B704700000140000401409C
:1004C00000ED00E000EF00E01EF0040F0CBFEFF3C2
:1004D0000880EFF30980FFF7B7BF00BF0549064A60
:1004E0004B6C23F440434B64536C23F440435364FC
:1004F000F6E700BF000001400004014008B5FFF727
:10050000EDFF00BF08B5FFF7E9FF00BF704700BF70
:1005100007F0E0BB014801F021BB00BFB09700200D
:10052000014801F01BBB00BFC8980020014801F042
:1005300015BB00BF28990020014801F00FBB00BF88
:1005400088990020014801F009BB00BFE89900200C
:10055000014801F003BB00BF10980020014800F0E3
:10056000CBBF00BF780E0020014800F0C5BF00BF20
:10057000780E0020014800F0BFBF00BF780E0020B9
:10058000014800F0B9BF00BF780E0020014805F017
:10059000ABB800BF489A002008B5044804F0E8F959
:1005A000BDE80840024804F0E3B900BF8093002092
:1005B000DC910020014803F07BBF00BF7098002051
:1005C000014805F091B800BF889A002010B5094C89
:1005D00009490022204607F089FC0849204607F017
:1005E0009DFC2046064908F05FFA2046BDE8104011
:1005F00007F0AABC009E0020300E0020A80E0020AC
:100600001C0E0020214B02689A4200D0704730B582
:1006100087B0002403F5EA3300941A6C42F00072AC
:100620001A641B6C03F00073009302224FF44071B4
:1006300003230925CDE9011200981548059501A964
:10064000CDE9034301F01EFD22462946132001F0A7
:100650008FF8132001F0CAF822462946142001F031
:1006600087F8142001F0C2F822462946152001F02F
:100670007FF8152001F0BAF822462946162001F02D
:1006800077F8162001F0B2F807B030BD00640040E2
:10069000000402401049114BD1F8882042F4700246
:1006A00010B4C1F888201A680D4C002042F00102F5
:1006B0001A6098601A6822F0847222F480321A60FC
:1006C0005C601A684FF0006422F480221A60D860DF
:1006D0008C605DF8044B704700ED00E0003802408C
:1006E00010300024F0B58BB0334B344E344F00241F
:1006F00000941A6B42F004021A63196B01F00401B2
:10070000009100990194196B41F080011963196BF4
:1007100001F08001019101990294196B01221143AA
:100720001963196B1140029102990394196B41F0FE
:1007300002011963196B01F00201039103990494FA
:10074000196B41F0080119631B6B03F00803049354
:1007500030464FF4C041049B01F06EFE22463846FD
:100760004FF4805101F068FE01254FF4C04305A904
:100770003046CDE90535CDE9074401F083FC30462C
:1007800005A948F210230593CDE9064401F07AFC4F
:1007900038464FF4805305A90593CDE906540894D3
:1007A00001F070FC04230748079505A9CDE905343D
:1007B00001F068FC0BB0F0BD0038024000080240B8
:1007C00000040240000C024010B50D4B0D4C4100DE
:1007D0000D480022C3E900404FF480441846C3E9A5
:1007E0000221C3E90442C3E906221A6201F028FE8D
:1007F00000B910BDBDE8104004484F21FFF734B8E0
:1008000090A1002000540040A08601007CA00308B5
:10081000304B02689A4200D0704770B582B0002316
:100820002D4A0193116C2D4E41F400111164126C8C
:100830002B49B36002F4001201924FF00072C6E936
:10084000001204464FF4806101984FF480723046E4
:10085000C6E90331C6E90533C6E90833F26101F0A0
:100860000DF860BB1F4D2049A6634FF000720023B6
:10087000C5E90012284640214FF48062C5E9021301
:10088000C5E90533C5E90733B4632A616B6200F03B
:10089000F5FFC8B90022092165631F20AC6300F091
:1008A00067FF1F2000F0A2FF20200022092100F096
:1008B0005FFF202002B0BDE8704000F097BF0B48FA
:1008C0006E21FEF7D1FFCDE708488021FEF7CCFF6F
:1008D000E0E700BF0054004000380240D0A00020F4
:1008E0001060024030A10020A06002407CA00308FC
:1008F00008B50B4B1A6842F400721A601A6842F489
:1009000080621A601A6842F480721A60032000F054
:100910001DFF0620FEF754FBFFF7DEFC002008BD9C
:10092000003C0240034A044B11681B780B441360DF
:10093000704700BFE4A10020A40E0020014B1868FE
:10094000704700BFE4A1002038B50446FFF7F6FF6A
:10095000631C054602D0044B1B781C44FFF7EEFFD6
:10096000431BA342FAD338BDA40E0020002800F098
:100970009D8038B5036C04463BB1236CDB060CD577
:10098000002384F83C30012038BD436480F83C30BB
:10099000FFF70AFC236CDB06F2D4236C474A23F4EE
:1009A000885323F0020343F0020323645168236851
:1009B00021F44031516051686068014351605A68C8
:1009C0002569A06822F480725A60596841EA0521BD
:1009D0005960596821F0407159605A6802435A6061
:1009E0009968E06821F4006199609A68A16A0243FD
:1009F0009A60334A914250D09868E56A20F070605E
:100A000098609A6811439960996821F04051996003
:100A10009A682A439A609968A06921F00201996056
:100A20009A68216A42EA40029A60002940D05968D7
:100A3000626A41F400615960586820F4604058606F
:100A4000511E5A6842EA41325A60DA6AE169256BFE
:100A5000606922F47002DA62DA6A013942EA01520C
:100A6000DA629A6822F400729A60996841EA452134
:100A70009960996821F4806199609A6842EA8022BD
:100A800000209A606064236C23F0030343F00103A9
:100A90002364002384F83C3038BD9A6822F07062E9
:100AA0009A609A6822F040529A60B4E70120704739
:100AB0005A6822F400625A60C7E700BF0023014071
:100AC0000100000F70B590F83C3082B00546012B54
:100AD0004FF0000001906CD001232E6885F83C3067
:100AE000B368DB0714D4B36843F00103B360324B3F
:100AF0001868324BA3FB0030800C00EB40000190E3
:100B0000019B2BB1019C013C019401980028F9D173
:100B1000B368DC073CD5286C20F4E06020F00100CD
:100B200040F4807028647368580505D52B6C23F455
:100B3000405343F480532B642B6CA86B13F4805305
:100B40001CBF6B6C23F006036B64002385F83C30FC
:100B500013460A461A49C1631A4901641A49C16415
:100B60006FF022013160716841F080617160B1689D
:100B700041F48071B16006F14C0100F051FF134B5C
:100B80005B68DB0607D12B68986810F040500AD0EC
:100B9000002002B070BD0E4A2B689342F8D19868CD
:100BA00010F04050F4D19A6842F080429A6002B04E
:100BB00070BD022002B070BDA00E002083DE1B437A
:100BC000D90B0108390C0108490C01080023014028
:100BD00000200140704700BF836B1A6C12F0500F69
:100BE00025D11A6C196842F4007210B51A648A682B
:100BF00012F0405F17D19A69AAB9CA6A12F4700F4D
:100C000002D08A6850050ED44A6822F020024A6059
:100C10001A6C22F480721A641A6CD20403D41A6C0F
:100C200042F001021A641846FFF7D4FF10BD9B6B17
:100C3000DB6C1847704700BF08B5806BFFF7FAFF01
:100C400008BD00BF704700BF806B08B54023036438
:100C5000436C43F004034364FFF7F4FF08BD00BF97
:100C600030B590F83C3083B00022012B019200F0A7
:100C70009C80012380F83C300C680368092C2DD837
:100C80001D698A6804EB440E4FF0070C0CFA0EFC49
:100C900025EA0C051D611D6902FA0EF22A431A614C
:100CA0004A68062AA4462FD802EB8202596B053AFD
:100CB0004FF01F0E0CFA02FC0EFA02F221EA0202B9
:100CC0005A635A6B4CEA02025A63394A934230D053
:100CD000002380F83C30184603B030BD1FFA84FC76
:100CE0000CEB4C02DD68A2F11E0E072202FA0EF296
:100CF00025EA0202DA608A68DD6802FA0EF22A4307
:100D0000DA604A68062ACFD90C2A02EB820236D86A
:100D1000196B233A1F250CFA02FC05FA02F221EAAC
:100D200002021A631A6B4CEA02021A63204A9342C7
:100D3000CED1122C32D0A4F11003012BC8D81D4AF9
:100D40005368102C43F400035360C1D11A4B02F1D5
:100D500046721B6802F52E3202F28332A2FB032395
:100D60009B0C03EB83035B000193019B002BAFD033
:100D7000019B013B0193019B002BF9D1A8E7D96AA4
:100D8000413A1F250CFA02FC05FA02F221EA02029E
:100D9000DA62DA6A4CEA0202DA6296E7D2F80433DF
:100DA00043F48003C2F8043392E7022003B030BD5D
:100DB0000020014000230140A00E0020F0B590F873
:100DC0003C30CE69012B00F0C880012380F83C3014
:100DD0000D680368092D68D81C698A6805EB450C05
:100DE000072707FA0CF724EA07041C611C6902FABA
:100DF0000CF222431A61AC469A6BD1F810E04C68B1
:100E000022F440129A639F6B0EF1FF3247EA0257B9
:100E1000E21CA2EB0E029F63D2B29F6B02EB820236
:100E20004FF01F0E0CFA02FC0EFA02F227EA020241
:100E30009A639A6B4CEA02029A63494A96429A680C
:100E400022F470229A609A6866D016439E609A686F
:100E50000E6A22F440129A609A6832439A608A6954
:100E6000002A34D05A6842F480625A604A69002AE3
:100E700034D05A68022C42F480525A6034D0032C89
:100E800059D0012C4CD01A6AC96822F47F6222F032
:100E90000F021A621A6A0A431A62324A934230D027
:100EA000002380F83C301846F0BD1FFA85FC0CEB9F
:100EB0004C02A2F11E040727DA68A74022EA0702C3
:100EC000DA608A68A240DC682243DA6094E75A68F4
:100ED00022F480625A604A69002ACAD15A68022CF8
:100EE00022F480525A60CAD19A69C96822F47F629A
:100EF00022F00F029A619A690A439A61194A934251
:100F0000CED1122D22D0103D012DC9D8164A5368DA
:100F100043F400035360C3E722F440129A609EE753
:100F20005A69C96822F47F6222F00F025A615A6935
:100F30000A435A61B1E7DA69C96822F47F6222F094
:100F40000F02DA61DA690A43DA61A6E7D2F80433FC
:100F500043F48003C2F80433A2E70220F0BD00BFCF
:100F600001000F00002001400023014000287BD039
:100F700038B590F820300446002B72D022681368F0
:100F800023F002031360FFF7D9FC054604E0FFF7E6
:100F9000D5FC431B0A2B5BD823685A689107F6D40B
:100FA0001A6842F001021A60FFF7C8FC054604E027
:100FB000FFF7C4FC401B0A284AD823685A68D207A6
:100FC000F6D5227E012A1A680CBF42F0800222F078
:100FD00080021A60627E012A1A680CBF42F0400249
:100FE00022F040021A60A27E012A1A680CBF42F069
:100FF000200222F020021A60E27E012A1A680CBF49
:1010000022F0100242F010021A60227F012A1A68B0
:101010000CBF42F0080222F008021A60627F012A27
:101020001A680CBF42F0040222F004021A60D4E9EC
:101030000220216902430A43606961680243013961
:101040000A4300200121DA61606284F8201038BD73
:10105000636A052243F40033636284F82020012090
:1010600038BDFFF7CFFA89E70120704790F82020BC
:10107000012A0AD090F82020022A034605D0426AAD
:1010800042F4802201205A627047404BD3F800227C
:101090000120024330B4C3F80022D3F8002222F426
:1010A0007C52C3F80022D3F800224C6A42EA0422A0
:1010B000C3F800224A69D3F81C42904024EA000495
:1010C000C3F81C42CD69C443002D45D1D3F80C525E
:1010D0002540C3F80C52D200CD688B8802F18042C3
:1010E00002F5C84243EA0543C2F840328D680B88D6
:1010F00043EA0543C2F844328B69244A33BBD2F831
:1011000004322340C2F804320B69C3B91F4BD3F831
:1011100014221440C3F814420B6A012B05D11B4A58
:10112000D2F81C321843C2F81C02184AD2F8003216
:1011300023F00103002030BCC2F800327047134A8C
:10114000D2F814320343C2F81432E5E7D2F804327D
:101150000343C2F80432D7E7012DCDD1D3F80C52A6
:101160000543C3F80C52D2000D688B8802F180420F
:1011700002F5C84243EA0543C2F840328D688B89C4
:1011800043EA0543C2F84432B6E700BF00640040BA
:1011900070B590F82030012B044606D0436A012632
:1011A00043F400234362304670BD0268DEB202237E
:1011B00080F82030136823F001031360FFF7BEFBB3
:1011C000054604E0FFF7BAFB431B0A2B08D8236847
:1011D0005B6813F00103F5D11E466362304670BDB3
:1011E000636A052243F40033636284F820203046AA
:1011F00070BD00BF38B590F82030022B044605D0F2
:10120000436A43F480130120636238BD02681368A7
:1012100043F001031360FFF791FB054604E0FFF77D
:101220008DFB431B0A2B0CD823685A68D207F6D5CE
:101230001A68012122F002021A6084F820100020AE
:1012400038BD636A052243F40033636284F82020CA
:10125000012038BD844690F82000012803D09CF876
:10126000200002283ED1DCF8000010B4846864013C
:1012700005D48468240102D48468E40043D58468DA
:10128000C4F3016C012404FA0CF41C608B688BB36A
:10129000CC6823434C6843EAC4030CF118042401CE
:1012A000035100EB0C130C69C3F88441097D01293B
:1012B0004FEA0C1C05D1D3F8841141F48071C3F8B6
:1012C000841160445168C0F88C111268C0F88821FC
:1012D000D3F880215DF8044B42F001020020C3F8EE
:1012E00080217047DCF8243043F480230120CCF8BF
:1012F00024307047CB680C6843EA44540CF118035F
:101300001B01C450CDE7DCF824305DF8044B43F4F6
:1013100000130120CCF82430704700BF90F8203033
:10132000012B05D090F82030022B01D0002070470F
:10133000036898689A689B681201C0F3806048BF90
:101340000130DB00F3D50130704700BF30B590F8B5
:101350002040012C844603D090F82000022872D14E
:10136000DCF80040002961D1E068850763D004EB18
:1013700001104FEA011ED0F8B05105F00405956048
:10138000002D6CD1D0F8B0516D0D1560D0F8B05172
:10139000C5F34005D560D0F8B45105F00F051561CF
:1013A0007444D0F8B451D0F8B401D4F8B841C5F3BE
:1013B0000725000C956150611C70DCF80020724418
:1013C000D2F8B821120A5A70DCF800207244D2F820
:1013D000B821120C9A70DCF800207244D2F8B821BF
:1013E000120EDA70DCF800207244D2F8BC211A71B7
:1013F000DCF800207244D2F8BC21120A5A71DCF8E1
:1014000000207244D2F8BC21120C9A71DCF8002042
:101410007244D2F8BC21120EDA71E1B9DCF8002076
:10142000D36843F020030846D36030BD01299ED124
:10143000206980079BD1DCF8243043F4001301209D
:10144000CCF8243030BDDCF8243043F48023012074
:10145000CCF8243030BD012906D0002030BDD0F8B2
:10146000B051ED08556091E7DCF80020136943F0B6
:1014700020030020136130BD90F82030012B05D0EF
:1014800090F82030022B01D000207047036819B972
:10149000D86800F003007047186900F00300704737
:1014A00090F82020012A034609D090F82020022A33
:1014B00005D0426A42F4802201205A6270471A68BD
:1014C0005369194300205161704700BF90F82020F4
:1014D000012A034609D090F82020022A05D0426A4A
:1014E00042F4802201205A6270471A68536923EA45
:1014F00001010020516170472DE9F84F03685C69D4
:10150000D3F804809F68D3F80CB0D3F810A0D3F8B8
:10151000189014F00106054620D017F001060DD0F2
:1015200001229A60BB0700F1C4807E0700F1E380CE
:1015300017F0080600F0E8804FF48056F8050BD548
:101540002B684FF48072B9059A6000F1AE807A057D
:1015500040F1CC8046F40056F80365D4270702D545
:101560001BF0100F6BD1600703D51BF0080F40F084
:101570008D80A10704D52B68DB689A0740F0828034
:10158000630602D51AF0100F48D1A70602D51AF04B
:10159000080F62D1E00603D52B681B6999077CD13F
:1015A000A20302D518F0100F5ED1E30302D518F0A4
:1015B000080F60D1270405D518F0040F06D12B6859
:1015C00004225A60002E40D1BDE8F88FE00504D512
:1015D00019F0010F18BF46F00106A10504D519F056
:1015E000020F18BF46F00206620504D519F0040F79
:1015F00018BF46F004062305E1D519F07009DED0C6
:10160000B9F1400F00F08B8057D8B9F1200F78D096
:10161000B9F1300F5FD146F0200656E02B6810225A
:1016200046F480661A61B0E72B684FF48032B90344
:101630009A6036D47A0354D546F400468EE72B6878
:10164000102246F40076DA608DE76B6A1E43284666
:101650006E6212F04FFDBDE8F88F2B6808221A6108
:10166000284612F041FD95E72B6810225A60284663
:1016700012F03CFD99E72B6808225A60284612F0C8
:1016800037FD97E7284612F015FD79E72B68082209
:10169000DA60284612F01AFD6BE7284612F022FDA8
:1016A0007EE7284612F0F4FC58E7284612F0E4FCE6
:1016B00052E712F0D5FC002640E7B9F1500F1DD0DB
:1016C000B9F1600F08BF46F480762B689A6922F062
:1016D00070029A6174E7B9F1100FF6D146F008066E
:1016E000F3E73B0317D546F4803637E73B050ED5C5
:1016F00046F4804630E74FF400661FE746F0800668
:10170000E3E746F01006E0E712F0CEFC16E72846C5
:1017100012F0CCFC20E7284612F0CAFC1EE746F087
:101720004006D2E7406A704790F82020012A03461D
:1017300009D090F82020022A05D0426A42F4802283
:1017400001205A6270470020586270470749CA68F2
:1017500003024FF6FF0003F4E0630240134343F03B
:10176000BF6343F40033CB60704700BF00ED00E07F
:101770001C4BDB68C3F3022300B5C3F1070EBEF1B7
:10178000040F03F1040C28BF4FF0040EBCF1060F48
:101790001BD9033B4FF0FF3C0CFA03FC22EA0C027E
:1017A0004FF0FF3C0CFA0EFC21EA0C019940002896
:1017B00041EA02010CDB00F16040090100F56140E3
:1017C000C9B280F800135DF804FB00221346E7E776
:1017D000054B00F00F0009010344C9B219765DF80A
:1017E00004FB00BF00ED00E0FCEC00E0002808DB9B
:1017F0004109044A00F01F00012303FA00F042F8F7
:101800002100704700E100E000280DDB4309074993
:101810000122203300F01F0002FA00F041F82300FB
:10182000BFF34F8FBFF36F8F704700BF00E100E041
:101830000138B0F1807F10D210B44FF0E023084C93
:1018400058614FF0F00C84F823C0002207211046A5
:101850009A615DF8044B196170470120704700BF21
:1018600000ED00E04FF0E022042813690CBF43F0C4
:10187000040323F004031361704700BF38B5044626
:10188000FFF75CF8002C67D023680222002184F85F
:10189000341084F835201A6822F0010205461A60D7
:1018A00005E0FFF74BF8431B052B39D823681A686E
:1018B000D107F6D4D4E90120E16802430A43D4E910
:1018C0000451A0692A430A43E1691D6802430A439F
:1018D00033492940256A2A430A43616A042926D0EC
:1018E0001A605A6922F007021143D8B22D4A596191
:1018F0001038A2FB005212092B4923F47F73895C34
:10190000E16523F003035F2888BF04333F228A4048
:10191000A36500209A600123606584F8353038BDE6
:1019200003232022626584F83530184638BDD4E997
:101930000B5129430A431A605969A26A21F0070131
:10194000114341F00401002DCFD038B9012A23D032
:1019500032F00202C9D108E0012038BDB0F5005FC5
:101960000CD0022A03D9032ABFD1EA01BDD5012335
:101970004022626584F83530184638BD032AB4D851
:1019800001A050F822F000BF6F1901086B1901087F
:101990006F19010899190108B5F1C07FA5D1E6E7D3
:1019A0003F8010F0ABAAAAAA90A0030800282FD06D
:1019B00090F83520022AD3B22BD00368164AD9B248
:1019C000103930B4A2FB014212091C68134D24F0F7
:1019D0000104AD5C1C6000221A605A609A60DA60F3
:1019E0001A6121225A6123F47F7323F003035F29D4
:1019F00088BF04333F210022A940C56583659960F3
:101A0000426580F8342080F8352030BC104670479D
:101A100001231846704700BFABAAAAAA90A00308EA
:101A200070B490F83440856D012C39D090F8354071
:101A30004FF0010C644580F834C005D0002380F8D5
:101A4000343070BC02207047022680F8356004688C
:101A500000264665266826F4802626606360836833
:101A6000402B0EBFA260A160E260C26D08BFE160C2
:101A70003F239340AB602368026C43F0160323605E
:101A8000636943F0800363611AB1236843F008037C
:101A90002360236843F001030020236070BC70477B
:101AA000022070BC704700BF70B50446866DFEF71B
:101AB00045FF94F83530022B06D00023802284F8AD
:101AC00034306265012070BD23681A6822F0160266
:101AD0001A605A6922F080025A61226C054632B3BC
:101AE0001A6822F008021A601A6822F001021A60CD
:101AF00005E0FEF723FF431B052B0FD823681B6867
:101B000013F00103F5D1E16D3F228A400121B2605B
:101B100084F8343084F83510184670BD0320202234
:101B20000023626584F8343084F8350070BDA26CFF
:101B3000002AD5D1D8E700BF90F83530022B03D06A
:101B400080234365012070470268052380F8353003
:101B5000136823F001030020136070472DE9F04162
:101B600082B0744A866D156800230193C36D346892
:101B700008229A402242804604D001680F68780704
:101B800000F18A8001229A40224204D0D8F8001045
:101B90004969090678D404229A40224204D0D8F830
:101BA000001009688F0767D410229A40224204D09F
:101BB000D8F800100F68380749D420229A402242F2
:101BC00017D0D8F800100C68E00612D5B26098F86B
:101BD0003520052A73D00B6813F4802F0B6800F0B2
:101BE0009080190340F19B80D8F83C300BB14046FF
:101BF0009847D8F854303BB3D8F85430DA071BD59F
:101C0000D8F800204C49052388F835301368A1FB2B
:101C1000051523F00103AD0A136002E01368DB072A
:101C200004D5019B0133AB420193F7D90022012374
:101C300088F8342088F83530D8F84C3023B1404645
:101C400002B0BDE8F041184702B0BDE8F081B260D3
:101C50000A6812F4802F0A682AD1D70503D40A68CB
:101C600022F008020A60D8F84020002AA5D0404699
:101C70009047D8F85C30A0E7B260D8F8542042F022
:101C80000402C8F854208FE7B260D8F8542042F01C
:101C90000202C8F854207EE70F6827F004070F609F
:101CA000B260D8F8542042F00102C8F8542069E725
:101CB0001203D8D5D8F84820002AD8D17DE70A6881
:101CC00022F016020A604A6922F080024A61D8F8BE
:101CD000402052B30A6822F008020A603F2202FA4A
:101CE00003F3D8F85010B3600022012388F83420A1
:101CF00088F835300029A7D0404602B0BDE8F04151
:101D0000084713F480737FF46FAF0A6822F0100263
:101D10000A60012288F8343088F8352064E7D8F862
:101D20004430002B7FF463AF63E7D8F84820002AE3
:101D3000D0D1D3E7A00E0020B5814E1B1B4BDA6833
:101D4000D10605D51A49CA6910200243CA61D86074
:101D5000164BDA68920606D51549CA69202042F06A
:101D60000802CA61D860114BDA68500606D51049DE
:101D7000CA69402042F00402CA61D8600B4BDA689D
:101D8000110606D50A49CA69802042F00202CA61DA
:101D9000D860064BDA68920706D50549CA69022061
:101DA00042F02002CA61D860704700BF003C024088
:101DB000E8A10020064B1A69002A01DB00207047C9
:101DC0000449054A59605A601869C00F704700BF3E
:101DD000003C024023016745AB89EFCD034A1369FC
:101DE00043F0004300201361704700BF003C0240F5
:101DF000014BD869704700BFE8A10020124B70B5B5
:101E000000220446DA61FEF799FD104D064601E016
:101E1000611C0DD1EB68DA03FAD4EB68DB0744BF31
:101E20000123EB60094BD86810F0F20008D170BDB7
:101E300024B1FEF783FD801BA042EBD9032070BDC7
:101E4000FFF77CFF012070BDE8A10020003C0240AC
:101E50002DE9F0412F4D95F818C0BCF1010F30D09D
:101E600080461C464CF2503001230E4617462B7616
:101E7000FFF7C4FF18B100232B76BDE8F081264B95
:101E8000B8F1000F20D0B8F1010F33D01A6922F455
:101E900040721A61B8F1020F1A6922D042F44072FE
:101EA0001A611A6942F001021A61376074604CF2DB
:101EB0005030FFF7A3FF184A136923F001031361A1
:101EC000D9E70220BDE8F081196921F44071196158
:101ED000196919611969FAB241F001011961327089
:101EE000E5E742F400721A611A6942F001021A61D0
:101EF0003760DCE7196921F440711961196941F40F
:101F0000807119611969BAB241F001011961328019
:101F1000CDE700BFE8A10020003C024039B1012913
:101F20001CD002290CBF4FF400714FF440710D4BCF
:101F30001A6922F440721A611A69114319611A6907
:101F400022F0F8021A611A6942EAC00040F0020069
:101F500018611A6942F480321A6170474FF4807137
:101F6000E5E700BF003C0240144B1A6891050FD50D
:101F70001A6822F400721A601A6842F400621A6049
:101F80001A6822F400621A601A6842F400721A6039
:101F90000A4B1A6852050FD51A6822F480621A603B
:101FA0001A6842F480521A601A6822F480521A6049
:101FB0001A6842F480621A60704700BF003C024019
:101FC0002DE9F8432D4F3B7E012B38D001230446E9
:101FD0004CF2503088463B76FFF710FF064648BB70
:101FE0004FF0FF33C8F800302368012B2BD0D4E921
:101FF00002532B44AB421BD9DFF8849005E0D4E9AF
:10200000022301351344AB4212D9217C2846FFF745
:1020100085FF4CF25030FFF7F1FED9F8103023F075
:10202000FA03C9F810300028E9D0C8F80050064675
:10203000FFF79AFF00233B763046BDE8F88302267F
:102040003046BDE8F8830E4D23692A6922F44072B8
:102050002A612A6942F004022A612A691B029BB2A2
:10206000134343F480332B614CF25030FFF7C6FE2C
:102070002B6923F0040306462B61D9E7E8A1002071
:10208000003C02402DE9F04F00230D68DFF8488244
:1020900083B003E00133102B00F0A48001229A40AA
:1020A00032EA050402EA050CF4D14E6826F0100964
:1020B000B9F1020F00F09980D0F800B04FEA430E5A
:1020C000032404FA0EF406F0030A2BEA040B09F1C8
:1020D000FF390AFA0EFA4AEA0B0AB9F1010F6FEA60
:1020E0000404C0F800A040F2A980C26814408A68C5
:1020F00002FA0EF22243F700C260CBD50022019211
:10210000D8F844206D4F42F48042C8F84420D8F8F3
:10211000442002F480420192019A23F0030202F16A
:10212000804202F59C3203F00309D2F808E04FEA3E
:1021300089090F2404FA09F4B8422EEA040424D0D1
:1021400007F58067B84200F08F805D4FB84200F01D
:1021500092805C4FB84200F095805B4FB84200F02F
:1021600098805A4FB84200F09B80594FB84200F017
:102170009E80DFF868E170450CBF4FF0070E4FF00E
:10218000080E0EFA09F944EA09049460514A1268EB
:102190006FEA0C0EF4034F4C54BF0EEA02024CEAF5
:1021A000020222606468B2034A4A54BF0EEA040481
:1021B0004CEA040454609468464AF70254BF0EEA9D
:1021C00004044CEA04049460D268B40203F10103ED
:1021D000404C54BF0EEA02024CEA0202102BE260AD
:1021E0007FF45CAF03B0BDE8F08F4FEAD30E00EB95
:1021F0008E0E0C69DEF820A003F007094FEA89096A
:102200004FF00F0B04FA09F40BFA09F92AEA09094D
:1022100044EA0904CEF82040D0F800A04FEA430E6B
:10222000032404FA0EF406F003092AEA040A09FA60
:102230000EF949EA0A09E443C0F80090D0F808A072
:10224000CF680AEA040A07FA0EF949EA0A09C0F84F
:102250000890D0F8049029EA0209C6F300129A40C7
:1022600042EA0902426040E74FF0010E0EFA09F916
:1022700044EA090489E74FF0020E0EFA09F944EA2C
:10228000090482E74FF0030E0EFA09F944EA090443
:102290007BE74FF0040E0EFA09F944EA090474E7EB
:1022A0004FF0050E0EFA09F944EA09046DE74FF004
:1022B000060E0EFA09F944EA090466E70000024036
:1022C00000080240000C02400010024000140240CE
:1022D00000180240003C014000380240001C02404F
:1022E0002DE9F04F0023DFF844A1DFF84481DFF847
:1022F00044B102E00133102B72D0012505FA03F23C
:1023000032EA0104F6D106684FF0030E03FA05F431
:102310000EFA04F423FA0EFC26EA040600EB8C0CF9
:10232000066003F00706DCF820900F27B60007FAD6
:1023300006F629EA0606CCF82060866826EA040636
:102340008660466826EA02064660C66826EA0404F5
:1023500023F0030606F1804606F59C36C46003EAC6
:102360000E04D6F808C0A400A74050456FEA020248
:1023700007EA0C0C36D0584539D0264DA84239D042
:10238000254DA8423AD0254DA8423AD0244DA84226
:102390003BD0244DA84229D0234DA8420CBF07258D
:1023A000082505FA04F4A445A4D1B46824EA070773
:1023B000B760D8F800401440C8F80040D8F804408E
:1023C0001440C8F80440D8F808401440C8F8084041
:1023D000D8F80C4001332240102BC8F80C208CD1C7
:1023E000BDE8F08F0024A44584D1DEE7062505FA78
:1023F00004F4F8E7022505FA04F4F4E70EFA04F40D
:10240000F1E7042505FA04F4EDE7052505FA04F4DF
:10241000E9E700BF00080240000C02400010024043
:102420000014024000180240001C0240000002405C
:10243000003C01400004024002B909048161704778
:1024400000286AD038B590F83D30044603F0FF020A
:10245000002B4DD02268324D242384F83D30136880
:1024600023F00103136001F03BFD2E4B2268A3FB18
:10247000001361689B0CA942536024D84900B0FB4B
:10248000F1F040F6FC7101330842136208BF0420EA
:10249000D4E90731D0610B43D4E903011360014350
:1024A000D4E9053003439160D3601168002341F003
:1024B000010120201160236484F83D00236384F827
:1024C0003E30184638BD184D4FF4967C0CFB03F394
:1024D000A5FB03539B0901331362A3686BB901EB9E
:1024E0004101B0FBF1F0C0F30B039BB90120CFE732
:1024F00080F83C20FEF78CF9ACE701EB810101EBA1
:102500008101B0FBF1F0C0F30B03002BEED040F4DF
:102510004040BDE740F40040BAE70120704700BFEB
:10252000A086010083DE1B43D34D6210704700BFBD
:10253000704700BF704700BF704700BF704700BFC3
:10254000704700BF704700BF704700BF704700BFB3
:10255000704700BF10B590F83D30293B012B044671
:1025600057D990F83D30602B036805D05A681205A2
:102570005CBF202280F83D200022226384F83E20A8
:102580001A6822F400621A605A6812F400621DD0C0
:102590005A68606B22F400625A6090F83530012B63
:1025A00057D03A4B0365FFF7C7FA50B12268606B0A
:1025B0001368202123F00103136084F83D10036D9C
:1025C000984794F83D30282B13D010BD94F83D1057
:1025D000602925D05A69520604D5626A1B69511CCC
:1025E000616213702046FFF7B1FF94F83D30282B4D
:1025F000EBD1236C5B07E8D500232549E16220225B
:102600002363204684F83D2084F83E30FFF798FF8E
:1026100010BD002328220363036880F83D20AFE744
:10262000202184F83D1022645A69510605D5626A5A
:102630001B69511C6162137023681A6822F0010241
:102640001A602046FFF784FF94F83D30282BBCD158
:10265000CFE7A06B0D4B0365FFF76EFA0028B0D0F3
:1026600023685A69500605D5626A1B69511C61626C
:10267000137023681A68A06B22F0010220211A60EF
:1026800084F83D10036D98479BE700BFA12F010818
:102690000000FFFF30B5036855495C695A680C4279
:1026A00083B01ED0D1051CD5016C41F0010101643D
:1026B00014F4813F6FF48071596149D0016C41F08D
:1026C0000201016414F4823F6FF4007159611DD15D
:1026D00014F4843F01D0D20532D4036C63B903B043
:1026E00030BD14F4813F0CD0D505E7D414F4823FFB
:1026F000EED0036C002BF2D003B0BDE83040FFF702
:1027000029BF14F4823FE3D0D105E6D590F83EC04E
:10271000428D90F83D10056BBCF1200F92B2C9B20A
:102720001AD0026C42F00402026490F83E20102A93
:102730003ED06FF480625A6114F4843FCDD00368B8
:10274000026C6FF4006142F0080202645961C4E750
:1027500014F4823FDAD1BBE7002AE2D101F0F7029C
:10276000212A03D02829DCD1212DDAD190F83D206F
:10277000C16A0429D2B220D008291ED0212AD8D17A
:102780001C49C16202632021002280F83D1080F8BC
:102790003E205A6801906FF4806122F4E0625A6032
:1027A00059611A680A401A60FFF7C4FE0198C3E72E
:1027B0001A6842F400721A60BBE7282ADED10D4A7B
:1027C000C2625A6801906FF4806122F4E0625A603C
:1027D00059611A6822F480621A6000212023016383
:1027E00080F83D3080F83E10FFF7AAFE0198A3E77D
:1027F000000101000000FFFFF0B503689D695A6900
:102800005C6890F83E1010298DB03FD05FFA81FCD3
:10281000BCF1400F3AD099491140002900F0CC801A
:10282000A10500F17E8196492940002900F03481FC
:1028300094491140002900F08181650540F17E81B5
:1028400091491140002940F07E8190F83D10428D61
:1028500092B2C9B2C2B1426A541C446212781A617F
:10286000428D013A92B24285428D92B262B92929D3
:102870000AD15A68212422F4806228215A60046314
:1028800080F83D10FFF756FE0DB0F0BD12F0011FAD
:1028900039D0A60500F130817C491140002966D06D
:1028A0007749294000293BD076491140002977D04B
:1028B000670575D574491140002900F08281A6058D
:1028C000E2D5C16A90F83D20212ADDD1428D92B235
:1028D000002A40F04081042900F00682082900F017
:1028E000038211F5803F00F0FF81596821F4E06117
:1028F000596011242023046380F83E2080F83D3085
:10290000FFF714FEC0E76149114000292FD0A1054F
:10291000C6D5416CC9B21961594929400029C3D1B2
:102920005B491140002941D065053FD5564911400A
:10293000002900F02881A405A6D5C16A428D92B273
:10294000042A00F0B381428D92B2032A00F0BF81C5
:10295000428D92B2022A00F00282426A1B69511C27
:1029600041621370438D013B9BB243858CE7434921
:102970001140002994D0A70592D590F83E10C76A5F
:10298000D0F830C090F83D60222EC9B200F04281EC
:1029900000210A9159690A9199690A910A997FE778
:1029A0003949114000298AD10DB0F0BD3649114096
:1029B0000029C0D10DB0F0BD364E1640002E3FF4B8
:1029C00032AFA6057FF52FAF90F83D405A6822F44C
:1029D000E0625A600B915A690B921A6842F0010248
:1029E0001A600B9A1A6822F480621A605A681205FB
:1029F000E4B20ED590F83D20222A00F04B8190F8E9
:102A00003D202A2A00F04681426B1268526892B239
:102A10004285428D92B2C2B15A69570709D5426ABE
:102A20001B69511C41621370428D0368013A92B2D6
:102A300042855A69560608D5426A1B69511C416293
:102A40001370438D013B9BB24385036C002B40F018
:102A5000FE80A4F12802022A40F20581036B222B9A
:102A600002D0222C7FF410AF00232022036380F8D1
:102A70003D2080F83E30FFF75FFD05E702000100D2
:102A800004001000800001000400010008000100A3
:102A900040000100100001009F491140002964D04E
:102AA000610562D59D491140002963D190F83D1020
:102AB000428D92B2C9B2002A3FF4E6AE426A1B6967
:102AC000541C44621370438D013B9BB24385438D7C
:102AD0009BB2002B7FF4D8AE2A297FF4D5AE0268D2
:102AE00053682224282123F480635360046380F810
:102AF0003D10FFF721FDC7E690F83E10402900F099
:102B0000AB800169B1F5804F78D0016D002940F0AC
:102B1000B580416CC91101F0060141F0F001196165
:102B2000BEE699699B6981F004011F0654BF828942
:102B3000028BC1F38001FFF701FDA5E67749114043
:102B400000293FF4A1AEA4057FF59EAE428D92B25E
:102B5000002A3FF499AE426A511C416212781A6110
:102B6000438D013B9BB243858EE66C4911400029A1
:102B70003FF48AAEA2057FF587AE428D92B2002A5D
:102B80003FF482AEE9E690F83D20222A7FF47CAE45
:102B9000428D92B2032A40F23A81426A1B69511C6B
:102BA00041621370438D013B9BB24385438D9BB2C1
:102BB000032B7FF469AE0268536823F4806353608B
:102BC00062E690F83D20048D90F83E10C56AD2B2BE
:102BD000C9B2002C78D1212A00F0EF8040297FF47F
:102BE00053AE222A7FF450AE428D92B2002A40F0BA
:102BF000F9805A6822F480625A6045E690F83D10E8
:102C00002129416C16BF41F0010101F0FE01C9B25A
:102C1000196145E6066D16B9402900F01981066D67
:102C200026B90169B1F5404F00F01981418D89B293
:102C3000002977D103915969039199690391039907
:102C4000196841F4007119600021016528E60DB092
:102C5000BDE8F040FFF77EBC016D09BB416C01F09F
:102C6000FE0119611CE62E49C1622022036380F82F
:102C70003D2080F83E30FFF763FC05E6016D012939
:102C80007FF40EAE416CC91101F0060141F0F10173
:102C9000196105E6826B1268526892B24285B8E605
:102CA000416C41F00101C9B21961F9E55A68416A04
:102CB00022F480625A604A1C1B6942620B70438D89
:102CC000013B9BB24385DFE5212A8DD086E75A6818
:102CD000416A22F480625A601A6822F480621A60A3
:102CE0004C1C1B694462E9E75A6822F4E0625A60AE
:102CF0001A680021202442F400721A60016380F8EF
:102D00003D4090F83E3080F83E10402B7FF4F8AD07
:102D1000FFF718FCB8E500BF400001000400010007
:102D20000000FFFF418D89B2012900F0AE80418D86
:102D300089B2022900F0C480196841F480611960E9
:102D40005968090503D5596841F48051596000213B
:102D500009915969099199690991099974E70139AA
:102D600001291A6840F2898042F400721A60426AAE
:102D70001B69511C41621370438D426A0168013B1B
:102D80009BB243850B69511C41621370438D0168EE
:102D9000013B9BB243854B68002223F440732024FF
:102DA0004B6080F83D40026390F83E3080F83E2052
:102DB000402B4AD0FFF7BCFB66E5042D94D0082DCC
:102DC00092D015F5803F8FD05A6822F4E0625A60A5
:102DD00011212023016380F83E4080F83D30FFF749
:102DE000A5FB51E590F83E20402A7FF4B4AE026D79
:102DF000002A40F0A380C26C012A826C00F0BE80E1
:102E0000C2F307221A61036D013303653CE5012A11
:102E10003FF63AAD1A68446A22F480621A605A6832
:102E200022F4E0625A601B69621C42622370438D87
:102E3000013B9BB22022438580F83D20016390F83E
:102E40003E3080F83E10402BB4D1FFF77DFB1BE5F0
:102E500001965969019199690191019920E50296BC
:102E600059690291996902910299196841F4807136
:102E70001960016D0131016512E522F480621A606A
:102E80001A6842F480721A6071E717F5803F41D0EA
:102E9000042F2FD0082F2DD0BCF1120F2AD0C16AD9
:102EA0000229196814BF21F4806141F4806119601E
:102EB0000021069159690691996906910699C3E620
:102EC000C16A022919684AD021F480611960196821
:102ED00041F40061196059680E0503D5596841F441
:102EE00080515960002108915969089199690891A8
:102EF0000899A9E6196821F48061196000210791F9
:102F000059690791996907910799196841F4007106
:102F1000196099E6196821F480611960596811F403
:102F2000006120D0196821F48061196000210491AA
:102F30005969049199690491049985E6026D012A01
:102F400022D0026D022A7FF49FAC90F83D20222A05
:102F500021D090F83D20212A7FF496ACFBE541F486
:102F600080611960B7E705915969059199690591E3
:102F70000599196841F40071196065E6D2B21A61C9
:102F8000036D023303657FE4826CD2B21A61036D74
:102F90000133036578E41A6842F480721A6073E4BE
:102FA000806B0268116810B521F48061446B116078
:102FB000816B0023438523650B6590F83D106029E4
:102FC0004FF0200180F83D1080F83E3006D01368A5
:102FD00023F001031360FFF7B9FA10BD036413680F
:102FE00023F001031360FFF7B3FA10BD002868D087
:102FF000F0B5032305468BB0044680F8B933FCF7DF
:1030000035FC286802F094FC54F810EBA446BCE8A8
:103010000F006F460FC7BCE80F000FC79CE8030006
:1030200087E803002E1D96E80E00704602F01EFC95
:103030000021286802F084FC00212B462A46012743
:10304000084682F83810D18701310F29C2E91000F3
:1030500082F8397082F83B00D06402F11C02F0D192
:1030600000222F68114602F1400083F8F821DA8728
:1030700007EB800001320F2AC3E9801183F8F911B0
:1030800083F8FB11C3F80C12416003F11C03EAD171
:103090000FCCEC46ACE80F000FCCACE80F0094E886
:1030A00003008CE80300384696E80E0002F062FC4C
:1030B0000123286885F8B93302F0CAFF00200BB05D
:1030C000F0BD0120704700BF90F8B833012B0ED03F
:1030D00010B504460123006884F8B83302F0AAFF53
:1030E000206802F01DFC002084F8B80310BD022007
:1030F000704700BF2DE9F04FD0F8008087B004463C
:10310000404602F0E3FF10B107B0BDE8F08F05467E
:10311000206802F0ABFF0028F6D0206802F0A6FF7E
:1031200010F0020F20681EBF436903F002034361E1
:1031300002F09CFF000300F16B814FF0000A206851
:1031400002F094FF420300F1BF80D4F800B058466B
:1031500002F08CFF0028C0F20082206802F086FF97
:1031600001054AD4206802F081FFC3046ED42068B0
:1031700002F07CFF10F4005F206849D102F076FF76
:1031800010F0100F206813D0836923F010038361BF
:10319000D8F82050C5F34343022B05F00F0600F08A
:1031A000EB81062B00F0BD81836943F0100383613E
:1031B00002F05CFF070700F18F81206802F056FFE4
:1031C000C60200F17E81206802F050FF850200F106
:1031D0006D81206802F04AFF400000F15E812068A6
:1031E00002F044FF41078FD523685D686A0700F14C
:1031F000E5815A682A435A6086E7D8F80838DA0722
:1032000000F1D8812068436903F400634361AAE7B1
:1032100002F060FF2068C36823F47053C36002F0BB
:103220007FFC002840F06C812268E0604FF400735E
:103230006361D36843F41053D3602046FCF798FBD6
:103240002068436903F40053436197E7D8F80438D2
:10325000206823F001031021C8F8043802F04EFC66
:10326000616808F5006651B108F51063FF22013569
:103270008D429A60C3F8082203F12003F7D14FF082
:10328000FF33B361F36943F00113F361236B002B48
:1032900040F02B81736943F00B037361336943F092
:1032A0000B033361D8F80038217C206823F4FE63D7
:1032B000C8F8003804F56F7202F028FF20684369EF
:1032C00003F48053436153E7206802F0DBFED4F837
:1032D00000B08146824600283FF439AFCDE902852F
:1032E000264608F510674FF0000A09E05FEA590921
:1032F0000AF1010A06F11C0607F1200700F02481FB
:1033000019F0010FF2D05FFA8AF85846414602F0F0
:10331000CBFEC30705461AD502990122D1F83438ED
:1033200002FA0AF223EA0203C1F834380123BB602F
:103330002369012B03D1D6E910231344736441465A
:103340002046FCF707FB2169012900F04B81280783
:1033500044BF0823BB60E90644BF1023BB606A0674
:1033600044BF4023BB60AB0744BF0223BB602806B9
:10337000D4F800B0BAD50BF5106303EB4A13194625
:10338000F26C306C8969CDF814B09C46336DD51A57
:10339000854228BF054689B2E81CB1EB900F29D9B8
:1033A000CDF810901146B9462746644618E0356CB2
:1033B000716C9D4228BF1D463B7C00934246ABB2D8
:1033C000584602F0CBFD736CA1692B447364336DD6
:1033D00089B2E81C2B44B1EB900F336504D9F16C32
:1033E0008B42A1EB0303E2D33C464F46D4F800B036
:1033F000DDF81090002D7FF479AF059B0121D3F803
:10340000342801FA0AF122EA0102C3F834286DE7F0
:10341000206802F02FFE064600283FF48EAE08F525
:103420003067A1464FF0000A08E076080AF1010A69
:1034300007F1200709F11C093FF481AEF107F4D52B
:103440005FFA8AF12068029102F024FE10F0010F69
:10345000834619D00123BB6023690299012B0CD14B
:103460003B69D9F80022C3F31203D31AC9F810320A
:10347000D9F804321344C9F804322046FCF760FA44
:103480002169012900F09F801BF0080F5FD11BF01C
:10349000100F1CBF1023BB60C7E72046FCF79CFA47
:1034A0002068436903F08043436199E620465FFA50
:1034B0008AF1FCF789FA2068436903F40013436139
:1034C00088E620465FFA8AF1FCF782FA20684369B1
:1034D00003F48013436177E62046FCF745FA206841
:1034E000436903F00803436168E6D6F8843043F08B
:1034F0000B03C6F88430736C43F00B037364D1E69E
:1035000003224023E260636100F0E4FC6C4B6D4AEF
:103510000344934274D82268D36843F47053D36051
:103520008BE6082204F56F714046C6EBC60602F032
:103530002BFD04EB8602C5F30A13D2F810122068A3
:103540000B44C2F810322FE6DDE90285FFE5204684
:10355000FCF7C0F90823BB6099E7D8F8043823F0DA
:103560000103C8F804382046FCF72AFA20684369AA
:1035700003F000434361F1E547F6F0731D423FF469
:1035800013AEC6EBC60604EB8606C5F30A12D6F8E0
:103590000412404602F0F8FCD6F804322068C5F365
:1035A0000A152B44C6F80432D6F810322B44C6F85C
:1035B0001032F9E52046FCF7EBF923E62046FCF74C
:1035C0000FFA236815E6BAF1000F7FF45DAFD4F867
:1035D0000C32002B7FF458AF206804F56F7202F0B4
:1035E00095FD51E7BAF1000F7FF4B1AEE36C002B0B
:1035F0007FF4ADAE206804F56F7202F087FDA6E699
:10360000314B324A0344934205D82268D36843F4CD
:103610006053D36011E62E4AA0F57403A3F510534E
:10362000934205D82268D36843F45053D36004E62C
:10363000284AA0F18373A3F5E743934205D2226899
:10364000D36843F44053D360F7E5234B234A034444
:10365000934205D82268D36843F43053D360ECE535
:103660001F4B204A0344934205D22268D36843F497
:103670002053D360E1E51C4B1C4A0344934205D21E
:103680002268D36843F41053D360D6E5184AA0F1FA
:10369000B773A3F55853934205D22268D36843F415
:1036A0000053D360C9E5134B134A03449342226885
:1036B000D36834BF43F4E05343F4C053D360BCE554
:1036C000405327FFFF340C00401E1BFF3F420F00FA
:1036D0007F4F120020D6130060B6E5FE5FE31600B0
:1036E00000D3CEFE40771B00C05BB3FEC09121002B
:1036F00020753800E05459FEE09C410090F8B83342
:10370000012B0BD010B504460123006884F8B833B0
:1037100002F080FC002084F8B80310BD022070473E
:1037200010B50446080626D4C1EBC10004EB8000A6
:103730004FF01C0E0EFB014EC0F8002200220EF5C9
:10374000FC7E80F8F81180F8FB3180F8F921022B1B
:1037500004BF00238EF8043094F8B833012B21D035
:103760000123206884F8B833714602F0F5F900208F
:1037700084F8B80310BD01F07F0CCCEBCC0104EB56
:1037800081014FF01C0E0EFB0C4E0A6401220EF15B
:10379000380E81F838C081F83B30A1F83EC081F87E
:1037A0003920D4E7022010BD4AB2002A10B50446E1
:1037B00018DB1C2303FB0103D20F83F8F81183F8F5
:1037C000F92194F8B823012A03F5FC731AD00122D9
:1037D000206884F8B823194602F006FA002084F81D
:1037E000B80310BD01F07F011C2303FB0103D20FBE
:1037F00083F8381083F8392094F8B823012A03F1AC
:103800003803E4D1022010BD10B501F07F04C4EBF1
:10381000C40C00EB8C0C1C21CCF80C320023CCF82F
:1038200004228CF8F841CCF810328CF8F931036995
:1038300001FB0401012B08BFCCF80822006801F548
:10384000FC71DAB21CB902F00DFB002010BD02F0D1
:103850002DFA002010BD00BF01F00F01C1EBC10126
:1038600000EB8101B1F81002704700BF10B501F004
:103870007F04C4EBC40C00EB8C0C1C21CCF84C3046
:103880000023CCF850300123CCF844208CF8384089
:103890008CF83930036901FB0401012B08BFCCF817
:1038A000482000683831DAB21CB902F0DBFA002097
:1038B00010BD02F0FBF9002010BD00BF4AB2002A83
:1038C00038B50D46044618DB1C2303FB010303F542
:1038D000FC730121D20F99701D705A7094F8B823AF
:1038E0008A4218D084F8B8132068194602F05CFBAD
:1038F00055B1002084F8B80338BD01F07F051C23C2
:1039000003FB05033833E4E7217C206804F56F727C
:1039100002F0FCFBEDE7022038BD00BF4AB2002AEE
:1039200038B5044618DB1C2303FB010303F5FC73C5
:10393000D20F00259D7019705A7094F8B823012A8F
:1039400011D00122206884F8B823194602F04AFBFE
:1039500084F8B853284638BD01F07F011C2303FBCF
:1039600001033833E4E7022038BD00BF10B4046817
:10397000606A31B940EA0240A06200205DF8044B61
:103980007047A36AB1F1010C00EB13400CD0002387
:103990001946403104EB810101334968DBB26345CC
:1039A00000EB11401946F4DB0CF1400C04EB8C0CDD
:1039B00040EA0240CCF804005DF8044B0020704758
:1039C0000368002059627047002800F068812DE9E3
:1039D000F0410368DD0782B004462FD59E498A680E
:1039E00002F00C02042A00F0ED808A6802F00C025A
:1039F000082A00F0E3806368B3F5803F00F0EC80B4
:103A0000B3F5A02F00F04D81934D2A6822F4803247
:103A10002A602A6822F480222A60002B40F0E1808C
:103A2000FCF78CFF064605E0FCF788FF801B642846
:103A300000F201812B689B03F6D423689F0728D5E9
:103A4000854A916811F00C0F00F09A80916801F09E
:103A50000C01082900F09080E368002B00F00E8133
:103A60007E4B7D4E01221A60FCF768FF054605E09B
:103A7000FCF764FF401B022800F2DD8033689807E2
:103A8000F6D53368226923F0F80343EAC2033360B2
:103A900023681A075BD458073AD56F4A136C13F0A2
:103AA000805340F089800193136C43F0805313647A
:103AB000136C03F080530193019B0125684E33681A
:103AC000D90540F1A880A368012B00F0B880052B30
:103AD00000F02381604E326F22F001023267326FB4
:103AE00022F004023267002B40F0AE80FCF726FF84
:103AF00041F28838074605E0FCF720FFC01B40452F
:103B000000F29980336F9807F6D4002D40F0D380EF
:103B1000A369C3B1504DAA6802F00C02082A36D03E
:103B2000022B4E4B4FF000021A6600F0CA80FCF7E1
:103B300005FF044604E0FCF701FF001B02287AD8C9
:103B40002B689B01F7D4002002B0BDE8F0816369C7
:103B50000BB3424B404E0122C3F8802EFCF7EEFE21
:103B6000054604E0FCF7EAFE401B022863D8736FA9
:103B70009B07F7D523688EE7526856023FF56CAF76
:103B8000354A126895073AD5E268012A37D00120F4
:103B900002B0BDE8F081314A2F4EC2F8803EFCF7FA
:103BA000CDFE054604E0FCF7C9FE401B022842D8C2
:103BB000736F9F07F7D4DDE700257FE74A6850025F
:103BC0007FF519AF244A126891037FF537AF626819
:103BD000002A7FF433AFDAE71F4A136843F48033D7
:103BE0001360FCF7ABFE1C4E054604E0FCF7A6FE96
:103BF000401B64281FD833689A03F7D51DE7164980
:103C000020690A6822F0F80242EAC0020A601A0734
:103C10007FF541AF9BE7336843F480733360FCF773
:103C20008DFE07463368DA053FF54DAFFCF786FE9B
:103C3000C01B0228F6D9032002B0BDE8F081064A75
:103C4000136F43F001031367FCF778FE024F06463B
:103C500041F288380BE000BF0038024000004742C4
:103C600000700040FCF76AFE801B4045E3D83B6FC4
:103C70009B07F7D5002D3FF44BAF1CE02C4A2D4E8F
:103C80001360FCF75BFE054604E0FCF757FE401BA3
:103C90000228D0D833689907F7D42368F9E60120C1
:103CA0007047244B1A6842F480221A601A6842F462
:103CB00080321A6095E71F4A136C23F08053136417
:103CC00026E7FCF73BFE064604E0FCF737FE801BC8
:103CD0000228B0D82B689901F7D4D4E90731626A79
:103CE0000B4343EA8213D4E90A21520843EA0163F1
:103CF000013A0F4943EA024301226B600A66FCF76E
:103D00001DFE0C4D044604E0FCF718FE001B0228C3
:103D100091D82B689A01F7D515E7064B1A6F42F038
:103D200004021A671A6F42F001021A678CE700BF9B
:103D30000000474200380240164908B58B6803F07E
:103D40000C03042B1BD0082B17D14A684B68496819
:103D500013F4800302F03F0213D10F48C1F388111E
:103D6000A1FB0001F8F7AAFC0A4B5B68C3F301430F
:103D700001335B00B0FBF3F008BD074808BD0748FE
:103D800008BD0648C1F388110023A1FB0001F8F724
:103D900095FCE9E7003802400024F40000127A00A4
:103DA000002800F08680474A136803F00F038B4217
:103DB0002DE9F0410D46044609D2CBB213701368C9
:103DC00003F00F038B4202D00120BDE8F08123688D
:103DD000980714D5590704D53B498A6842F4E05244
:103DE0008A601A0704D538498A6842F460428A60BA
:103DF0003549A0688A6822F0F00202438A60DF0732
:103E000021D56268012A56D0931E012B2E4B1B68C8
:103E10004CD99907D8D52C4EB36823F0030313432C
:103E2000B360FCF78BFD41F28838074604E0FCF7ED
:103E300085FDC01B404543D8B368626803F00C039E
:103E4000B3EB820FF3D11F4A136803F00F03AB42A9
:103E500006D9EBB21370136803F00F03AB42B3D172
:103E600023685A0706D51849E0688A6822F4E052A8
:103E700002438A601B0707D5134A2169936823F41C
:103E8000604343EAC1039360FFF756FF0E4A0F4CAD
:103E900092680F49C2F303120346A25C0620D34086
:103EA0000B60FBF78DF80020BDE8F0819801B2D4DB
:103EB0008AE701207047044B1B689E03ABD483E75D
:103EC000032082E7003C02400038024064A003085F
:103ED000A00E0020014B1868704700BFA00E002004
:103EE000044B05499B68054A0868C3F38223D35CE9
:103EF000D840704700380240A00E002074A003088C
:103F0000044B05499B68054A0868C3F34233D35CF8
:103F1000D840704700380240A00E002074A003086B
:103F20000E4B0F2202609A6802F0030242609A6808
:103F300002F0F00282609A6802F4E052C2609B686C
:103F4000DB0810B403F4E053054C036123685DF80B
:103F5000044B03F00F030B60704700BF00380240B2
:103F6000003C02402DE9F04180460F4616461D46B2
:103F7000D8F8003001E06A1C0CD19C6837EA0402D2
:103F80000CBF4FF0010C4FF0000C6645F3D1002040
:103F9000BDE8F0813DB1FCF7D1FC069BC01AA842F8
:103FA000E6D3D8F800305A68D8F8041022F0E002BE
:103FB000B1F5827F5A6016D0D8F82820B2F5005F9C
:103FC00007D00122002388F8512088F850300320C0
:103FD000DEE71A684DF6FF710A401A601A6842F46B
:103FE00000521A60EDE7D8F80820B2F5004F02D071
:103FF000B2F5806FE0D11A6822F040021A60DBE768
:1040000000283BD038B590F8512000230446836245
:1040100002F0FF0162B31846D4E90131E268256875
:104020000B431343D4E904120B431343E269022107
:1040300084F851101343226A29681343A26921F0BE
:104040004001296002F4007C616A120C43EA0C030F
:1040500002F0040203430A432B606A60EB6900200C
:1040600023F400630122EB61606584F8512038BDC0
:1040700080F85010FBF7AAFDA06ACDE70120704739
:1040800090B10268022310B580F85130136823F014
:10409000400304461360FBF71FFE0020606584F8B0
:1040A000500084F8510010BD0120704790F8503046
:1040B000012B4ED010B590F851300446012B4FF033
:1040C000010084F85000D8B23ED100293DD0002A2A
:1040D0003BD00023A068A2864FF0030C84F851C0A7
:1040E0006365E2862268E387B0F5004FC4E91033C8
:1040F000A363A38708BF1368A06C216304BF43F4C4
:1041000080431360144B0364144BC363144BC364A8
:1041100000230365E38E0C329BB2FDF781FC23681C
:104120001A68520603D41A6842F040021A605A68AC
:1041300042F020025A605A6842F002025A6000239C
:1041400084F85030002010BD0220002384F8503045
:1041500010BD0220704700BF2D43010881430108B4
:104160005D43010870B5044690F85000012867D0FF
:10417000012084F8500094F8510001285FFA80FC77
:104180000ED06068B0F5827F04D00220002384F84E
:10419000503070BDA0680028F7D1BCF1040FF4D1F5
:1041A00000294BD0002A49D0002B47D094F8510069
:1041B0002163012804BF052084F8510000206065B8
:1041C000E386E38794F85110A3860429A387C4E902
:1041D000100007BF1B491C4B1C491D4BE06CA26320
:1041E000C0E90F31E38F21681A4EC66400259BB2E7
:1041F0000C310565FDF714FC2268A06C5368216B37
:1042000043F001035360E38E0C329BB2C0E90F55BB
:10421000C0E91355FDF704FC23681A68520603D45D
:104220001A6842F040021A605A6842F020025A604E
:104230005A6842F0020200205A60A7E70120A5E771
:10424000022070BD3D430108FD4301084D430108B4
:104250004D4401085D43010870B5856804460E466B
:104260001DB94368B3F5827F4DD094F85030012BCF
:1042700052D0012384F8503094F85130012BD8B239
:104280003CD1002E3BD0002A39D0042384F8513091
:104290002168E06CA28700236365B5F5004FE287D3
:1042A000E386C4E91033A38608BF0B68A66304BF86
:1042B00023F480430B60194B0364194BC363194B00
:1042C000C36400230365E38F32469BB20C31FDF7D4
:1042D000A7FB23681A68520603D41A6842F040020A
:1042E0001A605A6842F020025A605A6842F001028D
:1042F0005A60002384F85030002070BD0220002353
:1043000084F8503070BD042580F851501346BDE844
:1043100070400A46FFF726BF022070BD3D430108EA
:10432000FD4301085D430108704700BF08B5806B7D
:10433000FFF7FAFF08BD00BF704700BF08B5806BEC
:10434000FFF7FAFF08BD00BF704700BF08B5806BDC
:10435000FFF7FAFF08BD00BF704700BF806B02681F
:1043600008B5536823F003035360436D012143F004
:104370001003436580F85110FFF7EEFF08BD00BF42
:1043800030B5054685B0846BFCF7D8FA2B681A68FF
:1043900012F480721BD121684B6823F002034B603A
:1043A0000090642380212046FFF7DCFDA0B9A368BC
:1043B00033B922680393D368039393680393039BF1
:1043C00001230022E28684F85130636D83B92046D0
:1043D000FAF75AF905B030BD636D43F02003636509
:1043E000636D43F020036365A368002BE8D1E0E729
:1043F0002046FFF7B1FF05B030BD00BF08B5036828
:10440000806B1B68DB050FD4D0E900215368B1F540
:10441000827F23F00303536009D001230022C28767
:1044200080F85130436D73B9FAF73AF908BD8368E3
:10443000B3F5004F02D0B3F5806FEED1136823F0CF
:1044400040031360E9E7FFF787FF08BD30B5054675
:1044500083B0846BFCF772FA2B681A6812F48072CE
:1044600013D10090642380212046FFF77BFD88B99B
:1044700021684B68002223F0030301204B60E28691
:10448000E28784F85100636D6BB92046FAF714F99E
:1044900003B030BD636D43F020036365636D43F08B
:1044A00020036365E4E72046FFF756FF03B030BD05
:1044B000026810B55168936803F0410CBCF1010F1C
:1044C00084B004465AD0980701D508065ED413F488
:1044D000B07F51D088064FD558060ED594F85100BC
:1044E000032842D0606D40F0040060650020009019
:1044F000D068009090680090009898060CD5606D88
:1045000040F0010060650020029090680290106801
:1045100020F0400010600298D80508D5636D002097
:1045200043F008036365039093680393039B636DF3
:1045300013B3536823F0E003536001208B0784F822
:10454000510029D05368E06C23F00303536018B185
:10455000134B0365FDF7F0FAA06C68B1104B0365CF
:1045600004B0BDE81040FDF7E7BA00230193D3681B
:10457000019393680193019B04B010BD11F0400FAB
:10458000A1D0036C04B0BDE810401847636C20460E
:1045900004B0BDE8104018472046FFF7DDFEEBE70A
:1045A000A545010808B5806B0023C387C386FFF7C4
:1045B000D3FE08BD036A23F001030362036A70B4EB
:1045C000446882690D6822F073022A438D6823F0E3
:1045D00002032B430E4DA8420AD005F58065A84280
:1045E00006D049684460826170BC416303627047D1
:1045F000CD6823F008032B43D1E9056524F440740A
:1046000046EA050C23F004034CEA0404E9E700BF82
:1046100000000140036A23F480730362036A70B4EC
:104620004468C2690D6822F073022A438D6823F43E
:10463000007343EA05230F4DA8420AD005F58065B3
:10464000A84206D049684460C26170BCC16303627D
:104650007047CD6823F4006343EA0523D1E905657B
:1046600024F4405446EA050C23F4806344EA0C1415
:10467000E8E700BF00000140036A23F480530362AF
:10468000036A30B44468C2690D6822F4E64242EA23
:1046900005228D6823F4005343EA0533094DA842EF
:1046A0000AD005F58065A84206D049684460C26119
:1046B00030BC0164036270474D6924F4804444EACD
:1046C0008514F2E700000140034600201B68DA6809
:1046D00042F00102DA601A6842F001021A60704783
:1046E000704700BF03680122186A02FA01F120EA4C
:1046F00001001862186A0A4A01439342196209D0FC
:1047000002F58062934205D01A6842F0010200204F
:104710001A6070475A6C42F400425A64F4E700BFD2
:10472000000001400C2908D8DFE801F02A0707073C
:10473000240707071E07070718000368186A0122E5
:1047400002FA01F120EA010018621A6A11431962A3
:104750001A6842F0010200201A6070470368DA68A4
:1047600042F01002DA60E9E70368DA6842F0080212
:10477000DA60E3E70368DA6842F00402DA60DDE752
:104780000368DA6842F00202DA60D7E7C1B10429AF
:1047900020D003681A6A22F001021A621A6A42F0F3
:1047A00001021A621A6A22F010021A621A6A42F0B0
:1047B00010021A621A6842F0010200201A60704763
:1047C00003681A6A22F001021A621A6A42F00102B0
:1047D0001A62EFE70368E5E790F83830012B00F044
:1047E000988030B402680124022380F8384080F8B1
:1047F000393094680B6824F47F4424F07704502BFC
:10480000946000F0888027D8202B00F09C803AD953
:10481000302B70D0402B16D14C68CD68116A21F036
:104820000A012143146A24F001041462936923F0FD
:10483000F00343EA051393611162936823F0700358
:1048400043F0470393600023012280F8392080F869
:10485000383030BC18467047B3F5805F7AD01DD928
:10486000B3F5005FEFD1D1E9015394682B43CD68D4
:1048700024F47F4143EA05230B439360936843F498
:1048800080439360DFE7002B3CD0102BDBD1936893
:1048900023F0700343F017039360D4E7602B11D02B
:1048A000702BD0D1D1E9015394682B43CD6824F407
:1048B0007F4143EA05230B439360936843F07703FA
:1048C0009360C0E7146ACB684D6824F0100414624A
:1048D000916921F4704141EA0331136A916123F037
:1048E000A00343EA05131362936823F0700343F0B7
:1048F00067039360A7E7936823F0700343F03703DF
:104900009360A0E7936823F0700343F0070393607C
:1049100099E7022070474C68CD68116A21F00A01BE
:104920002143146A24F001041462936923F0F00314
:1049300043EA051393611162936823F0700343F017
:10494000570393607FE7936823F0700343F02703D6
:10495000936078E7936823F00703936073E700BFE1
:10496000704700BF704700BF704700BF704700BF6F
:1049700003681A69910710B5044602D5DA689207F0
:104980005FD41A69500702D5DA68510746D41A690C
:10499000120702D5DA6810072ED41A69D20602D59A
:1049A000DA68D00618D41A69D10702D5DA68D207B6
:1049B0005DD41A69100602D5DA6811065FD41A6947
:1049C000520602D5DA68500661D41A69910602D5FA
:1049D000DA68920643D410BD6FF010010822196105
:1049E0002276DB6913F4407F204664D0FFF7BAFFDC
:1049F000002223682276D6E76FF0080104221961AD
:104A00002276DB699907204652D1FFF7A9FF20469D
:104A1000FFF7AAFF002223682276BEE76FF00401A9
:104A20000222196122769B6913F4407F20463CD113
:104A3000FFF796FF2046FFF797FF002223682276B4
:104A4000A5E76FF002010122196102769B699B07BD
:104A500025D0FFF787FF00222368227691E76FF0C9
:104A6000200220461A61BDE8104000F049BB6FF0FB
:104A700001021A612046FAF7EDFE236899E76FF00C
:104A800080021A61204600F03DFB236897E76FF033
:104A900040021A612046FFF769FF236895E7FFF798
:104AA0005FFF2046FFF760FFD5E7FFF75BFFC4E736
:104AB000FFF758FFAEE7FFF753FF2046FFF754FF1D
:104AC00096E700BF2E4A0368904230B444D0B0F15C
:104AD000804F30D0A2F57C4290422CD002F580620B
:104AE000904228D002F58062904224D002F57842AC
:104AF000904231D002F57052904220D002F580628F
:104B000090421CD002F58062904218D0A2F59832F3
:104B1000904214D002F58062904210D002F580627B
:104B200090420CD08C680A6803600123C4628262E0
:104B300030BC436170474A6823F070031343CD686B
:104B40008C680A6823F440732B4303600123C4621A
:104B5000826230BC436170474C68CA6823F07003BE
:104B6000234323F44073134303608B68C3620B68D1
:104B700083620B690363012330BC4361704700BF4C
:104B800000000140C0B110B590F83930044603F080
:104B9000FF0263B12146022384F8393051F8040B37
:104BA000FFF790FF012384F83930002010BD80F812
:104BB0003820FAF721FBEDE701207047C0B110B5AE
:104BC00090F83930044603F0FF0263B12146022316
:104BD00084F8393051F8040BFFF774FF012384F88F
:104BE0003930002010BD80F83820FFF779FDEDE75F
:104BF00001207047C0B110B590F83930044603F079
:104C0000FF0263B12146022384F8393051F8040BC6
:104C1000FFF758FF012384F83930002010BD80F8D9
:104C20003820FAF715FBEDE701207047C0B110B549
:104C300090F83930044603F0FF0263B121460223A5
:104C400084F8393051F8040BFFF73CFF012384F856
:104C50003930002010BD80F83820FAF751FBEDE71D
:104C600001207047002847D070B590F839300C46C5
:104C7000054603F0FF02002B39D02946022385F8B0
:104C8000393051F8040B836823F007038360FFF782
:104C900019FF2968A66888688A69A36922F44072A6
:104CA00022F0030246EA0323134323F47C422369E0
:104CB000E6691B0143EA0623E66833430E6A26F0E1
:104CC000AA0C266A22F0FC0243EA06331343666903
:104CD0006268246842EA0612204342EA0C02012478
:104CE00088608B610A6285F83940002070BD80F8C9
:104CF0003820FAF7D9FAC0E70120704770B4046A87
:104D000024F0010404621C4C8569066AA0421FD08D
:104D1000B0F1804F1CD0A4F57C44A04218D004F51B
:104D20008064A04214D004F58064A04210D004F541
:104D30007844A0420CD004F57054A04208D0A4F5E9
:104D40009434A04204D025F0030242F0010203E0B3
:104D500025F0030C4CEA02021B0126F00A0C22F09B
:104D6000F002DBB201F00A01134341EA0C01836156
:104D700070BC0162704700BF00000140F8B590F8B8
:104D80003830012B00F08C800D46022301210446AF
:104D900080F8381080F8393072B3042A0368286824
:104DA0003AD0082A5BD01E6A6F68EA68AD6826F4BC
:104DB00080561E62D96921F44071120341EA07212D
:104DC00021F4704192B20A43196ADA61000300F4D7
:104DD000204021F4204101431962D96921F4406146
:104DE000D961DA6942EA0522DA610020012384F8F8
:104DF000393084F83800F8BDD5E90012EB68006856
:104E0000FFF77CFF2368A868996921F00C0199617C
:104E10009A6902439A61E8E71E6A6F68EA68AD68BA
:104E200026F010061E62996921F44071120341EACE
:104E3000072121F4704192B20A43196A9A61000174
:104E400000F0A00021F0A00101431962996921F44A
:104E5000406199619A6942EA05229A61C5E71E6A32
:104E60006968EA68AD6826F480761E62DE6926F01D
:104E700003061201314321F0F001D2B20A43196A4C
:104E8000DA61000200F4206021F42061014319621C
:104E9000D96921F00C01D961DA692A43DA61A4E702
:104EA0000220F8BD036A23F010030362036A70B4A2
:104EB000446882690D6822F4E64242EA05228D6860
:104EC00023F0200343EA05130E4DA8420AD005F54E
:104ED0008065A84206D049684460826170BC8163E5
:104EE00003627047CD6823F0800343EA0513D1E9DC
:104EF000056524F4406446EA050C23F0400344EAC7
:104F00008C04E8E70000014090F83830012B28D0ED
:104F100010B504460223012084F8380084F83930A3
:104F20000C2A0BD8DFE802F0070A0A0A150A0A0A57
:104F3000190A0A0A11002068FFF73CFB0020012330
:104F400084F8393084F8380010BD2068FFF794FBEE
:104F5000F4E72068FFF7A6FFF0E72068FFF75AFBA9
:104F6000ECE70220704700BF38B590F83830012BCD
:104F700074D00D4602230121044680F8381080F8D1
:104F800039300C2A19D8DFE802F007181818381839
:104F90001818511818181F0000682946FFF70AFB57
:104FA00023682869996941F008019961996921F09C
:104FB000040199619A6902439A610020012384F8EF
:104FC000393084F8380038BD00682946FFF754FBB3
:104FD00023682869D96941F40061D961D96921F44C
:104FE0008061D961DA6942EA0022DA610020012396
:104FF00084F8393084F83800E5E700682946FFF77F
:1050000051FF23682869996941F4006199619969A0
:1050100021F4806199619A6942EA00229A61002034
:10502000012384F8393084F83800CCE70068294639
:10503000FFF7F0FA23682869D96941F00801D961BE
:10504000D96921F00401D961DA690243DA610020EB
:10505000012384F8393084F83800B4E7022038BDE1
:1050600090F83830012B1FD002460368022070B43C
:1050700082F839005C680E684D6824F070045C604A
:10508000586830435860986820F0800098609968AC
:10509000002429434FF0010C996082F839C082F84E
:1050A0003840204670BC70470220704790F8383076
:1050B000012B23D010B4D1E9024323F440730246FC
:1050C000234348680C6823F48063034323F400639C
:1050D0000869234323F48053034348698C6923F40C
:1050E0000053034323F440431068002123434364E7
:1050F00082F8381008465DF8044B7047022070476C
:10510000704700BF704700BF026811692DE9F8437E
:105110000446C068A368256921F440510143116128
:10512000D168E0692B43656921F416412B4321F0D6
:105130000C0103430B43D3605369A16923F440730B
:105140000B43B0F5004F53619D4B00F09C809A4299
:105150005AD003F580639A4256D0FEF7C1FEDFF8BD
:105160006482636800EB800000EB80009B00B0FB72
:10517000F3F3A8FB03235B091F01FEF7B1FE65688B
:1051800000EB800000EB8000AD00B0FBF5F5FEF712
:10519000A7FE636800EB80009B0000EB8000B0FB83
:1051A000F3F0A8FB003040094FF0640909FB1053ED
:1051B0001B013233A8FB03235B0903F0F006FEF763
:1051C0008FFE656800EB800303EB8303AD00B3FB48
:1051D000F5F5FEF785FED4E9002300EB800000EB37
:1051E00080009B00B0FBF3F3A8FB03135B0909FBF2
:1051F00013531B013233A8FB0313C3F3431333438D
:105200003B449360BDE8F883FEF77AFEDFF8B48193
:10521000636800EB800000EB80009B00B0FBF3F3C1
:10522000A8FB03235B091F01FEF76AFE656800EB1C
:10523000800000EB8000AD00B0FBF5F5FEF760FEEE
:10524000636800EB80009B0000EB8000B0FBF3F094
:10525000A8FB003040094FF0640909FB10531B0103
:105260003233A8FB03235B0903F0F006FEF748FE88
:10527000656800EB800000EB8000AD00B0FBF5F549
:10528000FEF73EFEA7E79A425AD003F580639A42A2
:1052900056D0FEF725FEDFF82C81636800EB800016
:1052A00000EB80005B00B0FBF3F3A8FB03235B097A
:1052B0001F01FEF715FE656800EB800000EB800023
:1052C0006D00B0FBF5F5FEF70BFE636800EB8000A8
:1052D00000EB80005B00B0FBF3F3A8FB03235B094A
:1052E0004FF0640909FB1353DB003233A8FB03239F
:1052F0001B0903F4F876FEF7F3FD656800EB800305
:1053000003EB83036D00B3FBF5F5FEF7E9FDD4E98C
:10531000002300EB800000EB80005B00B0FBF3F3A8
:10532000A8FB03135B0909FB1353DB003233A8FB13
:105330000313C3F342133B4433449360BDE8F88343
:10534000FEF7DEFDDFF87C80636800EB800000EB99
:1053500080005B00B0FBF3F3A8FB03235B091F0194
:10536000FEF7CEFD656800EB800000EB80006D006D
:10537000B0FBF5F5FEF7C4FD636800EB800000EBC1
:1053800080005B00B0FBF3F3A8FB03234FF064093C
:105390005B0909FB1353DB003233A8FB03231B0912
:1053A00003F4F876FEF7ACFD636800EB80005B0069
:1053B00000EB8000B0FBF3F5FEF7A2FDA7E700BF0E
:1053C000001001401F85EB5160B338B590F83930BB
:1053D000044603F0FF0203B32268242384F8393023
:1053E000D36823F400532046D360FFF78DFE236873
:1053F0001A6922F490421A615A6922F02A025A610B
:10540000DA680025202142F40052DA60E56384F86E
:10541000391084F83A10284638BD80F83820FAF759
:10542000B5FCD9E701207047F8B5044690F839007B
:1054300020282DD151B34AB394F83800012827D041
:105440000120E28484F83800A284206BDFF84CC08D
:10545000104F114E21621346226800254FF0210E95
:10546000E563043284F839E0C0E90FC7C0E9136589
:10547000FCF7D6FA23686FF040021A6084F83850BF
:105480005A6942F0800228465A61F8BD0120F8BDF1
:105490000220F8BDA555010881560108755501087F
:1054A00090F83A30202B3CD1002938D0002A36D051
:1054B00070B590F83830012B82B0044633D0012308
:1054C000002580F838302223C563816280F83A30A5
:1054D0008285406B154E056513460A462168C663F2
:1054E000134E0664134EC6640431FCF799FA236820
:1054F00001951A6801925A68019284F83850019A0D
:10550000DA6842F48072DA605A6942F001025A6144
:105510005A69284642F040025A6102B070BD01202B
:10552000704702207047022002B070BDB5550108D7
:1055300071560108815601080368DA6822F49072F6
:1055400010B5DA605A6922F001025A615A695206AE
:10555000044609D55A69406B22F040025A6118B1DD
:1055600000230365FCF7A0FA00202023E08584F8DF
:105570003A3010BD08B50368806B1B6813F4807364
:105580000AD10268C384536923F080035361D3684E
:1055900043F04003D36008BD22F0E6FA08BD00BF27
:1055A000704700BF08B5806BFFF7FAFF08BD00BF6A
:1055B000704700BF08B50368806B1B6813F48073E5
:1055C00010D10268C385D36823F48073D360536914
:1055D00023F0010353615369202123F040035361F9
:1055E00080F83A10FFF7E4FF08BD00BF08B590F857
:1055F0003A30222B1ED18368B3F5805F1BD003693C
:1056000023BB836A0268591C526881621A70C38D79
:10561000013B9BB2C3856BB90368DA6822F49072D0
:10562000DA605A69202122F001025A6180F83A10AA
:10563000FFF7BEFF08BD0269836A82B9026852683B
:10564000C2F3080223F8022B8362E0E70368826A50
:105650005B68511C03F07F0381621370D7E7026817
:105660005268D2B223F8012B8362D0E7704700BFA3
:1056700008B5806BFFF7FAFF08BD00BF704700BF99
:1056800008B5806B0368596990F83920212A0BD03E
:10569000596990F83A20222A16D0C36B43F01003C0
:1056A000C363FFF7EBFF08BD0906F1D50022C284F2
:1056B000DA68202122F0C002DA6080F839105969D6
:1056C00090F83A20222AE8D14A06E6D50022C2857F
:1056D000DA6822F49072DA605A69202122F001021D
:1056E0005A6180F83A10D8E703681A6870B516074F
:1056F000DD68596904460CD1960601D5A9066BD41C
:10570000100601D5290640D4560601D5680658D49E
:1057100070BD01F0010105F490700843F0D0D60788
:1057200005D5E80503D5E06B40F00100E0635607BE
:1057300020D559B1E16B900741F00201E16376D5C4
:10574000E16B41F00401E163110719D4E16B002919
:10575000DED0920601D5AE066CD45A69E56B02F034
:10576000400205F0080515433AD12046FFF786FFB1
:10577000E56370BD960753D41007E7D50029E5D03F
:10578000E16B41F00801E163E0E794F83920212A58
:10579000BED1A268B2F5805F226A50D0511C21624E
:1057A00012785A60E28C013A92B2E284002AAFD1B8
:1057B000DA6822F08002DA60DA6842F04002DA60E9
:1057C00070BDDA68202122F04002DA60204684F8B9
:1057D000391022F0C9F970BDBDE87040FFF706BF6F
:1057E000DA6822F49072DA605A69202122F001020C
:1057F0005A6184F83A105A69550614D55A69606B93
:1058000022F040025A6170B1134B0365FCF794F922
:1058100000283FF47DAF606BBDE87040036D184712
:1058200000298DD192E72046FFF728FF70BD1107B0
:105830008CD5A5E72046FFF7D9FE23688DE71188B0
:105840002069C1F30801596010B902322262A9E748
:1058500001322262A6E700BF5D58010808B5806BDF
:105860000023C385C384FFF709FF08BD84B00DF191
:10587000040C8CE80E00069B012B30D1836B0D9A33
:1058800023F480338363C36823F4840323F0400349
:10589000C360C368012A23F44013C36039D01F4B8F
:1058A00001E0013B0DD00269002AFADA02691B4BC4
:1058B00042F00102026101E0013B02D00269D1071E
:1058C000FAD4049B012B07D1836843F0060383605D
:1058D000836843F020038360002004B07047C268EF
:1058E0000E4B42F04002C26001E0013B0DD0026964
:1058F000002AFADA0269094B42F00102026101E072
:10590000013B02D00269D207FAD44FF4803383639B
:10591000D7E7C36843F48013C360C0E7400D0300BA
:10592000034600209A6842F001029A60704700BF67
:10593000034600209A6822F001029A60704700BF77
:1059400008B5C368012923F0C043C36009D019B961
:10595000C36843F08043C3603220FAF7F5FF0020AC
:1059600008BDC36843F00053C3603220FAF7ECFF70
:10597000002008BD84B02DE9704307AC84E80E0018
:10598000119C0A9D836B002C40F08D8043F4001322
:1059900083630023C0F8003E0C9BD0F80028C0F8B9
:1059A0000028012B00F5006C00F09480D0F800383E
:1059B00043F00303C0F800384FF4846303614C4B99
:1059C00001E0013B02D002699606FAD4102303617C
:1059D000474B01E0013B02D00269D206FAD4002213
:1059E0004FF0FF33CCF81020CCF81420CCF818304E
:1059F000CCF81C2071B300F5106396464FF0904927
:105A00004FF0FF081E680132002EB4BFC3F80090AB
:105A1000C3F800E08A42C3F810E0C3F8088003F13D
:105A20002003EFD1002200F5306396464FF09049F5
:105A30004FF0FF081E680132002EB4BFC3F800907B
:105A4000C3F800E08A42C3F810E0C3F8088003F10D
:105A50002003EFD1DCF81030012D23F48073CCF853
:105A6000103024D000226FF08043826143611DB961
:105A7000836943F01003836181691E4B0D9A0B43C8
:105A800083611AB1836943F008038361012C05D156
:105A9000836943F0804343F004038361BDE87043AE
:105AA000002004B0704743F40023836371E7124B76
:105AB000CCF83030DCF8303043F4803343F003036B
:105AC000CCF8303000226FF08043DCF83010826177
:105AD0004361D1E7099B23B9D0F80038C0F80038FA
:105AE0006AE7D0F8003843F00103C0F8003863E7F4
:105AF000400D030000383C8000018000890141F026
:105B00002001064A016101E0013A05D0036913F062
:105B10002003F9D11846704703207047400D030059
:105B200000F50062D0F8080810F0060012D0936863
:105B300003F00603022B0CD0936803F00603062B38
:105B400007D0936803F00603042B14BF0020022043
:105B500070470320704700BF30B44B78012B21D031
:105B600091F800C0D0F81C484FF4803303FA0CF3CE
:105B700000F53062234302EB4C12C0F81C38136866
:105B80001B040CD48B681068C978C3F30A03034361
:105B900043EA814343F0805343F400431360002001
:105BA00030BC70470C78D0F81C58A34000F5106248
:105BB0009BB22B4302EB4412C0F81C381368180444
:105BC000EDD48B681068C978C3F30A03034343EA32
:105BD000814343EA845343F0805343F4004300205D
:105BE00030BC1360704700BF30B44B78012B2BD012
:105BF00091F800C000F5306101EB4C114FF00062EC
:105C00000B684FF0804423F400430B600A60264A7F
:105C10000C6001E0013A44D08B6813F01003F9D115
:105C2000D0F8041841F48061C0F80418D0F81C18AA
:105C30004FF4803202FA0CF221EA020130BC00F586
:105C400000621846D16170470C7800F5106101EBD5
:105C500044114FF000630A684FF0804522F400427F
:105C60000A600B60104B0D6001E0013B19D08A689F
:105C70005500FAD44FF484620B4B026101E0013B02
:105C800002D002699206FAD40123D0F81C28A3405E
:105C90009BB222EA030330BC00F500620020D3610E
:105CA0007047032030BC7047400D03002DE970435E
:105CB0004C78012C47D00C7800F5306303EB44138B
:105CC0004C691D69ED0CED041D611D6925F0FF5542
:105CD00025F4C0151D615CB38E68614D3444013CF0
:105CE000B4FBF6F405EAC445A4B206FB04F41E694D
:105CF00035431D611D69C4F312042C431C61012A44
:105D000004BFCA685A61CA78012A0AD1D0F80828A3
:105D100012F4807F1A680CBF42F0005242F08052A9
:105D20001A601A6842F004421A600020BDE87083CD
:105D30008C681D69C4F312042C431C611C6944F473
:105D400000241C61DBE70E784D6900F5106303EB5E
:105D50004613BDB3D3F810C0D1F808904FEADC4C1D
:105D60004FEACC4CC3F810C0D3F810E0DFF8F0C015
:105D70002EF0FF5E2EF4C01EC3F810E0D3F81080A2
:105D800005EB090E0EF1FF3EBEFBF9FE0CEACE4C10
:105D90004CEA080CC3F810C0D3F810E0C5F3120C9D
:105DA0004CEA0E0CC3F810C091F803C0BCF1010F0F
:105DB00046D0012A51D0D0F83428B4401443C0F85A
:105DC0003448AEE71C6924F0FF5424F4C0141C616D
:105DD0001C6944F400241C611C69E40CE4041C618B
:105DE000012A91F803C024D0BCF1010F99D1D0F859
:105DF000084814F4807F1C680CBF44F0005444F041
:105E000080541C601C6844F004441C60002A8CD13F
:105E1000ADB20335AD0888D0CB6800F5805000EBFB
:105E2000063603EB850153F8042B32609942FAD110
:105E30007BE70C695C61BCF1010F7FF472AFD6E7C0
:105E40001C6924F0C0441C611C69012A44F0005400
:105E50001C61CCD10C695C61C9E70A695A6160E7D1
:105E60000000F81F4B78012B70B427D00B784C69D9
:105E700000F5306000EB43100369DB0CDB040361C9
:105E8000036923F0FF5323F4C01303618B689CB9AB
:105E9000046944F4002404610469C3F31203234336
:105EA000012A036104BFCB684361036843F00443E4
:105EB0000360002070BC70474B61E9E791F800C0B7
:105EC0004C6900F5106303EB4C136CB31D698E68CD
:105ED000ED0CED041D611D6925F0FF5525F4C0157D
:105EE0001D611D69B44245F4002588BF4E611D61E6
:105EF0001D6988BF3446C4F312042C431C611C681E
:105F0000012A44F004441C6022D04B69002BD0D0FD
:105F1000D0F83428012303FA0CFC4CEA0202C0F842
:105F2000342870BC002070471C6924F0FF5424F40E
:105F3000C0141C611C6944F400241C611C69E40C3D
:105F4000E4041C611C68012A44F004441C60DCD198
:105F50000A695A61002070BC704700BF10B49DF8F8
:105F600004406CB903339B080AD000F5805000EB65
:105F7000023201EB830351F8040B10608B42FAD11B
:105F800000205DF8044B7047033292080AD000F5F8
:105F9000805C01EB8200DCF8003041F8043B884271
:105FA000F9D17047084670474B78012B0B7810D019
:105FB00000F5306000EB43100368002B03DB03683F
:105FC00023F080430360036843F400130360002060
:105FD000704700F5106000EB43100368002BEEDA09
:105FE000F1E700BF4B78012B0B780CBF00F5106078
:105FF00000F5306000EB4310036823F400130360E6
:10600000CB78023B012B03D8036843F08053036035
:1060100000207047D0F8003823F4FE63C0F8003841
:10602000D0F80038090101F4FE611943C0F80018E6
:106030000020704708B503460320D3F8042822F057
:106040000202C3F80428FAF77FFC002008BD00BF55
:1060500008B503460320D3F8042842F00202C3F82F
:106060000428FAF771FC002008BD00BF426980696E
:1060700010407047D0F8183800F50060C06918402B
:10608000000C7047D0F8183800F50060C06918405F
:1060900080B2704700F5306303EB411100F50060FA
:1060A0008A6840691040704710B4D0F81048D0F8A2
:1060B000343800EB4110CB40DB01D0F80809DBB2EB
:1060C000234318405DF8044B704700BF406900F05F
:1060D00001007047D0F8003923F4FF6323F0070371
:1060E00000F50062C0F80039936803F00603042B42
:1060F00005D1D0F8003943F00303C0F800395368E4
:1061000043F4807300205360704700BF10B4002434
:10611000C0F8104BD0F8104B44F40024C0F8104BDA
:10612000D0F8104B44F01804C0F8104BD0F8104BC6
:10613000012944F0C044C0F8104B05D14FF0802134
:10614000C0F8142BC0F8001B00205DF8044B70470A
:1061500000F108034FF0FF310022C0E90131C0E92E
:1061600003330260704700BF00230361704700BF24
:1061700043689A688A60026810B49C684B60013278
:10618000616099605DF8044B08610260704700BF70
:1061900030B40D686B1C10D000F108031C465B681E
:1061A0001A68AA42FAD902684B60013299608C6081
:1061B0006160086130BC0260704704696368F2E79F
:1061C000036910B4D0E901125C688A6084425160AE
:1061D00008BF5A601A685DF8044B0021013A01615A
:1061E0001A601868704700BF70B50446006CA66B53
:1061F00020B925684DB30136A66370BD1546024629
:106200007DB96068EAF7C6FB6368226C1344A26834
:106210006360934224BF2368636001362846A66307
:1062200070BDE068EAF7B6FB226CE36851429B1A46
:106230002268E360934202D2A3680B44E360022D1C
:1062400008D001360020A66370BDA06801F0AEF949
:10625000A560D0E7012E38BF01260020CCE700BFA3
:1062600070B50546F7F74EFC95F845305CB2002C4A
:1062700014DD05F1240603E0631EDAB25CB26AB1F4
:106280006B6A304653B101F06DF80028F4D001F08C
:1062900005F9631EDAB25CB2002AF1D1FF2385F85A
:1062A0004530F7F751FCF7F72DFC95F844305CB218
:1062B000002C14DD05F1100603E0631EDAB25CB2B7
:1062C0006AB12B69304653B101F04CF80028F4D084
:1062D00001F0E4F8631EDAB25CB2002AF1D1FF23C8
:1062E00085F84430BDE87040F7F72EBC38B5E0B112
:1062F00004460D46F7F706FCD4E90F2321686160D8
:1063000003FB02F2D31A0A44A2600022A2630B44E8
:10631000FF2284F84420E36084F8452075B923699E
:10632000C3B9F7F711FC012038BD4FF0500383F3D8
:106330001188BFF36F8FBFF34F8FFEE704F110009A
:10634000FFF706FF04F12400FFF702FFF7F7FCFB5D
:10635000012038BD04F1100001F004F80028E0D05D
:106360004FF0E0234FF08052C3F8042DBFF34F8F5E
:10637000BFF36F8FD5E700BF40B94FF0500383F3F1
:106380001188BFF36F8FBFF34F8FFEE770B50E46D6
:10639000044669B9482001F0D9FC054698B12D6042
:1063A000C5E90F4601212846FFF7A0FF284670BD2A
:1063B00001FB00F0483001F0C9FC054618B100F1BE
:1063C00048030360ECE70025284670BD2DE9F04343
:1063D00085B00192002875D088461E4604460029E3
:1063E00064D0022E0BD1E36B012B08D04FF0500389
:1063F00083F31188BFF36F8FBFF34F8FFEE701F078
:106400006DF80546002866D000254FF0000907E02A
:10641000F7F79AFB2046FFF723FF00F03BFF01252B
:10642000F7F770FBA26BE36B9A4264D3022E62D043
:10643000019F002F77D0002D59D0F7F785FB00F092
:10644000DBFDF7F75FFB94F84430FF2B08BF84F8BF
:10645000449094F84530FF2B08BF84F84590F7F737
:1064600073FB01A902A800F0D1FF00285FD1F7F764
:1064700049FBA26BE36B9A42CAD1F7F765FB01991E
:1064800004F1100000F054FF2046FFF7E9FE00F091
:1064900001FF0028C3D14FF0E0234FF08052C3F832
:1064A000042DBFF34F8FBFF36F8FB8E7036C002B42
:1064B00097D04FF0500383F31188BFF36F8FBFF372
:1064C0004F8FFEE74FF0500383F31188BFF36F8FB8
:1064D000BFF34F8FFEE7019B002B96D04FF0500388
:1064E00083F31188BFF36F8FBFF34F8FFEE702A8CE
:1064F00000F080FFA1E7324641462046FFF774FED8
:10650000636ADBB948B14FF0E0234FF08052C3F823
:10651000042DBFF34F8FBFF36F8FF7F715FB0120EB
:1065200005B0BDE8F083F7F70FFB3846F8E72046E3
:10653000FFF796FE00F0AEFE0020F1E704F1240024
:1065400000F010FF0028E8D0DDE700BF00284AD0A7
:106550002DE9F0410E4617461D46044621B3022D93
:106560000BD1E36B012B08D04FF0500383F311885C
:10657000BFF36F8FBFF34F8FFEE7F7F7DFFBEFF34C
:1065800011884FF0500383F31188BFF36F8FBFF36F
:106590004F8FA26BE36B9A4212D3022D10D00020D2
:1065A00088F31188BDE8F081036C002BD7D04FF041
:1065B000500383F31188BFF36F8FBFF34F8FFEE754
:1065C0002A4694F8455031466DB22046FFF70CFE3E
:1065D0006B1C11D06B1C5BB284F84530012088F332
:1065E0001188BDE8F0814FF0500383F31188BFF3A9
:1065F0006F8FBFF34F8FFEE7636A002BEED004F17D
:10660000240000F0AFFE0028E8D0002FE6D00120E3
:106610003860C5E770B3036C70B5064643B14FF000
:10662000500383F31188BFF36F8FBFF34F8FFEE7E3
:1066300003680C463BB3F7F781FBEFF311854FF08E
:10664000500383F31188BFF36F8FBFF34F8FB36B8A
:10665000F26B9A4223D996F845200133FF2AB3639F
:1066600053B220D001335BB286F84530012085F368
:10667000118870BD4FF0500383F31188BFF36F8F03
:10668000BFF34F8FFEE78368002BD4D04FF0500349
:1066900083F31188BFF36F8FBFF34F8FFEE70020A6
:1066A00085F3118870BD736A002BDFD006F12400DA
:1066B00000F058FE0028D9D0002CD7D0012020604F
:1066C000EEE700BF2DE9F04385B00192002800F00D
:1066D000A0800D460446002947D000F0FFFE0028A8
:1066E0004FD0F7F70FFAA66B002E67D1019B002B56
:1066F00035D002A800F07EFE374604F124084FF0A2
:10670000E029F7F721FA00F077FCF7F7FBF994F8A6
:106710004430FF2B08BF84F8447094F84530FF2BB9
:1067200008BF84F84570F7F70FFA01A902A800F036
:106730006DFE002831D1F7F7E5F9A36B002B52D09D
:10674000F7F702FA2046FFF78BFD00F0A3FDF7F7FD
:10675000D9F9A66B002E31D1019B002BD1D1F7F7CF
:10676000F3F9002005B0BDE8F083036C002BB4D032
:106770004FF0500383F31188BFF36F8FBFF34F8F38
:10678000FEE7019B002BACD04FF0500383F3118840
:10679000BFF36F8FBFF34F8FFEE72046FFF760FD1B
:1067A00000F078FDF7F7AEF9A36B002BD7D0F7F721
:1067B000CBF9F7F7A7F9A66B002ECDD0226C52B11A
:1067C000E168A36811449942E16024BF2168E16057
:1067D0002846EAF7DFF8013EA663236913BBF7F703
:1067E000B3F90120BEE7F7F7AFF90199404600F091
:1067F0009FFD2046FFF734FD00F04CFD0028D8D166
:106800004FF08053C9F8043DBFF34F8FBFF36F8F34
:10681000CFE74FF0500383F31188BFF36F8FBFF3BF
:106820004F8FFEE704F1100000F09CFD0028D6D049
:106830004FF0E0234FF08052C3F8042DBFF34F8F89
:10684000BFF36F8FCBE700BFF0B585B00191002893
:1068500055D0066C044646B14FF0500383F31188BF
:10686000BFF36F8FBFF34F8FFEE700F037FE054693
:1068700000284DD03546F7F745F9A36B00278BBBB1
:10688000019B002B00F09B80002D59D0F7F75CF99D
:1068900000F0B2FBF7F736F994F84430FF2B08BF4D
:1068A00084F8447094F84530FF2B08BF84F8457095
:1068B000F7F74AF901A902A800F0A8FD002833D192
:1068C000F7F720F9A36B002B44D0F7F73DF92046EA
:1068D000FFF7C6FC00F0DEFCF7F714F9A36B012507
:1068E000002BCDD02268013BA363002A00F08580F5
:1068F0002369002B70D1F7F727F9012627E04FF025
:10690000500383F31188BFF36F8FBFF34F8FFEE700
:10691000019B002B39D04FF0500383F31188BFF354
:106920006F8FBFF34F8FFEE72046FFF799FC00F013
:10693000B1FCF7F7E7F8A36B33B1F7F705F9CBE74D
:1069400002A800F057FDA1E7F7F7FEF8FEB93046C0
:1069500005B0F0BDF7F7F8F823683BB3019904F1EF
:10696000240000F0E5FC2046FFF77AFC00F092FCE2
:106970000028B1D14FF0E0234FF08052C3F8042D2E
:10698000BFF34F8FBFF36F8FA6E7064673E7F7F7A6
:10699000B9F8616A19B1236B1968C1F10701A068E0
:1069A00000F060FE0026F7F7CFF8D0E7F7F7AAF877
:1069B000A06800F0A3FD0646F7F7C6F8CEE746B19B
:1069C0004FF0500383F31188BFF36F8FBFF34F8FE6
:1069D000FEE7F7F7B9F8BAE704F1100000F0C2FCDF
:1069E000002888D04FF0E0234FF08052C3F8042DE8
:1069F000BFF34F8FBFF36F8F7DE700F09DFEA06068
:106A000076E700BF2DE9F84310B30E46174604465B
:106A100091B1F7F793F9EFF311894FF0500383F336
:106A20001188BFF36F8FBFF34F8FA56BCDB9284689
:106A300089F31188BDE8F883036C002BE9D04FF08F
:106A4000500383F31188BFF36F8FBFF34F8FFEE7BF
:106A50004FF0500383F31188BFF36F8FBFF34F8F55
:106A6000FEE794F84480226C4FFA88F852B1E1684E
:106A7000A36811449942E16024BF2168E160304677
:106A8000E9F788FF013DB8F1FF3FA56309D008F1A0
:106A900001035BB284F84430012089F31188BDE81A
:106AA000F8832369002BF7D004F1100000F05AFCA2
:106AB0000028F1D0002FEFD001203860B8E700BFE8
:106AC000F8B51B4B1B4E1C6833680546181D0F4656
:106AD000FFF776FB48B933681749DA6A012303FAEE
:106AE00002F20B6823EA02030B606B1C17D03368B9
:106AF00064195C6007D3114B18683168BDE8F84031
:106B00000431FFF745BB0E4B186831680431FFF7BD
:106B10003FFB0C4B1A68A24288BF1C60F8BD002FD7
:106B2000E5D031680848BDE8F8400431FFF720BBE4
:106B30002CA3002008A20020B4A2002010A2002054
:106B40000CA20020E4A2002004A300201A4B10B5E0
:106B500000221A4C1A602268236812681B6B9A4242
:106B600023D9174B1B68B3FA83F3DBB2C3F11F03BE
:106B700003EB8303134A990002EB8303505840B997
:106B80004FF0500383F31188BFF36F8FBFF34F8F24
:106B9000FEE758680831406858600A44904204BFD4
:106BA00040685860C368236010BD20682168343194
:106BB0000AF020F8D5E700BF30A3002008A200208B
:106BC000B4A2002014A2002080B5174D174F184E14
:106BD000DFF860804FF0E02A4FF0805914E0F6F7BC
:106BE00091FFFB68DC68201DFFF7EAFA3368013B80
:106BF00033602B68013B2B60F6F7A6FF206B01F09A
:106C000035F9204601F032F92B68002BE7D1D8F88E
:106C10000030012B05D9CAF8049DBFF34F8FBFF395
:106C20006F8F09F0F9FFEFE7A4A2002018A300205E
:106C3000A0A2002014A200202DE9F84F9600804663
:106C400030460D46994601F081F8002800F0838017
:106C50000746542001F07AF80446002800F08880A6
:106C6000076332463846A521E9F7AAFFD4F830A0D9
:106C7000002D00F0868005F1FF3C04F133030F3551
:106C80001CF8017F03F8017F0FB1AC45F8D1002358
:106C900084F843300A9D062D28BF06254FF0000BCF
:106CA000271DE56265643846C4F848B0043EFFF726
:106CB0005BFA564404F11800C5F10705FFF754FAD2
:106CC000C4F84CB0A56184F850B0246164624A46AF
:106CD000414626F00700F6F7EBFE0B9B206003B160
:106CE0001C60F6F70FFF404A404E136801331360F3
:106CF0003368002B48D0DFF81881D8F8003073B320
:106D0000E06ADFF810913A4D3A4A2B680133394670
:106D10002B601768012505FA00F300EB80003B4368
:106D200009EB80001360FFF723FAF6F70DFFD8F8A0
:106D300000301BB33268E36AD26A9A421ED24FF027
:106D4000E0234FF08052C3F8042DBFF34F8FBFF301
:106D50006F8F284601E04FF0FF30BDE8F88F3368B1
:106D6000E06ADB6ADFF8AC90834298BF3460CAE720
:106D7000384601F07BF84FF0FF30EEE72846BDE8DB
:106D8000F88F84F8345085E734601368012B05D000
:106D9000E06ADFF88090DFF87880B4E7DFF874907D
:106DA0004D4609F18C0828461435FFF7D1F9A8455E
:106DB000F9D1DFF86480104D4046FFF7C9F9284645
:106DC000FFF7C6F90D48FFF7C3F90D48FFF7C0F903
:106DD0000C48FFF7BDF90C4BE06AC3F800800B4B81
:106DE000DFF82C801D608EE7A0A2002008A2002002
:106DF000B0A20020B4A20020CCA20020ECA200206F
:106E000018A3002004A300200CA2002010A2002040
:106E100000A3002014A20020B8A2002070B50446F0
:106E2000354DF6F76FFE002C4CD0261D3046FFF78F
:106E3000C7F938B9E26A314902EB82039B00CB58AB
:106E4000002B2ED0A36A1BB104F11800FFF7B8F98C
:106E50002B4A1368013313602B68A34229D0294AB7
:106E6000206B1368013B136001F000F8204600F02E
:106E7000FDFF254B1A68126872B11A68234BD2685D
:106E8000D26852681A60F6F75FFE214B1B6813B197
:106E90002B68A34218D070BD1C4B4FF0FF321A6014
:106EA000F1E71C49012393400A6822EA03020A60C1
:106EB000C8E719483146FFF75BF9184A13680133F0
:106EC0001360E0E72C68B0E7154B1B6843B14FF047
:106ED000500383F31188BFF36F8FBFF34F8FFEE72B
:106EE0004FF0E0234FF08052C3F8042DBFF34F8FD3
:106EF000BFF36F8F70BD00BF08A2002014A2002056
:106F0000B0A20020A0A200200CA20020E4A2002039
:106F100000A30020B4A2002018A30020A4A20020F7
:106F2000ACA2002010B5044682B0F6F7EBFD34B1F8
:106F3000E06A0190F6F708FE019802B010BD014B1F
:106F40001C68F5E708A2002010B50446F6F7F6FE27
:106F5000EFF311834FF0500282F31188BFF36F8F6C
:106F6000BFF34F8F1CB1E06A83F3118810BD034A51
:106F70001468E06A83F3118810BD00BF08A20020E6
:106F800030B5174B1749184883B00024CDE90043AA
:106F900080222346FFF750FE01280CD0013001D09B
:106FA00003B030BD4FF0500383F31188BFF36F8FF0
:106FB000BFF34F8FFEE74FF0500383F31188BFF309
:106FC0006F8FBFF34F8F0949094A0A4B4FF0FF35C6
:106FD0000D6010601C6003B0BDE83040F6F724BEC1
:106FE000E0A2002098A00308C96B0108E4A20020D9
:106FF00000A300202CA30020024A13680133136071
:10700000704700BFACA20020014B1868704700BF5A
:107010002CA300202DE9F04F4E4B1B6883B0002BB2
:107020004CD14D4B1D6801351D60002D54D04B4B8C
:107030000193019B1B68AB425BD8494EDFF8388156
:107040003368DFF838911C68002C76D0454F002457
:107050004FF0010A24E00091FFF7B2F8DBF8282096
:1070600000990BF1180012B1FFF7AAF80099DBF8AC
:107070002C003B680AFA00F200EB80001A4308EB90
:1070800080003A60FFF774F8D9F80030DBF82C2064
:10709000DB6A9A4228BF012433681B68002B4CD05E
:1070A0003368DB68D3F80CB0DBF804200BF1040183
:1070B00095420846CFD2019B1A601FE02A4A136806
:1070C000013300241360294B1B68002B0CBF2046A2
:1070D000012003B0BDE8F08F214B1A681268CAB1D5
:1070E0004FF0500383F31188BFF36F8FBFF34F8FBF
:1070F000FEE7DFF88480DFF884900024D9F80030C0
:10710000DB6A03EB83039B0058F80330022B28BF94
:107110000124D8E7164A18681168196015491060EB
:107120000A6801320A601A6812685AB90B4B019357
:107130001A464FF0FF3313607BE7019A4FF0FF339D
:107140001360DBE71B68054ADB680192DB685B685C
:1071500013606EE7ACA200202CA30020E4A2002064
:107160000CA20020B4A20020A8A2002030A300207E
:1071700010A20020E8A2002014A2002008A20020F3
:107180002DE9F04F83B0F6F7BDFC384B1A68013A91
:107190001A601B68002B59D1354B1B68002B55D04A
:1071A000DFF8E4A0DAF80030002B5CD0314DDFF8D6
:1071B000DC80314FDFF8D8900126DAF80C30DC683B
:1071C00004F1040B04F11800FEF7FAFF5846FEF72D
:1071D000F7FFE06A2A6806FA00F300EB8000134329
:1071E000594608EB80002B60FEF7C2FF3B68E26A5D
:1071F000DB6A9A4228BFC9F80060DAF80030002B39
:10720000DBD11E4B1A68126842B31A681C4BD26855
:10721000D26852681A601B4E346844B10125FFF7EA
:10722000F9FE08B1C9F80050013CF8D13460D9F832
:1072300000305BB14FF0E0234FF08052C3F8042DD3
:10724000BFF34F8FBFF36F8F012000E0002001904C
:10725000F6F77AFC019803B0BDE8F08F084B4FF0C9
:10726000FF321A60D7E7DFF82890D4E7ACA20020FD
:10727000A0A20020B4A2002008A200200CA200209E
:10728000E4A20020A8A20020ECA2002014A200206A
:1072900030A30020064B1B6843B94FF0500383F323
:1072A0001188BFF36F8FBFF34F8FFEE7FFF768BF03
:1072B000ACA2002010B550B94FF0E0234FF080523F
:1072C000C3F8042DBFF34F8FBFF36F8F10BD104C69
:1072D000216841B14FF0500383F31188BFF36F8FE2
:1072E000BFF34F8FFEE7236801332360FFF7E8FB0E
:1072F000236843B94FF0500383F31188BFF36F8FB6
:10730000BFF34F8FFEE7FFF73BFF0028D4D010BD3F
:10731000ACA20020044B1B681BB1044B01221A6075
:107320007047FFF713BC00BFACA2002030A30020C1
:1073300060B110B50A4B0C4619681831FEF728FFEA
:1073400020460121BDE81040FFF7BABB4FF05003C3
:1073500083F31188BFF36F8FBFF34F8FFEE700BF3A
:1073600008A2002070B5C368DC6882B0002C2CD065
:1073700004F118052846FEF723FF184B1B687BB164
:1073800017482946FEF7F4FE164BE26A1B68DB6AD3
:107390009A4285BF144B01200020186002B070BDD6
:1073A000211D124D01910846FEF70AFFE36A2E687F
:1073B0000F48019901229A4003EB8303324300EB0B
:1073C00083002A60FEF7D4FEDEE74FF0500383F31C
:1073D0001188BFF36F8FBFF34F8FFEE7ACA2002081
:1073E000ECA2002008A2002030A30020B4A20020BC
:1073F00014A20020034A044B12681B68C0E9002352
:10740000704700BFE8A200202CA3002028B3F0B5ED
:107410000D4683B0C1B10446F6F774FB2B681D4AD4
:10742000581C116830D0DFF870C0D4E90060DCF877
:107430000070BE421AD0884218D801200190F6F799
:1074400083FB019803B0F0BD4FF0500383F3118824
:10745000BFF36F8FBFF34F8FFEE74FF0500383F3FF
:107460001188BFF36F8FBFF34F8FFEE7A1EB000EC4
:1074700073450BD95B1ADCF80010126803442B60CB
:107480000020C4E90012D9E70020D7E700232B60D1
:107490000120D3E72CA30020E8A20020014B012209
:1074A0001A60704730A3002068B1036B1A78A52AD0
:1074B0000FD1C3F10101C81813F8012FA52AFAD082
:1074C000C0F38F007047044B1868036B1A78A52A25
:1074D000EFD00020704700BF08A20020054B1B68BA
:1074E00033B1054B1B68002B0CBF022000207047F6
:1074F0000120704700A30020ACA2002070B5044614
:1075000082B0C8B1264DC36A2A68D26A934215D2A6
:107510008269002A04DB2A68D26AC2F1070282610A
:10752000204E626903EB830306EB83039A420ED07D
:107530002B68DB6AE362012002B070BD2B68406CEF
:10754000DB6A98422CBF0020012002B070BD211DD3
:1075500008460191FEF734FE019970B9E06A124ABB
:1075600000EB80039B00F35843B9012303FA00F0BA
:10757000136823EA0003136000E00B4A2B681568C8
:10758000D86AE062012404FA00F300EB80002B4388
:1075900006EB80001360FEF7EBFD2046CCE700BF52
:1075A00008A2002014A20020B4A2002020B3F0B54D
:1075B000294B1B68834283B0044608D04FF0500328
:1075C00083F31188BFF36F8FBFF34F8FFEE79B6C80
:1075D0004BB1C16A426C013B9142836400D06BB1F4
:1075E000002003B0F0BD4FF0500383F31188BFF3C8
:1075F0006F8FBFF34F8FFEE700207047011D0846D5
:107600000191FEF7DDFD0199A0B11448144A636CA5
:107610001668E3620125C3F10707A76105FA03F4C1
:1076200003EB830300EB830034431460FEF7A0FDFB
:107630002846D6E7E56A0948094A05EB85039B0019
:10764000C358002BE3D1012303FA05F5136823EA9D
:1076500005031360DBE700BF08A2002014A200208E
:10766000B4A20020002843D030B5836C83B0044618
:1076700053B1406CE26A814238BF01468A4201D070
:10768000012B0AD003B030BD4FF0500383F31188B3
:10769000BFF36F8FBFF34F8FFEE7244B1B68A342EE
:1076A00027D0A369E162002BA8BFC1F10701204DDB
:1076B000A8BFA16102EB8202616905EB82039942D6
:1076C000E0D1211D08460191FEF77AFD0199E26A99
:1076D000C0B10123174C934090001044226805EB81
:1076E00080001343236003B0BDE83040FEF740BD87
:1076F00070474FF0500383F31188BFF36F8FBFF3D0
:107700004F8FFEE702EB82039B009000EB581BB10A
:107710000123084C9340E0E7064C0123D4F800C055
:1077200093402CEA030CC4F800C0D6E708A200205E
:1077300014A20020B4A20020044B1A681AB11968E0
:107740008A6C01328A641868704700BF08A2002062
:107750002DE9F043234C83B00E46804615469946EA
:10776000F6F7D0F9216891F8501002290BD0236860
:10777000DF6C27EA0807DF642368012183F85010D3
:10778000B9F1000F18D1F6F7DFF9F6F7BBF915B12B
:107790002368DB6C2B60236893F85030022B19D0E0
:1077A000002023680190002283F85020F6F7CCF9DE
:1077B000019803B0BDE8F0834846FFF781F94FF028
:1077C000E0234FF08052C3F8042DBFF34F8FBFF377
:1077D0006F8FD8E72368D96C21EA06060120DE64A2
:1077E000DFE700BF08A2002010B3F0B51E4683B04B
:1077F0000F4615460446F6F785F90EB1E36C336083
:1078000094F850600223F6B284F85030042D52D818
:10781000DFE805F006171B050300022E38D0E764E9
:10782000012E16D00126F6F78FF9304603B0F0BDD1
:107830004FF0500383F31188BFF36F8FBFF34F8F67
:10784000FEE7E16C3943E164EAE7E36C0133E364AA
:10785000E6E7211D1E4D01910846FEF7B1FCE36AE3
:107860002F681C48019906FA03F203EB83033A439D
:1078700000EB83002A60FEF77BFCA36A53B14FF054
:10788000500383F31188BFF36F8FBFF34F8FFEE771
:107890000026C8E7104BE26A1B68DB6A9A42C1D92E
:1078A0004FF0E0234FF08052C3F8042DBFF34F8F09
:1078B000BFF36F8FB7E7E36C0133B1D04FF05003E4
:1078C00083F31188BFF36F8FBFF34F8FFEE700BFC5
:1078D000B4A2002014A2002008A2002068B32DE961
:1078E000F04182B00F4615461E460446F6F726FACA
:1078F000EFF311884FF0500383F31188BFF36F8FBC
:10790000BFF34F8F0EB1E36C336094F850600223E5
:10791000F6B284F85030042D58D8DFE805F0061789
:107920001B050300022E24D0E764012E16D001208F
:1079300088F3118802B0BDE8F0814FF0500383F363
:107940001188BFF36F8FBFF34F8FFEE7E16C3943B0
:10795000E164EAE7E36C0133E364E6E7A36A53B169
:107960004FF0500383F31188BFF36F8FBFF34F8F36
:10797000FEE70020DCE71B4B1B680BBB211D084604
:107980000191FEF71DFCE06A174B184A01998640E9
:1079900000EB800002EB80001A6816431E60FEF7C1
:1079A000E7FB134BE26A1B68DB6A9A42BFD9089B6C
:1079B00013B1089A012313600E4B01201860B7E73A
:1079C0000D4804F11801FEF7D3FBEAE7E36C01333D
:1079D000ABD04FF0500383F31188BFF36F8FBFF329
:1079E0004F8FFEE7ACA20020B4A2002014A200201A
:1079F00008A2002030A30020ECA2002008B5FFF769
:107A0000BFFA002008BD00BF10B584460B46BCF885
:107A10001020DCF80010BCF908C0406884B0BCF14C
:107A2000840F14BF0CF103040024009403AC0194F0
:107A3000FFF702F901280CBF0398002004B010BD25
:107A400008B5EFF3058333B1FFF77EFA062806D8B1
:107A5000033800B208BDFFF765FA0628F8D984207C
:107A600008BD00BF08B5012838BF0120FFF722FC80
:107A7000002008BD00B5002385B0CDE90233EFF347
:107A80000583BBB102AB0093012203ABFFF726FFD6
:107A9000012815D1029B4BB14FF0E0234FF08052EB
:107AA000C3F8042DBFF34F8FBFF36F8F039805B05A
:107AB0005DF804FB03AB0122FFF796FE0128F5D029
:107AC0004FF00040F3E700BF30B585B00023044617
:107AD0000293EFF3058048B18223019304AB13E9CD
:107AE000070084E80700204605B030BD1346154660
:107AF00002AAFFF72DFE012805D00DB90195EDE78B
:107B000040230193EAE7029B002BB4BF862308239E
:107B10000193E3E7012910B502D00024204610BDEF
:107B2000084603220021FEF727FC04460028F5D072
:107B300000231A461946FEF749FC204610BD00BF37
:107B400010B582B00024019410B3EFF3058333B96C
:107B5000FEF77AFE012818D1002002B010BD01AA5C
:107B60002146FEF74FFF01280FD1019B002BF3D0D8
:107B70004FF0E0234FF08052C3F8042DBFF34F8F36
:107B8000BFF36F8F204602B010BDFF2002B010BDC2
:107B9000802002B010BD00BF10B582B00024019457
:107BA000EFF305839BB101A9FEF734FD012814D141
:107BB000019BABB14FF0E0234FF08052C3F8042D8E
:107BC000BFF34F8FBFF36F8F204602B010BD1A4630
:107BD0001946FEF7FBFB012802D0FF2002B010BDC2
:107BE000002002B010BD00BFD0E900010022FEF766
:107BF000C3BB00BF10B584B0002401910394EFF320
:107C000005835BB1234603AA01A9FEF79FFC012867
:107C10000CD1039B6BB9002004B010BD012A38BF02
:107C2000012201A9FEF7D2FB0128F4D0FF2004B005
:107C300010BD4FF0E0234FF08052C3F8042DBFF386
:107C40004F8FBFF36F8F204604B010BD30B50B4689
:107C500085B00021CDE90213044673B30091EFF320
:107C6000058191B902A918461546FEF72BFD01289A
:107C70002DD0002D18BF4025019504AB13E9070056
:107C800084E80700204605B030BD6A46184602A9C0
:107C9000FEF7B8FE009B01280CBF102200220192C3
:107CA000002BEAD04FF0E0234FF08052C3F8042DB0
:107CB000BFF34F8FBFF36F8FDFE78023019304ABD8
:107CC00013E9070084E80700204605B030BD102303
:107CD0000193D2E708B5FFF701FC012800D108BDE8
:107CE000BDE80840F5F776BF10B4164B1A461B687E
:107CF0008342FBD3516802EB010C60450BD0416815
:107D000000EB010C63450ED0904203605DF8044B1C
:107D100018BF1060704744681046214400EB010C06
:107D200063455160F0D1084C2468A342ECD0D3E9FC
:107D3000003490422144C0E900315DF8044B18BF83
:107D40001060704744A3002034A300202DE9F041C7
:107D5000404E0446FFF750F93368002B57D03E4B96
:107D60001D682C422FD174B304F1080160071CBFB9
:107D700021F00701083131B3DFF8EC80D8F800704A
:107D80008F4220D33548046803E0236823B120469E
:107D90001C4662688A42F8D33368A34213D0236832
:107DA00006680360531A102B06F1080616D96018EE
:107DB00042070ED04FF0500383F31188BFF36F8F4B
:107DC000BFF34F8FFEE7FFF765FA00263046BDE8A8
:107DD000F08143606160FFF787FF6268204B19689C
:107DE000BF1A8F4238BF1F602A430023C4E9003204
:107DF000C8F80070FFF74EFA7307E7D04FF0500352
:107E000083F31188BFF36F8FBFF34F8FFEE7154BDE
:107E10001348114F5D0714BFDA1D1A4603F580336E
:107E2000A3F1080323F0070318BF22F0070211464D
:107E30009A1A02600C48094D0260002029606860AF
:107E40004FF00045C3E900003360C1E900323D60F6
:107E500087E700BF34A3002038A3002044A30020FC
:107E600040A30020000000103CA30020D0B11A4A1B
:107E700050F8043C126813420BD050F8081C91B122
:107E80004FF0500383F31188BFF36F8FBFF34F8F11
:107E9000FEE74FF0500383F31188BFF36F8FBFF3FA
:107EA0004F8FFEE7704700B523EA020383B040F826
:107EB000043C0190FFF7A0F8084A0198116850F8B7
:107EC000043C08380B441360FFF70EFF03B05DF865
:107ED00004EBFFF7DFB900BF38A300203CA300206C
:107EE000014B1868704700BF40A30020A0B1D0F834
:107EF000B83213B10023C0F8B832D0F8CC3213B185
:107F00000023C0F8CC3209B1C0F8B412012380F8C4
:107F10009C320270F7F768BD0320704730B583B01C
:107F20000024ADF8064059B18B6AC0F8B812054676
:107F30000DF106009847C5F8CC02204603B030BDCD
:107F4000032003B030BD00BFF7F78ABDD0F8B832C8
:107F50000BB11B6818470320704700BF08B5D0F865
:107F6000B8320BB15B689847002008BD38B50446AD
:107F700000F2AA25284600F091FB94F8AA12B4F862
:107F8000B022C4F898220123C4F8943201F01F03F0
:107F9000012B09D0022B13D063B1204601F08001E0
:107FA000BDE83840F7F788BD29462046BDE838408F
:107FB00000F0A4BA29462046BDE8384000F0F6B8E3
:107FC00029462046BDE8384000F0C8BA70B50546DD
:107FD00039B91346D0F89422032A0C460ED000205B
:107FE00070BDD0F8B8329B6933B190F89C22032A57
:107FF00002D1BDE870401847032070BDD0E9571288
:1080000091420DD8D0F8B8321B6923B190F89C2268
:10801000032A00D19847284600F0AEFB0020DFE796
:10802000891A8A4228BF0A46C0F85C11194600F036
:108030009BFB204670BD00BF70B5044659B913467E
:10804000D0F89422022A16D094F8A032012B4FF0D7
:1080500000000DD070BDD0F8B8325B6933B190F834
:108060009C22032A02D1BDE870401847032070BD4E
:1080700084F8A00270BDD0E90726B2420D4616D89A
:1080800024D0D4F8B832DB681BB194F89C22032AC0
:1080900019D080212046F7F70FFD204600F078FB2D
:1080A00094F8A032012B4FF00000D3D1E0E7921BEF
:1080B000C261194600F042FB2B462A46294620465B
:1080C000F7F746FDC0E720469847E2E783699A4202
:1080D000D7D8D0F898229342D3D20A4600F02EFB8C
:1080E000C4F89852E8E700BFD0F8BC320021012262
:1080F00070B5044680F89C22C0F894124160C0F824
:10810000A4121BB1D0F8B8325B6898474025002212
:1081100011462B4601262046F7F7B0FCA4F864610F
:10812000C4F860512B46002280212046F7F7A6FCB8
:10813000A6842562002070BD01740020704700BF36
:1081400090F89C2280F89D22042380F89C32002025
:10815000704700BF90F89C32042B04BF90F89D320A
:1081600080F89C320020704790F89C22032A01D0AE
:108170000020704708B5D0F8B832DB6903B19847E2
:10818000002008BD00207047002070470020704785
:10819000D0F8B822012180F89C122AB108B55268A3
:1081A00001799047002008BD00207047F0B50C7899
:1081B00004F06004202C83B00E4605460ED0402CFF
:1081C0000CD0A4B180212846F7F776FC0021284680
:1081D000F7F772FC0024204603B0F0BDD5F8B832A2
:1081E0009B683146284603B0BDE8F04018474F78F9
:1081F000092FE7D801A353F827F000BF5B820108DD
:1082000089820108C5810108A7820108C58101088A
:10821000AF820108E7820108C581010803830108D4
:10822000258201088E78B44F012E3E7000F237810E
:1082300090F89C32022B00F02081032B00F0FA8092
:108240008021F7F739FC00212846F7F735FC39780B
:108250002846FFF783FE0324BDE790F89C32013BDC
:10826000022B65D8CB88022B62D1D0F8A432012230
:10827000C2600BB10323C360022205F10C01284642
:1082800000F04EFA3C46A6E790F89C32013B022BE8
:108290004ED84B88012B9ED10023C5F8A432284626
:1082A00000F06AFA97E74B88012B94D1F5E78B88A9
:1082B000002B3DD1CB88002B3AD14E887F2E37D86A
:1082C00090F89C32032B33D0F1B280F89E12F7F76E
:1082D00023FC284600F050FA002E00F0FE80022316
:1082E00085F89C3277E74A880023ADF80630130AF8
:1082F000013B062B1CD8DFE803F06C5F4C1B1B42D4
:108300002600CA88012A13D190F89C32022B00F271
:108310008A80002B3FF456AF0146002341F8083F06
:1083200000F0FEF957E7D0F8B4325B68002B5DD15E
:1083300080212846F7F7C0FB00212846F7F7BCFB51
:10834000204603B0F0BD037C002BF1D1D0F8B83249
:108350000DF106001B6B984707234370F288002A33
:108360009DD0BDF80630002BE2D09A4228BF1A46B5
:1083700001462846ADF8062000F0D2F92BE7037C31
:10838000002BD5D1D0F8B8320DF106005B6B9847C1
:10839000E4E7D1B2052900F2A48001A353F821F04B
:1083A000278301081B8401080F840108F783010853
:1083B000E383010803840108037C002B40F08480E0
:1083C000D0F8B8320DF106009B6A9847022343703B
:1083D000C4E7D0F8B432007C1B680DF10601984761
:1083E000BCE7D0F8B4325B69002BA1D0287C0DF13A
:1083F00006019847B2E7D0F8B4321B69002BF5D1DB
:1084000096E7D0F8B4329B69002BEFD190E7D0F813
:10841000B432DB68002BE9D18AE7D0F8B4329B682C
:10842000002BE3D184E7032B7FF4CCAE011D00F0D9
:1084300077F9D0E6002E3BD0416801293FF42FAFF9
:10844000C9B2FFF78BFD397869602846FFF77EFDDA
:10845000064600283FF423AF80212846F7F72CFB7F
:1084600000212846F7F728FB29792846FFF776FDF3
:10847000022385F89C323446ADE6002E3FF40FAF60
:1084800001214160FFF762FD044600287FF450AFF0
:10849000284600F071F9032385F89C329BE6802181
:1084A000F7F70AFB00212846F7F706FB032492E6BC
:1084B0000223314680F89C324660FFF74FFD284684
:1084C00000F05AF9344686E6D0F8B8320DF10600CD
:1084D000DB6A98470223437040E7012385F89C320A
:1084E00079E6D0F8B8329B6B002B3FF421AF0DF149
:1084F0000602984732E700BF4CA3002038B50B783E
:1085000003F06002402A0D4604460BD05B0609D5F5
:108510008021F7F7D1FA00212046F7F7CDFA0025A0
:10852000284638BD94F89C32013B022B12D82B7997
:10853000012B0FD8D4F8B83229469B6820469847BB
:10854000EB880546002BEBD10028E9D1204600F04E
:1085500013F9E5E780212046DBE700BF70B50B7813
:1085600003F06003202B0D4604460CD0402B0AD0AC
:108570008BB180212046F7F79FFA00212046F7F7BC
:108580009BFA002070BDD4F8B832294620469B687B
:10859000BDE8704018476B788A88012BD1B23BD078
:1085A000032B28D0002BE4D190F89C32022B51D021
:1085B000032BDED101F00F0303EB8303120600EB64
:1085C000830356D4B3F86431002BD2D001F07F037B
:1085D000142505FB030505F5AA752BB12046F7F711
:1085E00087FA002854D001232B6002222946204616
:1085F00000F096F8C5E790F89C32022B21D0032BAF
:10860000B7D16B8823B94A0602D0EB88002B41D042
:10861000204600F0B1F8B4E790F89C32022B10D05D
:10862000032BA6D16B88002BABD14E062DD1204653
:1086300000F0A2F8D4F8B83229469B682046984743
:108640009FE74B0695D0F7F737FA80212046F7F7DA
:1086500033FA96E748068CD111064CBF04F1140199
:1086600004F5AA7100230B600222204600F058F89E
:1086700087E79B8C002B3FF47CAF01F07F035D1CF0
:1086800005EB850500EB8505A7E7F7F723FACEE7AD
:108690002860AAE7F7F710FABAE700BF0B78037073
:1086A0004B7843704B8843808B888380CB88C38012
:1086B000704700BF10B580210446F7F7FDF920464A
:1086C0000021BDE81040F7F7F7B900BF18B30378F1
:1086D00030B40BB30446C0F1010C04EB0C0314F8E6
:1086E000015FDBB2002DF8D101335B00DCB21380F7
:1086F00003230C704B7004785CB1022300255A1CD4
:10870000D2B2CC548D5410F8014F0233DBB2002C9E
:10871000F5D130BC7047704702242346E7E700BF1D
:1087200008B513460A460221C0E90633C0F8941280
:108730000021F7F7FFF9002008BD00BF08B5134678
:108740000A460021F7F7F6F9002008BD08B51346E0
:108750000A460321C0E95633C0F894120021F7F706
:10876000F7F9002008BD00BF08B513460A460021EE
:10877000F7F7EEF9002008BD08B504220023C0F881
:10878000942219461A46F7F7D5F9002008BD00BF14
:1087900008B505220023C0F8942219461A46F7F7B7
:1087A000D7F9002008BD00BFD0F8C03283B110B5A2
:1087B000D0F8BC4294F84000FF2807D09B6894F89A
:1087C000412021469847FF2384F84030002010BD07
:1087D000002070476A23038000487047E40E0020A1
:1087E0000A23038000487047500F0020012970B50C
:1087F000D0F8BC6204460D4615D0032911D1683665
:1088000029462046F7F7B2F9D4F8BC32706043B17C
:10881000D4F8C0322A46DB68311D0020984700207A
:1088200070BD032070BD5036EAE700BF38B5D0F800
:10883000BC52BDB301EB810C00EB8C0C0B46DCF899
:1088400018205AB1D0F8C442C1EBC10E04EB8E041B
:10885000246CB2FBF4FE04FB1E242CB1012B0BD0C4
:10886000032B14D0002038BDCCF8184023462246F4
:10887000F7F760F9204638BD0B4B0024186885F8DF
:108880004C4022460321FFF7B5F9204638BD064B80
:108890000024186885F8644022460421FFF7AAF9ED
:1088A000204638BD032038BDF4E600202DE9F04114
:1088B0000B78D0F8BC8282B0002613F060050C461D
:1088C00007468DF80560ADF8066021D0202D16D141
:1088D000CD88002D3AD01B0651D5D0F8C032607833
:1088E0009B682A4641469847E288414638463546C5
:1088F000FFF716FF08E090F89C32032B4AD0214680
:108900003846FFF7D7FE0325284602B0BDE8F081C0
:108910004E780B2EF3D801A353F826F0F788010800
:1089200009890108FF880108FF880108FF880108FC
:10893000FF880108FF880108FF880108FF880108F7
:10894000FF8801086B89010861890108D0F8C032ED
:1089500048789B682A469847284602B0BDE8F081CF
:1089600090F89C32032BCFD0C9E790F89C32032BB0
:10897000C5D101220DF10501FFF7D2FEC4E74B7806
:1089800088F8403088F841502A464146FFF7DEFE1D
:108990003546B9E702220DF10601FFF7C1FE354663
:1089A000B2E700BF38B5044600258121F7F776F815
:1089B000012125872046F7F771F88221A4F8785124
:1089C0002046F7F76BF88321E5642046F7F766F851
:1089D000A4F8605003212046F7F760F8D4F8BC32C1
:1089E000A4F8A0514BB1D4F8C0325B689847D4F8D2
:1089F000BC02E7F71DFDC4F8BC52002038BD00BF23
:108A000070B504467420E7F70BFD0546D8B3012680
:108A1000C4F8BC024023022281212046F7F72EF839
:108A200031464023022226872046F7F727F81022F6
:108A3000A4F84E204023A4F8786102228321204626
:108A4000F7F71CF840230222A4F8606003212046B7
:108A5000F7F714F8032282210823A4F8A061204626
:108A6000F7F70CF8D4F8C032A4F84C601B689847AC
:108A7000002385F84C3085F8583085F8643085F847
:108A80007030184670BDC4F8BC02022070BD00BF33
:108A90006A23038000487047E40E00206A230380A5
:108AA00000487047E40E002019B1C0F8C012002041
:108AB00070470320704700BF38B5D0F8BC426CB196
:108AC000812B9C460DD0832B08D194F864305C3404
:108AD00003F0FF0563B10125284638BD032528466C
:108AE00038BD94F84C30443403F0FF05002BF2D12C
:108AF00013460A4661464FF0010C84F808C0F7F7A8
:108B000019F8284638BD00BF10B5D0F8BC423CB1BA
:108B10009C4613460A466146F7F71AF8002010BD36
:108B2000032010BDF0B5044685B00F461D4602B1C6
:108B3000106094F828301BBB02AE95E8030004F1E6
:108B4000200383E8030097E8030004F1180282E899
:108B500003006068022284F82820026804F10F03F1
:108B60001568236103930D4B04F10C02CDE9003429
:108B700002926B46314604F10802A84705B0F0BDE9
:108B800003238DF808302B683A68039202AE002B5D
:108B9000D3D096E8060068689847CEE70D920108A2
:108BA0002DE9F04389B002AC84E80600DDF840907E
:108BB0000C461746054603B1186095F82830002B7F
:108BC00040F0868006AEA7EB0408B8F17F0F0BD902
:108BD000D9F80030079403228DF8182023B196E8C5
:108BE0000600D9F80400984799E8030005F120032E
:108BF00083E803005FFA88F2AA232B736A7305F1F6
:108C00000C000821E82305E0013911F0FF015FFAAB
:108C10008CF30CD013F0800F4FEA430CF4D05B00C0
:108C20000139DBB211F0FF0183F03703F2D1534079
:108C3000082204E0013A12F0FF02CBB20CD013F08C
:108C4000800F4FEA4301F5D05B00013ADBB212F02E
:108C5000FF0283F03703F2D1C5E90647AB73B8F1E1
:108C6000000F45D041F2373343F6655C14F8012B11
:108C7000082183EA02235A0013F4004F92B214BF72
:108C800082EA0C035B0001F1FF3208BF9BB212F0D5
:108C9000FF01F0D1A742E9D11A0ADBB20690686859
:108CA0002B74EA7302681468134A049205F10F03E7
:108CB00004AA022185F8281007936B61009296E8B8
:108CC0000600059505F10803A04709B0BDE8F0834B
:108CD00003238DF81830D9F80030079406AE002B26
:108CE0003FF471AF96E80600D9F8040098476AE7A8
:108CF00037231322D2E700BF718F010842682A4947
:108D000070B41468646801238C4280F828303CD128
:108D1000506882F8283001684D68A54231D1426818
:108D200080F8283011684C68AC422ED1506882F827
:108D3000283001684D68A54223D1426880F8283068
:108D400011684C68AC4220D1506882F82830016824
:108D50004D68A54215D1426880F8283011684E68E8
:108D6000AE4217D1546882F8283021684D68B54268
:108D700015D1D4E90101026884F8283070BC536829
:108D800018472B46916870BC1847816823461046E7
:108D900070BC184781683346104670BC184720469F
:108DA0002B46916870BC1847FD8C010842682A491F
:108DB00070B41468646801238C4280F828303CD178
:108DC000506882F8283001684D68A54231D1426868
:108DD00080F8283011684C68AC422ED1506882F877
:108DE000283001684D68A54223D1426880F82830B8
:108DF00011684C68AC4220D1506882F82830016874
:108E00004D68A54215D1426880F8283011684E6837
:108E1000AE4217D1546882F8283021684D68B542B7
:108E200015D1D4E90101026884F8283070BC536878
:108E300018472B46916870BC184781682346104636
:108E400070BC184781683346104670BC18472046EE
:108E50002B46916870BC1847AD8D010830B50346AC
:108E600089B093F828C002A8BCF1010F80E8060081
:108E700031D09DF80820FAB9039C59698C4238D347
:108E8000BCF1020F5ED0BCF1030F43D0BCF1040F64
:108E90001FD1D3E90714586A83F82820C3E90822B0
:108EA0008DF818200791A4B108AB13E906002346FA
:108EB00009B0BDE8304018471C6A8DF81820002121
:108EC0009A69586A83F82810C3E908110792002CA0
:108ED000EAD109B030BD1C6A9969586A8DF818C08A
:108EE0000022C3E9082283F828200791002CDBD157
:108EF000EFE75868026815681C4A049204AA0092B9
:108F00000694079108AA059312E906000833A847BA
:108F100009B030BD5868016803F111020C685A614C
:108F2000042183F8281003F10F0507920F490695D5
:108F300004AA009208AACDE9041312E90600083336
:108F4000A047C6E75868DD690168084A5D610324E7
:108F500083F828400C68069206A9009103F11802D4
:108F6000079306CA0833A04709B030BD718F0108C6
:108F700000B585B0EC468CE8060086469CE8030008
:108F800002AB83E8050093E80600704605B05DF883
:108F900004EBFFF763BF00BFF0B5044687B094F859
:108FA00028306846012B80E8060000F095809DF887
:108FB0000020002A6DD1019922698A427DD8022BB6
:108FC00000F0AD80032B00F09580042B40F08280F0
:108FD000D4E90550002D00F0EA8000EB050C0746AF
:108FE00041F2373343F6655617F8012B082183EA1F
:108FF00002235A0013F4004F92B214BF82EA060310
:109000005B0001F1FF3208BF9BB212F0FF01F0D10B
:109010006745E9D1227B04F10C0183EA022343F680
:109020006557082213F4004F4FEA43061CBF5B004C
:109030009BB202F1FF320CBFB3B27B4012F0FF02D1
:10904000F0D1627B082683EA022343F665575A0073
:1090500013F4004F92B214BF82EA07035B0006F1DB
:10906000FF3208BF9BB212F0FF06F0D1002B40F098
:10907000A580266A84F8283005448DF81030606A8F
:109080000595C4E908332EB306AB13E90600334651
:109090000FE0256AA169606A8DF810200023C4E9F9
:1090A000083384F828300591A5B106AB13E9060012
:1090B0002B4607B0BDE8F0401847606803681D689C
:1090C000514B049105920293039402AB04F1080200
:1090D00004A9A84707B0F0BD256AA169606A8DF8A8
:1090E00010300022C4E9082284F828200591002DC0
:1090F000DBD1EFE76068016804F10E030D682361BE
:109100000593414B042284F82820CDE9023404F170
:1091100008020C3402AB049404A9A847DAE7227BC6
:10912000AA2A21D194F90D10657B002904F10C06BF
:1091300039DB04F10D0004F10F07422151400822F0
:109140004B0011F0800F08BF4900DBB202F1FF3283
:1091500014BF83F03701C9B212F0FF02F0D1874289
:1091600028D010F8012BE9E71D4604F10C06012375
:1091700004F10F07F1182A463046E7F7A5FC6068AE
:10918000BB1B0268AB4294BFF618761915681E4BDC
:10919000CDE90267CDE9043404F1080204AB02A969
:1091A000A84707B0F0BD012504F10F07E2E741F23F
:1091B00037332FE781B115460323DBE76068026888
:1091C000022504F10F0384F8285015680E4A236124
:1091D00004910593029277E7D4E906320320D21A6C
:1091E000954284F82800606828BF1546AA4294BFBB
:1091F00099185919026865611D4425611568029323
:109200000391014BC6E700BF0D92010800B585B080
:10921000EC468CE8060086469CE8030002AB83E837
:10922000050093E80600704605B05DF804EBFFF713
:10923000B3BE00BF38B5D0E9002400230D469E46DA
:109240000CB1944229D912F801CB02600CFA03FC4C
:109250000833202B4EEA0C0EF2D1BEF1FF3F1ED098
:10926000194B1A68724501D8012038BDD5E90004B0
:10927000A2EB0E02241A9442144928BF1446224637
:109280007144E7F787FBD5E90032D21AA24294BFB6
:109290009B181B1901202B6038BD002038BD0C4BDA
:1092A00069681C682B68002224FA02F0083209B1B0
:1092B0009942F2D918702B68202A03F101032B6020
:1092C000F2D10120D1E700BF788E040864B603080C
:1092D000DCE90020D0F80C3170B42BB3426880F880
:1092E00014111068244944688C4235D150680168D3
:1092F0004D680123A54282F8283029D1426880F8C0
:10930000283011684E68AE422BD1546882F828305C
:1093100021684D68B54229D1D4E90101026884F879
:10932000283070BC536818474A1ED0F81841D0F84E
:109330001C51D2B2012AC0E9463398BF03212CB197
:109340000A4623460146284670BC184770BC704741
:109350002B46916870BC184719461046234670BCCE
:10936000184781683346104670BC184720462B4684
:10937000916870BC184700BFFD8C01082DE9F047CB
:109380008CB002AB83E806009DF8081002292FD0AC
:1093900001292DD059BB039B4FF0000C0446E64633
:1093A00000F18C06002B3DD09E4226D200F18D01AB
:1093B0008B4290F88C2020D90D7842EA052215B214
:1093C000002D1ADB4A1C981A052830D82068534B08
:1093D000026815680A9604F58672CDE908340B9286
:1093E00008AB06AA0AA9A8470CB0BDE8F08703217C
:1093F0000CB0BDE8F047FFF76DBF04F586780DF1BE
:10940000200906AF0AAD20683A462946434F056851
:109410004B462D68CDE90A68CDE90874A8470CB021
:10942000BDE8F08790F88C2000F18D01C4E7002B97
:109430004CD0934247D98A1C9342487843D912F8BA
:1094400001EB40EA0E2E0FFA8EF8B8F1000FCEF3C2
:109450000E0031DB68BB012713F801EC13F8021C86
:1094600041EA0E218F42B1D1934204D9511C8B4263
:1094700052D932F802CBA168049202398C45A3F18B
:109480000203E146059388BF1FFA81F904F10E0338
:1094900006AF06933A464B4404A9079310F0EAFE40
:1094A000B8F1000F15DB04F586780DF120090AAD3F
:1094B000A9E71B490F88CFE7D4F80C110029C9D0C0
:1094C000C4F81031ABE74FF00008BEE748788A1CBB
:1094D000B5E722466FEA4545DDE906136FEA5545D3
:1094E00022F80C5F5B1A60680E490568C3F102033D
:1094F0004B441344D5F800A0CDE90A230DF120090F
:1095000004F58678CDF800900AADCDE908144346FD
:1095100095E80600D04776E70A46ACE729950108AA
:10952000E0E900205195010800B585B0EC468CE8D3
:10953000060086469CE8030002AB83E8050093E83A
:109540000600704605B05DF804EBFFF717BF00BFDB
:1095500030B484B06C4684E8060090F814410022D0
:109560000346C0F80C2174B9D0F81021B2B10392AF
:109570008DF8084004AA12E90600C0F8104104B0B2
:1095800030BCFFF7FBBED0F81851D0F81C01611EAB
:109590000129C3E9462298BF032415B904B030BCA1
:1095A0007047194622462B4604B030BC184700BF0E
:1095B000034603C903F58C7210B582E803001A460E
:1095C00086B052F88C0B046824680492054A03F5AF
:1095D0008671CDE90223059102AB01AA04A9A04737
:1095E00006B010BD2995010810B40346EFF31081B1
:1095F00072B60A4A106860B1094C24680344A34259
:1096000094BF13604FF0FF3081F310885DF8044B76
:109610007047044800681060EEE700BF50A30020C8
:10962000600F00205C0F0020F5EEC00AF1EE10FA8A
:10963000B5EEC00A54DBF1EE10FA30DB9FED6F7A25
:1096400060EE877AF4EEC07AF1EE10FA40F384808F
:1096500070EE276AB7EE007A37EEC00A77EE667AC8
:10966000B6EE007A77EEC07A67EE877A37EE800A38
:1096700070EE266AB5EEC00AF1EE10FA06DBB7EE20
:10968000007AB4EEC70AF1EE10FA4ED90023037047
:10969000C0ED016AC0ED027A80ED030A7047DFED8C
:1096A000587A60EEA77AF4EEC07AF1EE10FA40F341
:1096B00081809FED547ADFED516AF7EE007A90EEEB
:1096C000E60AE0EEC77AF6EE006A77EEC07A67EE59
:1096D000A67AF0EE676AE0EE876A36EE800AC9E79E
:1096E000F1EE10FA6BDBDFED467A60EEA77AF4EE6E
:1096F000C07AF1EE10FA44DDDFED407A60EEA77A31
:10970000B1EE407A37EE677AF7EE006A70EE677A6C
:1097100076EEC76AB6EE000A76EEE76A66EE806A13
:1097200036EE870A70EE277AA4E7F5EEC07AF1EEFE
:1097300010FAABDBF4EEC77AF1EE10FAA6D8F5EE2C
:10974000C06AF1EE10FAA1DBF4EEC76AF1EE10FA8E
:1097500094BF012300239AE770EE677AB7EE000A00
:109760009FED287A30EE670AF6EE006AA0EEC70A8F
:1097700020EE260A70EE277AF0EE676AE0EE876A3E
:1097800078E79FED216ADFED1D6AF0EE407AB7EED3
:10979000007AE0EEA67AA0EEC67AB6EE000A37EEC0
:1097A000677A27EE000A70EE276AF0EE667AE0EE3E
:1097B000867A5FE79FED117A60EE877A48E7DFED02
:1097C0000F7A60EEA77AF4EEC07AF1EE10FA97DD28
:1097D00037EEC00AF7EE006A9FED0B7A76EEC06AAC
:1097E000F6EE007AE0EEC76A66EEA76AF0EE667AF9
:1097F000E0EE877A37EE800A3CE700BF3ACD133FB0
:109800003ACD13BF3ACD933F3ACD93BFF0EEC06A45
:10981000F0EEE07AF4EEE67AF1EE10FAB0EE407A8D
:10982000D4BFB0EE676AB0EE666A27D4DFED226A75
:109830009FED225ADFED225A77EEA66AC6EE267A0F
:10984000DFED206A27EEA76AE6EE055AE5EE866AA6
:1098500066EE866AE6EEA77AB0EE670AF5EEC00A13
:10986000F1EE10FA48BFDFED187AB5EEC07A48BFC6
:1098700037EEC00AF1EE10FA1BD47047DFED0E7A16
:109880009FED0E5ADFED0E5A76EEA76ADFED0F7AE6
:1098900086EE260A9FED0B6A60EE006AE6EE855AB8
:1098A000A6EEA56A66EE866AA0EE260A37EEC00A24
:1098B000D4E7B1EE400A70470000800016733EBD49
:1098C0004423233E2CBEA7BEDB0F4940DB0FC93F1C
:1098D0002DE9F8430F4D8046F7F730F86C6A0746DC
:1098E000F7F72CF88742F7D14FF47A79094E09FB44
:1098F0000747F7F723F8756A0446F7F71FF884421D
:10990000F7D1ED1B09FB0454444501D200BFF0E739
:10991000BDE8F88300200040DFED207AB5EEC00AF4
:1099200060EE277AF1EE10FABDEEE77A04D517EE75
:10993000103A013B07EE103AB8EEC77A9FED180ACD
:1099400077EEC77A67EE807ABCEEE77A17EE103AC8
:109950009BB2B3F5007F1BD207EE103AB8EE470A70
:109960005A1C77EEC07A91B20E4AB7EE000A02EBAB
:10997000830302EB810230EE670AD3ED006A92EDB9
:10998000007A20EE260A67EE877A30EE270A7047C3
:1099900077EEC07A01210023E6E700BF83F9223E7B
:1099A0000000004454C604089FED227A20EE070A06
:1099B000F5EE007A30EE270AB5EEC00AF1EE10FAA5
:1099C000FDEEC07A04D517EE903A013B07EE903ACF
:1099D000F8EEE77ADFED186A70EE677A67EEA67A3E
:1099E000BCEEE77A17EE103A9BB2B3F5007F1BD2BC
:1099F00007EE103AB8EE470A5A1C77EEC07A91B2D9
:109A00000E4AB7EE000A02EB830302EB810230EE4E
:109A1000670AD3ED006A92ED007A20EE260A67EE1F
:109A2000877A30EE270A704777EEE67A0121002325
:109A3000E6E700BF83F9223E0000004454C6040854
:109A400010B4EFF3108172B60D4A0E48D2F85841A7
:109A5000D2F808240023C4F8C030C2F8C0300A4B42
:109A60001B680022DA634FF0010C41F2010280F81A
:109A700000C01A6481F310885DF8044B704700BF82
:109A80000010002078A30020909200200F4A38B5E3
:109A90001178EFF3108072B60D4B00241B68147020
:109AA00041F20102DC631A6480F3108861B1094D50
:109AB0002146D5F8580101F067FFD5F80804214682
:109AC000BDE8384001F060BF38BD00BF78A300207A
:109AD0009092002000100020F8B5384C384DD4F892
:109AE0005801002101F050FFD4F80804002101F0D2
:109AF0004BFF002240F2D66055F822301B685863B5
:109B00009863D863196A41F001011962196A41F03A
:109B100004011962196A41F010011962196A41F0D1
:109B200040011962196A41F480711962196A6C3234
:109B300041F48061D82A1962DED1224A224B126890
:109B4000196893682148224D43F0010393608B68A4
:109B5000026843F001038B60936843F00103936054
:109B60000220FDF77FFFF4F719FD2B68002741F273
:109B70000106DF6308211E642846FAF7B3FD0C21B5
:109B80002846FAF7AFFD134B93F8A83103B9F8BD97
:109B9000EFF3108172B6D4F808042B68D4F858514A
:109BA0000022C5F8C020C0F8C0200B4ADF630120A6
:109BB00010701E6481F31088F8BD00BF00100020F3
:109BC000608D0020C89A0020109B0020589B002028
:109BD00090920020C0E3002078A3002030B5194AFD
:109BE000194D1A4900234FF480300124C5E90010B3
:109BF000C5E90A2385B010222846AB602C61AC6110
:109C00002B62EB60EA612C636C61F6F7AFFE90B9F2
:109C10000294044600946946013428460194F7F7FB
:109C20001FF840B9102CF5D1094907482246F6F72C
:109C300049FF05B030BD074B012283F8CC2205B0A7
:109C400030BD00BF0100000FC89A00200020014075
:109C500054A30020C0E3002082B002AB03E903005C
:109C60002B49BDF80420884212D02A49884206D0E8
:109C70002949884225D04FF6FF7002B07047012A6B
:109C80001DD0022A4FF6FF7008BF092002B07047AE
:109C9000012A11D0022A24D0042A2AD0082A2CD042
:109CA000102A22D0202A2CD0402A2ED0802A4FF6EB
:109CB000FF7008BF0720E0E7002002B070470820CF
:109CC000DBE7012A13D0022A15D0042A0BD0082A78
:109CD00015D0102A17D0202A4FF6FF7008BF0F208A
:109CE000CBE70120C9E70C20C7E70420C5E70A201D
:109CF000C3E70220C1E70B20BFE70320BDE70D202B
:109D0000BBE70520B9E70E20B7E70620B5E700BF9F
:109D100000000240000402400008024000B583B089
:109D20006B4683E8030093E80300FFF795FF0F28D5
:109D300009D8074B33F8103000EE103ABBEECA0AD0
:109D400003B05DF804FBBFEE000A03B05DF804FB4E
:109D500054A3002000B585B06A4682E8030092E86B
:109D6000030002AB83E80300FFF776FF0F280DD84E
:109D7000094BDFED0A7A33F8103000EE103ABBEEF3
:109D8000CA0A20EE270A05B05DF804FB9FED040A1D
:109D900005B05DF804FB00BF54A3002033335340EB
:109DA000333353C02DE9F0412DED028B214EDFF806
:109DB0009880DFED218A9FED218A82B06F46204C8A
:109DC000204D04E00835B54204F10C042AD0206887
:109DD0000CF09EF80028F5D0AB882A680092ADF808
:109DE000043097E80300FFF737FF0F281ED838F834
:109DF000103007EE903AF8EE677A67EEA87A67EED1
:109E0000887A87EE887A206808350C3414ED020AC7
:109E100054ED017A77EEC07AA7EE870A0CF08CF841
:109E2000B542D4D10A20FDF71DFEC8E7BFEE007A87
:109E3000E9E700BF3C8C00200000803933335340F9
:109E4000BCE50020B48B002054A300200F2807D8C5
:109E5000054B33F8103000EE103ABBEECA0A7047DB
:109E6000BFEE000A704700BF54A3002007EE900A1F
:109E70009FED047A044BF8EE677A67EE877AC3EDBC
:109E8000007A7047CDCC7A3C640F002038B56C4B1B
:109E9000D3F8582192F89C1000295BD0D2ED307A8B
:109EA0009FED687A77EE877AD3F8083493F89C2090
:109EB0001AB193ED307A77EE877A634800F58043E4
:109EC00093F8A821002A48D0D3ED695AF5EEC05A7C
:109ED000F1EE10FA40F38D8093ED687A5B4AF1EE73
:109EE000676A76EEC76A92ED006A93F8B42166EE6F
:109EF000A56A86EE867A42B193ED6E5AD3ED6F6A0B
:109F0000B4EEE65AF1EE10FA78D4B4EE477AF1EEF8
:109F100010FA80F18E80DFED4E6AB4EEE67AF1EE53
:109F200010FA02DB4B4A01211170B5EEC07AF1EE56
:109F300010FA5BD4DFED466AB4EE667AF1EE10FA01
:109F4000C8BFB0EE667A66EE076A86EEA56A77EE5F
:109F5000867A06E0DFED3B7AA6E79FED3A7AB0EE2F
:109F6000476A3D4AD0ED114AD2ED006AD3ED705AEE
:109F70003A4937EEE65AF4EEE75AE4EE856AF1EE36
:109F800010FA81ED006AC2ED006A47D4D3ED716A20
:109F9000F4EEE76AF1EE10FA22DCF7EE007A37EE23
:109FA000C77AF0EE477AFEEECA7A17EE904AA4F12D
:109FB000280525EAE575631B272B35D9EFF31082B9
:109FC00072B6274B1B7843B1264B1B680021D9631F
:109FD00041F201011964DD631C6482F3108838BD0D
:109FE000BDE838401848082106F0C4BE9FED157A38
:109FF000A9E7BDE83840802106F0BCBE76EE454AB0
:10A0000076EEC56A84EEA65AB5EEC05AF1EE10FAA5
:10A0100048BF9FED0C5A37EE057A76E7BDE8384029
:10A020000948102106F0A6BE0748202106F0A2FE2E
:10A03000C4E7BDE838400448402106F09BBE00BF9D
:10A040000010002000000000C0A30020640F0020CA
:10A050003333733F80A3002084A300207CA300201F
:10A0600078A300209092002010B5094C0FCC86B048
:10A070000DF1040CACE80F002368CCF8003000218F
:10A0800001A8FDF7C1FC034B186006B010BD00BF6E
:10A09000E898030874A30020D0ED067AF5EEC07AA4
:10A0A000F1EE10FA0AD49FED0D7AF4EEC77AF1EED4
:10A0B00010FA07DD0A4BC0F8A83270470023C0F839
:10A0C000A83270479FED077A67EE877AFCEEE77A51
:10A0D00017EE903AC0F8A832704700BF300E03491F
:10A0E00000B6F7FF0000FA450368194001607047A9
:10A0F000036819430160704790F84C32B3B1D0F84F
:10A10000643223B11B69B0F868221A420FD1D0E93A
:10A110009431013B41F1FF31D0F8002102F540526A
:10A120004FF0010CC0E9943182F83CC97047D0E986
:10A130009431013341F10001EEE700BF836810B5AF
:10A14000044613B1032201469847204610BD00BFC4
:10A15000C0437047000000002DE9F04F0446416005
:10A160006381AB49AB4B23600C9BBDF9240022817A
:10A170008846A08103F5405B8A46B8E80F00DFED12
:10A18000A67A9FEDA61AC4ED067A002504F12407ED
:10A19000C4E904552577E58325840FC798E80700AF
:10A1A0004FF0010E87E8070084ED0E1A84F83DE0B9
:10A1B00084F83EE0BAE80F0004F1400CACE80F0070
:10A1C00098E8070064238CE80700C4F880300A236D
:10A1D000C4F88430924BC4F8B030DFED921A0C9B77
:10A1E0009FED912A9FED913ADFED913ADFED914A93
:10A1F0009FED915ADFED915AC4F80031F2EE042A36
:10A200008F4B9FED907AC4ED131AB3EE044A84EDA0
:10A21000142A84F858E0C4ED172A84ED183AC4EDE6
:10A22000193A84ED1A4AC4ED1B4A84ED1C5AA4F86D
:10A23000745084F87650A56784F87C50C4ED2D5A8C
:10A24000C4F804310A9BC4F8AC3002260B9BC4F856
:10A25000FC30C4E92255C4E92455C4E92655C4E9B3
:10A260002855C4F8A850C4ED2E7A84F8BC50C4ED2B
:10A27000307A84F8C450C4ED327AC4ED337A84F86D
:10A28000D05084F8D450C4F8D850C4ED377AC4ED17
:10A29000387AC4F8E460C4ED3A7AC4F8EC60C4EDEE
:10A2A0003C7AC4F8F460C4ED3E7A84ED427A84EDE1
:10A2B000437A84ED447A0D9BC4F858310E9BC4F860
:10A2C0005C310F9BC4F86031109BC4F864319FED82
:10A2D0004E6B119BC4ED457AC4E95A3504F26D29E1
:10A2E0004FF40063C4E94956C4E95C55C4E95E55BE
:10A2F000C4ED467AC4ED477AC4ED487AC4ED4B7A92
:10A30000C4ED4C7AC4F83461C4ED4E7AC4ED4F7A92
:10A31000C4F84061C4ED517AC4F84861C4ED537A81
:10A32000C4ED557AC4F85061C4E96055C4E962557A
:10A33000C4E96455C4E96655C4E96855C4E96A5579
:10A34000C4E96C55C4E96E55C4E97055C4E9725549
:10A35000C4E97455C4E97655C4E97855C4E97A5519
:10A36000C4E97C55C4E97E55C4E98055C4F840323F
:10A37000C4E9825584ED946BC4E98555C4E98755D9
:10A38000C4E98955C4E98B55C4E98D55C4E996558E
:10A39000C4E9A055C4F8105284F86C62C4F83C5269
:10A3A00084F84452C4F8485284F84C52A4F86052DD
:10A3B000C4F86452A4F86852C4F86D52C4F87152DB
:10A3C000A4F87552C4F8789284F87C52C4E9A25576
:10A3D0000A9BC4F8A852C4E9A455C4E9A655C4E927
:10A3E000A8551C630B9B1C600D9BCBF8D848C3F889
:10A3F00084400E9B1C600F9B1C61109B1C61119B79
:10A400002046DC60BDE8F08F000000000000000086
:10A41000FC980308A8A103080000000063141D4471
:10A420008CA50308000048430000C843CDCCCC3EB7
:10A43000DB0F4940000020420000C842C74B6B417F
:10A4400024A703080000807F404BDFED413A9FEDD9
:10A45000414ADFED414ADFED415A9FED416A9FEDF0
:10A46000417ADFED417A2DE9F04F00249E469B466C
:10A4700000238446C0E904440477836100F1240783
:10A4800000F14005BEE80F008FB0EA46AAE80F00D1
:10A490009EE807008AE80700BBE80F000DF11C09E1
:10A4A0004E46A9E80F009EE807004FF0010389E837
:10A4B0000700E8468DF819308DF81A308DF83430E1
:10A4C000B8E80F00CDED053A0FC798E807008DED0D
:10A4D0000A4A87E807000FCECDED0B4A0FC596E874
:10A4E00007000A2385E807006422CCE92023BCF892
:10A4F0000810BCF80A20DCF80430CCED185AB2EE93
:10A50000045AF3EE046ACCE92244CCE92444CCE9B1
:10A510002644CCE928448CED175A8CED196ACCED11
:10A520001A6A8CED1B7ACCED1C7AACF874408CF86E
:10A5300076408CF87C40CCF8A840ACF81E10ACF803
:10A540002020CCF878300FB0BDE8F08FFC980308DD
:10A5500063141D44000048430000C843CDCCCC3EEA
:10A56000DB0F4940000020420000C84210B5002225
:10A5700086B0CDE90322D0F840320B4A0B49B0F83F
:10A580000CC0ADF80CC00446CDE901129B08014691
:10A5900001A80593FDF738FA0123C4F83C0284F8BA
:10A5A000443206B010BD00BF55B40108F8C4040819
:10A5B00000B585B001A84FF0FF320121FDF784FA04
:10A5C00001A84FF0FF320121FDF77EFA01A84FF0FC
:10A5D000FF320121FDF778FA012005B05DF804FB98
:10A5E00010B4C28B124C102A94BF04EBC202224654
:10A5F000034692E8030083B06A4682E80300198CA0
:10A60000C3F85C021029908888BF0949A3F860024A
:10A6100098BF04EBC10103C982E803009288C3F824
:10A620006402A3F8682203B05DF8044B704700BFD2
:10A63000B48B002010B50446C0F8A800FFF7D0FF87
:10A640002368134A1B68934214D1D4ED067AF5EEC1
:10A65000C07AF1EE10FA04D50023C4F8A832012024
:10A6600010BD9FED0C7AF4EEC77AF1EE10FA05DD1D
:10A67000094BF2E720469847012010BD9FED077A6D
:10A6800067EE877AFCEEE77A17EE903AE5E700BFCF
:10A6900099A00108300E034900B6F7FF0000FA4503
:10A6A00010B5044682B0D0F85801019101F06CFA5F
:10A6B0000199D4F8580101F0A9FED4F860319A7AD2
:10A6C000B2B11A7D5B7D934212D08AB1D4F8783250
:10A6D0001B780B2B0CD04FF4805104F51270FFF750
:10A6E00007FDD4F84802B0FA80F0400902B010BD6E
:10A6F000D4F864319A7A002AF3D01A7D5B7D9342B4
:10A70000EFD0002AEDD0D4F878321B780B2BE8D0AC
:10A710004FF4005104F51270FFF7EAFCE1E700BFC7
:10A7200008B5037F83B1D0F8A82222B1013AC0F85E
:10A73000A822184608BD4FF4006100F51270FFF71B
:10A74000D7FC1346184608BD0123184608BD00BFB4
:10A750002DE9F04F2DED048B044683B00D46924653
:10A760009846EFF3108672B691ED007A91ED016A8A
:10A77000D0F85831CA68C0F81021C7EE066A93F8BD
:10A7800038202F690021C0F82811C0F83411C0F812
:10A790004011C0F84811022A00F5947E00F59A7C19
:10A7A00000F5A07004F5A471DFED857A40ED0E6A26
:10A7B00040ED0D6A40ED057A40ED047A40ED027AF5
:10A7C00040ED017AC0ED017AC0ED037AC4F814714E
:10A7D0004FF00007C4F8547116BFF0EE476AF0EE70
:10A7E000676AB0EE677A0027023AC4ED466A84EDE4
:10A7F000477AC4F8507118BF012283F8E02093F81B
:10A80000EC20C3F8E4E0022A1CBF022283F8EC200B
:10A8100093F8F820C3F8F0C0022A1CBF022283F884
:10A82000F82093F80021C3F8FC00022A1CBF022282
:10A8300083F8002194F8BC20C4F8B800022A1CBF99
:10A84000022284F8BC2093F88821C3F88411022ADC
:10A850001CBF022283F8882193F80821C3F8041151
:10A86000022A1CBF022283F8082194F8C430C4F8DD
:10A87000C010022B1CBF022384F8C43086F310885A
:10A880002046FFF795FED4F8580100F1C80101F009
:10A8900039F8D5ED047A94F86C32F5EEC07AF7EE1B
:10A8A000008AFFEE007AF1EE10FAB8BFF0EE678A88
:10A8B000002B7DD19FED439A99464FF0000B1EE08F
:10A8C000AB7E002B60D1D8F808308BB1B4EEC98ACA
:10A8D000F1EE10FA94BF01220022D8F80C308DF866
:10A8E00007200DF10701404698470646002863D02F
:10A8F0000120FDF7B7F894F86C32002B58D1D4F84A
:10A90000587197F89C60002E41D0D5ED047A94EDF3
:10A91000538A97F8383094ED557AC4ED457A38EE7D
:10A92000678A022BB0EEC88AD5ED057A18BF2A686F
:10A93000EB68C4F81031B4EEC98A08BF5A46F1EE8C
:10A9400010FA28EE877A68EEA77AC4F8182101D8A1
:10A950002B7ECBB9B4EEE77AF1EE10FA01DB6B7E19
:10A9600093B9D4F8AC0090F88E30002BA8D1B4EE97
:10A97000C98AF1EE10FAA6D8B9F1000FA3D10121CE
:10A98000B14602F0D7F99EE7BAF1000F09D10021D4
:10A99000384600F0F9FF304603B0BDEC048BBDE84B
:10A9A000F08F5646304603B0BDEC048BBDE8F08F07
:10A9B000D4F858710026EAE7D4F85871E7E700BFE9
:10A9C0000000000000000034F0B5C57D85B00446ED
:10A9D000002D40F03381EFF3108672B6002D00F0A9
:10A9E000DC80D4F8003103F5405393F8E82893F85D
:10A9F000F818022A1CBF022283F8E8280022C3F8B4
:10AA0000E42893F8F028022A1CBF022283F8F028D9
:10AA10000022C3F8EC2893F80029022A1CBF022266
:10AA200083F800290022C3F8FC28D4F8FC2002296E
:10AA300002F13802C3F8F42802D0022283F8F82881
:10AA4000D4F8000103F0E4FDD4F80021D4F8583123
:10AA500002F54051012081F83C0901F60C104FF03D
:10AA6000000CC0F800C093F8800102F5655208326E
:10AA70000228C3F87C211CBF022283F88021002D0C
:10AA800040F0D580D4F8AC20D2ED177AF8EEE77A12
:10AA900093F8380093F8ECC0C3ED637A821E18BFB8
:10AAA000012283F8E020BCF1020F03F5CE7293F887
:10AAB000F8C0C3F8E4201CBF022283F8EC2003F5A1
:10AAC000C872BCF1020FC3F8F0201CBF022283F849
:10AAD000F820002D00F0AE80D4F8FC20283294F845
:10AAE000BCC0C4F8B820BCF1020F1CBF022784F818
:10AAF000BC7093F800C1032808BF04F1F402BCF154
:10AB0000020FC3F8FC201CBF022283F80021002D95
:10AB100000F08980D4F8FC20303294F8C4C0C4F826
:10AB2000C020BCF1020F1CBF022784F8C4700328A8
:10AB300093F8880108BF04F1EC0202281CBF022030
:10AB400083F8880193F80801C3F884210228C3F828
:10AB500004211CBF022283F808219DB1D3ED087A9D
:10AB60009FED667AD4ED146AF8EEE77A01F61813D1
:10AB700067EE877A01F6081186EEA77A83ED007AF0
:10AB800081ED007A86F31088D4F8583193F89C60F0
:10AB9000002E68D0304605B0F0BDD4F8000100F5B5
:10ABA000405393F8C028012A6AD8554993F8F0C851
:10ABB0004FF42C7707FB0217BCF1020FD7F8AC70EB
:10ABC00007F1E007C3F8EC781CBF022783F8F078A0
:10ABD00093F800794030012FC3F8FC081CBF012016
:10ABE00083F800094FF42C7000FB021093F8E8780A
:10ABF000D0F8AC00022F00F1D000C3F8E4081CBF6D
:10AC0000022083F8E8084FF42C7000FB021293F83E
:10AC1000F818D2F8AC20022902F1D802C3F8F428BF
:10AC20007FF40BAF0CE7D4F8AC20A43275E7F7EE55
:10AC3000007A2DE7D4F8AC209C3250E70023029331
:10AC400001226B4600F14001FFF782FD029B0646A0
:10AC50001BB16946032208469847002E7FF4BBAE1D
:10AC6000304605B0F0BD2046FFF7A2FCD4F85801ED
:10AC700000F1C80100F046FE0126304605B0F0BDE7
:10AC800093F8F028C3F8EC58022A1CBF022283F87C
:10AC9000F02893F8E828022A0CBF00220022C3F80B
:10ACA000E42893F800291CBF022183F8E818022A3F
:10ACB0000CBF00220022C3F8FC2893F8F8281CBF20
:10ACC000022183F80019022A17BF02210022002264
:10ACD00083F8F818C3F8F428102103F0CBFB86F3AF
:10ACE00010880026304605B0F0BD6846FFF726FA0A
:10ACF0001DF01AFC86F310881DF016FCDB0FC9400E
:10AD000000100020F8B5D0F8002102F540530446A9
:10AD100003F6141540F202202DED028BD2ED147AC9
:10AD2000108300210122296003F6181083F83C29C2
:10AD300003F61C13F1EE677A0022C0ED007A196069
:10AD40004FF4805084F87C22FFF702FA04F5127663
:10AD500001463046FFF7C8F92046FFF735FE94F864
:10AD60006C325BB1AFE0D4F86021157DE5B9FCF73A
:10AD700079FE94F86C32002B40F0A580D4F858315D
:10AD800093F89C200120002AEDD11846002100F004
:10AD9000FBFDD4F8003103F56453002200259A61CD
:10ADA000BDEC028B2846F8BD0021184600F0ECFDF2
:10ADB000D4F8003103F5645300279F614FF48050AD
:10ADC000FFF7C6F901463046FFF78EF9D4F8AC30EC
:10ADD00093ED358AD4F8003140F203521A832046AD
:10ADE000FFF7F2FDD4F86021D4F80031D2ED007AFB
:10ADF00094F86C2203F5405377EE887A03F6141129
:10AE0000C1ED007A03F6041181ED008A03F6081102
:10AE10000F600121A3F83C1972B165E0D4F800314C
:10AE200003F5405393F83D59002D4FD1FCF71AFE1E
:10AE300094F86C32002B4ED1D4F8582192F89C1023
:10AE400001200029EAD1104600F09EFD002DA7D078
:10AE5000D4F8AC00036800211B689847D4F800318F
:10AE6000616803F5405393F8C0288A4210D0012A44
:10AE70000ED8204B4FF42C7101FB02320021D2F886
:10AE8000AC0003681B689847D4F8003103F54053C1
:10AE900003F6141100220A6003F6041101260A6069
:10AEA00003F6081130460A6083F83C69FCF7DAFDC6
:10AEB000BDEC028BD4F8485284F87C62B5FA85F573
:10AEC0006D092846F8BDD4F858315EE700211046D8
:10AED00000F05AFDBCE7D4F85801294600F054FDB3
:10AEE000BDEC028B2846F8BDD4F85801002100F0D3
:10AEF0004BFDADE70010002030B5044683B0FFF7EE
:10AF000063FD637D04F51775002B41D0264B00943B
:10AF100000220121284607F071F900283ED00123C4
:10AF200084F84C3294F86C322BB10BE0FCF79AFDAC
:10AF300094F86C3233B9D4F8583193F89C3001202E
:10AF4000002BF3D1637D0BB1A37D8BB9002384F873
:10AF50004C32284607F030FAD4F85801002100F0AE
:10AF600013FDD4F84802B0FA80F0400903B030BDB8
:10AF70000D4B009400220121284607F03FF918B933
:10AF80000A4B012283F8CC22012384F84C32E3E7F8
:10AF900084F84C32284607F00FFAC3E7034B01222E
:10AFA00083F8CC22BBE700BFF9A00108C0E3002072
:10AFB00010B5D0F85831044682B0D868F2F7DCFFFB
:10AFC000D4F86831C4F858021A68184613689847CC
:10AFD000637D0BB1A37DCBB9002384F84C3204F51B
:10AFE000177007F0E9F906E0D4F8580100F02CFDDD
:10AFF0000120FCF737FD94F86C32002BF4D0D4F824
:10B000004802B0FA80F0400902B010BD084B00942D
:10B010000022012104F5177007F0F0F818B9054B6C
:10B02000012283F8CC22012384F84C32E3E700BFED
:10B03000F9A00108C0E300202DE9F04F2DED028BAF
:10B0400000F26E2600F27727DFEDB78A9FEDB78A10
:10B0500085B0054600F15C09A7EB060895F86C324F
:10B06000CBB1022B00F06681032B00F09581012209
:10B0700085F86E2285F86D320222AB18002283F823
:10B080006D22012085F86C22FFF762F8014605F574
:10B090001270FFF729F8D5F878321B78013B0C2B9A
:10B0A00012D8DFE813F03A01110011002701110056
:10B0B0002D011A01EA00CC00A20089007D002200C7
:10B0C0004FF4007101F0CCFD012105F51270FFF77E
:10B0D0000FF80022D5F87832C5F86D22C5F8712234
:10B0E000A5F8752201221A70B8E7D5F8583193F8FF
:10B0F0009E30002BE8D0D5F8AC0090F86530002BDE
:10B10000DED001F08BFF0446002CE2D005F26D2466
:10B11000311B4145A7EB040C00F08580ACEB010E20
:10B12000714521DA012900F06181BEF1000F04EBC5
:10B1300001030DDD601E03EB0E0B10F8012F93F8D9
:10B1400000A080F800A003F8012B5B45F5D1744402
:10B150009CFBF1F301FB13C3002B6CD08C46C91A86
:10B16000ACEB010E7145DDDBBEF1010F00F0338168
:10B1700004EB0C020029A2EB0E0340F3D2805C1A10
:10B1800013F8011D12F8010D1870A3421170F7D1C8
:10B190009CFBFEF10EFB11C100294CD0F446BDE72B
:10B1A000D5F8583193F89E30002B8DD0D5F8AC00EF
:10B1B00001F0A8FE0446A7E7D5F86021D5F80031D4
:10B1C000927A93F818B093F819A0002A40F01981E8
:10B1D0004FF4003105F51270FEF78AFFD5F8003103
:10B1E00083F818B083F819A073E7D5F8583193F8AD
:10B1F0009E30002B3FF468AFD5F8AC0001F034FE70
:10B2000000283FF466AFD5F85831D5F8AC0093F874
:10B21000381005F26D2401F0DDFC311B4145A7EB30
:10B22000040C7FF47BAF95F86D3295F86E2285F8AB
:10B230006D2285F86E32002385F876320EE7D5F858
:10B24000583193F89E30002B3FF43EAFD5F8AC3028
:10B25000DB6D002B3FF438AF00226B464946284691
:10B260000292FFF775FA029B0446002B3FF44CAFA5
:10B27000032269466846984746E7D5F8583193F85F
:10B280009E30002B3FF420AFD5F8AC30DB6D1BB9FE
:10B29000EB7D002B3FF418AF2B68254A1B689342C7
:10B2A00040F0CC80D5ED067AF5EEC07AF1EE10FADA
:10B2B00000F1B780F4EEE87AF1EE10FA00F3C18005
:10B2C00067EE887AFCEEE77A17EE903AC5F8A83276
:10B2D0002846FFF711FE044616E7D5F8583193F8D3
:10B2E0009E30002B3FF4F0AED5F8AC0001F082FFA9
:10B2F000044609E7D5F8580100F0EEFD044603E7DF
:10B30000D5F8583193F89E30002B3FF4DDAED5F8D8
:10B31000AC0001F073FD0446F6E62846FFF748FE50
:10B32000F4E61C4634E700BF300E03490000FA453E
:10B3300099A00108297C00294BD0042285F86D22B0
:10B3400001211A46687C50B1D5F8AC3093F85830DA
:10B350002BB16B180620114683F86D020132A87CD0
:10B3600028B16B180720114683F86D020132287D41
:10B3700028B16B180B20114683F86D020132E87C6E
:10B3800028B16B180820114683F86D0201326B1842
:10B39000012183F86D1270E6D5F8AC108A8E042076
:10B3A000012A85F86D0237D00223012291F8581046
:10B3B00029B1A91806201A4681F86D020133A81890
:10B3C0002B440724012180F86D42023283F86D126C
:10B3D00053E60122B6E70CF1FF3214F802A042BB9B
:10B3E000002384F800A085F8763237E6BCF1010A24
:10B3F00094F800B017D1002304F80AB085F876322B
:10B400002CE62846FFF77EFCD5F80031044683F889
:10B4100018B083F819A077E60C2285F86E22022274
:10B42000C4E7002352E75246611C2046E5F74CFB77
:10B43000E1E72146601CE5F747FBD1E7284698473E
:10B4400046E7034B42E76846FEF778FE1DF06CF8CE
:10B4500000B6F7FF08B5FFF7EFFD00BF4068704783
:10B4600090F824300022826113B1002380F8243048
:10B47000704700BF82B010B483B00DF1080C9DF886
:10B480001C4005930CE906000246002C45D090EDC7
:10B49000077ADDED054A9FED324A90ED015AD0ED75
:10B4A000055A90ED026ADDED066AD0ED067AC0ED30
:10B4B000044A76EEC76A25EE045A75EEE45A26EE83
:10B4C000046AE5EE257AA6EE267AD2ED036A80EDCF
:10B4D000077AB0EEE77AF4EEC76AF1EE10FAC0ED43
:10B4E000067A2BD49DF804308BB3DDED006A9FED16
:10B4F0001D7A66EE876AB7EE006A86EE267A012329
:10B500000020002182F8243067EE277AC2ED087A05
:10B5100003B05DF8044B02B07047DFED136AB0EE84
:10B52000667AC0ED046AF0EE667AC0ED066AD2ED86
:10B53000036AF4EEC76AF1EE10FAD3D50B4B9361B0
:10B540000120002103B05DF8044B02B070474FF0BA
:10B550000040002103B05DF8044B02B0704700BF0B
:10B560006F120339ABAA2A3F000000000000C07F21
:10B5700000230372704700BF82B010B483B00DF196
:10B58000080C9DF81C4005930CE90600089A44B38A
:10B59000037ADDED057A63B9012302610372C0ED20
:10B5A000057A82610021002003B05DF8044B02B0EF
:10B5B000704790ED017A90ED056AB5EEC07A37EEEE
:10B5C000C66A90ED077AFFEE006AF7EE005AF1EED8
:10B5D00010FAB8BFF0EE656AA6EE267A80ED077A1B
:10B5E000DDE74FF08040002103B05DF8044B02B06E
:10B5F000704700BF10B5034B036004461DF05EF8B2
:10B60000204610BD5CA2030810B5054B036004463C
:10B610001DF054F8204608211CF084FE204610BD81
:10B620005CA2030890F8241011B90020042170478F
:10B63000117AD0F820C081B10021C2F800C0516059
:10B64000D0ED087A90ED047A67EE877A01221A71BC
:10B65000C3ED007A002000217047002151600121D4
:10B66000C2F800C01172EBE710B5D0E900412243E7
:10B670000B43C0E9002310BD036819430160704704
:10B6800013499FED147AD1ED007A117A67EE877A2B
:10B69000F7EE006A86EEA77AD0ED017AF1EE677ACE
:10B6A000C0ED017A67EE277A51B10021C2ED007A30
:10B6B00051600021012219601A7100200021704799
:10B6C00000200121C2ED007A50601172F1E700BF45
:10B6D000640F0020ABAA2A3F10B5044608201CF0D6
:10B6E000E7FE0349034AC0E9001403491DF0B2FB19
:10B6F0005CA20308F5B50108E8A10308094B0A4A52
:10B700005B6A10B45B0014789BB25A1A14B1C0E99A
:10B7100000138260C3685DF8044B934238BF134640
:10B72000C3607047001C0040FC0F002000000000B8
:10B73000DFED697ADFF8B8C1027187EEA77AC0F849
:10B7400048C00722DFF8ACC10262C0F84CC04FF01D
:10B750008042DFF8A4C18262C0F850C05F4ADFF8BF
:10B760009CC14263F0B5C0F854C09FED5D6ADFF83C
:10B7700090C1DFED5C6A069E079D059F01604FF05A
:10B7800082420021C3600264574BC0F870C04FF082
:10B79000FF4E4FF07E5C554A01774362C0ED0B7A55
:10B7A000C0ED0C7A80F83810C3638365C0F844E0BC
:10B7B000C36580F860104366A0F86C10466185612F
:10B7C00080ED020A0761C0F868C080ED1E6AC0ED16
:10B7D0001F6A9FED3F6BC0F8C82027EE277A203202
:10B7E000C0F8DCC0C0F8CC204FF0010C0222C0E948
:10B7F0002111C0F874E0C0F88C10C0ED267AA0F8D2
:10B800009C1080F89E1080F8AC10C0ED2C7AC0ED32
:10B810002D7AC0ED2E7AC0ED2F7AC0ED307AC0EDD2
:10B82000317A80F8E010C0ED397AC0ED3A7A80F8CC
:10B83000EC10C0ED3C7AC0ED3D7A80F8F810C0ED18
:10B840003F7A80F80011C0ED417A80F8081180F845
:10B85000101180F81C1180ED246B80F8281180F8FD
:10B86000301180F8381180F8441180F85011C0ED83
:10B87000577AC0ED587AC0ED597AC0ED5A7AC0EDCA
:10B880005B7AC0ED5F7A80F8801180F88811C0ED96
:10B89000617AC0F89021C0F89C21C0F87031306204
:10B8A00080F8D8C0C0ED5D7AC0ED5E7AC0ED637AF5
:10B8B000C0ED657AC0ED667AC0ED687AC0ED697A50
:10B8C000C0F88000C0ED347A80ED357A2862F0BD92
:10B8D0000000000000000000000000000AD7233D27
:10B8E000CDCCCC3DCDCC4C3E00002041D4A60308AD
:10B8F0000000704200007A440000C8420000F0429C
:10B90000000080FFD0F8843070B50446D3F8680199
:10B9100003685B680D469847EFF3108672B6D4F85B
:10B920008430C4F8A851D3F8000102F08FFDD4F898
:10B930008430D4F8A8010022C3F8DC2010B10368D9
:10B940001B6898470E4B93F8A83113B10D4B1B7829
:10B950003BB140F20113A4F89C3086F3108801201B
:10B9600070BD4FF40002002304F19000FFF77CFE4D
:10B9700086F31088012070BD86F310881CF0D4FD7A
:10B98000C0E3002078A3002038B50C46EFF3108CFC
:10B9900072B60021036890F89C50A0F89C101B68B8
:10B9A0005A6C22F480425A645A6C22F400425A645F
:10B9B000C0F8A8118CF310881DB904B125700120BE
:10B9C00038BDFEF763FAF8E7D0ED0B7A90ED0C6A1C
:10B9D000D0ED136A90F8D83086EE277A67EEA67A13
:10B9E00027EE277A23B1C0ED347A80ED357A70479F
:10B9F0000123C0ED347A80ED357A80F8D830704775
:10BA0000D0ED0B7A90ED0C6AD0ED136A90F8D83037
:10BA1000027FC0F8800086EE277A80F89E2067EECD
:10BA2000A67A27EE277A2BB1C0ED347A80ED357AED
:10BA3000012070470123C0ED347A80ED357A80F81B
:10BA4000D8300120704700BF10B52DED028B0446A1
:10BA500082B0406900F0CCFEA06900F0C9FE94ED10
:10BA6000028ADFED137A94ED120AE06828EE278A45
:10BA700001A988EE000AF2F7B5F9A0B1E068DDEDA2
:10BA8000017AF7EE006A86EEA77ADFED0A7A84ED96
:10BA9000317A27EE088A68EE277A84ED5D8AC4ED54
:10BAA0005E7AF2F7BBFA02B0BDEC028B10BD00BFAC
:10BAB0001F859B3FCDCCCC3D10B504469030FFF7A1
:10BAC000D3FDD4F884009FED167A402100F5127062
:10BAD000FFF7D2FD134BD3EDB77AF8EE677A67EE36
:10BAE000877AC4ED267AEFF3108C72B600212368B2
:10BAF00094F89C00A4F89C101B685A6C22F48042B5
:10BB00005A645A6C22F400425A64C4F8A8118CF3A7
:10BB1000108800B910BDBDE81040FEF7B7B900BFEE
:10BB20006F120339C0E30020F8B505460C461646EF
:10BB3000EFF3108772B6124B93F8A83113B1114B83
:10BB40001B7893B12B6822881B685A6362889A63BA
:10BB5000A288DA6336B995F89C201AB15A6C42F47F
:10BB600080425A6487F31088F8BD4FF40002002326
:10BB7000FFF7A2FFE6E787F310881CF0D5FC00BFB3
:10BB8000C0E3002078A30020D0F8843090ED0F0AA5
:10BB9000D3F8583110B593F83820022A2DED028BD6
:10BBA000044627D0D3ED5D8AB4EEE80AF1EE10FA30
:10BBB000D8BFF0EE408AA06903689B689847606927
:10BBC0000368F4EEC08AF1EE10FAB0EE408A9B688A
:10BBD00094ED0F0AD8BFB0EE688A9847B4EEC08AD9
:10BBE000F1EE10FAD8BFB0EE480ABDEC028B84ED3E
:10BBF0005C0A10BD074BDFED087AD3ED008A68EED2
:10BC0000A78AB4EEE80AF1EE10FAD8BFF0EE408A47
:10BC1000D1E700BF640F00207CD8103F90F8383087
:10BC200090ED5C0AD0ED0D7A032B09D020EE270AA7
:10BC3000B5EEC00AF1EE10FA0FD59FED0D0A704770
:10BC4000D0F8843020EE270AD3ED377A20EE270A89
:10BC5000B5EEC00AF1EE10FAEFD4D0ED117AB4EEE1
:10BC6000670AF1EE10FAC8BFB0EE670A704700BF6E
:10BC700000000000A2F5BA7C40F617539C4510B5B1
:10BC8000044617D8A2F5006307EE903A9FED0F7AAD
:10BC9000D1ED316AF8EEE77A012367EE877A91ED0C
:10BCA000027A037167EEA67A67EE877AC0ED007AB2
:10BCB000204610BD01F190004FF480620023FFF791
:10BCC000D3FC00232371204610BD00BF3333533A09
:10BCD00030B52DED028B8BB000230993CDE90633EF
:10BCE00004933B4B029301233A4A3B4C8DF824309A
:10BCF00069464FF07E530094B0EE408ACDED030AC2
:10BD0000054608928DED050A40F6B8340193FFF719
:10BD1000F9FD08E0D3F8583193F89C3053B1FBF7A4
:10BD2000A1FE013C06D0D5F8843093F86C220120A6
:10BD3000002AEFD095F89C40EFF3108C72B60021EA
:10BD40002B6895F89C00A5F89C101B685A6C22F48F
:10BD500080425A645A6C22F400425A64C5F8A81111
:10BD60008CF3108848BBDDED066A9DED057AC6EEC2
:10BD7000877AF4EE677AF1EE10FAC5ED0C7A1FD6E9
:10BD8000DDED077AF4EE677AF1EE10FA0AD6F0EEFE
:10BD9000E77A87EE887ADFED117AB4EEE77AF1EE92
:10BDA00010FA05DD002208232846FFF785FE00244F
:10BDB00020460BB0BDEC028B30BDFEF767F8D2E732
:10BDC000012200232846FFF777FE0024D8E700BFB2
:10BDD0000000A0420000C07F70A20308CDCC4C3E02
:10BDE00030B589B000233749059100228DF808301D
:10BDF000049306936946344B0392054607928DEDF2
:10BE0000010A40F2E2440093FFF77CFD08E0D3F81A
:10BE1000583193F89C3053B1FBF724FE013C06D017
:10BE2000D5F8843093F86C220120002AEFD095F8E1
:10BE30009C40EFF3108C72B600212B6895F89C00A3
:10BE4000A5F89C101B685A6C22F480425A645A6C04
:10BE500022F400425A64C5F8A8118CF3108870BB14
:10BE6000069B049ADFED196ADDED075A9B1A07EE6F
:10BE7000903AF8EE677A87EEA67ADDED017ADFED8B
:10BE8000146A85EE876AF0EEE77A87EE867AB4EE7A
:10BE9000E67AF1EE10FA85ED0B7A06DBDFED0D7A2E
:10BEA000B4EEE77AF1EE10FA06D90222002305F18A
:10BEB0009000FFF7D9FB0024204609B030BDFDF704
:10BEC000E5FFCDE70000C07F8CA20308A037204D1E
:10BED000BD3706366F12833B10B590F838302DED24
:10BEE000028B0446E3B1032B1AD0022B22D1D4EDEE
:10BEF0000B7A94ED0C6AD4ED136A94F8D83086EE80
:10BF0000277A67EEA67A27EE277AFBB1C4ED347A5A
:10BF100084ED357ABDEC028B012084F89E0010BDC3
:10BF200094ED0A8A94ED090AF0EE480A2046FFF7DC
:10BF3000CFFE18B9BDEC028B002010BDB0EE480A50
:10BF40002046FFF74DFF0028D1D1F3E70123C4EDD0
:10BF5000347A84ED357A84F8D830DBE782B02DE985
:10BF6000F0410446D4ED1F7A8B48D4F88460456ACA
:10BF7000B1EE0E7A8AB067EE877A10A894ED2F7A28
:10BF800080E80C00D4F88830B4EEE77A6D00013315
:10BF9000F1EE10FA0F46ADB2C4F888300BDB94ED29
:10BFA0002C7AD4ED5E7AF0EEC76AF4EEE67AF1EE22
:10BFB00010FA00F38B8094F89D305A1E012A40F24B
:10BFC000BA8094F8AC30002B7CD1744804F0F8FEB1
:10BFD00094F8AC30002B5ED0D4ED297A94ED287A19
:10BFE000D4ED2A6AD4ED105A9FED6D6A67EEA77AF8
:10BFF000E7EE077A94ED5C7AE6EEA67A37EE257ADC
:10C0000067EE867A27EE077AB4EEE77AF1EE10FA59
:10C0100000F19F80D4F8A8C1BCF1000F23D0614B80
:10C020001B680493DCF80030D3F8048094F8AC303B
:10C0300001228DF81420002B38D18DF8243003977D
:10C040000AAA12E907008DE8070004AF97E8060086
:10C05000069B6046C04750EA010304D002460B46E7
:10C060002046FFF729FD4C4B4F4A5B6A11785B0075
:10C070009BB25A1B19B1C6E98753C6F82422D6F8D9
:10C080002832934238BF1346C6F828320AB0BDE8BA
:10C09000F04102B0704794F89C30002BBAD04FF0BA
:10C0A000804200232046FFF707FDB3E7D4F8A03015
:10C0B0000693D4F8A4300793D4F8A8308DF8242040
:10C0C0000893BCE7002384F8AC307EE7D4ED2D6AFA
:10C0D000B0EEE66AF4EEC67AF1EE10FA7FF76BAFD7
:10C0E00094ED2E5A94F89D30B0EEC56AF4EEC67AFF
:10C0F000F1EE10FA03F1FF327FF760AF012A1AD98F
:10C100009DF84C30002B3FF45CAFDDED105A9DEDF7
:10C11000116ADDED127A94F8AC3035EEC77A76EE1E
:10C12000666A77EEC57A33B384ED287AC4ED296A5E
:10C13000C4ED2A7A49E794F8AC208AB10022C4F809
:10C14000A020C4F8A420C4F8A820013384F89D30AE
:10C150003BE74FF4805200232046FFF7ADFC59E740
:10C160000022C4F8A020C4F8A420C4F8A82001220A
:10C1700084F8AC20E9E7012384ED287AC4ED296A2C
:10C18000C4ED2A7A84F8AC301FE7294606F507701B
:10C19000FFF7B4FA1CF0C8F9001C0040C0A300204F
:10C1A000ABAA2A3F640F0020FC0F002082B030B4FD
:10C1B0002F499DF81450496A02AC490084E80C00EC
:10C1C000D0F884408AB2002D48D09FED2A3A90EDF5
:10C1D0001F7A90ED2C6AD0ED2D6ADDED024A9DEDBF
:10C1E000035ADDED045A90ED2F4AC3EE077AF7EEBD
:10C1F000003A90ED2E7AF4EE637A74EEC64A35EE8C
:10C20000665A75EEC75AF1EE10FAC8BFF0EE637ABF
:10C21000A4EEA76AE5EE276AA5EEA77A34EE034AF4
:10C2200080ED2C6A80ED2F4AC0ED2D6A80ED2E7ACC
:10C230000F4B11495B6A08785B009BB2991A18B1E1
:10C24000C4E98323C4F81412D4F818328B4238BFDF
:10C250000B46C4F8183230BC02B070470023C0F857
:10C26000B030C0F8B430C0F8B830C0F8BC30DFE748
:10C27000001C00406F120339FC0F0020F0B55E4A2D
:10C280005E4B566AD0F88C20D0F88470D0F8A85154
:10C29000013289B0C0F88C200022CDE90322044687
:10C2A0008E4693E8070076000DF1140C8CE8070029
:10C2B000B6B2002D79D06246D5F800C0284603AB4F
:10C2C000DCF808507146A84794F89C30B3B350EAA4
:10C2D00001037AD19FED4A6ADDED056A9DED067A8C
:10C2E000DDED077A66EE866A27EE067AFCEEE66AF0
:10C2F00067EE867A16EE903ABCEEC77AFCEEE77AE5
:10C30000ADF8043017EE103AADF8063017EE903A5B
:10C31000002201A92046ADF80830FFF705FC94F88B
:10C320009C305BB19DF8103013B1DDED037A0EE067
:10C330004FF0804200232046FFF7BEFB9FED317A8D
:10C340000123F0EE477A8DED037A8DF8103094EDED
:10C350001C7AC4ED307AB4EEE77AF1EE10FA1DDC07
:10C3600094ED1D7AB4EEE77AF1EE10FA16D4FDF7EB
:10C370008DFD214B244A5B6A11785B009BB29A1BAE
:10C3800019B1C7E98B63C7F83422D7F83832934222
:10C3900038BF1346C7F8383209B0F0BD4FF48002F9
:10C3A00000232046FFF788FBE1E794F89C30002B40
:10C3B000C4D023681B685B6C29464FF4001002460A
:10C3C0000B462046FFF778FBA9E723681B685B6CE8
:10C3D00013F40043F3D1042908BF9842EFD100229F
:10C3E000012303928DF810309FE7314607F50B705B
:10C3F000FFF784F91CF098F8001C00401899030816
:10C4000000C05A4500000000FC0F002038B505466A
:10C41000C068F1F739FDE868F1F7D4FC98B1A86974
:10C4200000F024FA044630B1686900F01FFA0446AF
:10C4300088B1204638BD28464FF400320023FFF76C
:10C440003BFB204638BD0446082228460023FFF760
:10C4500033FB204638BD4FF4802200232846FFF7E7
:10C460002BFBE6E770B52DED048B90F88031022BA5
:10C4700082B0044600F0D580012B00F0BF80002B75
:10C4800040F0708190ED5F7AD4F89C31D4ED637AFE
:10C49000012B27EE277A00F0BF809FEDB76AF0EE00
:10C4A000466AD4F88450D5F8583193F83820D3ED43
:10C4B0005C7A032A00F0D2809FEDB06A27EEC68A2C
:10C4C000F4EEC86AF1EE10FA08D427EE868AF4EE8C
:10C4D000C86AF1EE10FAD8BFB0EE668AD3ED0D6AE5
:10C4E000C7EE268A28EE480AA7EEA70AB5EEC00ACC
:10C4F000F1EE10FA00F2A8809FEDA19ADFED9E7A8E
:10C50000F4EEC98AF1EE10FA08D4F4EEE87AF1EE0E
:10C5100010FA54BFB0EE689AB0EE679A022A06D0BD
:10C52000002384ED688A84ED699AC4F89C31954BA8
:10C530005E6A05F1B0007600B6B201F0C9FD914B1C
:10C5400091495B6A09785B009BB29A1B19B1C5E9F6
:10C550007763C5F8E421D5F8E831934238BF134634
:10C56000C5F8E83194F88831022B00F09E80012B49
:10C5700000F0E280002B40F0F580D4ED616A94F881
:10C580006C30002B00F0A28094ED0B6ADFED7A7A1C
:10C59000D4ED0C5A94F86D3026EE866AB0EE677AC8
:10C5A000A9EE467AE6EE087AA5EE887AE9EE257AD3
:10C5B0006BB194ED086AD4ED0D4A9FED745AB8EE54
:10C5C000C66A66EE856AC4EE865AE6EEA57AD4F8A7
:10C5D0008430D3F8583193F83830022B04BF38EE4A
:10C5E000077A79EE277A002384ED657AC4ED667ABE
:10C5F000C4F8903102B0BDEC048B70BDD0F87C3132
:10C60000B3B193ED007AD4F89C31D4ED637A012B69
:10C6100027EE277A7FF441AFD4ED686A94ED696A1A
:10C620003FE7D0F87C311BB11A68002A00F0818006
:10C630004FF08052002304F1900002B0BDEC048B57
:10C64000BDE87040FFF710B8B5EE400AF1EE10FA01
:10C6500079D4F1EEC07AB1EE679A51E794F86000B0
:10C66000E0BB9FED466A27EEC68AB4EEE68AF1EE9D
:10C6700010FA08DC27EE868AB4EEE68AF1EE10FAAC
:10C6800058BFB0EE668AD5ED375AD4ED166A93EDF1
:10C690000D6AF4EEE65AF1EE10FA58BFF0EE656A54
:10C6A00066EE266AC7EE268A1CE7D4F8843123B1E9
:10C6B0001A6812B9D3ED016A61E794F86C3013B9C6
:10C6C00094F86D3083B34FF00062B3E794F86D30A7
:10C6D00053B3DFED297AB0EE677A6AE7B0EEC66A47
:10C6E000F4EEC66AF1EE10FA4CBF94ED195A94EDCF
:10C6F0001A5ADFED275A94ED178A36EE666A26EE4F
:10C70000056AE6EE256AF4EEC86AF1EE10FABAD4CC
:10C710009FED208A27EE888AF4EEC86AF1EE10FABF
:10C72000D8BFB0EE668AAEE79FED137AF0EE477A97
:10C730004DE793ED017AA7E6D4F88431002BBCD005
:10C74000D3ED006A1BE70191E3F7EAFDD4F88450CA
:10C750000199D5F85831F0EE407A93F83820B1EECF
:10C76000409ACDE60C48FEF7B7FF314605F5EE706E
:10C77000FEF7C4FF1BF0D8FE00000000A4707D3F50
:10C7800000000080001C0040FC0F0020ABAA2A3FE4
:10C790006F1203396666663FACA10308C3691B7854
:10C7A00003B3D0E90532D0ED046AD2ED007A93EDFF
:10C7B000007A77EEE66A37EEC77AC6EE877A67EEDA
:10C7C000807AF5EEC07AF1EE10FA0CD4F4EE677AC6
:10C7D000F1EE10FA07D6F4EEC07AF1EE10FAD8BFF7
:10C7E000B0EE670A7047DFED017AF4E70000000061
:10C7F00010B504468088FDF729FBD4E90232DFED4D
:10C80000197A4AB103EB8202B3EC017AA0EE277ADF
:10C810009A42F0EE477AF7D1D4ED096A9FED126A99
:10C8200094ED0A7A77EEE67AE7EE866AF0EE477ADA
:10C8300076EEC75AC4ED096AE5EE867AF4EE677AB9
:10C84000F1EE10FAC4ED0A7A02D6C4ED047A10BDF6
:10C850009FED047AF0EE477A84ED097A84ED0A7A46
:10C86000F3E700BF000000000BD7A33AC3691B78B1
:10C8700083B1836990ED047AD3ED007AF1EE046A16
:10C8800077EEA67AB4EEE77AF1EE10FAB4BF0120A3
:10C89000002070470120704730B500F12C05C0E939
:10C8A00002230D4C4561002300F13005C0E9083337
:10C8B0000A4A818004610A490A4C8561836200F159
:10C8C0003405012300F1240EC5610460C1620263D6
:10C8D00080F8343030BD00BF0000C07F0000F0425F
:10C8E0000000C84200A4030870B5194B194DDFF8C9
:10C8F00070C0044693E8030082B06A4604F12C0637
:10C9000082E80300A66004F14006256166614FF6E7
:10C91000FF7504F1440600230421A580A6610E489A
:10C920000E4DE16004F14806A1872064C4E9083394
:10C9300092E80300E661A3622560C4F844C084F86D
:10C940004830FDF789F9A080204602B070BD00BFD5
:10C95000D48B00200000C07F0000C84214A403084C
:10C960000000F04210B5828F094BC064102A98BFB6
:10C9700003EBC203044693E8030082B06B4683E8EE
:10C980000300FDF769F9A080012002B010BD00BFCF
:10C99000B48B002010B5828F084B102A98BF03EB90
:10C9A000C203044693E8030082B06B4683E80300A9
:10C9B000FDF752F9A08002B010BD00BFB48B00207B
:10C9C000EFF3108372B6826807EE901A1268C0F80F
:10C9D0009010F8EEE77AA0F8EA10C0ED2B7A5162D9
:10C9E00083F31088704700BF0B781BB103680122E6
:10C9F00083F8F620012070470B781BB103680122F1
:10CA000083F8F720012070473AB1012A09D0022AA1
:10CA100004BF0B68036000207047034B03600020D5
:10CA20007047016000207047A4A403083AB1012AAE
:10CA300009D0022A04BF0B68036000207047034B33
:10CA4000036000207047016000207047ACA4030819
:10CA500003881943018070470368194301607047D8
:10CA6000084070472DE9F04782B08446816000F1AC
:10CA7000140400F10C0102A800E90C004E48CCF8A7
:10CA8000000081E80C000AAB93E803000CAB84E8DB
:10CA9000030093E803000CF11C0383E803000EABD2
:10CAA00093E803000CF1240383E80300434BCCF824
:10CAB0003C30434BCCF84430424A434E109DCCF8B6
:10CAC00038204FF4005300244FF0000ECCF85030C3
:10CAD0003E4ACCF82C5040F20113CCF84020CCF860
:10CAE0003040ACF83440CCF84840CCF84CE0CCF8BE
:10CAF00054E0ACF85840CCE917430FCE0CF1680570
:10CB0000ACF864400FC596E80300DFF8C4A085E8E0
:10CB1000030002274FF004094FF6FF786046CCE986
:10CB20002244CCE92444CCF880A0ACF88490CCF822
:10CB300098E0CCF89C70CCF8A0E0CCF8A470CCF8CD
:10CB4000A8E0CCF8ACE0CCF8B0E0CCF8B4E0CCF89D
:10CB5000B8E0CCF8BCE0CCF8C0E0CCF8C4E0CCF84D
:10CB6000C840CCF8CCE0CCF8D070CCF8D4E0CCF80D
:10CB7000D870CCF8DCE0CCF8E070CCF8E4E0CCF88D
:10CB8000E8408CF8F240CCF8F440CCF830E1CCF836
:10CB900034E18CF83841ACF83A41CCF83C41ACF87F
:10CBA0004041ACF84C81CCF87C41ACF880418CF829
:10CBB000984102B0BDE8F0872CA50308DB0F49427D
:10CBC00000007A440AD7A33C80A40308DB0F494144
:10CBD00001000300D0ED117A9FED207A77EEA77A5D
:10CBE000B5EE006A67EEA76A27EE877A66EE866A78
:10CBF000B7EE006AB4EEC67AF1EE10FA10B502464E
:10CC0000C0F88800C0ED2F7AC0ED306A0C460DD414
:10CC1000002301218C30A2F8E830FFF719FF106BD8
:10CC20004FF4807100F51270FFF716FF92F859303B
:10CC300063B1938E012B0BD0022B02D1012382F81A
:10CC40008F30032C04BF012382F88F30012010BDE8
:10CC500092F86530002BF4D0F0E700BF6F12033973
:10CC600008B5024600238C30A2F8E830FFF7F0FE4A
:10CC7000106BBDE808404FF4807100F51270FFF7AB
:10CC8000EBBE00BF90F8583010B50446B3B3EFF3D5
:10CC9000108372B600220021C0F89410C0F8B020B2
:10CCA00083F3108890F8603003B3D0ED147A90EDE0
:10CCB000157A03681D4A1B68F8EEE77A934267EE1F
:10CCC000877AFDEEE77A17EE901A2CD1EFF31083F6
:10CCD00072B68268F8EEE77A1268C0F89010C0ED7C
:10CCE0002B7AA0F8EA10516283F3108894F8593037
:10CCF00053B984F88F30012384F88E3004F10C008E
:10CD0000BDE8104005F058BB236BD3F8003103F5A4
:10CD10004053012293F8981884F88F200029EAD014
:10CD200083F83E29E7E79847E0E700BFC1C901085B
:10CD3000FFF7A8BF90F8583013B90C3005F03CBB92
:10CD400019B990F86230002BF7D100B583B0074BCA
:10CD50000090002201210C3005F050FA18B9044B64
:10CD6000012283F8CC2203B05DF804FB31CD010829
:10CD7000C0E30020D0ED117A9FED147A77EEA77A08
:10CD8000B5EE006A67EEA76A27EE877A66EE866AD6
:10CD9000B7EE006AB4EEC67AF1EE10FAC0ED2F7A63
:10CDA000C0ED306A00D5704708B502460023012166
:10CDB0008C30A2F8E830FFF74BFE106BBDE808405E
:10CDC0004FF4807100F51270FFF746BE6F12033901
:10CDD000036BD3F8583193F83830032B0CD090F80C
:10CDE0008F300BB980F85930B0F83A3123B990F848
:10CDF0008E300BB980F85930704700BF30B590F8CD
:10CE000062200125002387B0044680F8585080F83E
:10CE10008E30C2B90090124B29460C3005F0EEF965
:10CE2000A8B1206B002202AB00F124010492FDF7AF
:10CE30008FFC049B04461BB102A9032208469847B5
:10CE4000204607B030BD0C3005F0B6FAE9E7054BD7
:10CE500083F8CC52E5E702A8FDF770F91BF064FBFC
:10CE600031CD0108C0E300202DE9F041066BD0F878
:10CE7000907006F1240E0446BEE80F008CB00DF150
:10CE8000140CACE80F009EE807008CE80700DDED0D
:10CE9000097AB0EE087A002567EE877A4FF4807839
:10CEA00001AB30462A4605A90395ADF82C808DF8D4
:10CEB0002E50CDED0A7AFDF74BFC039B05461BB1C6
:10CEC00001A90322084698473DB1D4F8903007F1F4
:10CED0000802934205DD0123E36528460CB0BDE856
:10CEE000F081083FBB42B4BF4FF0FF330023284618
:10CEF000E3650CB0BDE8F08101A8FDF71FF91BF058
:10CF000013FB00BF2DE9F041076B07F1240E054626
:10CF100000F1F804BEE80F008CB00DF1140CACE881
:10CF20000F009EE807008CE80700DDED097AB0EEFF
:10CF3000087A002667EE877A202231464FF48078FF
:10CF400085F865602046ADF82C808DF82E60CDED1B
:10CF50000A7AE3F735FE2F4B04932F4B03933246A7
:10CF6000384601AB05A90195FDF7F2FB039B064688
:10CF70001BB101A90322084698474FF0000C85F821
:10CF8000F6C0B6B3224663466446012752F8041B36
:10CF9000002907DD07FA03F0322944EA0004C8BF7C
:10CFA0004CEA000C0133082BF0D1644512D1E4B2F5
:10CFB0007E2C25D0BD2C21D0DB2C23D0E72C09D111
:10CFC00004220123304685F8642085F865300CB0D2
:10CFD000BDE8F081002305F18C001021A5F8E830B0
:10CFE000FFF736FD286B4FF4807100F51270FFF7E4
:10CFF00033FD002630460CB0BDE8F0810122E0E7A9
:10D000000022DEE70222DCE701A8FDF797F81BF01B
:10D010008BFA00BFE9C901082DCA01082DE9F04FBC
:10D02000076BDFF8C891DFF8C88107F124050446D3
:10D030000FCD8DB00DF1140EAEE80F0095E807008E
:10D040008EE80700DDED097AB3EE0E7A4FF0000CA2
:10D0500067EE877A4FF4807A4FF0010B01AB3846C8
:10D06000624605A984F8F5B0ADF82CA08DF82EC065
:10D07000C4F868C0CDED0A7AC4F86CC0C4F870C0BA
:10D08000C4F874C0C4F878C0C4F87CC0C4F818C12F
:10D09000C4F81CC1C4F820C1C4F824C1C4F828C114
:10D0A000C4F82CC1CDE903890194FDF751FB039B22
:10D0B00004F1680680461BB101A90322084698477F
:10D0C000B4F88C001021FFF7CBFC002855D1B8F143
:10D0D000000F52D094ED1A7A9FED405ADFED405A7E
:10D0E00004F16C03F0EE476A04F180011A46F0EE99
:10D0F000667AF2EC016A76EEE77A914287EEA56AEB
:10D10000BDEE466AB8EEC66AE6EE657A35EE275A97
:10D11000EDD177EE666AC6EEA57AFDEE677AF8EE97
:10D12000E77AE7EEE56A76EE856AF5EEC06AF1EE3B
:10D1300010FA33D40122E265DFED2A5AF0EE477A85
:10D14000B1EE086A01E0F3EC017A77EEC77A67EE98
:10D15000A57AC7EE866AFDEE666AF8EEE66AE6EE46
:10D16000C67AF5EEC07AF1EE10FA48BF77EE867A0D
:10D17000994243ED017AE6D109E01B4F0FCF3546C6
:10D180000FC597E8030085E803004FF0000800236F
:10D19000404684F8F5300DB0BDE8F08F4FF0FF3217
:10D1A000E265DFED0F6A1A4601E0B2EC017AB1EEFA
:10D1B000477AC7EE267AFDEE677A9142F8EEE77A73
:10D1C000A7EEE67A02ED017AEFD194ED1A7AB3E791
:10D1D00001A8FCF7B3FF1BF0A7F900BF0000000097
:10D1E000DB0FC9404576743F80A40308F9C90108E4
:10D1F00009CA01082DE9F84390F85830054623B1D3
:10D2000090F88E60002E00F0DC80AB8E012B00F0D9
:10D21000CC80D5F89430C5F89030EFF3108672B614
:10D220002B6BDFEDCB7AD5ED0F5AC3ED4B7A002295
:10D23000C3F82821C3F83421C3F84021C3F848219A
:10D24000D3F85821C3ED4C7A92ED097AC3ED4E7AAA
:10D2500077EE076A4FF0FF41C3F8101192F83810CB
:10D26000C3ED426AC3ED436ADFEDB96AC3ED4F7A9D
:10D270000229C3ED537A16BFB0EE475AB0EE675A93
:10D28000B0EE677AB6EE006AF0EE667AE5EEC67A40
:10D2900002394FF000079FEDAF6A83ED477A87EEC2
:10D2A000867ABDEE477AC3F8507118BF012103F5A5
:10D2B000A07403F5947E03F59A7C03F5A470B8EE90
:10D2C000C77A83ED465AE7EE467AC3ED456AC3ED69
:10D2D000556AC3ED487AC3ED517A82F8E01092F8AE
:10D2E000EC10C2F8E4E002291CBF022182F8EC1025
:10D2F00092F8F810C2F8F0C002291CBF022182F88F
:10D30000F81092F80011C2F8FC4002291CBF02215B
:10D3100082F8001193F8BC10C3F8B84002291CBF72
:10D32000022183F8BC1092F88811C2F88401022906
:10D330001CBF022182F8881192F80811C2F804017A
:10D3400002291CBF022182F8081193F8C420C3F8F7
:10D35000C000022A1CBF022283F8C42086F3108872
:10D36000286BFDF725F92B6BD3F8580100F1C801A4
:10D370004FF47A74FEF7C6FA06E093F86C327BB984
:10D38000FAF770FB013C2CD02B6BD3F8582192F8A4
:10D390009C600120002EF0D100263046BDE8F883C5
:10D3A00000211046FEF7F0FAF6E795F86560002ECA
:10D3B0007FF42FAF05F18C00A5F8E8604FF4007101
:10D3C00003E08C30A5F8E8602021FFF741FB286BD3
:10D3D0004FF4807100F51270FFF73EFB3046BDE858
:10D3E000F883D5F89090EFF3108272B62B6B296C0E
:10D3F000C3F814110020C3F85401C3F8504182F35C
:10D4000010882B6B93F86C222746A046AAB11BE02C
:10D41000D3ED557A95ED0F7AB4EEE77AF1EE10FA86
:10D4200012D9D5F89030DF1948EBE3780444FAF7C5
:10D4300019FB2B6B93F86C2232B9D3F8582192F870
:10D440009C200120002AE3D1D5F8902009F10801A1
:10D450008A425FDD0121E965D3F85831DFED3E6A8C
:10D460001B6AD5ED0F5A95ED0E6A5B0007EE103A78
:10D47000B8EEC77AF7EE004A27EE267AD5ED146AA1
:10D48000F8EEE66AA2EB090284EEA65A002AB8BFBB
:10D49000524207EE902A27EE057AF8EEE77AC5EEBB
:10D4A000876AC5ED317A77EEE67AF0EEE77A87EEB5
:10D4B000A67AB4EEC67AF1EE10FA77DCEFF31083B9
:10D4C00072B6D5ED107A2A6BF1EE677AC2ED457A25
:10D4D00083F310882B6B93F86C229AB13EE0D3ED66
:10D4E000557AF5EEC07AF1EE10FA3ED9D5F89030C3
:10D4F000DF1948EBE3780444FAF7B4FA2B6B93F89E
:10D500006C225ABBD3F8582192F89C1001200029B4
:10D51000E5D141E7A9F108018A4203DA4FF0FF3172
:10D52000E96599E70026042105F18C00A5F8E8607B
:10D53000FFF78EFA286B4FF4807100F51270FFF739
:10D540008BFA2B6B3146D3F85801FEF71DFA24E70E
:10D5500000000000DB0FC940DB0F4940D3F8582121
:10D5600092F89C30002B3FF417AF10460021FEF7D5
:10D570000BFA0023384622464146EFF74FF804FBEA
:10D58000107707EE907AB8EEE77A07EE904AF8EE59
:10D59000677AB6EE006AC7EE276A0123A86485F8A9
:10D5A0008F3076EE867AC5ED137AF6E600260221F4
:10D5B000BAE700BF2B4A4369934229D002F5806243
:10D5C00093424CD002F58062934208BF022320D0E0
:10D5D0000022C36923498B4225D001F580618B422B
:10D5E00039D001F580618B4208BF02231CD0436A09
:10D5F0001C498B4222D001F580618B422DD001F570
:10D6000080618B4208BF022319D080F8F220704756
:10D61000002300EB4303028BB3F8EC30134214BF3A
:10D6200001220022D5E7002300EB4303018CB3F86D
:10D63000EC30194218BF42F00202D8E7002300EB99
:10D640004303018DB3F8EC30194218BF42F00402D5
:10D6500080F8F22070470123E6E70123EFE701237A
:10D66000D7E700BF00000240B0F83A31DB0570B5E3
:10D6700002D40125284670BD00F5A8760446304640
:10D6800005F044FA05460028F4D0B4F84031A4F877
:10D69000803104F5A673D4F83C21C4F8843104F534
:10D6A000A773C4F87C21C4F88831074AE06A0123D3
:10D6B000C4F88C310023C4E96424C4F89C31314699
:10D6C00005F0A0FA284670BD61D8010830B5B0F861
:10D6D0003A31022B85B0044617D00FD8002B4ED01C
:10D6E0002A492B4A2B4B096912691B69A4F8F030AF
:10D6F000A4F8EC10A4F8EE2005B030BDA3F58073BB
:10D70000042B2DD8FFF7B0FFEAE7B0F88230224DA6
:10D71000102B94BF05EBC3032B4693E803006B4625
:10D7200083E80300FCF7FAFAB4F88430102B88BFC2
:10D73000194BF6EE007A98BF05EBC30393E803009C
:10D7400030EE670A02AB84ED4C0A83E80300FCF775
:10D75000E5FAF6EE007A30EE670A84ED4D0ABFE78F
:10D7600000238C30A4F8E8300821FFF771F9206B12
:10D770004FF4807100F51270FFF76EF9B0E783681F
:10D780001B685B6AA0F8EA30AAE700BF000002400D
:10D790000004024000080240B48B00200246B9B3E6
:10D7A00008B5B0F83A31B3F5827F43D8B3F5817F3D
:10D7B0001AD8B3F5807F2FD040F201118B4239D1B6
:10D7C000B0F84E3183EA132181EA111181EA910107
:10D7D00081EA5101C90701D4580428D5BDE80840A1
:10D7E00002F5A87005F0A4B9B0F84E319B0892F884
:10D7F0005900C2F8C830012182F838110028EDD054
:10D80000BDE8084082F88F1002F5A87005F090B9C5
:10D8100000F5A87005F08CB9B0F84E3183EA1321F9
:10D8200081EA111181EA9101C9438907D6D1C3F375
:10D830000D03DCE70023A2F8E83002F18C00082198
:10D84000FFF706F9106B4FF4807100F51270FFF7C7
:10D8500003F9BDE8084002F5A87005F069B900BFFA
:10D86000FFF79CBFB0F88020134B10B5102A98BF6B
:10D8700003EBC203044693E8030082B0EC468CE855
:10D8800003000122BCF80410C4F83C01A4F84011C4
:10D890000023114604F59E7004F0CAFBD4F83C0145
:10D8A00038B1B4F84011012202B0BDE81040F4F7DD
:10D8B000C3BD02B010BD00BFB48B002010B518214D
:10D8C00004468068F6F762FF00212046FFF732FA2F
:10D8D000A38EA4F83A31B3F5817F44D0B3F5827FAB
:10D8E0001AD000224FF482704FF40061C4E9540250
:10D8F000C4F8581101204FF40071C4E95720C4F84E
:10D90000641118200A21DB05C4E95A02C4E95C222B
:10D91000C4F8781117D410BD00224FF40060022122
:10D92000C4E954320123C4E95713C4F8580118213B
:10D930004FF400700A23C4E95901C4E95B22C4E929
:10D940005D23A4F84C212046FFF78CFF236BD3F80E
:10D95000003103F5405393F89828002ADBD00122C8
:10D9600083F83E2910BD4FF4006200234FF482700B
:10D970000221C4F858210122C4E95712C4E9540312
:10D9800018214FF400700A22C4E95901C4E95B333D
:10D99000C4E95D32D7E700BF10B52DED028B044618
:10D9A000B0EE408AE2F750FCB1EE087AC8EE077A92
:10D9B000FDEE677AF8EEE77AFDEEC06AB0EE480A4F
:10D9C000A7EEC70A16EE900AB5EEC00AF1EE10FAFD
:10D9D00048BF30EE070AB1EE087AFDEEC07A17EEC6
:10D9E000903A5A1F012A94BF05235A1C04EB830363
:10D9F000D3ED1A7A70EE677A98BF0022C7EE876A75
:10DA0000FDEE666A04EB8204F8EEE66A94ED1A6AAB
:10DA1000E6EEC77AF5EEC07AF1EE10FA12D430EEE7
:10DA2000460ABDEC028BC0EE077AFDEE677AF8EE8F
:10DA3000E77AA7EEC70AB5EEC00AF1EE10FAC8BF42
:10DA4000013010BDBDEC028B013810BD2DE9F04155
:10DA5000B0F83A21D0F8C870022A2DED068B0446A2
:10DA600000F0B88128D8002A70D0FFF7A3FD90F805
:10DA7000F63043B190F8F23000EB8303D3F8F8208E
:10DA80000132C3F8F82094F86530002B40F00C8286
:10DA9000D4E92483256DB4F83A21002693FBF5F1EF
:10DAA00005FB1133002BC4F8908000DA2B44D2051B
:10DAB00060D5C4F894705FE0A2F58073042B32D86F
:10DAC00090F83851D0ED337A002D00F0C1819FEDF0
:10DAD000EC7ADFEDEC6A37EE677AE7EE267AC0ED96
:10DAE000337AD4F89430256DFE1A002184F8381169
:10DAF00096FBF5F105FB1166002EB8BF761905EB14
:10DB0000D571B6EB610FC8BF761BD4F890103344C3
:10DB100006EB010893FBF5F105FB1133002BC4F86C
:10DB20009080C6DAC2E7002508218C30A4F8E850BE
:10DB3000FEF78EFF206B4FF4807100F51270FEF738
:10DB40008BFFBDEC068B2846BDE8F081D0F8903005
:10DB5000B0F8EA60056DF61A36B203EB0608D0F8A5
:10DB60009430C0F89080334493FBF5F105FB1133FA
:10DB7000002B9BDBC4F8943094ED2CAA94ED2E9AE4
:10DB8000DFEDC07AD4ED2B8AA38EB0EE4A8AE9EE9F
:10DB9000278A012BA9EE278AC4ED2B8A84ED2C8AD3
:10DBA000B0EE680A00F00581E2F74EFBF0EE409A15
:10DBB000FDEEE99AB0EE480A19EE903AA8EB03039D
:10DBC00009EE903AE2F740FBFDEEC07AF8EEE99AF2
:10DBD000D4F8943017EE900A1A1A07EE905A07EE0E
:10DBE000102AF8EEE76AB8EEC77AD4ED2F5A9FED07
:10DBF000A65AC7EE267ABDEE676AB8EEC66ADFEDB2
:10DC0000A17AA6EEC67A94ED2D6A65EEA75A77EE54
:10DC1000464AF0EE487AE5EE877AA4EE856AE5EEAC
:10DC2000A98AC7EEA65AFDEE655AF8EEE55A9FEDB1
:10DC3000955A84ED2D6A94ED306AC4ED2B8AE6EE98
:10DC4000E57ADFED925A26EE055A66EE255AB0EED9
:10DC5000496AA5EE076AF5EEC07AF1EE10FAB0EE69
:10DC6000C67A48BF77EEA67AF4EEC75AF1EE10FAFC
:10DC7000C4ED2C7A00F38F8084ED2E6A002077EEBD
:10DC8000CA7A216B94ED395A87EEA67AFDEE477A6F
:10DC90000022C4F8D020C4F8D820D1F80021F8EE32
:10DCA000E77AC8EEA64AC6EE265A77EE677AC4ED42
:10DCB000354A77EE857A92ED105AC4ED375A87EEE1
:10DCC000857ABDEE477A0022C4F8E020A26CB8EE57
:10DCD000C77AE5EE477AF5EEC07AF1EE10FA48BF62
:10DCE00077EE857AC4ED397A20B994F8610000287E
:10DCF00040F09E80B6EE007AB0EE475A84ED267A68
:10DD000094F88F50002D4ED0F7EE007AC7EEA64A59
:10DD1000D1F858119B1ABDEC068B284607EE903AB5
:10DD20000B6A9FED5B6A94ED137A5A0006EE902A17
:10DD3000F8EEE77AF8EEE66A77EE857A66EE866ABE
:10DD400077EEC77A66EEA46A9FED526A67EEA67A0E
:10DD500025EE867A87EE865ABDEE455A05EE903A54
:10DD6000B8EEC55AF8EEE55AE5EE467A0023C4F857
:10DD70009C30D4ED176AC4F8A430F8EEE66A67EE7A
:10DD8000255A66EEA77A65EEA65AC4ED287AC4ED48
:10DD90002A5ABDE8F0819FED3A7A0120B0EE476A39
:10DDA00084ED2E7A6BE7BDEC068B01252846BDE895
:10DDB000F0812046FFF7F0FDA8EB000309EE903A52
:10DDC000B0EE480A2046FFF7E7FDF8EEE99AD4F8EE
:10DDD000943001E7D0ED4D0A90ED4C0AFBF716FDAB
:10DDE000DFED2D7AD4F894302C4920EE270ABDEED1
:10DDF000C00A10EE102AD21A81FB0201D617C6EB18
:10DE0000A12641F68B0101FB1626002E40F6454265
:10DE1000B8BF76189642D4F8902012DDA6F5C45605
:10DE20000B3E06EB0208256DB4F83A21334435E683
:10DE3000002E47DDDFED127AB0EE675AC4ED267A88
:10DE40005EE706EB0208256DB4F83A21334425E677
:10DE5000B7EE007A37EE677A9FED0A6ADFED106A57
:10DE6000E7EE067AF4EEE67AF1EE10FAC0ED337AD8
:10DE70007FF737AE8C30A4F8E850802158E600BF19
:10DE8000000000006F120339CDCCCC3D6F128338F7
:10DE9000DB0F4940DB0FC94000007A44BF05B929B8
:10DEA000CDCC4C3D6F12033994F8F23094F86420D5
:10DEB0005340013B052B00F29080DFE803F0716FC7
:10DEC0006B69226D16D1D4ED267A5FED0A4AE6EE33
:10DED000247AB7EE007AF4EEC77AF1EE10FAB0EEDB
:10DEE000675AC4ED267A05DCF5EEC07AF1EE10FA39
:10DEF000A0D405E7F7EE007AB0EE675AC4ED267AB3
:10DF0000FEE6052294F8F550002D4BD094F8F7303A
:10DF1000002B6ED094F8F430002B6ED094F8F310F0
:10DF20003C4B501A83FB0063A3EBE07303EB43030A
:10DF3000A0EB4303002B66DB27D0012B68D0052B19
:10DF400050D104EB8103216B91ED517AD3F8181174
:10DF500001310129C3F8181157D0D3ED1A5A9FED9A
:10DF60002E6A07EE901A77EE656AF8EEE77A86EE8B
:10DF7000A77A77EE257A87EE867ABDEE477AB8EEF5
:10DF8000C77AE7EE467AC3ED1A7A84F8F320D8E52B
:10DF90000422B7E70122B5E70322B3E70222B1E783
:10DFA0000022AFE7D4F894301A4ED21A86FB02163C
:10DFB000A6EBE27606EB4606B2EB460648BF06360F
:10DFC000032ED4F890207FF73CAF063E06EB020804
:10DFD000256DB4F83A21334460E594F86330002BA2
:10DFE0007FF456AD0025102104F18C00A4F8E85010
:10DFF0009EE594F8F430002BC7D1012384F8F32078
:10E0000084F8F4309DE5063397E783ED1A7ABCE790
:10E01000114696E7ABAAAA2ADB0FC94090F8283030
:10E0200083B190ED077AD0ED096AD0ED087A37EE2A
:10E03000267AB4EEE77AF1EE10FAD8BFF0EE477A1E
:10E04000C0ED077A837A027D427513B30389144ABF
:10E05000817D102B98BF02EBC30213682BB11B69A3
:10E0600092881A4214BF01230023994217BF9FEDE3
:10E070000D7AD0ED077A80ED077AF0EE477A90EDD1
:10E08000087A8375B4EEE77AF1EE10FA02D8C27A14
:10E090000AB10375704783F001030375FAE700BF07
:10E0A000B48B002000000000D0ED017A9FED077ACC
:10E0B000837A80F82830F8EE677A002267EE877A54
:10E0C000C261C0ED097A0120704700BF6F12833A28
:10E0D00038B5037B022B00F0B780012B00F08A805B
:10E0E000002B40F0DC8090ED027A0123027D022AB1
:10E0F00000F08980012A00F0B880002A40F0CF802B
:10E1000090ED046A012290F82040022C00F08A80F1
:10E11000012C00F0A380002C40F0BC80D0ED066AFA
:10E1200090ED075A0124002B00F08A80002A00F0AD
:10E130008780002C00F0848090F82430826A81620D
:10E14000002B00F09D808B1A07EE903A9FED554A08
:10E15000D0ED0B5AF8EE677A76EEE56AC7EE844AA0
:10E1600090ED014A66EE846AE4EEA65AC5EE257A81
:10E17000C0ED0B5A67EE847AF4EE677AF1EE10FA8E
:10E1800080F18580DFED486A86EEA45AF0EEE75A0A
:10E19000DFED466AB4EE655AF1EE10FA48BFF0EED4
:10E1A000667AD0ED0C6ADFED425AC0ED0E7AE7EEEA
:10E1B000A46A0023436337EE866AC6EEA57ABDEEF5
:10E1C000675AC3634364B8EEC55AF0EE667AE5EE6B
:10E1D000657A80ED106A37EE277AC0ED0C7AC7EECB
:10E1E000257AFDEE677AF8EEE77AA7EEE57A80ED1C
:10E1F000127A38BD8268002A3CD092ED007A027D06
:10E20000022A7FF477AF0269002A3FF47CAF1468DA
:10E2100094BB90F8204092ED016A022C4FF001026D
:10E220007FF476AF8469002C3FF47DAF25682DBB69
:10E23000D4ED016A94ED025A0124002B7FF476AFED
:10E24000002380F8243038BD8368002B3FF44EAFA4
:10E250001A687AB993ED017A012347E785696DB1B0
:10E26000D5ED006A95ED015A5DE7046924B194ED9E
:10E27000006A48E7002339E7002244E7002452E718
:10E2800000230122C362036380F8242038BDDFED40
:10E29000077A86E7FF2C02D10648FDF71DFA0648EB
:10E2A000FDF71AFAA037204DCDCCCC3D0000000080
:10E2B000DB0FC94030A50308ACA103080E4B8288D0
:10E2C00044F2781113445B5C0E2B00D070470B4B6B
:10E2D000102A98BF03EBC203827918682AB9002874
:10E2E000F4D099880122F4F7A7B818B199880022D0
:10E2F000F4F7A2B8704700BFC0A30020B48B002081
:10E300000D4B828844F2781113445B5C0E2B00D0D5
:10E3100070470A4B102A98BF03EBC2038279186832
:10E3200022B140B199880122F4F786B80028EFD0D5
:10E330009988F4F781B87047C0A30020B48B0020FF
:10E34000B1F5616F3ABF00EB810090ED160A9FEDC9
:10E35000010A70470000000000F5405069B100F666
:10E360001413D3ED007A30EE270A00F614120123BD
:10E3700082ED000A80F83C39704700F60413D3EDB3
:10E38000007A30EE270AF0E700F54050D0F8D83890
:10E39000D3F8483213B9012380F89938704700BF89
:10E3A00000F1580300F56252DFED0B7A183219467E
:10E3B000B1EC017A8A4277EE877AF9D19FED077A3C
:10E3C00087EE870AD3ED007A77EEC07AE3EC017A24
:10E3D0009A42F7D1704700BF00000000000061457D
:10E3E0000378194001707047037819430170704732
:10E3F000C043C0B270470000D0ED137A9FED107A91
:10E4000000F54053F4EEC77AF1EE10FAC3F8D408E1
:10E4100011DC77EEA77AF5EE006A27EEA77A27EEF1
:10E42000267A03F6241203F51263C2ED007A012066
:10E4300083ED007A70479FED037ADFED037AF0E712
:10E440000000FA440024744A00007A4500F5405365
:10E4500003F60C1103F6081C0022CCF8002000F58E
:10E4600065500A6003F5116103F644130A60026007
:10E470001A607047024600F5635008B51C30FFF77C
:10E48000B3FF074B9FED077AD3EDB77AF8EE677AC3
:10E4900002F5635067EE877AC0ED087A08BD00BFC9
:10E4A000C0E300206F12033900F5405303F69C01CE
:10E4B000D3F8D82891ED006AD2F8AC1091ED147A17
:10E4C000B8EEC77A03F61412C6EE076A10B4D2ED9E
:10E4D000007A37EEC00AB0EEC00AF4EEC06AF1EE80
:10E4E00010FA0CDB03F50A62D2ED006AC6EE877AF9
:10E4F000F0EEE00AF4EEE07AF1EE10FA3ADC426D6A
:10E50000B2F5616F1BD207EE902A9FED227AF8EEEA
:10E51000E77A032467EE877A047603F6141103F68C
:10E52000181403F61C10C1ED007A002201212260AC
:10E5300002605DF8044B83F83C190020704700240A
:10E540004FF0030C446580F818C003F61410002146
:10E55000016003F618100122016003F61C1001602F
:10E56000104683F8994883F83C295DF8044B83F8FA
:10E570003E297047416D03F60C12B1F5616F1468C6
:10E5800001F1010228BF4FF4616100EB8101426596
:10E590008C65B5E7B4A2913990F83C2000F5405362
:10E5A00003F6141110B581ED000A0AB3D0ED107A0C
:10E5B000D3F8D84880EE277ABDEE477AB8EEC77A0E
:10E5C000A7EEC70AB5EEC00AF1EE10FA48BF30EE6A
:10E5D000270A80EE277AD0ED117AF8EE677A67EE97
:10E5E000877A17EE900AEEF781F8C4E9940110BD1E
:10E5F000D0ED117AD3F8D848F8EE677A67EE807AD2
:10E6000017EE900AEEF772F8C4E9940110BD00BF4E
:10E6100008B5037E022B13D990F83C3093B900F56E
:10E62000635324331A79022A12D0012A15D0CAB9A9
:10E6300093ED000A00F5645383ED010AFFF7ACFF88
:10E64000012008BD00F563532C331A79022AECD15E
:10E650001B682BB193ED010AECE71B68002BE7D197
:10E66000002008BD0148FDF737F800BFACA1030842
:10E67000D0ED137A9FED0F7AF4EEC77AF1EE10FA2F
:10E6800012DC77EEA77AF5EE006A27EEA77A27EE7E
:10E69000267A00F5405000F6241300F51260C3ED11
:10E6A000007A80ED007A70479FED037ADFED037A00
:10E6B000EFE700BF0000FA440024744A00007A45E6
:10E6C0002DE9F04F2DED0A8B00F5405487B094F8FA
:10E6D000E838022B054600F04881012B00F0A380AA
:10E6E000002B40F0A18504F6E403D3ED009A4FF02F
:10E6F000010894F8F038022B00F0A280012B00F002
:10E700005C81002B40F0908504F6EC0393ED00AAA9
:10E710000123019394F80069022E00F0A480012ED9
:10E7200000F04581002E40F07F8504F6FC0393ED58
:10E73000009A012694F8F878022F00F0A680012FA5
:10E7400000F04481002F40F06F8504F6F40393ED50
:10E75000008A0127D4F8D828D2F8AC30D3F8D010EA
:10E76000002940F0A780D3F8D810D3ED358A4FF0B8
:10E770000109002940F0A58093ED37CA92F84C3288
:10E780004FF0010A002B00F0A38095F83C30002BDD
:10E7900000F0F780B346002E00F0CE80D5F844B0EC
:10E7A000D2E9940100235A46EDF738FF1046194686
:10E7B000EDF7F6FE07EE90BAF8EE677A94F899381E
:10E7C00089EE277A04F6141207EE900A67EE877A2C
:10E7D000C2ED007A002B7ED104F61413D3ED007A3B
:10E7E00087EE897ABDEE477A04F614130122B8EE5B
:10E7F000C77AE7EE497AF5EEC07AF1EE10FA48BF33
:10E8000077EE897AC3ED007A6B7E082B00F20D84D7
:10E81000DFE813F0F2008D02E602A2020B04860389
:10E820005A03B3030B03D4F8E428002A00F0D6807F
:10E83000D2ED009A984694F8F038022B7FF45EAF40
:10E84000D4F8EC38002B3FF464AF1A68002A40F08B
:10E85000CA8094F8006993ED01AA022E4FF00103DB
:10E8600001937FF45CAFD4F8FC68002E3FF462AFF4
:10E870003368002B40F0B08094F8F87896ED019A58
:10E88000022F4FF001067FF45AAFD4F8F478002F2E
:10E890003FF460AF3B68002B40F0A380D4F8D82849
:10E8A00097ED018AD2F8AC30D3F8D01001270029B7
:10E8B0003FF459AFD3F8D8104FF0000900293FF4C6
:10E8C0005BAF92F84C324FF0000A002B7FF45DAF43
:10E8D00094F899383BB3B9F1000F02D0BAF1000FA8
:10E8E0001AD105F5635020211C30FFF77DFD3F4B09
:10E8F0009FED3F7AD3EDB77AF8EE677A04F50E64B0
:10E9000067EE877A4FF0000BC4ED007A584607B0E7
:10E91000BDEC0A8BBDE8F08FF0EE4C0AB0EE680A51
:10E920002846FFF7C1FD95F83C20002A3FF46CAF64
:10E93000B346002E7FF450AF05F5635040211C30E4
:10E94000FFF752FD294B9FED2A7AD3EDB77AF8EE07
:10E95000677A04F50E6467EE877A5846C4ED007A4C
:10E9600007B0BDEC0A8BBDE8F08FD4F8E438002B7B
:10E970003FF460AF1A688ABBD3ED019A4FF00108EB
:10E98000B7E6D2E99401EDF70BFED5ED117A94F8D4
:10E990009928F8EE677A07EE100A87EE277A04F6D0
:10E9A000141383ED007A002A3FF42EAF93E7D4F8D6
:10E9B000FC388BB193ED009ABCE6D4F8EC28002A21
:10E9C00000F0308392ED00AA0193A3E6D4F8F43866
:10E9D0003BB193ED008ABDE60026ABE64FF00008A0
:10E9E00087E60027B6E60023019393E6C0E3002004
:10E9F0006F120339B4A29139D4F8D83894F8B128F9
:10EA0000CAB1D5ED0A6A04F6081292ED007AF1EE69
:10EA1000667AF4EEC77AF1EE10FA08DCF4EEC76A13
:10EA2000F1EE10FA54BFF0EE477AF0EE667A04F693
:10EA30000812C2ED007AD3F85801FDF7EFF804F59B
:10EA40001163D3ED007AB1EE407AB4EEE77AF1EEDD
:10EA500010FA00F3EE82B4EE670AF1EE10FA48BF46
:10EA6000F0EE407A2A7E04F51163C3ED007A022AA3
:10EA700004F60813D3ED006A40D995F83C30002B1A
:10EA800000F0FD82019B002B3FF42BAF002E3FF4E2
:10EA900028AF04F60413D3ED005A85EE896ABDEE63
:10EAA000466AB8EEC66AF1EE494AE9EE465AF5EE14
:10EAB000C05AF1EE10FA00F13F8335EECA6A04F64F
:10EAC000041386EE095ABDEE455AB8EEC55AC3ED99
:10EAD000005AA4EE856A94F8B038D5ED075AE5EEF1
:10EAE000866A5BB104F6AC03D3ED005AB0EEC66A99
:10EAF000F4EEC65AF1EE10FA80F20283B7EE004A45
:10EB000094F8B13895ED0A6A8BB1F1EE465AF4EEFD
:10EB1000E65AF1EE10FA08DCB4EEE66AF1EE10FA0D
:10EB200054BFF0EE665AF0EE465AF0EE656A94F87D
:10EB3000B2387BB1BB46002F00F09D82D5ED0B4A69
:10EB400066EE244AF0EEC85AF4EEE54AF1EE10FA09
:10EB500000F13583D4F8D838D5ED085AD3F85811D8
:10EB600095ED095A91F83800032800F0938294F843
:10EB70003E3923B394F8A8380BB3CB46B9F1000F54
:10EB800000F079825FED653AE14BC8EEA34A4FF49D
:10EB9000616EFDEEE44A14EE906A83FB06C303EB5C
:10EBA000060CF317C3EBEC230EFB1363002BC0F230
:10EBB000C18205EB8303D3ED164A77EEA47A012ACE
:10EBC00040F25382BB46002F00F0558224EE256AA6
:10EBD00076EEC86A04F60C13E6EE267A93ED006A28
:10EBE00077EE867AF4EEC07AF1EE10FA00F32F8217
:10EBF000B4EEE77AF1EE10FA00F31E82012A40F239
:10EC000096829FEDC47A24EE055A04F60C1393ED18
:10EC1000006A25EE075AB0EE677AF0EE467AE5EE26
:10EC2000267A95ED0C6AF1EE466AF4EEE76AF1EEAB
:10EC300010FA08DCB4EEE76AF1EE10FA54BFF0EE19
:10EC4000676AF0EE466A04F60C13C3ED006A022808
:10EC500000F05382D1ED567AD1ED0C5AD1ED556AC0
:10EC600067EEA77AB7EE085A25EE676AD1ED5B7AB0
:10EC700066EEA66AE6EE257A66EE856AE5EEE67A47
:10EC800005F5655104F6C4039FEDA36AD1ED006A52
:10EC900093ED005ADFED9F4A28EE078AB0EE664AF0
:10ECA00028EE068AF0EE003A98EE234A04F6441263
:10ECB00004F6C80392ED006AD3ED005A25EE245AFB
:10ECC00077EEC67AE5EE046A04F50D6365EEA45AA4
:10ECD000A5EEA76AD3ED007AC1ED006AF4EEE76A0B
:10ECE000F1EE10FA82ED006A09D504F6CC03D3EDFB
:10ECF000007AB4EEE76AF1EE10FA00F34B820023DB
:10ED000004F6481282ED017A2020C4F84839FFF752
:10ED10006FFB014605F563501C30FFF761FB4FF0B8
:10ED2000010B584607B0BDEC0A8BBDE8F08F04F626
:10ED30001413186804F61813196804F61C131A68DB
:10ED400004F60413186004F60813196004F511633F
:10ED50001A60D4F8D83851E604F6041393ED006A2B
:10ED600004F61413D3ED006A76EEC66A5AB1B346C0
:10ED7000002E3FF4E1ADC6EE897AFDEE677AF8EE3B
:10ED8000E77AE7EEC96A04F6081304F6181293ED61
:10ED9000007AD2ED007A9FED5F5AD5ED125A04F653
:10EDA0002412D2ED004A77EEC77A04F5126267EEBC
:10EDB000A47AD2ED004AE4EEA67A04F51162A7EE39
:10EDC000857A65EEA77AA7EE056AC2ED007A83ED33
:10EDD000007A04F6041383ED006AD4F8D8380DE6FF
:10EDE0009FED4C7AD5ED0D7A04F6081367EE877A1D
:10EDF00093ED007A04F61813D3ED006AF0EEE77A8B
:10EE000076EEC76AB1EE676AF4EEC66AF1EE10FA02
:10EE100040F18381DFED3F5AD5ED126AC6EE257AC7
:10EE200037EE067A67EEA67A43E004F62813DFEDA4
:10EE30003B7A93ED007ADFED376A04F6381A27EE55
:10EE4000277A9AED000AA7EE260A80EE277ABDEE11
:10EE5000477AB8EEC77AA7EE670A8AED000AFAF792
:10EE6000A3FDF0EE40AA9AED000AFAF755FD04F66C
:10EE70002C13D3ED007A04F61413D3ED006A04F5D5
:10EE80001363E7EE806AD3ED007A04F6181393ED6E
:10EE9000007A04F6341393ED006A04F61C13A7EE0F
:10EEA000AA7AD3ED007AE0EE467A04F60413C3EDB5
:10EEB000006A04F6081383ED007A04F51163C3EDCC
:10EEC000007AD4F8D83899E59FED127AD5ED0E7A0C
:10EED00004F5116367EE877A93ED007A04F61C134C
:10EEE000D3ED006AF0EEE77A76EEC76AB1EE676AB4
:10EEF000F4EEC66AF1EE10FA40F1058137EE067ABB
:10EF000004F5116383ED007AD4F8D83876E500BFB4
:10EF1000C5B3A2916F120339DB0F4940DB0FC94023
:10EF200094F83C39002B40F00A8194F83D39002BCD
:10EF30007FF462ADD4F8D838D3F85C0190ED0F0AB5
:10EF4000D0ED0D7AF4EEC07AF1EE10FA40F1458181
:10EF5000D0ED058A0321297604F60411C1ED008A5B
:10EF600004F6081100220A6004F511610A6001220A
:10EF700084F83D294FF0010940E594F8B4080128D0
:10EF800000F20381DFF8BCE24FF42C7202FB00E2D6
:10EF9000D2F8AC10D1F8D020002A40F01981D1ED80
:10EFA00035AA0122D1F8D830002B40F00F81D1EDE5
:10EFB00037BA01214FF42C7C0CFB00E3D3F800316D
:10EFC00003F54053D3F84809002840F0FD8003F6CC
:10EFD0004C1393ED00BA0123002A3FF482AC0029C0
:10EFE0003FF47FAC002B3FF47CAC04F6B803D3EDC8
:10EFF000007A04F6BC0393ED007A67EEAAAA04F641
:10F00000041367EEAB7AC3ED00AA27EE0BBA04F641
:10F010000813C3ED007A04F5116383ED00BAD4F848
:10F02000D838EBE40192FFF775BB05F56350022178
:10F030005AE4F0EE477A15E5012A11D904F60C13CB
:10F04000D3ED007ADFED7A6A67EEA67AE9E5B4EEF1
:10F05000C07AF1EE10FAEFDC012AB0EE407AEDD87A
:10F0600004F60C1300221A60F1E594F8B338002B73
:10F0700040D0BB4647BB05F5635020215FE4C34643
:10F08000B8F1000FF7D004F6041393ED006A36EEE2
:10F09000696A20E5D3ED374AD1ED163AB0EEE43A8D
:10F0A000F4EEC33AF1EE10FA09DD14EE903AF0EE08
:10F0B000E33A002BB8BFF1EE633AF0EE634AC5EED7
:10F0C000A45A85EE245A52E5F1EE466A76EEC86AF5
:10F0D00066EEA56AF4EEE67AF1EE10FA7AD436EE30
:10F0E000486A26EE256AF4EE467AF1EE10FAC8BFB9
:10F0F000F0EE467ADFED4F6A74E5D1ED5B7ABFE55D
:10F1000086EE254AFCE4F4EEE76AF1EE10FAD4BF8D
:10F11000B0EE666AB0EE676AF0E6F4EEE76AF1EE2A
:10F1200010FAD4BFB0EE666AB0EE676A72E6B0EE6F
:10F13000677A95E773443CE575EE895ABDE4D4F8E7
:10F14000D838D3F85C0104F6081393ED001AD0ED1B
:10F15000032A90ED022AD0ED011A04F60413D3ED30
:10F16000000A04F6141393ED000A00F0C7FDD4F86A
:10F17000D838DFED307AD3F85C010022C0ED0F7A89
:10F18000B0EE670AA4F83C29DAE605F563500821D9
:10F19000FFF7AABB05F5635080211C30FFF724F967
:10F1A000254BD3EDB77AF8EE677A04F50E6467EE77
:10F1B000A44A4FF0000BC4ED004AFFF7A7BB05F5CA
:10F1C00063500121FFF790BB002305E70021F1E622
:10F1D0000022E7E6F0EE667A8CE700F077FED4F8DE
:10F1E000D838D5ED127AD3F85C11DFED146A8DEDC5
:10F1F000030A21EE277AD1ED0F7A8DED051A04F678
:10F20000041204F6081077EEA67A82ED000AC0ED2B
:10F21000000A04F5116080ED007AC1ED0F7AD2ED9D
:10F22000008ACDED040AA5E60548FCF755FA00BFB3
:10F23000A4707D3F00000000C0E300206F1203397E
:10F24000ACA103080010002090F87C200023C0F837
:10F250009430C0F8983012B1002380F87C3090F8D8
:10F26000883013B1002380F888300023C0F8A43020
:10F27000704700BF82B000B583B0EE468EE806004E
:10F2800084469EE803000899CCF874100CF17801CC
:10F2900081E805009CF8882005939DF81C306AB130
:10F2A000CBB1059A069BCCF88020CCF884300020A6
:10F2B000002103B05DF804EB02B07047002BF6D0DC
:10F2C00005AB93E803000CF1800383E803000123FE
:10F2D0008CF88830EBE78CF88830E8E782B010B51E
:10F2E00088B0EE460B939DF838308EE80600002279
:10F2F000CDE905220F990792844663BBDCF8002014
:10F30000DFED2C7AD4682C4A9442B0EE677A36D17D
:10F31000CCF874109EE803000CF1780282E8030038
:10F320009CF8882003AC84E8030072B933B1012350
:10F330008CED207ACCED217A8CF8883000200021E9
:10F3400008B0BDE8104002B070477BB38CED207A66
:10F35000CCED217AF2E7DCF800209DED0D7ADDEDB1
:10F360000C7AD468144ADFED156A77EEC77A9442B6
:10F370009DED0B7A67EEA67A4FF00103C8D00E918F
:10F380008DF81C30CDED067A08A911E903008DED4A
:10F39000057A0CAA059B82E803009EE806006046F9
:10F3A000A44608B0BDE8104002B060478CF8883031
:10F3B000C4E700BF0000000075F201083ACD133F1A
:10F3C000F8B504461F46406F636CC01A80EAE07EC1
:10F3D000AEEBE07E40F2567CE6452DED0C8B00F363
:10F3E000AA8094F86030002B00F0EE8094F868302A
:10F3F000002B00F09A8094F87030002B00F095807C
:10F4000007EE900ADFED866A94ED19AAD4ED1BCAC7
:10F4100094ED20CAD4ED21BA94ED1E9AD4ED16AA2B
:10F4200094ED17BAF8EEE77AB0EE4A8A87EEA67A3C
:10F430000D461646ACEE878AB0EE480AFAF7B4FAE3
:10F44000F0EE408AB0EE480AFAF766FA6BEE809A60
:10F4500020EE4C8AECEE289A94F84830ABEEA88A5D
:10F46000D4ED236A94ED247AD4ED057ADFED6D8A2C
:10F4700038EE476A79EEE65AA7EE867AE7EEA56A95
:10F4800069EE288AB7EE006AC6EE287AC4ED236AD0
:10F4900084ED247A002B54D0237C002B00F0B38021
:10F4A00094F85430002B00F0AA80D4ED14BAD4EDB7
:10F4B000266A94ED026A94ED13CA94ED257A94EDD0
:10F4C00003DA7BEEC8BA3BEE26BA3CEE69CAA6EE7A
:10F4D0002BBA7AEE87AA27EE8BBAE6EE0CAA2BEEB1
:10F4E0000B0A67EEAAAAAAEEAA0AB5EE400AF1EE46
:10F4F00010FA00F18B80B1EEC06A9FED4B5AC5EE59
:10F50000067AF7EE005AF4EEE57AF1EE10FA67D4D7
:10F51000DFED467A6DEE277AACEE277AEBEEA76A3E
:10F5200084ED257AC4ED266A0FE04FF0806000215B
:10F53000BDEC0C8BF8BDBDEC0C8B4FF000700021C6
:10F54000F8BD6AEEA7AA2BEE27BA616CDFED346A2C
:10F550006B1A07EE903AF8EEE77A87EEA67AACEEF1
:10F5600087AAB0EE4A0AFAF71FFAF0EE407AB0EE38
:10F570004A0AB0EE67AAFAF7CFF92BEE407A60EEAE
:10F580002A7AAAEE2A7A337AEAEE0B7A68EE876A4A
:10F5900068EEA78AC4ED276AC4ED288ACBB186ED50
:10F5A000007AC6ED017A28EE0B8A0123A9EEAA8A19
:10F5B0003B710020002129EE089A87ED008A84ED36
:10F5C000299ABDEC0C8BF8BDBDEC0C8B0020012101
:10F5D000F8BD012386ED007AC6ED017A3372E2E7C9
:10F5E0009FED136A27EE067A66EE866A6AEEA7AA90
:10F5F0002BEE27BA84ED257AC4ED266AA5E74FF0F5
:10F600000050002194E70020022191E7E0F788FEF6
:10F6100094ED257AD4ED266AB0EE406A6DE700BF1E
:10F62000A037204DABAA2A3FAC5C313F6F120339A3
:10F63000A4707D3F10B490F87C4034B190F88840BD
:10F640001CB15DF8044BFFF7BBBE002004215DF840
:10F65000044B704770B516460268274D146988B090
:10F660000022AC42CDE90122039233D190F87C40D4
:10F670005CB390F8884044B301AAFFF7A1FE0446AA
:10F680000D4654EA05031CD19DF80C303BB39DEDAB
:10F69000010AB4EE400AF1EE10FA20D6DDED020ABE
:10F6A000F4EE600AF1EE10FA19D604A8F9F7BCFFDF
:10F6B0009DF81030D3B1069B079A7360059B3260AA
:10F6C000B3602046294608B070BD0425204629466F
:10F6D00008B070BD01AAA04704460D46D1E74FF41B
:10F6E000803400252046294608B070BD80241D4680
:10F6F0002046294608B070BD35F6010810B5EFF375
:10F70000108472B690F82430027E4164022B80F897
:10F71000482000F08B80012B43D0002B40F0C580A7
:10F72000C269036A90F85410002943D10121C264D0
:10F73000036580F8541090F83030022B40D0012B34
:10F7400000F08180002B40F0BC80836AC26A90F890
:10F750006010002940D08365C26590F83830022BD4
:10F7600043D0012B00F08480002B40F0AF80D0F814
:10F7700034C0012290F84030C0F864C0022B80F8F9
:10F78000682043D0012B68D0002B40F08B80D0F84C
:10F790003CE00123C0F86CE080F8703084F31088FE
:10F7A00010BDC369002B45D090F854101A685B68EF
:10F7B0000029BBD0036590F83030C264022BBED163
:10F7C000826A002A41D01368002B3ED190F8601065
:10F7D000536892680029BED1836590F83830C265BD
:10F7E0000121022B80F86010BBD1426B002AC1D0EE
:10F7F0001368002B4AD190F84030D2F804C0C0F80A
:10F8000064C00122022B80F86820BBD1C36B002B9F
:10F81000C0D01A68002A3BD1D3F804E0C0F86CE0ED
:10F82000012380F8703084F3108810BDC3690BB1D8
:10F830001A6842B390F85430002B3FF47CAF002399
:10F8400080F8543077E7826AD2B990F86030002BA4
:10F8500083D0002380F860307FE7C26B02B3D2F818
:10F8600000E0C0F86CE080F8703084F3108810BDC0
:10F87000426B002A3FF47EAFD2F800C01A4679E707
:10F880001368526863E75A689B684BE7002271E788
:10F890000023C0F86CE080F8703084F3108810BD4D
:10F8A000134677E70C48FBF717FFFF2B06D10B48F1
:10F8B000FBF712FF84F3108818F036FE0648FBF7BA
:10F8C0000BFFFF2B05D10548FBF706FF0248FBF7AE
:10F8D00003FF0148FBF700FFACA1030830A50308B4
:10F8E000A0F10400FFF70ABF436A012B036B0CBFB2
:10F8F00090ED0A5A9FED4A5A012BC36B0CBFD0ED15
:10F900000D4ADFED474A012B00F0878090ED077A22
:10F91000436CDFED445A90ED016A012B036A0CBF82
:10F9200090ED124A9FED3E4ACB1A07EE903AF8EE60
:10F93000676AC6EEA57AD0ED055A27EE866A75EE9F
:10F94000466AF4EEE56AF1EE10FA08DC76EE056A36
:10F95000F4EEE56AF1EE10FA58BFF0EE656AD0ED0C
:10F96000025A90ED065AC0ED0A6A67EEA55A0022C7
:10F9700034EEE56A0023B4EEC56AF1EE10FAC26215
:10F98000436208DC35EEA46AB4EEC56AF1EE10FA03
:10F9900058BFB0EE456AD0ED035A90ED045A80EDA1
:10F9A0000D6A67EEA55A002274EE656A0023F4EE34
:10F9B000C56AF1EE10FA8263036308DC75EE846AAF
:10F9C000F4EEC56AF1EE10FA58BFF0EE456A67EE44
:10F9D000A67ADFED155AC26CC0ED126A37EE877A4F
:10F9E000012A87EE256ABDEE466A4FF000034364A4
:10F9F000C3634FF00003C3640162B8EEC66AA6EEAB
:10FA0000657A80ED107A0CBF90ED147A9FED047A40
:10FA100077EE877AC0ED147A704790ED107A77E729
:10FA200000000000A037204DDB0FC9400369002B08
:10FA300036D093ED007A8369D0ED057A73B31B68F5
:10FA40001968B4EEE77AF1EE10FA00F5804317D5A5
:10FA5000012283F82020B4EEE77AF1EE10FA13DBEE
:10FA60004FF480721A84DA69B2F5805F11D200EB2C
:10FA7000820010B4541CDC615DF8044BC161704716
:10FA800093F82020002AE6D193F82120002AEAD119
:10FA900070470022DA6183F8212070470021D0E707
:10FAA0009FED017AC7E700BF00000000037819430B
:10FAB00001707047036819430160704710B52DED60
:10FAC000048B90ED028A9FED889A38EE088AF7EE53
:10FAD000007A28EE099A0446B4EEE79AF1EE10FA9D
:10FAE00040F1D5800368D3F8583193F89C1093F80F
:10FAF000AC20002900F0C680D3ED283AD3ED295A76
:10FB0000D3ED2A7A002A00F0D98075EEE75ADFEDAE
:10FB1000777A65EEA75A94ED036AD3ED0C4A94ED1B
:10FB2000095A94ED087A94ED070AD4ED060A93ED8C
:10FB30000B4A94ED013AD3F86411D3F86821236B92
:10FB4000DFED6B8A216226EE066AF7EE007AC7EED9
:10FB5000866A012B6262A4EEE55ADFED637A08BF84
:10FB6000D4ED0D9AA4EEE37AA5EE270AE7EE270A74
:10FB7000B0EE405AA4EE655AF0EE604AE4EE634AF5
:10FB800066EE836AB6EE007A66EE876A25EE057A3F
:10FB9000A4EEA47A36EE477A26EE877A67EE244AF8
:10FBA00025EE077AE4EEA70AA7EE270A18BFDFEDD5
:10FBB000517A94ED057AC4ED060A0CBF69EEA77A76
:10FBC000F0EE679A77EE877A84ED070A87EEA87AD7
:10FBD000BDEE477AB8EEC77AE4EE630AE7EE687ADC
:10FBE000A4EE650AC4ED057AF9F710FED4ED057AA6
:10FBF000236830EE677A28EE088AC7EE286AFDEEA1
:10FC0000666AD3F85831F8EEE66AB5EE006AA6EEF9
:10FC1000E87A28EE068AE9EE077ADFED336A28EE05
:10FC2000268AF0EE696A87EEA86ABDEE466AE8EEBB
:10FC3000076AB8EEC66A93ED087A84ED0B0AE6EE21
:10FC4000687A0023A362B8EEC77AB7EE006AB4EE12
:10FC5000C67AF1EE10FAC4ED057AC4ED0D6A23639D
:10FC600005D437EE077ADFED248A67EE288AC6EEE0
:10FC7000A87ABDEC048B002301221046A363C4EDD7
:10FC80000F7A10BDDFED1B5AF0EE653A43E7012114
:10FC90001030FFF70BFF2068802100F51270FFF78E
:10FCA00009FFBDEC048B0023002210466361E3636F
:10FCB000A26323626362A361E36110BD022110307D
:10FCC000FFF7F4FE2068802100F51270FFF7F2FEC6
:10FCD000BDEC048B00231046A2636361E3632362DF
:10FCE0006362A361E36110BD6F1203393ACD133F24
:10FCF000DB0FC94000000000DB0F494021EE014A44
:10FD000032EEA27A11EE103AC4EE077A00B5002B5B
:10FD100030EE605AF0EEE77AB8BFF1EE677A75EE32
:10FD2000677A2DED028B17EE903A002B85B0F0EE3E
:10FD3000408A7BDAF1EE427AF1EE616AB1EE417A05
:10FD4000B1EE453AB7EE006ABFEE008AF4EEC71A8C
:10FD5000F1EE10FAB1EE667AC7EE225AC0ED077ADC
:10FD600048BF62EE067A36EEC16AF6EE004A86EECB
:10FD7000277A25EEA46A71EE263A67EE244A26EE2B
:10FD8000266A48BFC0ED077AA4EEA36AC0ED092A2F
:10FD900066EE084AC0ED086AF4EEC34AF1EE10FAC6
:10FDA000C0ED0C5A80ED0A7A4FDD37EEA77A72EE7D
:10FDB000E76A27EE227A27EE055AA4EE225A85EE4C
:10FDC000260AB5EEC00AF1EE10FA66D4B5EE400A86
:10FDD000F1EE10FA64D4B1EEC07A0023C36228EECB
:10FDE000078A9FED395A80ED088A78EE416AB1EEB4
:10FDF000488A86EEA77AC8EE225AB4EEC57AF1EEAA
:10FE000010FAF5EEC05ACBBF37EE056AB0EE457A70
:10FE100027EE075AB0EE456AF1EE10FAD8BFDFEDD3
:10FE20002A5A80ED0A7AC0ED0C5A18E0B0EE453A35
:10FE3000B0EE417AF0EE616AF0EE427AF1EE622ABB
:10FE4000BFEE006AB7EE008A80E735EE466A27EE1D
:10FE5000075AC6EE264A37EE246AC0ED0B4AF0EE8A
:10FE6000606AE1EE076AB6EE007A67EE877AB0EE76
:10FE7000667AA7EE857A76EE255AC0ED040AC0EDC3
:10FE80000D5AC0ED058A80ED061A80ED0E7A01202C
:10FE900005B0BDEC028B5DF804FB9FED0B0A9AE701
:10FEA0008DED031ACDED020A0190E0F739FA0198C1
:10FEB0009DED031AD0ED077AD0ED092ADDED020A97
:10FEC000B0EE407A89E700BF00000000B5EEC00A3E
:10FED000F1EE10FA88B03DD4D0ED0A7AF4EEC07A93
:10FEE000F1EE10FA15DDD0ED060A90ED047A90EDF2
:10FEF000071AA0EE807AF6EE007A61EE277A60EEBD
:10FF0000006AE1EE000AA7EEA67AB0EE470A08B052
:10FF10007047D0ED0B6A77EEA66AF4EEC06AF1EE98
:10FF200010FA21DCD0ED0D7AF4EEC07AF1EE10FA81
:10FF300028DD70EE670A90ED091A90ED057AF6EE6D
:10FF4000007A60EEA06A61EE277A60EE810AA7EE81
:10FF5000A67ADAE790ED047AD0ED060A9FED0D1A45
:10FF6000B0EE470A08B07047D0ED080A90ED0E7A5F
:10FF70009FED081A70EE677AA0EEA77AB0EE470AF6
:10FF800008B07047C1D89FED031A90ED057AF0EEE6
:10FF9000410ABAE7000000002DE9F0418AB00A22C8
:10FFA000164B02920122002403920F22CDE9044253
:10FFB00006460FCB0DF1180C8CE80F00DFF84080DF
:10FFC000654644F2CC1704EB440308EB8303013489
:10FFD000D85905F09DFF02A948B12A6830680192FE
:10FFE000F4F7CCFE019A30681146F4F79BFB042C21
:10FFF00005F10405E7D10AB0BDE8F08124990308B2
:020000040802F0
:10000000C0A3002003291EDC00EB41002E4B80889A
:10001000102898BF03EBC0034FEA410C186890B159
:100020009B8883B1F0B50469284D1C4083B00BD187
:100030006B5C274E63B9274F47F821200122735488
:100040006A5403B0F0BD7047214E224F0123F3E7FD
:10005000735C204F002BEFD057F82130DFF884E09D
:10006000D31AA3F52440103870452BD873451A488D
:10007000DFED1A6A019228BF7346834238BF0346F8
:10008000A3F5A433203B07EE903AF8EEE77A144B41
:10009000009187EEA67A8C4403EB8C0C0CF583431D
:1000A00093ED140AD3ED157A44F2CC1377EEC07AAF
:1000B0005CF80300A7EE270A05F03EFFDDE9001219
:1000C0002346B9E72346B7E7B48B00209CA3002062
:1000D00088A300208CA30020204801000010A44722
:1000E000C0A300204090020003681B681A699207B1
:1000F00010B5044609D41A69500712D41A691107B9
:100100001CD41A69D20626D410BD6FF002021A61FF
:100110005A6B0021FFF776FF23681B681A695007A6
:10012000ECD56FF004021A619A6B01212046FFF7AB
:1001300069FF23681B681A691107E2D56FF008028E
:100140001A61DA6B02212046FFF75CFF23681B6807
:100150001A69D206D8D56FF010021A6120461A6CBF
:10016000BDE810400321FFF74DBF00BFBFF34F8F25
:100170000549064BCA6802F4E0621343CB60BFF343
:100180004F8F00BFFDE700BF00ED00E00400FA055F
:10019000B1F5805F3ABF00EB810090ED070A9FED5B
:1001A000010A70470000C07F08B5FFF7DFFF00BFFE
:1001B000024B186808441860704700BFA0A30020D5
:1001C00001F10E03FD2B1FD811F10C0F11DA0020E5
:1001D00000290BDB114B4A0901F01F0153F82220C3
:1001E000012303FA01F1114200D1704740F00040B1
:1001F00070474BB2002B0ADB03F1604303F5614308
:1002000093F800030009E3E74FF0FF307047044B19
:1002100001F00F021344187E0009D9E700E100E065
:10022000FCEC00E010B5214C8E460FCC90B0EC46B3
:10023000ACE80F000FCCACE80F000FCCACE80F001F
:1002400094E80F00BEF10F0F8CE80F0029D810AB17
:1002500003EB8E0E5EF8403C1A6862B11A681868AB
:10026000C2F34262C0F301404FF00041084340EA4C
:10027000820010B010BD5A68002AEFD19A68002A97
:10028000ECD1DA68002AE9D119690029E6D15A6966
:10029000212AE3D11A681868C2F34262C0F3014010
:1002A000E4E74FF0FF3010B010BD00BF34990308F1
:1002B00030B50B4C00231846251D4FF0010E54F8A5
:1002C000332042B1126935F833100EFA03FC1142A3
:1002D00018BF40EA0C000133112BF0D130BD00BF34
:1002E000B48B002000B50A4443F6655E11F8013B6B
:1002F0004FF0080C80EA0320430010F4004F9BB23B
:1003000014BF83EA0E0040000CF1FF3308BF80B237
:1003100013F0FF0CF0D19142E8D15DF804FB00BF6F
:1003200008B502F073FAFFF721FF00BF38B5064D9C
:10033000E868EDF721FE0446D5F8BC01EDF71CFE98
:100340000146204638BD00BF608D0020000000003F
:10035000174B9FED157B30B54FF0000C03F5AC6EDD
:100360000022D3E93F41D3F8585101F5405185EDC2
:10037000247B81F8DC28D3F8AC10227403F52C73AD
:100380009E45A1F88C20C1F8CCC043F8682CE8D178
:10039000084B80F8382093F8A83103B930BDBDE888
:1003A0003040F9F74DBB00BF000000000000000026
:1003B00000100020C0E300202DE9F84F234803F08F
:1003C000B3FCA8B1DFF88890DFF88880DFF888A058
:1003D0004FF0020B00244FF4D8774FF4D07607FB90
:1003E000049506FB048095F83810FCF7F3FB10B970
:1003F0000020BDE8F88F4FF42C7303FB04A4D4F85D
:100400000001FDF7F9FF0028F2D0D4F86001FDF7F4
:100410004BFE0028ECD0D4F86401FDF745FE00281F
:10042000E6D02846FBF7ECFA0028E1D0A869FCF7F3
:1004300099FA0028DCD02046FAF7FCF801240028BD
:10044000D6D0A345D5D0A346C9E700BFA0E400207D
:10045000608D00200488002000100020102996BF25
:10046000054B054903EBC10103C982B06B4683E824
:10047000030002B0F9F76EBCB48B002008B590F809
:100480004C30032B00D008BD90F84D30042BFAD926
:1004900072B6024B024A1A60FFF768FEA4F9002008
:1004A000EFBEADDE03781940017070470368194351
:1004B0000160704703781943017070471E48D0F8F7
:1004C0004832BBBBD0F85831D3E92423134331D190
:1004D000D0F8FC301B7C6BBBD0F8AC30B3F88C3060
:1004E00043BBD0F8003103F5405393F8DC380BBB25
:1004F000D0F8F834E3B9D0F80834D3E9242313430F
:1005000016D1D0F8AC331B7C93B9D0F85C33B3F878
:100510008C306BB9D0F8B03303F5405300F52C7232
:1005200093F8DC3800F5AC60002B18BF104670471C
:1005300000F52C70704700BF001000202DE9F04F2F
:10054000064E357B022D83B00AD0012D11D0032336
:100550003373002003B0BDE8F08F00BFA4A30020D8
:10056000C04930694FF4A87202F0CCF90028EED1EE
:10057000357BBC49B38A01F5A87743F6655411F879
:10058000012B082083EA02235A0013F4004F92B291
:1005900014BF82EA04035B0000F1FF3208BF9BB284
:1005A00012F0FF00F0D1B942E9D13069736100F572
:1005B000A870022D306100F09A81012DC7D1AA4D9B
:1005C00043F6655405F10C0715F8012B082183EA61
:1005D00002235A0013F4004F92B214BF82EA0403BC
:1005E0005B0001F1FF3208BF9BB212F0FF01F0D1B6
:1005F000BD42E9D10C30DFF878A2DFF878829B4F5A
:10060000C6E904030AF5AC6943F6655596F80CC0D3
:10061000BCF1020FA7F1580B00F05181BCF1010FA2
:1006200095D1B38A1BF8012B082483EA02235A00D0
:1006300013F4004F08BF5B0092B204F1FF3414BF03
:1006400082EA05039BB214F0FF04F0D1BB45E9D167
:100650003069DAF8ECB073615830BCF1020F3061E8
:100660000BF1040100F03681BCF1010F7FF46FAF94
:100670000BF1100B11F8012B082483EA02235A0016
:1006800013F4004F08BF5B0092B204F1FF3414BFB3
:1006900082EA05039BB214F0FF04F0D15945E9D179
:1006A000DAF8F0B00C30BCF1020FC6E904030BF12C
:1006B000180100F02781BCF1010F7FF448AF0BF562
:1006C000635B0BF1180B11F8012B082483EA02235A
:1006D0005A0013F4004F08BF5B0092B204F1FF34DC
:1006E00014BF82EA05039BB214F0FF04F0D1594510
:1006F000E9D1DAF84CB100F56350BCF1020FC6E95C
:1007000004030BF1040100F00B81BCF1010F7FF435
:100710001EAF0BF1100B11F8012B082483EA022302
:100720005A0013F4004F08BF5B0092B204F1FF348B
:1007300014BF82EA05039BB214F0FF04F0D15945BF
:10074000E9D1DAF850110C30BCF1020FC6E904030C
:100750008B4600F0F280BCF1010F7FF4F8AE10314F
:100760001BF8012B082483EA02235A0013F4004FDC
:1007700008BF5B0092B204F1FF3414BF82EA0503A4
:100780009BB214F0FF04F0D18B45E9D1DAF8541193
:100790001030BCF1020FC6E904038B4600F0E18083
:1007A000BCF1010F7FF4D3AE10311BF8012B0824EC
:1007B00083EA02235A0013F4004F08BF5B0092B291
:1007C00004F1FF3414BF82EA05039BB214F0FF0466
:1007D000F0D18B45E9D1DAF8581173611030BCF1D2
:1007E000020F306101F1040100F0E280BCF1010F61
:1007F0007FF4ADAEB08A0822FFF774FD337B7061E1
:100800003069022B00F10800306100F0C980012B33
:100810007FF49DAEB08A41466822FFF763FD337BCB
:100820007061306958F8081C6830022B306101F1A2
:100830002C0100F0AC80012B7FF489AEB08A0C2231
:10084000FFF750FD337B7061306958F8041C0C30A1
:10085000022B306101F12C0100F09080012B7FF41C
:1008600076AE09E038E50020A8E40020908800205A
:10087000101000207C8D0020B08A2422FFF732FD6A
:10088000337B70613069022B00F12400306161D04C
:10089000012B7FF45CAEB08A51469C22FFF722FD0B
:1008A000336970610AF52C7A9C33D14508F5D87804
:1008B00007F5D07733617FF4A9AE01204AE63069AD
:1008C0005822594602F01EF800287FF440AE96F8F0
:1008D0000CC0A6E60C22019102F014F80199002840
:1008E0007FF435AEB38A306996F80CC0C0E60C22AE
:1008F000A1F5F07102F006F800287FF428AEB38A63
:1009000030695CE64FF46352019101F0FBFF0199FD
:1009100000287FF41CAEB38A306996F80CC0CEE68E
:100920000C22019101F0EEFF019900287FF40FAE37
:10093000B38A306996F80CC0EBE61022019101F001
:10094000E1FF019900287FF402AEB38A306996F87E
:100950000CC004E79C22514601F0D4FF00289AD035
:10096000F5E51022019101F0CDFF019900287FF4F7
:10097000EEADB38A306996F80CC015E724220191D8
:1009800001F0C0FF019900283FF476AFDFE50C22AB
:10099000019101F0B7FF019900283FF44FAFD6E570
:1009A0006822414601F0AEFF00283FF433AFCEE5A8
:1009B0000822019101F0A6FF019900283FF41AAF27
:1009C000C5E500BF70B582B0EFF3108572B63F4B3E
:1009D000D3F8582192F89C20BAB9D3F8083493F888
:1009E0009C3093B93A4C237B5BB94AF6CC31012257
:1009F000C4E904312273FFF7A1FD20B1237B012B51
:100A000008D003232373FFF7B1FB85F31088002080
:100A100002B070BD26690236266101F00FFF8642E2
:100A2000EFD8206901F040FF0028EAD14AF6CC3225
:100A30000223C4E904022373FFF780FD0028E2D0FB
:100A4000227BA38AADF80630022A31D0012AD8D100
:100A50009DF80610082283EA012343F6655113F43A
:100A6000004F4FEA43039BB202F1FF3218BF4B40E5
:100A700012F0FF02F3D19DF80710082283EA012348
:100A800043F6655113F4004F4FEA43039BB202F162
:100A9000FF3218BF4B4012F0FF02F3D122696361AD
:100AA0000232226101F0BAFF0028AAD12073AAE71E
:100AB00020690DF1060101F025FF0028A1D1A38ACC
:100AC000C6E785F3108817F02FFD00BF0010002047
:100AD000A4A30020C043C0B27047000038B5404D09
:100AE000EFF774FDF9F77AF805F056F83D48FFF78F
:100AF00053FAD5F8AC00838EDA0566D4D5F85C03DA
:100B0000838EDB0568D4D5F85801FAF79DFFD5F838
:100B10000804FAF799FFD5F8AC00FCF7CFFED5F83A
:100B20005C03FCF7CBFE95F8D020D5F85831022AAB
:100B30001CBF022285F8D02003F5CE7395F88023E0
:100B4000C5F8C830D5F80834022A03F5CE731CBFA7
:100B5000022285F88023C5F87833F8F7BDFFF9F74E
:100B600083FA4FF4FA64D5F8583193F8AC30012089
:100B700033B3D5F8083493F8AC300BB30220FFF749
:100B8000A9FF0146D5F8FC001030FFF78BFC0220CE
:100B9000FFF7A0FF0146D5F8AC031030FFF782FC49
:100BA0000F48F9F7E3FC1048F9F7E0FC0F4B104948
:100BB000012283F860200868BDE83840F6F72EB9B6
:100BC000F6F750FF013CCED1D8E7FCF74BFED5F845
:100BD0005C03838EDB0596D5FCF744FE93E700BFEC
:100BE00000100020C0900020B0120020C0A3002000
:100BF000BC93002010B5074C0021D4F85801FAF737
:100C0000C3FE0021D4F80804FAF7BEFEF8F73EFF51
:100C1000FEE700BF001000202DE9F04F4B4C94F888
:100C2000603085B013B905B0BDE8F08FF6F7ECF988
:100C30006066F7F755F9464DDFF82CA1DFF82C91E7
:100C4000444F0346D5F83C02A366F6F72DFC064652
:100C5000D5F8EC04F6F728FCB600D5F840323E4A49
:100C60008000B04294BF1B1A9B1BDAF80000D2F838
:100C700000B0E366F6F718FC384BABEB80001B685E
:100C80002067D9F800001E46F6F70EFC344B02969A
:100C9000A6EB80001A68606738680192F6F704FCDA
:100CA000019A04F58046A2EB8000A067D6E94308CC
:100CB000F6F7FAFBA8EB8000E067DFF8B48029487C
:100CC0000168D8F800000391F6F7EEFB029BC4F828
:100CD0008C30039B019AC4F89830A3EB8000C4F8D1
:100CE0008000D5F84002C4F88400D5F83C02D6F85C
:100CF0001051C4F89020C4F888B0C4F89450F6F7A6
:100D00009FFEC4F89C00DAF80000F6F799FEC4F8DC
:100D1000A000D9F80000F6F793FE02463868C4F840
:100D2000A420F6F78DFE0246D6F80C01C4F8A820E0
:100D3000F6F786FE0246D8F80000C4F8AC20F6F7B5
:100D40007FFEC4F8B00005B0BDE8F08FC0A300205E
:100D500000100020BC93002048C60408BCC504084D
:100D60009C9F030868A1030874F9002080F200200A
:100D700074A30020F8B504460D46EFF3108772B651
:100D80000E4E4FF08072D6F858010023FAF794FE09
:100D9000D6F808044FF080720023FAF78DFEF8F7BA
:100DA00075FE294604F13800FFF784FB87F31088AD
:100DB000F8BD87F3108817F0B7FB00BF00100020C4
:100DC00070B5134E00F58045D6ED007A95ED6B7A3F
:100DD000B4EEE77AF1EE10FA044607D895ED6C7A96
:100DE000B4EEE77AF1EE10FA0CDB70BD0221FFF7EA
:100DF000C1FFD6ED007A95ED6C7AB4EEE77AF1EEAC
:100E000010FAF2DA20460421BDE87040FFF7B2BFC5
:100E1000640F0020F8B500F58046174AD6F8D8329E
:100E2000164C0133C6F8D832556A07466D00D4F81F
:100E3000AC00ADB2FCF74AFCD4F85C03FCF746FC0E
:100E40000D4B0F4A5B6A11785B009BB25A1B19B1BC
:100E5000C6E9B953C6F8EC22D6F8F032934238BF4F
:100E60001346C6F8F032F8BD07F5854029466430D0
:100E7000FAF744FC17F058FB001C0040001000205B
:100E8000FC0F002010B50E4C0E4A2368934205D08B
:100E90000D4A934206D02A2B0ED110BD0B4B00BF3A
:100EA000013BFCD10A4B23600A4B83F308880A4BB1
:100EB0005B6898472368EEE72A232360FFF756F91B
:100EC000A4F9002075FEADDEEFBEADDE00A8610026
:100ED000EDFEFECA000002200000FF1F0378012B78
:100EE00070B5064603D002233370002070BD406801
:100EF00010220D4601F0B4FC0028F4D1348905F12C
:100F0000100043F6655115F8013B082284EA0324DA
:100F1000630014F4004F9BB214BF83EA0104640021
:100F200002F1FF3308BFA4B213F0FF02F0D18542F3
:100F3000E9D17368B46010337360012070BD00BFE5
:100F40002DE9F04FD24AD349D2F8103AD2F8180A14
:100F5000B2F8162AD04ED14C2DED068B034442EA4E
:100F600003421B0CC1E900239BB0314606F10C057E
:100F7000C3F303301B01205C01F8010B8D4243EAEF
:100F800012734FEA0212F3D100233373EDF7D6F94F
:100F900001F000FC002800F06982C14BC14C0793AE
:100FA00002232370DFF864A3DFF86493DFF864831F
:100FB000DFF864B3DFEDBCAA9FEDBCAADFEDBC9AFD
:100FC0009FEDBC9A9FEDBC8ADFEDBC8A4FF4A872FE
:100FD00000210AF5BC70DFF7F3FD4FF0FF40CAF8BF
:100FE000C001B748CAF8780140F20331B548AAF801
:100FF0007C11AAF89C11CAF8C4014FF080414FF04F
:1010000082404FF4E132CAF8AC01CAF8A411AE48EC
:10101000AE49CAF89421CAE96322AD4ACAF89821B8
:10102000CAE96001AB4AAC4BCAF8B03140F20711D3
:10103000AAF888110021019107CACAF8B831CAF884
:10104000BC310AF1E80383E807004B46CDF818A04D
:10105000C1469846A14FCBED0EAA4FF40053CBF8F2
:1010600050300FCF14ADAC460FC597E8030085E8AC
:10107000030000244FF0010AABF83440CBF848409D
:101080008BF858408BF85940CBF85C408BF86240A5
:101090008BF863408BF864408BF865408BED0FAAAA
:1010A000CBED109A8BED119A8BED138A8BED158A8F
:1010B0008BF860A08BF861A0BCE80F000BF168060C
:1010C0000FC695E80300864AD8F8005186E8030069
:1010D0004FF0030307CAABF88230D8F8FC30CBF8E6
:1010E00088404FF0040E7344ABF884E0ABF880A066
:1010F00083E8070021464FF4635205F11800DFF73B
:101100005FFD784A6A62784AEA624FF0FF4205F56D
:1011100040532A63754AAA6303F6C4004FF0804225
:10112000AA62EA64049003F69C0240F2031028834A
:10113000F7EE007AB3EE047A0292B5EE006A4FF44D
:101140008060C5ED0D7AC5ED107A85ED077A85EDE5
:10115000146A6864C5ED088A03F50A61029D03916B
:10116000C5ED007A03F50D67039D0498059703F616
:10117000A40E03F6AC0CF2EE046A5D4FC5ED007AE6
:1011800003F6B806CEED007A03F6C80183F8A8A8E6
:1011900003F6CC02CCED006AFF25C3F8B078059FBA
:1011A00083F8B458C6ED007A80ED007A81ED007ABC
:1011B000C2ED006A4F4A3A604F4A019E83F8C06808
:1011C00007CAD8F85C31043383E80700D8F86031E7
:1011D0004A499C6032255D60DC6083ED008AD8F866
:1011E0006431C3E90154DC6083ED008AD8F86831CA
:1011F000434D9C809C6083F806A0682209F11C0086
:10120000DFF7C8FBA5F10C0207CAD9F81430D9F8EA
:1012100018402C3383E807000FCD2C340FC40FCDBA
:101220000FC42B6823604046F9F70EF90BF5D07B0D
:1012300009F5D87908F52C78002E00F00381DDF847
:1012400018A0FFF7B9F89AF8CC327BB99AF889312F
:10125000002B40F001839AF88A3113B1294A1268B1
:1012600022B19AF88B31002B40F044838AF8CC32BB
:10127000EDF77EF8002800F0AD800025DFF89C80B7
:10128000214CDDF81CB00127A946022648E000BF2A
:101290000070FF1FE8E90020F0E9002034A70308F0
:1012A00038E50020A4A300200AD7A33CDB0F494265
:1012B000DB0F494100007A4400000000ABAA2A3E3F
:1012C000000404030AD723BC000B0B020C0C02071A
:1012D000010003037499030815AE6F4280A403084C
:1012E00080990308ABAAAA3E9A99993F0AD7233C52
:1012F00000010101000020C18C990308989903089E
:101300000C9A0308180E0020B88B0020C0E30020C0
:1013100000100020608D002004880020E40B0020D5
:1013200054F8040CA8B123889BB11BF805200F9337
:10133000032A50D9A2F10E03012B4CD918239B424A
:10134000A8F1180100F0DC82082B00F0E3828AF893
:10135000CC720135112D08F1180804F10804DFD111
:101360000025012109A80995F6F7D4FB374B29463A
:1013700018600424F6F7E4FB29460BA8CDE90B44DA
:10138000F6F732FC324B0E941860294607230DA85D
:101390000D93F6F729FC2F4B0A95186001210AA836
:1013A000F6F7B8FB2C4B29461860F6F7C9FB2B4B18
:1013B0002B491B682B4A11959B08CDE90F120FA8EA
:1013C0002946CDE91253F6F71FFB274B1860F6F7B5
:1013D00015FBFEE7FEE7CDF84C900F2AB7D801A326
:1013E00053F822F0E1180208EB1802086518020809
:1013F0006F1802087918020899180208A318020841
:10140000AD180208C11802084F130208D7180208C5
:101410002514020825140208251402084F18020892
:101420004F180208CDE91069CDF848900FA9013591
:10143000F0F728FE112D08F1180804F108047FF4D4
:101440006FAF8DE7CDF804A004E600BFECE6002006
:10145000F0E60020F4E60020E8E600209C9F030868
:1014600028A70308DD0A0208BC930020BB4CBC4936
:1014700007914AF6CC32C4E9010201234FF4A87265
:10148000237001F0EDF900287FF48AAD2189079ED1
:1014900040F24F1543F6655016F8013B082281EAE9
:1014A00003214B0011F4004F9BB214BF83EA0001EB
:1014B000490002F1FF3308BF89B213F0FF02F0D1F7
:1014C000013DE9D26068237800F5A870012BC4E9DA
:1014D00001017FF465ADA3490C2201F0C1F9002898
:1014E0007FF45EAD22899F4E0B2543F6655016F8BA
:1014F000013B082182EA0322530012F4004F9BB201
:1015000014BF83EA0002520001F1FF3308BF92B218
:1015100013F0FF01F0D1013DE9D26368924E934F81
:10152000934D0C33C4E9013206F5AC6943F6655AB4
:101530002378012B7FF434ADA5F158086068582258
:10154000414601F08DF900287FF42AAD218918F871
:10155000013B082281EA03214B0011F4004F9BB2AA
:1015600014BF83EA0A01490002F1FF3308BF89B2C0
:1015700013F0FF02F0D1A845E9D160682378A1609B
:101580005830012B60607FF40BADD6F8ECB00BF156
:1015900004080C22414601F063F900287FF400ADF5
:1015A00021890BF1100018F8013B082281EA032180
:1015B0004B0011F4004F9BB214BF83EA0A014900AB
:1015C00002F1FF3308BF89B213F0FF02F0D14045AA
:1015D000E9D160682378A1600C30012B60607FF452
:1015E000DFACD6F8F0B00BF118084FF46352414667
:1015F00001F036F900287FF4D3AC0BF56350218954
:10160000183018F8013B082281EA03214B0011F43D
:10161000004F9BB214BF83EA0A01490002F1FF3375
:1016200008BF89B213F0FF02F0D14045E9D16068EC
:101630002378A16000F56350012B60607FF4B0ACAB
:10164000D6F84CB10BF104080C22414601F008F920
:1016500000287FF4A5AC21890BF1100018F8013B9C
:1016600081EA032108234A0011F4004F08BF490012
:1016700092B203F1FF3314BF82EA0A0189B213F078
:10168000FF03F0D14045E9D16368A1600C33D6F87F
:10169000501132486360FFF721FC00283FF482AC10
:1016A000D6F854112D48FFF719FC00283FF47AAC06
:1016B0002378012B7FF474ACD6F85811606804319C
:1016C0000822019101F0CCF8019900287FF468AC60
:1016D00020890822FEF706FE2378A0606068012BAF
:1016E00000F1080060607FF45BAC6822394601F0CD
:1016F000B7F800287FF454AC208968223946FEF7F9
:10170000F1FD2378A0606068012B00F16800606043
:101710007FF446AC57F8081C0C222C31019101F0E3
:101720009FF8019900287FF43BAC20890C22FEF73A
:10173000D9FD2378A0606068012B00F10C00606087
:101740007FF42EAC57F8041C24222C31019101F0B7
:1017500087F8019900287FF423AC0BE0A4A30020B4
:1017600038E50020A8E40020101000207C8D002027
:101770009088002020892422FEF7B4FD2378A06001
:101780006068012B00F1240060607FF409AC9C22AA
:10179000314601F065F800287FF402AC208931461B
:1017A0009C22FEF79FFD6268A06006F52C7603463A
:1017B000B14502F19C0007F5D87705F5D07560605A
:1017C0007FF4B6AE9B462378012B90467FF4E8ABBE
:1017D000022214A901F044F800287FF4E1AB9DF83F
:1017E0005020238943F6655083EA0223082213F42C
:1017F000004F4FEA43011CBF5B009BB202F1FF3276
:101800000CBF8BB2434012F0FF02F0D19DF8512083
:1018100043F6655083EA02230822590013F4004F6F
:1018200008BF5B0089B202F1FF3214BF81EA0003F6
:101830009BB212F0FF02F0D1A360636802336360D1
:101840002378012B70D000232370FFF7ABBBCDE9C9
:101850001079CDF84890E9E53C4A1268002A7FF4F7
:10186000FAAC03E5CDE91096CDF84890DEE5032308
:10187000CDF844901093D9E59AF889311096002D4F
:101880000CBF02220122119203221292002B7FF43C
:10189000CDAD8AF8CC72C9E59AF88A311096002D40
:1018A000EEE79AF88B311096002DE9E79AF8983117
:1018B0000322CDE910691292002B7FF4B7ADE8E75F
:1018C00012229AF899311092032211971292002B4A
:1018D0007FF4ACADDDE7CDE91066CDF84890A5E525
:1018E000CDE91099CDF84890A0E5CDE91097CDF855
:1018F00048909BE5164B1B68B3FA83F35B09B5E48C
:101900000B6893420AD058F8103C9342A8F110019A
:1019100004D008310B6893427FF419AD88453FF439
:1019200016AD0B79139358E5BDF850305B458AD15D
:101930002270FEF741FD00283FF434ABDFF814A01D
:1019400008F19E03CAF8C8327DE400BF140E0020DF
:10195000D8910020C0E30020F8B56A4D6A4C44F2EB
:10196000283200212846DFF72BF9684A684B1278A5
:101970001B7885F8502085F85230664A664B6749D7
:101980006748097885F85110C5E91523654BC5F8F6
:10199000B430654A654B66490078E965C5E92E2390
:1019A0004FF07C53C5F8D030624BEB63624B2B6435
:1019B000624BAB644FF07E536B6440F203630026CE
:1019C0004FF48042A5F84C304FF4805138232C60FE
:1019D00085F84F00AC18C5F8C81085F84E30314670
:1019E00005F1D800DFF7ECF8554B564AC4F8E03063
:1019F000012104F1E003C4F8E8204FF48062C4F848
:101A0000F430C4F81021A4F8DC6084F8E46084F8B1
:101A1000EC1004F5907305F58345FF2203F80C2CB8
:101A20000C33AB42FAD1484BC4F8B031C4F8B831EA
:101A3000C4F8BC314FF0FF43C4F8C031434BC4F885
:101A4000C4310023C4F8A0314FF08043C4F8A4315E
:101A50004FF08243C4F8AC314FF4E133C4E963334F
:101A6000C4F894313A4E3B4F012384F8893140F257
:101A70000333A4F89C310FCE04F5BC7CACE80F0016
:101A8000002533688CF8003030222946C4F87451A0
:101A900084F8A85184F8B451C4F8C851A4F88A5104
:101AA000C4F8987104F5E670DFF78AF8CC2229466D
:101AB00004F5FE70DFF784F8274B284A1B78C4F83A
:101AC000C852FF3B18BF0123C4E9B455C4E9B65559
:101AD000C4E9B955C4E9BB55C4E9BD55C4E9BF550E
:101AE000C4E9C155C4E9C355C4E9C555C4E9C755DE
:101AF00084F8CC5284F8E05284F8243315701573BE
:101B0000F8BD00BFC0A30020D0A7030851C6040839
:101B100053C6040878A3002080A3002052C60408FE
:101B200050C6040868F9002078F90020B0A703081F
:101B30007CA30020640F002084A30020E8E900209B
:101B400080A8030890D0030015AE6F420AD723BCCB
:101B5000309A0308010003030078FF1FA4A30020AC
:101B60002DE9F04F00F58047D14AD7F8DC32C7F8AD
:101B7000D4120133C7F8DC32536ACE4C83B04FEA3B
:101B8000430801900E461FFA88F804F5AC65A44698
:101B9000DCF8E400DCF8EC10DCF8F420DCF80031D0
:101BA000DCF858E103F54053013001310132CCF843
:101BB000E400CCF8EC10CCF8F420D3F84829DCF899
:101BC000AC000132C3F84829D0F8A420D0F89C100A
:101BD000D0F8D0300132C0F8A420D0F8D82001319C
:101BE00001330132C0F89C10C0F8D030C0F8D820C2
:101BF000D0F8E010DEF89021DEF89C31013101329E
:101C00000133C0F8E010CEF89021CEF89C31DCF81A
:101C10002811DCF83401DCF84021DCF848310131CE
:101C2000013001320133CCF82811CCF83401CCF862
:101C30004021CCF84831DCF85031DCF8FC000133AD
:101C4000CCF85031816A026B836B0CF52C7C01312E
:101C500001320133654581620263836398D115F0D7
:101C600075FF9548FDF7E2FE914BDFF850A25B6AE5
:101C70009AF800105B009BB2A3EB080219B1C7E908
:101C8000BD83C7F8FC22D7F80033DFF82882DFF8DD
:101C900020B2934238BF1346C7F80033DBF8243034
:101CA000D8F860014FEA43091FFA89F9FCF7B6F941
:101CB000D8F86401FCF7B2F9DBF824309AF8001088
:101CC0005B009BB2A3EB090219B1C8E96793C8F89E
:101CD000A421D8F8A831934238BF1346C8F8A831D8
:101CE00008F52C784545D9D1714BDFF8C8815B6A7E
:101CF0004FEA430B1FFA8BFB31464046F8F7D0FC06
:101D000081464046F8F70CFDB9F1000F00D020B92C
:101D1000D8F858010021F9F737FE08F52C78454529
:101D2000EAD1634B9AF800205B6A5B009BB2A3EB9D
:101D30000B011AB1C7E9C1B3C7F80C13D7F81033B8
:101D4000DFF86C918B4238BF0B46C7F81033594F00
:101D5000D9F82430D7F858214FEA430850691FFAC0
:101D600088F8FAF745FDD7F858319869FAF740FD39
:101D7000D9F824309AF800105B009BB2A3EB08025C
:101D800019B1C7E95B83C7F87421D7F87831D7F860
:101D9000AC00934238BF1346C7F87831D9F82430E5
:101DA0004FEA43081FFA88F8FBF750FED9F82430B1
:101DB0009AF800105B009BB2A3EB080219B1C7E9C7
:101DC0005F83C7F88421D7F88831934238BF134620
:101DD000C7F8883107F52C77AF42B9D1344BD4F826
:101DE000FC005F6A7F00BFB2FDF768FE304B9AF8D7
:101DF00000105B6A5B009BB2DA1B19B1C4E9637324
:101E0000C4F89421D4F898312949D4F800019342B8
:101E100038BF1346C4F898314F6A7F00BFB204F54B
:101E20001278FCF74DFC002800F0A280204B9AF8B5
:101E300000105B6A5B009BB2DA1B19B1C4E96F73D7
:101E4000C4F8C421D4F8C8311949934238BF1346A5
:101E5000C4F8C8314F6A04F582707F003146BFB2C2
:101E6000FDF742FD124B9AF800105B6A5B009BB2D3
:101E7000DA1B19B1C4E97373C4F8D421D4F8D8318A
:101E80000B49D4F85801934238BF1346C4F8D831EF
:101E90004F6A31467F00BFB2FAF7E4FA044B9AF872
:101EA00000105B6A5B009BB2DA1B69B108E000BFFF
:101EB000001C0040001000207CA40020FC0F00202B
:101EC000C4E97B73C4F8F421D4F8F8315349D4F849
:101ED0005801934238BF1346C4F8F8314F6AC830EE
:101EE0007F003146BFB2FDF709FC4C4B9AF8001059
:101EF0005B6A5B009BB2DA1B19B1C4E97F73C4F85B
:101F00000422D4F8083204F52C74934238BF1346E7
:101F1000AC4244F8A83C7FF461AF414BD3F83C029B
:101F200010B10121F5F7A6FD3D4BD3F8EC0410B13B
:101F30000121F5F79FFD3B4BD3F8C8213A4B102AFE
:101F400001D803EBC203394A1E6892F838409988D9
:101F50002CB94FF00000FEF7B1FA85420ED07EB1E9
:101F600001242246304603B0BDE8F04FF0F764BAD2
:101F70004FF400714046FEF799FA57E7002EF0D172
:101F800003B0BDE8F08F394604F5F670F9F7B6FBFB
:101F900016F0CAFA394604F5E670F9F7AFFB16F009
:101FA000C3FA394604F5FE70F9F7A8FB16F0BCFA3F
:101FB000019B03F5854041467430F9F79FFB16F00D
:101FC000B3FA019B03F5864059460430F9F796FBB6
:101FD00016F0AAFA494608F5CE70F9F78FFB16F00D
:101FE000A3FA394604F5DE70F9F788FB16F09CFA7F
:101FF000394604F5C670F9F781FB16F095FA4146AB
:1020000007F5BE70F9F77AFB16F08EFA414607F530
:10201000B670F9F773FB16F087FA00BF001C00409A
:1020200000100020C0E30020B48B0020C0A30020DB
:1020300070B50468694DAC4288B065D0684DAC425B
:1020400018D0684DAC4200F08380674DAC4200F080
:102050008D80664DAC426DD0654DAC4200F09480F1
:10206000644DAC4200F0AC80634DAC4200F09A800D
:10207000002047E005F55055002601962E6B46F0EE
:1020800002062E632D6B05F002050195019D8088E7
:102090005FEA500C49D0002001305FEA5C0C80B24E
:1020A000FAD14FEA400E4FF0030C0CFA0EFC02FA84
:1020B0000EF26FEA0C0C266801F0030506EA0C0626
:1020C00005FA0EF53543256021F01005013D012D7F
:1020D00011D8A56803FA0EF305EA0C052B43A3609B
:1020E0006368C1F300110125814005FA00F023EA7D
:1020F000000008436060E36803EA0C0C4CEA02024B
:102100000120E26008B070BD05F56055002600961C
:102110002E6B808846F001062E632D6B05F00105BD
:1021200000955FEA500C009DB5D1604686466FF081
:10213000030CC0E705F52055002604962E6B46F0EB
:1021400010062E632D6B05F010050495049D9EE787
:1021500005F54055002602962E6B46F004062E63C8
:102160002D6B05F004050295029D90E705F53055AD
:10217000002603962E6B46F008062E632D6B05F0A5
:1021800008050395039D82E705F510550026059681
:102190002E6B46F020062E632D6B05F0200505956D
:1021A000059D74E705F5E055002607962E6B46F071
:1021B00080062E632D6B05F080050795079D66E769
:1021C00005F50055002606962E6B46F040062E6358
:1021D0002D6B05F040050695069D58E7000002406E
:1021E0000004024000080240000C024000100240BF
:1021F0000014024000180240001C02402DE9F0418A
:10220000B0F804E05FEA5E0E82B000F0A4804FF008
:10221000000C0CF1010C5FEA5E0E1FFA8CFCF8D189
:10222000BCF10F0F644600F28680594D0CEB4C0E4A
:1022300005EB8E0E0668BFF35B8F5EE8007F002F14
:1022400004D14EE80068B8F1000FF6D1BFF35B8F00
:1022500071D1504EDFF8448100270197776C47F425
:10226000804777644FEA940E766C4FEA8E0E0EF13B
:10227000804E06F480460EF59C3E01960CF0030C51
:10228000019EDEF808704FEA8C0C0F2606FA0CF659
:1022900027EA06060768474521D008F580684745C4
:1022A00053D0DFF8FC8047455AD0DFF8F880474527
:1022B00045D0DFF8F480474558D0DFF8F080474537
:1022C0005AD0DFF8EC8047455CD0DFF8E88047451E
:1022D0000CBF0727082707FA0CFC46EA0C06CEF8C5
:1022E000086086882C48F743D9B9816821EA06013D
:1022F00081602949DAB1CA683243CA60264A516806
:102300003940516011683143116004EB4404566157
:10231000089A05EB84040120C4E9013202B0BDE84B
:10232000F0818168314381601B49002AE3D1CA688A
:102330003A40CA60E2E7002002B0BDE8F08103271E
:1023400007FA0CFC46EA0C06C9E7012707FA0CFC61
:1023500046EA0C06C3E70E4DF4467446AE4669E7FE
:10236000022707FA0CFC46EA0C06B8E7042707FA2E
:102370000CFC46EA0C06B2E7052707FA0CFC46EA15
:102380000C06ACE7062707FA0CFC46EA0C06A6E7A3
:1023900000E7002000380240003C014000000240FD
:1023A00000080240000C02400010024000140240ED
:1023B00000180240001C024081884A0822D00023F5
:1023C000013352089BB2FBD10F2B1AD803EB430306
:1023D0000D4A00684FEA830C30B452F80C40844236
:1023E00002EB830301D030BC7047084C2568002005
:1023F0000D432560616130BCC3E9010042F80C0067
:10240000704770471346E1E700E70020003C0140B9
:10241000054B5A69D20706D504494A68012058611C
:102420000AB1886810477047003C014000E700206F
:10243000054B5A69920706D504490A69022058617A
:102440000AB1486910477047003C014000E700208E
:10245000054B5A69520706D50449CA6904205861D8
:102460000AB1086A10477047003C014000E70020AD
:10247000054B5A69120706D504498A6A0820586133
:102480000AB1C86A10477047003C014000E70020CD
:10249000054B5A69D20606D504494A6B102058618B
:1024A0000AB1886B10477047003C014000E70020EC
:1024B0001E4B5A69920610B506D51D490A6C20209C
:1024C00058610AB1486C9047184B5A69540606D5B2
:1024D0001749CA6C402058610AB1086D9047134BE8
:1024E0005A69100606D512498A6D802058610AB1D2
:1024F000C86D90470D4B5A69D10507D50C494A6EF6
:102500004FF4807058610AB1886E9047074B5A6942
:10251000920509D506490A6F4FF4007058611AB147
:10252000BDE81040486F104710BD00BF003C01409F
:1025300000E700202B4B5A69510510B508D52A49F0
:10254000CA6F4FF48060586112B1D1F88000904793
:10255000244B5A69120509D52349D1F888204FF434
:102560000060586112B1D1F88C0090471D4B5A6938
:10257000D40409D51C49D1F894204FF480505861F7
:1025800012B1D1F898009047164B5A69900409D5BA
:102590001549D1F8A0204FF40050586112B1D1F87C
:1025A000A40090470F4B5A69510409D50E49D1F840
:1025B000AC204FF48040586112B1D1F8B000904780
:1025C000084B5A6912040BD50749D1F8B8204FF4CB
:1025D0000040586122B1BDE81040D1F8BC0010475E
:1025E00010BD00BF003C014000E70020024B00226C
:1025F0001A609A80704700BFF8E6002030B50023CB
:1026000087B0416803910122CDE901330223CDE96E
:1026100004230546EFF7CEFB0A4BF322DA60694646
:1026200001A8EFF7CDFC38B9EB682B600446EFF753
:10263000D5FB204607B030BDEFF7D0FBEFF7D8FB56
:1026400007B030BD003C02402DE9F0410746C068AC
:1026500088424ED8BC688818A0424AD2180140EA85
:10266000830018434C0040EA831504F00603FF245E
:102670009C4001F0030303EB020821F00306EFF78F
:1026800099FB1D4BE443F322EDB2E4B2DA600EE0B5
:10269000396945EA0402002301EB9601D2B21846DB
:1026A000EFF7D6FBA8F1040804360446D8B9B8F110
:1026B000030FEDD8B8F1000F10D0C8F104035B0090
:1026C000FF221A41396964EA0202D2B2002301EB07
:1026D00096012A431846EFF7BBFB20B9EFF77EFBC4
:1026E0000020BDE8F081EFF779FBBDE8F041EFF79E
:1026F0007FBB4FF0FF30F4E7003C024070B514019F
:10270000054644EA8204144344EA821CEC68C81C6F
:1027100020F0030004F1040E70455FFA8CFCA0EB7E
:10272000010634D3421E2D699208AA5CD2B27EB152
:102730007600FF213141C943C9B222EA01020CEA05
:1027400001010A4304E076451FD36A5C3046D2B2E9
:10275000411F62454FEA9101A0F10406F3D00CF04D
:10276000030CBCEB921F4FEA92110CD1A04202D88D
:1027700009E0A04207D09200C2F38111614500F147
:10278000FF30D2B2F5D0197070BD3046E7E762462F
:10279000E5E700BF70B5194C82B0A1680DF10503E3
:1027A00003222046FFF7AAFF0DF106030322206053
:1027B000216A04F11800FFF7A1FF114B9DF80620D4
:1027C000A06100251D709AB1216820460DF1070314
:1027D000002205EB4505FFF791FF54F83530094E0F
:1027E000094900221B1A104633600A6002B070BD0E
:1027F000012501461D7004F11800E7E7680F00206D
:10280000C8E70020C4E70020C0E7002010B5094C4D
:102810000949E268636A226000200870A3612046CB
:10282000FFF7ECFE034604F118001C46FFF7E6FE36
:10283000204310BD680F0020C8E70020064B074A60
:102840001B78C3F1010303EB430302EBC303D3E99A
:102850000203C01AC0007047C8E70020680F0020BC
:1028600070B50E4C26688418B4EBC60F13D8034617
:1028700008460B490B4C097801EB410154F83150E3
:1028800004EBC101AC1B496903EBC4031944DEF737
:1028900081F8002070BD4FF0FF3070BDC4E700200C
:1028A000C8E70020680F0020F8B5134B134E1B78C3
:1028B000C3F1010303EB430306EBC305DC00D5E9D9
:1028C000023207309A1AB2EBD00F12D33159C7082F
:1028D0005B1ABB4204D22846FFF790FE40B931593B
:1028E00001233A462846FFF7AFFE08B9044B1F60A4
:1028F000F8BD4FF0FF30F8BDC8E70020680F00209A
:10290000C0E700202DE9F843404B15461A684319EB
:10291000B3EBC20F76D83E4B04461F788946EFF7DB
:1029200049FA3C4BF322DA60A207C7F1010725D030
:10293000FDB1394E07EB4703C84606EBC30602E07C
:10294000A3071BD0ADB132687169002301EBC2014E
:10295000214418F8012B1846EFF77AFA0134013DAB
:10296000C1460028ECD0EFF739FABDE8F843EFF79D
:102970003FBAEFF733FA0020BDE8F883032D1ED9E4
:10298000254E07EB4703C84606EBC30601E0032DBF
:1029900015D93368716958F8042B01EBC301214440
:1029A00000230220EFF754FA043DC1460434002806
:1029B000EDD0EFF713FABDE8F843EFF719BA002DA1
:1029C000D7D0154E07EB4707C8464D44A4EB090482
:1029D00006EBC70601E0A845CBD07369316804EB6C
:1029E000080003EBC1010023014418F8012B18462D
:1029F000EFF72EFA0028EED0EFF7F0F9BDE8F84334
:102A0000EFF7F6B94FF0FF30B6E700BFC0E70020A0
:102A1000C8E70020003C0240680F00202DE9F0418B
:102A20001D4E1E4D34781E4FC4F1010000EB4000D6
:102A30004FEAC0083A6855F8081005EBC0000023BB
:102A4000FFF702FE08BB3A6855F8083038601344B7
:102A500045F80830134B1A6004EB4403DF0005EB24
:102A6000C3033278D3F808C0E95904EB4404C2F137
:102A700001036145337005EBC40008D201231A46F7
:102A8000FFF7E2FDEB590133EB51BDE8F081BDE802
:102A9000F041FFF7B3BD00BFC8E70020680F00207A
:102AA000C0E70020C4E700200170704702680B688F
:102AB0009A4201D00020704742684B689A42F9D18F
:102AC00082688B689A42F5D1C268CB689A42F1D18C
:102AD00002690B699A42EDD142694B699A42E9D188
:102AE00082698B699A42E5D1C269CB699A42E1D188
:102AF000026A0B6A9A42DDD1426A4B6A9A42D9D184
:102B0000806A8B6AC31A58425841704748304FF068
:102B10000102BFF35B8FD0E84F3FC0E8412F00298F
:102B2000F9D1BFF35B8FD8B2B0FA80F0400970479B
:102B3000002380F84830704770B54468F4B10668E7
:102B40000546311D2046FFF7B1FFC8B1E06A0028F5
:102B500035D0218E0022EFF76FFC2E68B36C93F80E
:102B60003530012B04D1F36C93F83530012B30D084
:102B7000E06A20B1218E0122EFF75EFC002070BDDB
:102B80003046F1F77DFAA646BEE80F002E6806F142
:102B9000040CACE80F00BEE80F00ACE80F009EE8A4
:102BA00007008CE807003046F1F72AFA2E68E06A41
:102BB0003268136843F0400313600028C9D1B36C36
:102BC00093F83530012BDAD1F36C93F83530012BC3
:102BD000CED1616B71B1A26B3AB1A38F3046F1F7E0
:102BE000C1FA0028C4D1012070BDA28F3046F1F790
:102BF0005DFAF6E7A16B0029BAD0A28F3046F1F753
:102C00002BFBEEE7002310B500F1040C0C46CB645F
:102C1000EFF3108E72B64368BBB11A46DB6C002B23
:102C2000FBD14C3214608EF31088624500D010BD89
:102C3000FFF782FF03460028F9D1226C002AF6D064
:102C4000606C1946BDE8104010476246EAE700BFD5
:102C500084B0F0B597B00DF1740C8CE80E00002331
:102C6000CDE914331D4B1293FF2307468DF807302F
:102C7000BCE80F000DF1080EAEE80F00BCE80F0035
:102C8000AEE80F009CE8070028AD8EE8070095E845
:102C900003000DAC84E803002A9B0F932B9B109339
:102CA0000DF107062C9B1193384602A91396FFF7E6
:102CB000A9FF9DF80730FF2B06D10120F4F7D2FEC3
:102CC0009DF80730FF2BF8D09DF80700003818BF9B
:102CD000012017B0BDE8F04004B07047A92A0208EF
:102CE0004368E3B110B50446D86A20B1198E0122B9
:102CF000EFF7A2FB63681A6C12B1586C0121904780
:102D0000EFF3108272B66368DB6C636082F3108845
:102D100023B12046BDE81040FFF70EBF10BD70473D
:102D2000036819430160704770B5D1F80021164B54
:102D3000056891F87C608C6F02F5405288B092F87B
:102D4000DC2800200021CDE900018DF800200FCB08
:102D50000DF1100C8CE80F00DDE90023CDE9022312
:102D60000DF1080EBEE80300CDF81700CDF81B10DA
:102D70002B688DF8146064011D341B68049461464F
:102D80002846984708B070BD449A030870B5D1F83A
:102D9000AC20154B056891F87C60B2F88C208C6FE4
:102DA00088B000200021CDE90001ADF800200FCB54
:102DB0000DF1100C8CE80F00DDE90023CDE90223B2
:102DC0000DF1080EBEE80300CDF81700CDF81B107A
:102DD0002B688DF81460640104341B680494614608
:102DE0002846984708B070BD449A0308F0B5164BC2
:102DF0000568D1F8FC6091F87C708C6F0FCB89B0BE
:102E00000DF1100C8CE80F000020337C8DF814704D
:102E10000021CDE900018DF80030DDE90023CDE986
:102E200002230DF1080EBEE80300CDF81700CDF81F
:102E30001B102B68640105341B6804946146284606
:102E4000984709B0F0BD00BF449A03082DE9F0414E
:102E5000154B0668D1F8587191F87C808C6F0FCBB8
:102E600088B00DF1100C8CE80F00D7F89000D7F85F
:102E700094108DF814806D4603C5DDE90023CDE97B
:102E800002230DF1080EBEE80300CDF81700CDF8BF
:102E90001B103368640103341B6804946146304698
:102EA000984708B0BDE8F081449A0308000000008C
:102EB000F0B5D1F8AC20184BD2F89450D2F890204D
:102EC000066891F87C708C6F89B0CDE902250FCB34
:102ED0000DF1100C8CE80F000DF1080EBEE8030098
:102EE0009FED0B7BCDF81700CDF81B1033688DF8E4
:102EF000147064010A348DED007B1B6804946146F4
:102F000030460095984709B0F0BD00BFAFF3008090
:102F10000000000000000000449A03082DE9F04F73
:102F2000D1F858213C4BD1F8487291F87CB08C6FA5
:102F3000D1F800518BB08046D1F878020190D2E9E7
:102F400024020243D1F8AC200497B2F88C2014BFBD
:102F50004FF001094FF00009B2F1000A0FCB0DF15B
:102F6000180C8CE80F004FEA44144FF000024FF0A9
:102F70000003CDE9022304F101040694039C0594A7
:102F800004AEB64603CECDF81F000198CDF823104D
:102F900001788DF81CB0CDE904238DF81010049948
:102FA00005F5405524F0FF0444EA010495F83D1965
:102FB00095F8DC08D8F800504FEAC111CDE9042398
:102FC00018BF4FF0010A8DF81090002818BF41F08B
:102FD00001018DF80810049924F47F44CDE90423FD
:102FE0008DF810A0049A049744EA012323F47F0388
:102FF00043EA0243029A23F07F4343EA02630593C4
:10300000BEE80300CDF823102B6861461B682846F4
:1030100098470BB0BDE8F08F449A03080000000009
:10302000F0B5174A174B1268066891F87C708C6FE0
:1030300089B00DF1100C0292134A156803950FCB5D
:103040000DF1080E8CE80F00BEE803009FED0A7B2F
:10305000CDF81700CDF81B1033688DF8147064019B
:1030600017348DED007B1B68049461463046009553
:10307000984709B0F0BD00BF00000000000000004C
:10308000640F0020449A030884A300202DE9F04136
:10309000154B0668D1F8FC7091F87C808C6FFD6B45
:1030A0000FCB88B00DF1100C8CE80F007B690293F8
:1030B00003950DF1080EBEE80300CDF81700CDF81A
:1030C0001B1033688DF814806401153430460027D6
:1030D0000026CDE900671B68049461460095984777
:1030E00008B0BDE8F08100BF449A0308F0B5056858
:1030F000D1F85801164B90F81C21D0F8586191F87E
:103100007C708C6F002AD0F8182189B008BF00228B
:10311000CDE902260FCB0DF1100C8CE80F000DF15C
:10312000080EBEE803006401CDF81700CDF81B10AF
:103130002B688DF81470143404942846002400255C
:10314000CDE900451B6800966146984709B0F0BD7F
:10315000449A0308F0B5D1F80021334B8C6F91F8F5
:103160007C7002F5405C05460FCB9CF8E86889B09E
:1031700064010DF1100E0934022E8EE80F00049444
:103180008DF814703AD0012E33D00CF6E403002EE3
:1031900046D11B68029300200021CDE90001019A6D
:1031A000039202AA03CA9CF8F8280093022ACDF8D9
:1031B0001700CDF81B1027D0012A2BD0002A2FD1C1
:1031C0000CF6F40CDCF800202C68CDE9023202ABDE
:1031D00003CBCDF81700CDF81B102368204600253F
:1031E0000024CDE900451B6800927146984709B05C
:1031F000F0BDDCF8E438002BCBD1CBE7DCF8E438C9
:10320000002BC7D05B68C5E7DCF8F428002ADBD0C8
:103210005268D9E7DCF8F428002AD5D01268D3E741
:103220000248F8F759FA00BF449A0308ACA1030812
:1032300030B5194B4FF42C7202FB01330C4600EBF6
:1032400081020546204493F87C109B6FD36087B0C1
:1032500001750020CDE903006FF01F0005905B01B0
:10326000B1B1039301238DF81030516819B128686A
:1032700003689B6898472868084A0368013405EB8F
:10328000840400945C6803A92B46A04707B030BDB6
:10329000ADF80C30E9E700BF001000208D3A0208BD
:1032A00010B500210446FFF7C3FF28B120460121D5
:1032B000BDE81040FFF7BCBF10BD00BF2DE9F047CF
:1032C0000D4607460FC98AB006AE86E80F0002AC6D
:1032D000DDF81F00DDF82310A446ACE80300D7F8A2
:1032E00000019DED020AFBF757F9D7F80031DFED39
:1032F000207ADFED206A03F5405E95E80F0086E84E
:103300000F0084E80F00DDF81F00DDF82310EC4605
:103310006746ACE80300BDF9043007EE103AB8EE9A
:10332000C77AB0EE676AA7EE266A0EF6181A0EF68E
:103330001C194FF001088AED006A95E80F0086E835
:103340000F0084E80F00DDF82310DDF81F0003C72D
:10335000BDF9063007EE103AB8EEC77AE7EE267AE6
:10336000C9ED007A8EF83C890AB0BDE8F08700BF4D
:10337000000000006F12833AF0B5D0F8003103F579
:1033800040538C4603F6181703F61C150FC987B077
:103390000DF1080E8EE80F00DDF80F00DDF81310B8
:1033A0006C46264603C4009B3B609CE80F008EE8F9
:1033B0000F00DDF80F00DDF8131003C6019B2B6032
:1033C00007B0F0BD70B58C46D0F800610FC986B06B
:1033D0000DF1080E8EE80F00DDF80F00DDF8131078
:1033E00030766C46254603C49CE80F008EE80F003B
:1033F000DDF80F00DDF81310717603C5304606B016
:10340000BDE87040FBF704B9F0B58C46D0F8007108
:10341000D0F858610FC987B00DF1080E8EE80F0083
:10342000DDF80F00DDF813106C46254603C4009B41
:10343000BB629CE80F008EE80F00DDF80F00DDF89E
:10344000131003C5019BF36307B0F0BD70B58C4644
:10345000D0F85C610FC986B00DF1080E8EE80F0040
:10346000DDF80F00DDF813106C46254603C4009B01
:10347000B3609CE80F008EE80F00DDF80F00DDF868
:10348000131003C5019BF36006B070BD30B4D0F8D3
:10349000AC4023681D680FC986B00DF1180C0CE90B
:1034A0000F00DDF80F00DDF813106B4603C3009921
:1034B00020462B4606B030BC184700BF70B58C467E
:1034C000D0F800610FC986B00DF1080E8EE80F002C
:1034D000DDF80F00DDF813106C46254603C4009B91
:1034E00033629CE80F008EE80F00DDF80F00DDF876
:1034F000131003C5019B736206B070BD2DE9F04146
:10350000284B8C6F91F87C80174606460FCB8EB007
:1035100006AD85E80F0097E80F000DF1280C8CE848
:103520000F00DDF82F00DDF833108DF81C800DF151
:10353000100EAEE803009DF8103064011C34102B0F
:10354000069403D900200EB0BDE8F081164A02EBC4
:10355000C30393E803008CE80300F6F7FBFBDDF8F8
:103560002310DDF81F008DED010A00220023CDE9B4
:10357000022304AB1A4603C30B460399019C04942F
:103580000B43059303CA3668CDF81F00CDF823100E
:10359000336802941B682946304698470EB0BDE850
:1035A000F08100BF449A0308B48B00202DE9F04F4E
:1035B00083467B4CABB0EDF7C1F9A26FDBF80C3062
:1035C0009A42064605D19BF8142094F87C309A4222
:1035D00003D000215846FFF72BFEDBF81020D4F86B
:1035E00028339A4205D19BF8152094F82C339A423F
:1035F00003D001215846FFF71BFEDFF8A4A14FF0CE
:10360000FF380DF1B809674B049300230593664B0F
:10361000089300230993654B0C9300230D93644B8F
:10362000109300231193634B149300231593624B63
:10363000189300231993614B1C9300231D93604B37
:103640002093002321930AF1800302930AF520734B
:1036500003930AF1840306930AF5217307930AF191
:1036600088030A930AF522730B930AF18C030E93D5
:103670000AF523730F930AF1900312930AF524734A
:1036800013930AF1940316930AF5257317930AF11D
:1036900098031A930AF526731B930AF19C031E9351
:1036A0000AF527731F930AF1A0032293454B249335
:1036B00000232593444B289300232993434B5B6AB3
:1036C0005B009BB201930AF5287323930AF1A403CC
:1036D00026930AF52973279306AC09E013449B1B34
:1036E00023EAE373984528BF98461034A14516D0C5
:1036F00054F8105C2B68002BF7D054F80C7C3A6817
:10370000B11A8B42EAD854E90230C2072AD40BEB33
:1037100060005146984708BB3A682B68DEE72B4BA0
:103720002B4A5B6A019912785B009BB2591A22B14D
:10373000019ACAF8B411CAE96B23DAF8B8318B429E
:1037400038BF0B46CAF8B831224B0AF52C7A9A4595
:103750007FF459AF40462BB0BDE8F08F3E602B6838
:103760003246BBE742100BEB60005BF80220D358F7
:10377000CFE7174B019A1978144B5B6A5B009BB239
:103780009A1A21B10199CAF8B421CAE96B13DAF87F
:10379000B8319A4238BF1A46CAF8B82114F0C4FEAC
:1037A000001000201D2F0208553102084D2E02087E
:1037B0008D2D0208292D0208ED2D0208B12E0208D8
:1037C000ED3002088D30020821300208001C004054
:1037D000FC0F002060150020F0B516460A6833681B
:1037E00087B003F01F040746136808460D46984744
:1037F000A31E1B2B2CD8DFE813F02D012001130191
:103800000601F900EB002B00DE00D100CA00C30066
:10381000BC00AA00A3009B001C0094008400780058
:103820006C00360160005A00530043003C00340035
:103830002D0096E80F00D5F85C4106AD05E90F00B4
:10384000DDF80F00DDF813106B4603C3009B6360C7
:1038500007B0F0BD2946384607B0BDE8F040FFF795
:1038600063BA32462946384607B0BDE8F040FFF754
:1038700045BE3146284607B0BDE8F040FFF71EBE02
:1038800096E80F00D5F8004106AD05E90F00DDF818
:103890000F00DDF813106B4603C3009BE361D7E70D
:1038A0003146284607B0BDE8F040FFF7EFBD744849
:1038B00007B0BDE8F040FCF74BBD737913B9B3799D
:1038C000002BC5D12946384607B0BDE8F040FFF7C8
:1038D000A7BB737913B9B379002BB9D12946384600
:1038E00007B0BDE8F040FFF7D1BB737913B9B379E6
:1038F000002BADD12946384607B0BDE8F040FFF7B0
:10390000F5BB96E80F00D5F8004106AD05E90F00BC
:10391000DDF80F00DDF813106B4603C3009BA364B2
:1039200096E73146284607B0BDE8F040FFF78EBD68
:10393000D5F8000103685B6807B0BDE8F0401847A0
:103940003146284607B0BDE8F040FFF75DBD96E878
:103950000F00D5F8004106AD05E90F00DDF80F00B6
:10396000DDF813106B4603C304F56454009BE36158
:103970006EE73146284607B0BDE8F040FFF7FCBCD3
:103980003146284607B0BDE8F040FFF797BC314606
:10399000284607B0BDE8F040FFF714BD73791BB9A6
:1039A000B379002B7FF454AF2946384607B0BDE801
:1039B000F040FFF77DBA73791BB9B379002B7FF420
:1039C00047AF2946384607B0BDE8F040FFF7C2BB15
:1039D00096E80F0006AC04E90F00DDF80F00DDF8F3
:1039E000131085F86C026B4603C331E796E80F00AD
:1039F00006AC04E90F00DDF80F00DDF81310A8672E
:103A00006B4603C324E773791BB9B379002B7FF4AA
:103A10001FAF2946384607B0BDE8F040FFF7E6B9CA
:103A200073791BB9B379002B7FF412AF294638465E
:103A300007B0BDE8F040FFF7A9B973791BB9B379B6
:103A4000002B7FF405AF2946384607B0BDE8F040AB
:103A5000FFF7FCB94FF4804105F5127007B0BDE8DF
:103A6000F040FFF75DB9BFF34F8F0649064BCA68B8
:103A700002F4E0621343CB60BFF34F8F00BFFDE75A
:103A8000C0A3002000ED00E00400FA050F4B0A6817
:103A900010B59C6FB4EB521F4FEA521C10D0D3F8F4
:103AA0002823944500D010BD93F82C230B799A421B
:103AB000F9D1074B0A46BDE810401946FFF78CBE06
:103AC00093F87CE00A799645E9D1F3E700100020ED
:103AD000B012002030B5054689B0D0F894000C46ED
:103AE000EDF720FE10BB21680590CDE90211217988
:103AF00000290346024618BF0423A179D5F8940093
:103B0000049306918DF81C200192EDF707FC08B98B
:103B100009B030BDD5F8940001ABE21D02A9EDF764
:103B200099FBB0FA80F0400909B030BD002009B01F
:103B300030BD00BF00F1340399420CD310B500F141
:103B4000940399428AB0044602D20B78FF2B04D02A
:103B500000200AB010BD00207047282200216846CE
:103B6000DDF72EF8D4F894006946EDF77FFAB0FA45
:103B700080F040090AB010BDF0B500F1340500F145
:103B80009406534CA6EB050C4FEAAC0C04FB0CFC62
:103B90008BB04FEAAC0EBEF1000F109F40F38A804D
:103BA0000EEB4E0E00EB0E1E0EF1340E2C4611E005
:103BB00094F80CC0BCF1FF0F50D094F818C0BCF1C1
:103BC000FF0F4DD094F824C0BCF1FF0F4AD0303421
:103BD000744549D094F800C0BCF1FF0FE8D1A6426B
:103BE00053D0C4E901230023237007B13C600E7950
:103BF000012E24D0002E5FD18B680A885B05520508
:103C000043F004030427641B314DD0F8940001965F
:103C10001B0CA410CDE9023705FB04F40023CDE909
:103C20000434120C069369460123CDE90733009250
:103C3000EDF71CFAB0FA80F040090BB0F0BD0A684D
:103C40008B68D200DB0096B29FB242F0040246F0CD
:103C5000040643F0040347F00407D4E70C34BEE73E
:103C60001834BCE72434BAE7DFF864E0A6EB040CB0
:103C70004FEAAC0C0EFB0CFCBCF1020F0ED0BCF1F9
:103C8000030F05D0BCF1010F0ED000200BB0F0BD2A
:103C900094F800C0BCF1FF0FA1D00C3494F800C020
:103CA000BCF1FF0F9BD00C3494F800C0BCF1FF0FA7
:103CB000EBD194E72C46DFE7082014F0F9FB054C24
:103CC0000549064AC0E90041054915F0C3F800BF9F
:103CD000ABAAAAAA5CA20308ACA10308F5B5010827
:103CE000E8A103080840704710B50446D0F89400D6
:103CF000EDF780FAD4F89400EDF716FDD4F89400AF
:103D0000EDF734F908B1002010BDD4F89400EDF7B8
:103D10003FFA0028F7D1D4F894001321EDF7C0FB47
:103D2000B0FA80F0400910BD8268084910B5B1FBB7
:103D3000F2F404FB02F28A42006105D1D0F894301B
:103D400013B15C60FFF7D0FF012010BD80841E001E
:103D500030B58268C0F894100D4BB3FBF2F387B016
:103D60004B600446FFF7C0FF054670B10022CDE965
:103D70000322236B0749084A9B08CDE9011201A8D9
:103D800021460593F3F740FEE062284607B030BDB8
:103D900080841E00FCA70308594002080C4A10B496
:103DA000B2FBF1F404FB01FC944508D1D0F8942057
:103DB000816042B154605DF8044BFFF795BF00206D
:103DC0005DF8044B704701205DF8044B704700BF5D
:103DD00080841E002DE9F04F00F1340A00F19409AF
:103DE000754AA9EB0A039B1002FB03F34FEAA308F1
:103DF0008FB008EB480500EB051507460C4601930C
:103E0000343503AED7F894002146EDF735FB002892
:103E10006AD06A4B0FCB86E80F000DF1130307AA97
:103E20002146D7F89400EDF791FA0999DDE90732B8
:103E3000002908BF1A46DDE90A3014BF012100211C
:103E4000003B18BF0123B8F1000F8DF812008DF868
:103E5000101003928DF8113040F3A7804FF0000C42
:103E60000D9A5346614625E08A42E64601F101007B
:103E70002BD093F80CB0BBF1000F38D18242F4463E
:103E800000F1010139D093F818B0BBF1000F38D11F
:103E90008A42E64601F1010039D093F824B0BBF123
:103EA000000F38D18242F44600F1010139D030339D
:103EB000AB423AD093F800B0BBF1000FD4D0084623
:103EC00061468A420CF1010ED3D15C45D1D19945AE
:103ED00098D0D3E9012031469047D7F89400214685
:103EE000EDF7CAFA002894D10FB0BDE8F08F014673
:103EF000704682420EF1010CC5D15C45C3D10C3332
:103F0000E5E7084661468A420CF1010EC5D15C45E1
:103F1000C3D11833DBE70146704682420EF1010C33
:103F2000C5D15C45C3D12433D1E72348A9EB0302B3
:103F3000921000FB02F2022A22D0032A0ED0012A9C
:103F40007FF460AF0D9A1878002818BF614691423F
:103F50007FF458AF84427FF455AFB8E71878D8B9EA
:103F60000D9A8E46724501F101011BD0187B0C336E
:103F700050B98E46964501F101010AD00C33E2E7B3
:103F800018780D9A0028F4D0E64696450CF1010CFD
:103F9000F4D18442F2D19AE70D9AE64672450CF1CB
:103FA000010CE3D18442E1D191E74FF0000C019A7A
:103FB00053466146BFE700BFABAAAAAA549A0308BA
:103FC0002DE9F041067B044601213046FFF78AFEC9
:103FD00004F11408D0BB1F4FD4F89400EDF7A2FBF6
:103FE000034601213046B3B9FFF77CFE30BB4FF0EA
:103FF000FF3520460021FFF7EDFE20460121FFF7A7
:10400000E9FED4F894001321EDF74AFA38682946FE
:10401000F3F796FDE0E7B3F5003FDDD1D4F8940067
:10402000EDF782FBD4F89400EDF7B2F80028D3D175
:10403000D4F894000321EDF733FACDE74046FFF7BB
:10404000B5FA012838BF01200546D2E74046FFF700
:1040500027F9C0E7E8E6002008B5FFF7B1FF00BF89
:1040600008B50121EDF732FA024B1868BDE80840A7
:10407000F3F792BDE8E6002008B50121EDF726FA36
:10408000024B1868BDE80840F3F786BDE8E600205B
:1040900008B50121EDF71AFA024B1868BDE808408F
:1040A000F3F77ABDE8E60020704700BF704700BF15
:1040B000704700BF08B50221EDF708FA024B1868F7
:1040C000BDE80840F3F768BDE8E6002008B5102118
:1040D000EDF7FCF9024B1868BDE80840F3F75CBD4A
:1040E000E8E60020704700BF704700BF704700BF80
:1040F000704700BF704700BF002070470020704726
:1041000000207047007870470170704790ED000AFA
:10411000704700BF90ED000A704700BF80ED000AB5
:10412000704700BFD0E90001704700BF00787047BA
:1041300000787047006870470078704701707047DA
:1041400000687047016070470068704700787047EA
:1041500001707047007870470170704700787047B1
:104160000170704701884288002361F30F0362F3F6
:104170001F4382B0184602B0704700BF82B00B0CDC
:104180000180438002B0704700787047017070472B
:104190000068704701607047D0E90001704700BFB8
:1041A000007870470078704701707047D0E90001CF
:1041B000704700BFC0E90023704700BF0068704728
:1041C0000160704700787047017070470078704751
:1041D0000170704700787047017070470078704731
:1041E00001707047008870470180704700887047F1
:1041F00001807047008870470180704700787047E1
:104200000170704782B010B502A981E80C00044625
:1042100010220021DCF7D4FC2046BDE8104002B09B
:10422000704700BFA1F10801ECE700BF82B010B5F4
:1042300002A981E80C00044610220021DCF7C0FC32
:104240002046BDE8104002B0704700BFA1F1080150
:10425000ECE700BF82B010B502A981E80C0004466B
:1042600010220021DCF7ACFC2046BDE8104002B073
:10427000704700BFA1F10801ECE700BF82B010B5A4
:1042800002A981E80C00044610220021DCF798FC0A
:104290002046BDE8104002B0704700BFA1F1080100
:1042A000ECE700BF82B010B502A981E80C0004461B
:1042B00010220021DCF784FC2046BDE8104002B04B
:1042C000704700BFA1F10801ECE700BF82B010B554
:1042D00002A981E80C00044610220021DCF770FCE2
:1042E0002046BDE8104002B0704700BFA1F10801B0
:1042F000ECE700BF82B010B502A981E80C000446CB
:1043000010220021DCF75CFC2046BDE8104002B022
:10431000704700BFA1F10801ECE700BF82B010B503
:1043200002A981E80C00044610220021DCF748FCB9
:104330002046BDE8104002B0704700BFA1F108015F
:10434000ECE700BF82B010B502A981E80C0004467A
:1043500010220021DCF734FC2046BDE8104002B0FA
:10436000704700BFA1F10801ECE700BF82B010B5B3
:1043700002A981E80C00044610220021DCF720FC91
:104380002046BDE8104002B0704700BFA1F108010F
:10439000ECE700BF82B010B502A981E80C0004462A
:1043A00010220021DCF70CFC2046BDE8104002B0D2
:1043B000704700BFA1F10801ECE700BF82B010B563
:1043C00002A981E80C00044610220021DCF7F8FB6A
:1043D0002046BDE8104002B0704700BFA1F10801BF
:1043E000ECE700BF82B010B502A981E80C000446DA
:1043F00010220021DCF7E4FB2046BDE8104002B0AB
:10440000704700BFA1F10801ECE700BF82B010B512
:1044100002A981E80C00044610220021DCF7D0FB41
:104420002046BDE8104002B0704700BFA1F108016E
:10443000ECE700BF0020704782B010B502A981E808
:104440000C00044610220021DCF7BAFB2046BDE830
:10445000104002B0704700BFA1F10801ECE700BFB7
:1044600000207047A0F10400FAE700BF82B010B549
:1044700002A981E80C00044610220021DCF7A0FB11
:104480002046BDE8104002B0704700BFA1F108010E
:10449000ECE700BF82B010B502A981E80C00044629
:1044A00010220021DCF78CFB2046BDE8104002B052
:1044B000704700BFA1F10801ECE700BF82B010B562
:1044C00002A981E80C00044610220021DCF778FBE9
:1044D0002046BDE8104002B0704700BFA1F10801BE
:1044E000ECE700BF82B010B502A981E80C000446D9
:1044F00010220021DCF764FB2046BDE8104002B02A
:10450000704700BFA1F10801ECE700BF82B010B511
:1045100002A981E80C00044610220021DCF750FBC0
:104520002046BDE8104002B0704700BFA1F108016D
:10453000ECE700BF82B010B502A981E80C00044688
:1045400010220021DCF73CFB2046BDE8104002B001
:10455000704700BFA1F10801ECE700BF82B010B5C1
:1045600002A981E80C00044610220021DCF728FB98
:104570002046BDE8104002B0704700BFA1F108011D
:10458000ECE700BF07B5D1E900039847002003B06E
:104590005DF804FBA0F10400F4E700BFD1E90003DB
:1045A00010B514469847002814BF312330232370D8
:1045B00000236370012010BDA0F10400EEE700BFEE
:1045C00030B52DED028B83B0104600230D4601AAB5
:1045D0000B490193DCF73CFD01280CD19DED018ACC
:1045E0000446D5E9000398472868AB68B0EE480A4E
:1045F0009847204600E0002003B0BDEC028B30BDA0
:104600008CA80308A0F10400DAE700BF37B50193D6
:10461000D1E9000315469847044A01990346284604
:10462000DCF7D2FC012003B030BD00BF8FA8030827
:10463000A0F10400EAE700BF37B50193D1E9000318
:1046400015469847044A019903462846DCF7BCFC06
:10465000012003B030BD00BF8FA80308A0F1040003
:10466000EAE700BF37B50193D1E900031546984743
:10467000044A019903462846DCF7A6FC012003B052
:1046800030BD00BF8FA80308A0F10400EAE700BF17
:1046900037B50193D1E9000315469847044A0199BB
:1046A00003462846DCF790FC012003B030BD00BF74
:1046B0008FA80308A0F10400EAE700BF37B5019313
:1046C000D1E9000315469847044A01990346284654
:1046D000DCF77AFC012003B030BD00BF8FA80308CF
:1046E000A0F10400EAE700BF37B50193D1E9000368
:1046F00015469847044A019903462846DCF764FCAE
:10470000012003B030BD00BF8FA80308A0F1040052
:10471000EAE700BF37B50193D1E900031546984792
:10472000044A019903462846DCF74EFC012003B0F9
:1047300030BD00BF8FA80308A0F10400EAE700BF66
:1047400037B50193D1E9000315469847044A01990A
:1047500003462846DCF738FC012003B030BD00BF1B
:104760008FA80308A0F10400EAE700BF37B5019362
:10477000D1E9000315469847044A019903462846A3
:10478000DCF722FC012003B030BD00BF92A8030873
:10479000A0F10400EAE700BF37B50193D1E90003B7
:1047A00015469847044A019903462846DCF70CFC55
:1047B000012003B030BD00BF8FA80308A0F10400A2
:1047C000EAE700BF37B50193D1E9000315469847E2
:1047D000044A019903462846DCF7F6FB012003B0A2
:1047E00030BD00BF8FA80308A0F10400EAE700BFB6
:1047F00037B50193D1E9000315469847044A01995A
:1048000003462846DCF7E0FB012003B030BD00BFC3
:104810008FA80308A0F10400EAE700BF37B50193B1
:10482000D1E9000315469847044A019903462846F2
:10483000DCF7CAFB012003B030BD00BF8FA803081E
:10484000A0F10400EAE700BF37B50193D1E9000306
:1048500015469847044A019903462846DCF7B4FBFD
:10486000012003B030BD00BF8FA80308A0F10400F1
:10487000EAE700BF37B50193D1E900031546984731
:10488000044A019903462846DCF79EFB012003B049
:1048900030BD00BF8FA80308A0F10400EAE700BF05
:1048A00037B50193D1E9000315469847044A0199A9
:1048B00003462846DCF788FB012003B030BD00BF6B
:1048C0008FA80308A0F10400EAE700BF37B5019301
:1048D000D1E9000315469847044A01990346284642
:1048E000DCF772FB012003B030BD00BF96A80308BF
:1048F000A0F10400EAE700BF37B50193D1E9000356
:1049000015469847044A019903462846DCF75CFBA4
:10491000012003B030BD00BF8FA80308A0F1040040
:10492000EAE700BF37B51D46D1E9000314469847B2
:1049300010EE100AE7F7C4F9044ACDE90001294650
:104940002046DCF741FB012003B030BD8CA80308F2
:10495000A0F10400E6E700BF30B585B010460D4673
:1049600003AA0A49DCF774FB012801D000200AE001
:10497000039901910446D5E9000398472868AB687C
:1049800001999847204605B030BD00BF96A803089E
:10499000A0F10400E0E700BF30B585B010460D4639
:1049A00003AA0A49DCF754FB012801D000200AE0E1
:1049B000039901910446D5E9000398472868AB683C
:1049C00001999847204605B030BD00BF8FA8030865
:1049D000A0F10400E0E700BF30B585B010460D46F9
:1049E00002AA0B49DCF734FB012801D000200DE0BE
:1049F000DDE902230446D5E90001CDE9002388471B
:104A00002868A968DDE900238847204605B030BD45
:104A10009AA80308A0F10400DEE700BF37B51D46E1
:104A2000D1E9000314469847044ACDE9000129461C
:104A30002046DCF7C9FA012003B030BD9AA803086C
:104A4000A0F10400EAE700BF30B585B010460D467E
:104A500003AA0A49DCF7FCFA012801D000200AE089
:104A6000039901910446D5E9000398472868AB688B
:104A700001999847204605B030BD00BF92A80308B1
:104A8000A0F10400E0E700BF10B582B00C4601AA17
:104A90000449DCF7DDFA012806BF019B23700020E2
:104AA00002B010BD8FA8030830B40F4C0F4D5B232C
:104AB00043F6655180EA03200822430010F4004FBA
:104AC0009BB214BF83EA0100400002F1FF3308BF2C
:104AD00080B213F0FF02F0D1AC4202D014F8013FD3
:104AE000E8E730BC704700BF64B60308748E040862
:104AF00010B582B002AC04E90C000C4631B1036879
:104B00009DF810101B689DED000A9847204602B0E2
:104B100010BD00BF01807047FFF7FCBF00887047E1
:104B2000FFF7FCBF4160C068F9F7BEBAFFF7FABFF4
:104B300040687047FFF7FCBF807A7047FFF7FCBF03
:104B40000181C068F9F7B0BAFFF7FABF0089704772
:104B5000FFF7FCBF80ED040A406DF8F70BB90000C9
:104B6000FFF7F8BF90ED040A70470000FFF7FABFA7
:104B700080F82510406DF8F72BB90000FFF7F8BF5B
:104B800090F8250070470000FFF7FABFA0F84C101E
:104B9000406DF8F767BE0000FFF7F8BFB0F84C00B3
:104BA00070470000FFF7FABF90F82E007047000032
:104BB000FFF7FABF90F8240070470000FFF7FABF34
:104BC00080ED0D0A00F54050D0F8BC08F9F750BD53
:104BD000FFF7F6BF90ED0D0A70470000FFF7FABF30
:104BE00001B9C16AC1627047FFF7FABFC06A704776
:104BF000FFF7FCBF017000F54050D0F8BC08F9F792
:104C000007BD0000FFF7F6BF00787047FFF7FCBF55
:104C100010B5044604F54054F9F7BEFC012384F8AE
:104C20003C3910BDFFF7F4BF00F5645090ED050A64
:104C300070470000FFF7F8BF80ED0C0A406EF6F7F2
:104C4000C3BE0000FFF7F8BF90ED0C0A70470000EC
:104C5000FFF7FABF80ED050A406EF6F7B5BE00001B
:104C6000FFF7F8BF90ED050A70470000FFF7FABFA5
:104C700080ED040A406EF6F7A7BE0000FFF7F8BF0C
:104C800090ED040A70470000FFF7FABF436E017011
:104C900093F89E2002B91A7F83F89E207047000087
:104CA000FFF7F4BF00787047FFF7FCBF0182006A8E
:104CB000F7F770BEFFF7FABF008A7047FFF7FCBF37
:104CC0000182D0F89800F5F78BBC0000FFF7F8BF21
:104CD000008A7047FFF7FCBFC181D0F89800F5F754
:104CE0007FBC0000FFF7F8BFC0897047FFF7FCBF2B
:104CF00000687047FFF7FCBF01807047FFF7FCBFFB
:104D000000887047FFF7FCBF4160C068F9F7CCB975
:104D1000FFF7FABF40687047FFF7FCBF8172C068B9
:104D2000F9F7C2B9FFF7FABF807A7047FFF7FCBF07
:104D30000181C068F9F7B8B9FFF7FABF0089704779
:104D4000FFF7FCBF90ED0F0A70470000FFF7FABFB6
:104D500090ED0D0A70470000FFF7FABF90ED0B0AC7
:104D600070470000FFF7FABF90ED120A704700008D
:104D7000FFF7FABF90ED100A70470000FFF7FABF87
:104D800090ED0E0A70470000FFF7FABF80ED040AAD
:104D9000406DF7F7EFBF0000FFF7F8BF90ED040A92
:104DA00070470000FFF7FABF80F82510406DF8F754
:104DB0000FB80000FFF7F8BF90F82500704700001B
:104DC000FFF7FABFA0F84C10406DF8F74BBD00009C
:104DD000FFF7F8BFB0F84C0070470000FFF7FABFCC
:104DE00080F82E10406D0021F7F7A4BFFFF7F8BF41
:104DF00090F82E0070470000FFF7FABF80F82410EB
:104E0000406D0021F7F796BFFFF7F8BF90F8240038
:104E100070470000FFF7FABF90ED370A70470000B7
:104E2000FFF7FABF90ED390A70470000FFF7FABFAD
:104E300090ED350A70470000FFF7FABF90ED280AA1
:104E400070470000FFF7FABF80ED0D0A00F54050F3
:104E5000D0F8BC08F9F70CBCFFF7F6BF90ED0D0ACF
:104E600070470000FFF7FABF01B9C16AC16270471D
:104E7000FFF7FABFC06A7047FFF7FCBF017000F58B
:104E80004050D0F8BC08F9F7C3BB0000FFF7F6BFED
:104E900000787047FFF7FCBF00F5645090ED050AFD
:104EA00070470000FFF7F8BF80ED0C0A406EF6F780
:104EB0008BBD0000FFF7F8BF90ED0C0A70470000B3
:104EC000FFF7FABF80ED050A406EF6F77DBD0000E2
:104ED000FFF7F8BF90ED050A70470000FFF7FABF33
:104EE00080ED040A406EF6F76FBD0000FFF7F8BFD3
:104EF00090ED040A70470000FFF7FABF0078704792
:104F0000FFF7FCBF90F8703013B190ED1B0A7047AB
:104F10009FED010A704700BF00000000FFF7F2BFDD
:104F200090F8683013B190ED190A70479FED010AAF
:104F3000704700BF00000000FFF7F2BF0182006A67
:104F4000F7F728BDFFF7FABF008A7047FFF7FCBFED
:104F50000182D0F89800F5F743BB0000FFF7F8BFD7
:104F6000008A7047FFF7FCBFC181D0F89800F5F7C1
:104F700037BB0000FFF7F8BFC0897047FFF7FCBFE1
:104F800000687047FFF7FCBF8068FEF707BF0000AE
:104F9000FFF7FABF8172C068F9F786B8FFF7FABF6A
:104FA00080F82E10406D0021F7F7C4BEFFF7F8BF60
:104FB00080F82410406D0021F7F7BCBEFFF7F8BF62
:104FC00010B5044604F54054F9F7E6FA012384F8D5
:104FD0003C3910BDFFF7F4BF8068FEF7DFBE00006C
:104FE000FFF7FABF2DE9F04385B004AC04E90F00E8
:104FF0009DF80C70DDE91025002F47D0D2E9003C68
:10500000002188468946A1F12000C1F12006BCF1AB
:10501000000F01D09C453ED913F8014B136004FAF0
:1050200000F024FA06F68C4008313043402944EA67
:10503000080840EA0909E6D1DDE90043204698471F
:105040004246064688464B46029920468847D5E99F
:1050500000400023C3F12001A3F1200C26FA03F243
:1050600008FA01F10A4328FA0CFC42EA0C02083360
:1050700008B1A0420AD922702C68402B04F1010427
:105080002C60E7D1384605B0BDE8F08300273846EC
:1050900005B0BDE8F083DDE9000398470646884681
:1050A000D5E700BF2DE9F04184B004AC04E90F005E
:1050B0009DF80C50DDE90C646DB3D6E900210023A6
:1050C0001F4609B191422BD912F8010B326098406A
:1050D0000833202B47EA0007F3D1DDE9008340467F
:1050E0009847029B0646394640469847D4E9003126
:1050F000002246FA02FC083209B199420BD983F822
:1051000000C02368202A03F101032360F1D128465F
:1051100004B0BDE8F0810025284604B0BDE8F08168
:10512000DDE9000398470646E0E700BF2DE9F041BE
:1051300084B004AC04E90F009DF80C60DDE90C5468
:105140006EB3D5E9002100231F4609B191422BD946
:1051500012F8010B2A6098400833202B47EA000719
:10516000F3D1DDE9008340469847029B0546394666
:1051700040469847D4E90031002225FA02FC083263
:1051800009B199420BD983F800C02368202A03F1A2
:1051900001032360F1D1304604B0BDE8F081002660
:1051A000304604B0BDE8F081DDE9000398470546CC
:1051B000E0E700BFF0B587B006AC04E90F009DF84A
:1051C00014400E9DDCB10D9B0D9A1B6852689342F2
:1051D00020D00D99029F5A1C0A601978039B003950
:1051E00018BF01213846019198470199049B064652
:1051F00038469847D5E900232BB1934203D80024C1
:10520000204607B0F0BD16702B68204601332B6096
:1052100007B0F0BDDDE9020398470646EAE700BFA4
:1052200030B583B0DAB11C4615468847D4E900137F
:105230008DED010A01984FF0000C20FA0CF20CF1F0
:10524000080C0BB199420AD20A702168BCF1200FF8
:1052500001F101012160F0D1284603B030BD0025E5
:10526000284603B030BD00BF38B50C4629B10368ED
:105270009B681546984785ED000A204638BD00BF5B
:105280002DE9F04184B004AC04E90F009DF80C5006
:10529000DDE90C646DB3D6E9002100231F4609B196
:1052A00091422BD912F8010B326098400833202B21
:1052B00047EA0007F3D1DDE9008340469847029BA7
:1052C0000646394640469847D4E90031002226FA7E
:1052D00002FC083209B199420BD983F800C0236857
:1052E000202A03F101032360F1D1284604B0BDE870
:1052F000F0810025284604B0BDE8F081DDE9000317
:1053000098470646E0E700BFF0B587B006AC04E971
:105310000F009DF81460DDE90E0486B3D0E9002784
:1053200000231D460FB197422DD912F8011B0260D0
:1053300099400833202B45EA0105F3D1DDE902034A
:10534000019098470198049BF0EE407A00EE105AC5
:1053500017EE905A9847D4E900302946002221FAE6
:1053600002F5083208B1984209D91D702368202A35
:1053700003F101032360F2D1304607B0F0BD0026EF
:10538000304607B0F0BDDDE90203984710EE105A31
:10539000E1E700BF70B5059D0E4679B183B10368A2
:1053A0001649DB688B4224D1B2F5616F1ED200EB47
:1053B000820090ED160A049B83ED000A304670BD12
:1053C000D5E900411A4609B1A14215D914F801CB1B
:1053D0002C600CFA03FC0833202B42EA0C02F2D1B9
:1053E00003680649DB688B42DED002E09FED040AC9
:1053F000E1E711469847DEE70026DFE741E30108D1
:1054000000000000F0B587B006AC04E90F009DF87D
:1054100014600E9C002E2FD00D9B5A68002A2FD0AE
:105420001B689A4238D913F8011B0D989A42036001
:1054300032D913F8012B0D98029F036041EA022133
:10544000039B0191384698470199049B05463846CD
:105450009847D4E90032D2B193420DD21D7023682F
:1054600001339A42236007D92D121D7023683046FC
:105470000133236007B0F0BD0026304607B0F0BD11
:105480000D9B0D9A1B6813F8011B1360D1E71D706B
:10549000236801332360E7E7DDE902039847054607
:1054A000D7E700BFF0B587B006AC04E90F009DF860
:1054B00014600E9C002E2FD00D9B5A68002A2FD00E
:1054C0001B689A4238D913F8011B0D989A42036061
:1054D00032D913F8012B0D98029F036041EA022193
:1054E000039B0191384698470199049B054638462D
:1054F0009847D4E90032D2B193420DD21D7023688F
:1055000001339A42236007D92D121D70236830465B
:105510000133236007B0F0BD0026304607B0F0BD70
:105520000D9B0D9A1B6813F8011B1360D1E71D70CA
:10553000236801332360E7E7DDE902039847054666
:10554000D7E700BFF0B587B006AC04E90F009DF8BF
:1055500014600E9C002E2FD00D9B5A68002A2FD06D
:105560001B689A4238D913F8011B0D989A420360C0
:1055700032D913F8012B0D98029F036041EA0221F2
:10558000039B0191384698470199049B054638468C
:105590009847D4E90032D2B193420DD21D702368EE
:1055A00001339A42236007D92D121D7023683046BB
:1055B0000133236007B0F0BD0026304607B0F0BDD0
:1055C0000D9B0D9A1B6813F8011B1360D1E71D702A
:1055D000236801332360E7E7DDE9020398470546C6
:1055E000D7E700BFF0B587B06C4684E80F009DF8A0
:1055F0000C50DDE90E34002D54D0D3E900210029F0
:1056000054D0914269D9164616F8010B1E60B1427A
:1056100063D9567840EA0620961CB1421E605CD9D8
:10562000D71CB94296781F6057D9D178043246EA20
:1056300001211A60009EADF83010ADF832000C98D0
:10564000019B049030469847029B049902463046DD
:10565000059298476168BDF81400BDF816202368CC
:10566000002935D099421DD91A7023680133994217
:10567000236017D912121A7022686368511C2160C6
:10568000002B2FD08B420DD95070226801329A42E4
:10569000226007D20012107023682846013323606D
:1056A00007B0F0BD0025284607B0F0BD1146961C96
:1056B00011F8010B196051781E60D61C40EA0120D8
:1056C00091781E60D678043241EA06211A60B1E76B
:1056D0001A70236801332360CCE7DDE900039847A3
:1056E0000590B7E75070226801322260D2E700BF10
:1056F000F0B587B006AC04E90F009DF814400E9D8C
:10570000ACB10D9B5A68B2B11B689A4215D8DDE95D
:10571000020398470646D5E900230BB1934206D908
:1057200016702B68204601332B6007B0F0BD0024B3
:10573000204607B0F0BD0D9B1B68029F0D9A13F821
:10574000011B13603846039B019198470199049B04
:10575000064638469847DEE7F0B587B006AC04E960
:105760000F009DF814400E9DACB10D9B5A68B2B16C
:105770001B689A4215D8DDE9020398470646D5E929
:1057800000230BB1934206D916702B6820460133D3
:105790002B6007B0F0BD0024204607B0F0BD0D9B84
:1057A0001B68029F0D9A13F8011B13603846039B78
:1057B000019198470199049B064638469847DEE7D1
:1057C000F0B587B006AC04E90F009DF814400E9DBB
:1057D000ACB10D9B5A68B2B11B689A4215D8DDE98D
:1057E000020398470646D5E900230BB1934206D938
:1057F00016702B68204601332B6007B0F0BD0024E3
:10580000204607B0F0BD0D9B1B68029F0D9A13F850
:10581000011B13603846039B019198470199049B33
:10582000064638469847DEE7F0B587B006AC04E98F
:105830000F009DF814400E9DACB10D9B5A68B2B19B
:105840001B689A4215D8DDE9020398470646D5E958
:1058500000230BB1934206D916702B682046013302
:105860002B6007B0F0BD0024204607B0F0BD0D9BB3
:105870001B68029F0D9A13F8011B13603846039BA7
:10588000019198470199049B064638469847DEE700
:10589000F0B587B006AC04E90F009DF814400E9DEA
:1058A000ACB10D9B5A68B2B11B689A4215D8DDE9BC
:1058B000020398470646D5E900230BB1934206D967
:1058C00016702B68204601332B6007B0F0BD002412
:1058D000204607B0F0BD0D9B1B68029F0D9A13F880
:1058E000011B13603846039B019198470199049B63
:1058F000064638469847DEE7F0B587B006AC04E9BF
:105900000F009DF814400E9DACB10D9B5A68B2B1CA
:105910001B689A4215D8DDE9020398470646D5E987
:1059200000230BB1934206D916702B682046013331
:105930002B6007B0F0BD0024204607B0F0BD0D9BE2
:105940001B68029F0D9A13F8011B13603846039BD6
:10595000019198470199049B064638469847DEE72F
:10596000F0B587B006AC04E90F009DF814400E9D19
:10597000ACB10D9B5A68B2B11B689A4215D8DDE9EB
:10598000020398470646D5E900230BB1934206D996
:1059900016702B68204601332B6007B0F0BD002441
:1059A000204607B0F0BD0D9B1B68029F0D9A13F8AF
:1059B000011B13603846039B019198470199049B92
:1059C000064638469847DEE7F0B587B006AC04E9EE
:1059D0000F009DF814400E9DACB10D9B5A68B2B1FA
:1059E0001B689A4215D8DDE9020398470646D5E9B7
:1059F00000230BB1934206D916702B682046013361
:105A00002B6007B0F0BD0024204607B0F0BD0D9B11
:105A10001B68029F0D9A13F8011B13603846039B05
:105A2000019198470199049B064638469847DEE75E
:105A3000F0B587B006AC04E90F009DF814400E9D48
:105A4000ACB10D9B5A68B2B11B689A4215D8DDE91A
:105A5000020398470646D5E900230BB1934206D9C5
:105A600016702B68204601332B6007B0F0BD002470
:105A7000204607B0F0BD0D9B1B68029F0D9A13F8DE
:105A8000011B13603846039B019198470199049BC1
:105A9000064638469847DEE710B52DED028B0C46DA
:105AA000DAF718FCD4E90003B0EE408A9847FDEE1F
:105AB000C87A2068A36817EE901A9847BDEC028B4D
:105AC000012010BD38B50C46DAF704FC10EE105A70
:105AD000D4E9000398472846E6F734FE02460B4611
:105AE0002068A1688847012038BD10B52DED028BD4
:105AF0000C46DAF7EFFBD4E90003B0EE408A984792
:105B0000FCEEC87A2068A36817EE901A9847BDEC9F
:105B1000028B012010BD10B52DED028B0C46DAF77B
:105B2000D9FBD4E90003B0EE408A9847FCEEC87A6E
:105B30002068A36817EE901A9847BDEC028B0120ED
:105B400010BD10B50C462DED028BD1E90003B0EE6F
:105B5000408A98472068A368B0EE480A9847BDEC91
:105B6000028B012010BD436E017093F89E2002B994
:105B70001A7F83F89E207047FFF7F5BFD1E9002315
:105B80001BB1934201D80020704710700B680120B0
:105B900003440B60704700BF10B5194C94F889316D
:105BA0009BB194F88A31DBB1164A1068012384F85E
:105BB000CC3270B111F0A0FF12F076FA94F899315E
:105BC000DBB994F8983193B910BD94F88A31002B61
:105BD000F2D00D4B18680028EED011F08DFFEBE7E6
:105BE000084B18680028E7D011F086FFE4E7BDE80D
:105BF000104006490648FEF7ABB812F00DFBE0E78F
:105C0000C0E30020140E0020180E0020780E0020A3
:105C1000A0E400202DE9F047474E96F89A31023B68
:105C2000012B14460D46904607D996F89D31023B4C
:105C3000012B2BD92046BDE8F087DFF81491D9E974
:105C400010077B1C03F03F03834213D03F3707F05C
:105C50003F07B84257D83F1A974228BF17463A46DF
:105C60004844DAF797FED9F84020174407F03F0779
:105C7000C9F84070314B1A78002AD6D130490868EB
:105C8000012119700321F1F7B5FFCEE72D4FD7E9B8
:105C90001006731C03F03F03834212D03F3606F018
:105CA0003F06B04219D8361A464528BF4646324606
:105CB00029463844DAF76EFE3A6C164406F03F0681
:105CC0003E64214B1A78002AB4D120480121197072
:105CD00000680721F1F78EFFACE7C0F14008A0454E
:105CE00028BFA046424629463844DAF753FE386CAE
:105CF000A045404400F03F0028BFA046454438641A
:105D0000A4EB0808CFE7C0F1400A924528BF9246AD
:105D100052464844DAF73EFED9F84000A2455044C6
:105D200000F03F0028BFA246C9F8400005EB0A0179
:105D3000A4EB0A028FE700BFC0E3002014F20020AA
:105D4000F0E60020A0F800209CF80020F4E60020F7
:105D500018F2002010B5024C8260C0E9004110BD6D
:105D6000CCB10308037B8AB07BB107C807AB0DF148
:105D7000100C83E807008CE80700DDED050A9DEDB7
:105D8000061A9DED040A0AB0704707C904AB83E800
:105D90000700F2E77FB500236946A0300093019326
:105DA0000293FFF7DFFFB0EE410A07B05DF804FB96
:105DB000FFF7F0BF7FB500236946A0300093019341
:105DC0000293FFF7CFFFB0EE600A07B05DF804FB67
:105DD000FFF7F0BF7FB500236946A0300093019321
:105DE0000293FFF7BFFF07B05DF804FBFFF7F2BFB8
:105DF000037A84B04BB14268036803920293DDEDED
:105E0000030A9DED020A04B0704703C904AB03E91D
:105E10000300DDED030A9DED020A04B0704700BFE8
:105E20001FB500236946803000930193FFF7E0FF20
:105E3000B0EE600A05B05DF804FB0000FFF7F0BFAC
:105E40001FB500236946803000930193FFF7D0FF10
:105E500005B05DF804FB0000FFF7F2BF1FB500239B
:105E60006946583000930193FFF7C2FFB0EE600A15
:105E700005B05DF804FB0000FFF7F0BF1FB500237D
:105E80006946583000930193FFF7B2FF05B05DF803
:105E900004FB0000FFF7F2BF1FB5002369464C303A
:105EA00000930193FFF7A4FFB0EE600A05B05DF820
:105EB00004FB0000FFF7F0BF1FB5002369464C301C
:105EC00000930193FFF794FF05B05DF804FB000019
:105ED000FFF7F2BF1FB50023694608300093019316
:105EE000FFF786FFB0EE600A05B05DF804FB000026
:105EF000FFF7F0BF1FB500236946083000930193F8
:105F0000FFF776FF05B05DF804FB0000FFF7F2BF76
:105F100082B0084B01901B8880B2984207D1BDF82F
:105F20000600B0F5457F2CBF0020012000E00020D6
:105F300002B07047E0E9002000B589B0044B019041
:105F40001B8880B2984205D0002003F092BD00BFAC
:105F5000E0E9002000230793BDF80630013BB3F5CC
:105F6000437F03F27185DFE813F00D036F1D6F1D92
:105F700017036F1D6F1D6F1D6F1D6F1D6F1D6F1D33
:105F80006F1D6F1D6F1D6F1D6F1D6F1D21036F1D19
:105F90006F1D6F1D2B036F1D6F1D6F1D35036F1D53
:105FA0006F1D6F1D3F036F1D6F1D6F1D49036F1D1B
:105FB0006F1D6F1D6F1D6F1D6F1D6F1D6F1D6F1D81
:105FC0006F1D6F1D6F1D6F1D6F1D6F1D6F1D6F1D71
:105FD0006F1D6F1D6F1D6F1D6F1D6F1D6F1D6F1D61
:105FE0006F1D6F1D6F1D6F1D6F1D6F1D53036F1D87
:105FF0005D03670371037B036F1D85038F039903A3
:10600000A303AD03B703C103CB03D503DF03E90348
:10601000F303FD03070411041B048B0495049F0480
:10602000A904B304BD04C704D104DB04E504EF04F0
:10603000F90403050D05170521052B0535053F0559
:10604000490553055D05670571057B0585058F05C8
:106050009905F90503060D06170621062B063506D8
:106060003F06490653065D06670671067B066F1DEF
:106070006F1D6F1D6F1D85068F069906A306AD0661
:10608000B706C106CB06D506DF06E906F306FD0610
:10609000070773077D07870791079B07A507AF07CA
:1060A000B907C307CD07D707E107EB07F507FF07D8
:1060B000090813081D08270831083B0845084F0840
:1060C000590863086D0877088108D508DF08E908D2
:1060D000F308FD08070911091B0928096F1D6F1D29
:1060E0006F1D6F1D6F1D350942094F096F1D5C093A
:1060F0006F1D6F1D6F1D6F1D6909770985096F1D64
:106100009309A109AF09BD09CB09D909E709F50927
:106110006F1D6F1D310A6F1D6F1D6F1D6F1D6F1D70
:106120006F1D6F1D6F1D6F1D6F1D6F1D3E0A4C0A89
:106130006F1D6F1D6F1D6F1D5A0A670A740A810A51
:106140008E0A9B0AA80AB50AC20ACF0ADC0AE90A23
:10615000F60A030B100B1D0B2A0B370B440B510BCC
:106160005E0B950BA20BAF0BBC0BC90BD60BE50B53
:10617000F40B000C0F0C6F1D6F1D6F1D6F1D1E0C9F
:106180002D0C3C0C4B0C5A0C690C780C870C960CA3
:10619000A30CB00CBD0CCA0CFB0C080D150D220D88
:1061A0002F0D3C0D490D560D630D700D7D0D8C0DA1
:1061B0009B0DAA0DB80D6F1DC50D6F1DD40DE30D00
:1061C0006F1DF20D010E100E1F0E2E0E5B0E6A0ECD
:1061D000790E880E6F1D6F1D6F1D970EA40E6F1D1B
:1061E0006F1D6F1D6F1DB10E6F1DBE0E6F1D6F1DDC
:1061F0006F1D6F1D6F1D6F1D6F1D6F1D6F1D6F1D3F
:106200006F1D6F1D6F1D6F1D6F1DCB0E6F1DD80E87
:10621000E50EF20EFF0E0C0F190F260F330F400F75
:106220004D0F5A0F670F740F810FCB0FD80FE50F6B
:10623000F20FFF0F0C1019106F1D26106F1D6F1D30
:106240006F1D6F1D6F1D33103D106F1D6F1D6F1D76
:106250006F1D4A105710641071107E108B106F1D47
:106260009810A410B010BC10C9106F1DD510E1100B
:10627000ED102F113C11481155116F1D6F1D6F1D31
:106280006F1D6F1D62116F1D6F1D6F1D6C116F1DD6
:106290006F1D6F1D76116F1D6F1D6F1D80116F1D9E
:1062A0006F1D6F1D8A116F1D6F1D6F1D94116F1D66
:1062B0006F1D6F1D9E116F1D6F1D6F1DA8116F1D2E
:1062C0006F1D6F1DB2116F1D6F1D6F1DBC116F1DF6
:1062D0006F1D6F1DC6116F1D6F1D6F1DD0116F1DBE
:1062E0006F1D6F1DDA116F1DE4116F1D6F1D6F1D86
:1062F0006F1DEE11F81102120C12161220122A1242
:1063000034123E129B12A512AF12B912C312CD1253
:10631000D712E112EB12F512FF12091313131D131A
:10632000271331133B1345134F13591363136D1385
:10633000771381138B1395139F13A913FF1309145C
:1063400013141D14271431143B1445144F145914FD
:1063500063146D14771484146F1D6F1D6F1D6F1DF2
:106360006F1D91149E14AB146F1DB8146F1D6F1D1B
:106370006F1D6F1DC514D314E1146F1DEF14FD14B0
:106380000B1519155F156D157B1589156F1D6F1D83
:1063900097156F1D6F1D6F1D6F1D6F1D6F1D6F1D7D
:1063A0006F1D6F1D6F1D6F1DA415B2156F1D6F1D25
:1063B0006F1D6F1DC015CD15DA15E715F415011603
:1063C0000E161B162816351642164F165C16691641
:1063D00076168316BB16C816D516E216EF16FC16EF
:1063E00009171617231730173D174C175B17671738
:1063F00076176F1D6F1D6F1D6F1D85179417A317DF
:10640000B217C117D017DF17EE17151822182F185B
:106410003C1849185618631870187D188A18971870
:10642000A418B118BE18CB18D818E718F618051913
:1064300013196F1D20196F1D2F193E196F1D771924
:1064400085199319A119AF19BD19CB19D919E719D4
:106450006F1D6F1D6F1DF519011A6F1D6F1D6F1DCB
:106460006F1D0D1A6F1D191A6F1D6F1D6F1D6F1D8A
:106470006F1D6F1D6F1D6F1D6F1D6F1D6F1D6F1DBC
:106480006F1D6F1D6F1D251A6F1D311A3D1A491A98
:10649000551A611A6D1A791A851A911AD11ADD1ACC
:1064A000E91AF51A011B0D1B191B251B311B3D1B7E
:1064B000491B551B6F1D611B6F1D6F1D6F1D6F1DD0
:1064C0006F1D6D1B761B6F1D6F1D6F1D6F1D821B5A
:1064D0008E1B9A1BA61BB21BBE1B6F1DCA1BD51B96
:1064E000E01B231C2F1C6F1D3A1C451C501C5B1C01
:1064F000671C721C7E1C6F1D6F1D6F1D6F1D6F1D35
:106500008A1C6F1D6F1D6F1D931C6F1D6F1D6F1DEE
:106510009C1C6F1D6F1D6F1DA51C6F1D6F1D6F1DBA
:10652000AE1C6F1D6F1D6F1DB71C6F1D6F1D6F1D86
:10653000C01C6F1D6F1D6F1DC91C6F1D6F1D6F1D52
:10654000D21C6F1D6F1D6F1DDB1C6F1D6F1D6F1D1E
:10655000E41C6F1D6F1D6F1DED1C6F1D6F1D6F1DEA
:10656000F61C6F1D6F1DFF1C6F1D6F1D081D6F1D1D
:106570006F1D6F1D6F1D6F1D6F1D6F1D111D6F1D19
:106580006F1D671D8B4B03938B4B04938B4B0593B4
:106590008B4B079303F058BA8A4B03938A4B0493AF
:1065A0008A4B05938A4B079303F04EBA894B0393AA
:1065B000894B0493894B0593894B079303F044BAA5
:1065C000884B0393884B0493884B0593884B079320
:1065D00003F03ABA874B0393834B0493834B0593A1
:1065E000834B079303F030BA834B03937E4B0493A2
:1065F0007E4B05937E4B079303F026BA7F4B0393A4
:10660000794B0493794B0593794B079303F01CBAAC
:106610007B4B0393744B0493744B0593744B079318
:1066200003F012BA774B0393774B0493774B0593A0
:10663000774B079303F008BA764B0393764B04939A
:10664000764B05936A4B079303F0FEB9744B0393A3
:10665000744B0493744B0593744B079303F0F4B994
:10666000734B0393604B0493604B0593604B07930C
:1066700003F0EAB96F4B0393574B0493574B0593C1
:10668000574B079303F0E0B96B4B0393524B0493C2
:10669000524B0593524B079303F0D6B9674B0393C4
:1066A0004D4B04934D4B05934D4B079303F0CCB9E1
:1066B000634B03934C4B04934C4B05934C4B079308
:1066C00003F0C2B95F4B0393474B0493474B0593C9
:1066D000474B079303F0B8B95B4B0393424B0493CA
:1066E000424B0593424B079303F0AEB9574B0393CC
:1066F000394B0493394B0593394B079303F0A4B9F5
:10670000534B0393344B0493344B0593344B07930F
:1067100003F09AB94F4B03934F4B04934F4B0593A0
:106720004F4B079303F090B94E4B03934A4B04939E
:106730004A4B05934A4B079303F086B94A4B0393A0
:10674000454B0493454B0593454B079303F07CB9A8
:10675000464B0393404B0493404B0593404B0793A8
:1067600003F072B9424B0393174B0493174B0593F5
:10677000174B079303F068B93E4B0393124B0493F6
:10678000124B0593124B079303F05EB93A4B0393F8
:10679000114B0493114B0593114B079303F054B91C
:1067A000364B0393084B0493084B0593084B079310
:1067B00003F04AB9F8A30020054102080941020884
:1067C000D0E9002004A40020154102081D41020860
:1067D000BCE90020A0E60020394102083D41020842
:1067E000A8E90020B0E60020414102084541020826
:1067F00094E90020C0E60020D0E60020E0E600207A
:1068000080A40020A4E400204D4102085141020868
:1068100080E90020A8E40020F54C0208914F02080E
:10682000ACE4002055410208594102086CE90020FF
:1068300090E6002049E500204AE500204BE50020D5
:106840004CE5002050E5002054E5002058E50020EC
:1068500059E500205DE500205D4102086141020824
:1068600058E900205AE500205BE500205CE50020A7
:1068700060E5002064E5002068E500206CE500206C
:106880008B4B03938B4B04938B4B05938B4B079351
:1068900003F0DAB88A4B03938A4B04938A4B05932F
:1068A0008A4B079303F0D0B8894B0393814B049331
:1068B000814B0593814B079303F0C6B8854B039337
:1068C0007C4B04937C4B05937C4B079303F0BCB843
:1068D000814B0393774B0493774B0593774B079347
:1068E00003F0B2B87D4B0393724B0493724B059344
:1068F000724B079303F0A8B8794B0393794B049339
:10690000794B0593794B079303F09EB8784B03932B
:10691000784B0493784B0593784B079303F094B826
:10692000774B0393634B0493634B0593634B07933C
:1069300003F08AB8734B03935E4B04935E4B05934D
:106940005E4B079303F080B86F4B0393694B04933E
:10695000694B0593694B079303F076B86B4B039330
:10696000544B0493544B0593544B079303F06CB86A
:10697000674B03934F4B04934F4B05934F4B079338
:1069800003F062B8634B0393634B0493634B05932B
:10699000634B079303F058B8624B03935E4B049329
:1069A0005E4B05935E4B079303F04EB85E4B03932B
:1069B000594B0493594B0593594B079303F044B833
:1069C0005A4B0393544B0493544B0593544B0793E6
:1069D00003F03AB8564B03934F4B04934F4B059338
:1069E0004F4B079303F030B8524B03934A4B049339
:1069F0004A4B05934A4B079303F026B84E4B03933B
:106A0000454B0493454B0593454B079303F01CB846
:106A10004A4B0393404B0493404B0593404B0793E1
:106A200003F012B8464B03933B4B04933B4B059347
:106A30003B4B079303F008B8424B0393364B049348
:106A4000364B0593364B079302F0FEBF3E4B039344
:106A5000314B0493314B0593314B079302F0F4BF54
:106A60003A4B03932C4B04932C4B05932C4B0793DD
:106A700002F0EABF364B0393274B0493274B059351
:106A8000274B079302F0E0BF324B0393224B049352
:106A9000224B0593224B079302F0D6BF2E4B039354
:106AA0001D4B04931D4B05931D4B079302F0CCBF68
:106AB00070E50020154102081D410208BCE90020D4
:106AC00074E50020394102083D410208A8E9002090
:106AD00078E500207CE5002080E5002084E50020AA
:106AE00088E50020414102084541020894E9002060
:106AF000E0E50020654102087D41020844E90020EC
:106B0000E4E50020E8E50020ECE50020F0E50020C9
:106B1000F4E5002039E50020894102088D41020892
:106B200030E900203AE500203BE500203CE500206C
:106B30003DE500203EE500203FE5002040E5002047
:106B400041E5002042E5002043E5002044E5002027
:106B500045E5002046E5002047E500208B4B0393E8
:106B60008B4B04938B4B05938B4B079302F06CBFBD
:106B70008A4B03938A4B04938A4B05938A4B079362
:106B800002F062BF894B0393894B0493894B0593B1
:106B9000894B079302F058BF884B0393844B0493AF
:106BA000844B0593844B079302F04EBF844B0393B1
:106BB0007B4B04937B4B05937B4B079302F044BFC5
:106BC000804B03937A4B04937A4B05937A4B07934C
:106BD00002F03ABF7C4B0393754B0493754B0593BE
:106BE000754B079302F030BF784B03936C4B0493C3
:106BF0006C4B05936C4B079302F026BF744B0393C9
:106C00006B4B04936B4B05936B4B079302F01CBFCC
:106C1000704B0393664B0493664B0593664B079347
:106C200002F012BF6C4B03935D4B04935D4B0593D5
:106C30005D4B079302F008BF684B03935C4B0493D2
:106C40005C4B05935C4B079302F0FEBE644B0393D1
:106C5000574B0493574B0593574B079302F0F4BEE1
:106C6000604B0393604B0493604B0593604B079319
:106C700002F0EABE5F4B03935F4B04935F4B0593B7
:106C80005F4B079302F0E0BE5E4B03935E4B0493B1
:106C90005E4B05935E4B079302F0D6BE5D4B0393AC
:106CA000594B0493594B0593594B079302F0CCBEB3
:106CB000594B0393544B0493544B0593544B0793F4
:106CC00002F0C2BE554B03934F4B04934F4B0593B9
:106CD0004F4B079302F0B8BE514B03934A4B0493BA
:106CE0004A4B05934A4B079302F0AEBE4D4B0393BC
:106CF000454B0493454B0593454B079302F0A4BEC7
:106D0000494B0393404B0493404B0593404B0793EF
:106D100002F09ABE454B03933B4B04933B4B0593C8
:106D20003B4B079302F090BE414B0393364B0493C9
:106D3000364B0593364B079302F086BE3D4B0393CB
:106D40001B4B04931B4B05931B4B079302F07CBE1C
:106D5000394B03932C4B04932C4B05932C4B0793EB
:106D600002F072BE2B4B0393344B0493344B0593C8
:106D7000344B079302F068BE264B0393324B0493C7
:106D8000324B05932F4B079302F05EBE48E500207F
:106D9000894102088D41020830E900208CE500207D
:106DA000654102087D41020844E9002090E5002089
:106DB000154102081D410208BCE9002094E50020AD
:106DC00098E500209CE50020A0E50020A4E5002037
:106DD000A8E50020ACE50020B0E50020B4E50020E7
:106DE000B8E50020481200209141020895410208B0
:106DF0001CE900206C120020A5410208A9410208EC
:106E000008E900207C120020394102083D410208B7
:106E1000A8E90020101000201110002012100020FE
:106E20001310002014100020151000201610002050
:106E300017100020181000201C100020ED4C020834
:106E4000E54C0208F4E80020D54C0208CD4C0208BD
:106E50008B4B03938B4B04938B4B05938B4B07937B
:106E600002F0F2BD8A4B0393864B0493864B059345
:106E7000864B079302F0E8BD864B0393814B049346
:106E8000814B0593814B079302F0DEBD824B039348
:106E90007C4B04937C4B05937C4B079302F0D4BD51
:106EA0007E4B0393774B0493774B0593774B079374
:106EB00002F0CABD7A4B0393724B0493724B059355
:106EC000724B079302F0C0BD764B03936D4B049356
:106ED0006D4B05936D4B079302F0B6BD724B039358
:106EE000684B0493684B0593684B079302F0ACBD65
:106EF0006E4B0393634B0493634B0593634B079370
:106F000002F0A2BD6A4B03935E4B04935E4B059364
:106F10005E4B079302F098BD664B0393594B049365
:106F2000594B0593594B079302F08EBD624B039367
:106F3000624B0493624B0593624B079302F084BD4E
:106F4000614B03935D4B04935D4B05935D4B07933E
:106F500002F07ABD5D4B0393584B0493584B059355
:106F6000584B079302F070BD594B0393454B049364
:106F7000454B0593454B079302F066BD554B039374
:106F8000404B0493404B0593404B079302F05CBD8C
:106F9000514B03933B4B04933B4B05933B4B079364
:106FA00002F052BD4D4B0393364B0493364B059381
:106FB000364B079302F048BD494B0393314B049382
:106FC000314B0593314B079302F03EBD454B039384
:106FD0002C4B04932C4B05932C4B079302F034BDA0
:106FE000414B0393354B0493354B0593354B079336
:106FF00002F02ABD3D4B0393304B0493304B059375
:10700000304B079302F020BD394B03932B4B049375
:107010002B4B05932B4B079302F016BD354B039377
:10702000354B0493354B0593354B079302F00CBD5C
:10703000344B0393214B0493214B0593214B07932E
:1070400002F002BD304B03932B4B04932B4B059363
:107050002B4B079302F0F8BC2C4B0393264B049365
:10706000264B0593264B079302F0EEBC284B039367
:10707000214B0493214B0593214B079302F0E4BC71
:1070800024100020154102081D410208BCE900201F
:10709000281000202C100020301000203410002078
:1070A0004010002044100020481000204C10002008
:1070B00050100020541000205810002039410208C0
:1070C0003D410208A8E90020591000205A10002074
:1070D0005C10002060100020641000206810002068
:1070E0006C1000207010002074100020751000201B
:1070F0007610002078100020414102084541020826
:1071000094E900207C1000208010002084100020D2
:1071100088100020964B0393964B0493964B05934F
:10712000964B079302F090BC954B0393914B0493BD
:10713000914B0593914B079302F086BC914B0393BF
:107140008C4B04938C4B05938C4B079302F07CBCC7
:107150008D4B0393874B0493874B0593874B079382
:1071600002F072BC894B0393824B0493824B0593CC
:10717000824B079302F068BC854B03937D4B0493CD
:107180007D4B05937D4B079302F05EBC814B0393CF
:10719000784B0493784B0593784B079302F054BCDB
:1071A0007D4BD3F85831983303937C4B04937C4B3D
:1071B00005937C4B079302F047BC774BD3F85831CB
:1071C00090330393784B0493784B0593784B079354
:1071D00002F03ABC704BD3F85831B03303936F4B85
:1071E00004936F4B05936F4B079302F02DBC6A4BD2
:1071F000D3F85831B4330393684B0493684B059329
:10720000684B079302F020BC634BD3F85831B83376
:107210000393624B0493624B0593624B079302F016
:1072200013BC5D4BD3F85831C43303935B4B0493C9
:107230005B4B05935B4B079302F006BC564BD3F8B0
:1072400058315B692C330393544B0493544B05938F
:10725000544B079302F0F8BB4F4BD3F858315B699E
:10726000303303934D4B04934D4B05934D4B079394
:1072700002F0EABB484BD3F858315B6934330393CF
:107280004C4B04934C4B05934C4B079302F0DCBBE7
:10729000414BD3F858319B692C330393484B0493EB
:1072A000484B0593484B079302F0CEBB3A4BD3F8BB
:1072B00058319B692C330393384B0493384B059317
:1072C000384B079302F0C0BB334BD3F858319B695E
:1072D00030330393314B0493314B0593314B079378
:1072E00002F0B2BB2C4BD3F858319B693433039373
:1072F0002A4B04932A4B05932A4B079302F0A4BB15
:10730000254BD3F858319B6938330393234B0493AF
:10731000234B0593234B079302F096BB1E4BD3F8E8
:1073200058319B69403303931C4B04931C4B0593CA
:107330001C4B079302F088BB174BD3F858319B695D
:1073400044330393154B0493154B0593154B079347
:1073500002F07ABB104BD3F858319B694833039342
:10736000144B0493144B0593144B079302F06CBB1E
:107370008C100020414102084541020894E9002098
:107380009010002094100020981000209C100020E5
:10739000A0100020A41000200010002015410208B9
:1073A0001D410208BCE90020AD410208B5410208B8
:1073B000E0E80020394102083D410208A8E9002028
:1073C000BD4C0208B54C0208F4E800209C4BD3F8F1
:1073D0005831DC3303939B4B04939B4B05939B4B9E
:1073E000079302F031BB964BD3F8583103F5AE73D7
:1073F0000393944B0493944B0593944B079302F09F
:1074000023BB8F4BD3F8583103F5B07303938D4BE7
:1074100004938D4B05938D4B079302F015BB884B5E
:10742000D3F858311C330393894B0493894B05934C
:10743000894B079302F008BB814BD3F858312033B6
:107440000393864B0493864B0593864B079302F078
:10745000FBBA7B4BD3F8583124330393794B049315
:10746000794B0593794B079302F0EEBA744BD3F83E
:10747000583128330393734B0493734B0593734B29
:10748000079302F0E1BA6E4BD3F858311C330393E3
:10749000754B0493754B05936C4B079302F0D4BA6C
:1074A000674BD3F858311C330393714B0493714BE2
:1074B0000593664B079302F0C7BA614BD3F8583176
:1074C000343303935F4B04935F4B05935F4B0793F8
:1074D00002F0BABA5A4BD3F8583138330393664B9B
:1074E0000493664B0593664B079302F0ADBA544B79
:1074F000D3F858313C330393524B0493524B0593CA
:10750000524B079302F0A0BA4D4BD3F85831403399
:1075100003934C4B04934C4B05934C4B079302F055
:1075200093BA474BD3F8583144330393454B0493F4
:10753000454B0593454B079302F086BA404BD3F871
:107540005831503303933F4B04933F4B05933F4BCC
:10755000079302F079BA3A4BD3F858315433039376
:10756000384B0493384B0593384B079302F06CBAB1
:10757000334BD3F8583148330393324B0493324B97
:107580000593324B079302F05FBA2D4BD3F8583175
:107590001C3303933B4B04933B4B05932B4B0793BB
:1075A00002F052BA264BD3F8583158330393254B87
:1075B0000493254B0593254B079302F045BA204BC6
:1075C000D3F858315C3303931E4B04931E4B059341
:1075D0001E4B079302F038BA194BD3F85831603379
:1075E00003932A4B04932A4B05931B4B079302F0FA
:1075F0002BBA134BD3F8583164330393114B0493D4
:10760000114B0593114B079302F01EBA0C4BD3F8A4
:107610005831683303930B4B04930B4B05930B4B7F
:10762000079302F011BA064BD3F858316C33039329
:10763000164B0493164B0593074B079302F004BABD
:1076400000100020154102081D410208BCE900207D
:10765000A94C0208A14C0208A8E90020BD4102087B
:10766000C1410208CCE80020894C02087D4C020888
:107670006D4C0208614C0208C5410208C94102086C
:10768000B8E80020514C0208454C02083941020874
:107690003D410208A04BD3F858316D3303939F4B03
:1076A00004939F4B05939F4B079302F0CDB99A4BE0
:1076B000D3F85831703303939B4B04939B4B059342
:1076C0009B4B079302F0C0B9934BD3F858317433F6
:1076D0000393954B0493954B0593954B079302F0B9
:1076E000B3B98D4BD3F85831783303938E4B049351
:1076F0008E4B05938E4B079302F0A6B9864BD3F8B9
:1077000058317C330393884B0493884B0593884B03
:10771000079302F099B9804BD3F8003103F5635316
:107720001C330393834B0493834B0593834B079341
:1077300002F08AB9784BD3F8003103F56353203354
:107740000393794B0493794B0593794B079302F09C
:107750007BB9714BD3F800310393794B0493794B88
:107760000593734B079302F06FB96B4BD3F800315D
:1077700003F56453183303936B4B04936B4B0593DE
:107780006B4B079302F060B9634BD3F8003103F5FC
:1077900064531C330393644B0493644B0593644B11
:1077A000079302F051B95C4BD3F8003103F56453F1
:1077B0000C3303935C4B04935C4B05935C4B079336
:1077C00002F042B9544BD3F8003103F564533E3311
:1077D0000393524B0493524B0593524B079302F081
:1077E00033B94D4BD3F8003103F564533833039369
:1077F0004D4B04934D4B05934D4B079302F024B929
:10780000454BD3F8003103F562532C330393464BB9
:107810000493464B0593464B079302F015B93E4B34
:10782000D3F8003103F56253313303933B4B049398
:107830003B4B05933B4B079302F006B9364BD3F80D
:10784000003103F5625333330393344B0493344BC9
:107850000593344B079302F0F7B82F4BD3F8003160
:1078600003F56253303303932C4B04932C4B059355
:107870002C4B079302F0E8B8274BD3F8003103F5FF
:10788000625332330393254B0493254B0593254BC9
:10789000079302F0D9B8204BD3F800311833039383
:1078A000294B0493294B0593294B079302F0CCB83D
:1078B000194BD3F8003119330393264B0493264B0D
:1078C0000593264B079302F0BFB8134BD3F8003152
:1078D0001C330393144B0493144B0593144B0793DD
:1078E00002F0B2B80C4BD3F80031203303930E4BA7
:1078F00004930E4B05930E4B079302F0A5B8064B6D
:10790000D3F8003124330393074B0493074B0593BB
:10791000074B079302F098B8001000203941020885
:107920003D410208A8E90020154102081D41020856
:10793000BCE90020CD410208D1410208A4E80020A2
:10794000354C0208254C02080D4C0208054C020873
:1079500090E80020D5410208D94102087CE80020C7
:10796000A04BD3F80031303303939F4B04939F4BCC
:1079700005939F4B079302F067B89A4BD3F80031F9
:1079800028330393984B0493984B0593984B079394
:1079900002F05AB8934BD3F800312C330393924B37
:1079A0000493924B0593924B079302F04DB88D4B85
:1079B000D3F80031343303938B4B04938B4B0593F3
:1079C0008B4B079302F040B8864BD3F80031383325
:1079D0000393854B0493854B0593854B079302F0E6
:1079E00033B8804BD3F800313C330393814B04937D
:1079F000814B0593814B079302F026B8794BD3F85E
:107A0000003140330393784B0493784B0593784BC4
:107A1000079302F019B8734BD3F80031183303936E
:107A2000774B0493774B0593774B079302F00CB891
:107A30006C4BD3F80031503303936B4B04936B4B77
:107A400005936B4B079301F0FFBF664BD3F80031F2
:107A500048330393644B0493644B0593644B07933F
:107A600001F0F2BF5F4BD3F8003103F562533433BA
:107A70000393664B0493664B0593664B079301F0A3
:107A8000E3BF584BD3F8003103F562533833039307
:107A9000554B0493554B0593554B079301F0D4BFB9
:107AA000504BD3F8003103F562533C3303934E4BF4
:107AB00004934E4B05934E4B079301F0C5BF494BC2
:107AC000D3F8003103F563530393504B0493504BA9
:107AD0000593504B079301F0B7BF424BD3F80031E9
:107AE000183303934C4B04934C4B0593404B079333
:107AF00001F0AABF3B4BD3F8003103F562531833B2
:107B000003933C4B04933C4B05933C4B079301F090
:107B10009BBF344BD3F8003103F562531C330393FE
:107B2000314B0493314B0593314B079301F08CBFDC
:107B30002C4BD3F8003103F56253203303932A4BC7
:107B400004932A4B05932A4B079301F07DBF254BE5
:107B5000D3F8003103F5625328330393254B049384
:107B6000254B0593254B079301F06EBF1D4BD3F8B2
:107B7000003103F56353043303931B4B04931B4BF6
:107B800005931B4B079301F05FBF164BD3F80031F1
:107B900003F5635308330393134B0493134B05937B
:107BA000134B079301F050BF0E4BD3F8003103F590
:107BB0006353103303930C4B04930C4B05930C4B02
:107BC000079301F041BF074BD3F8003103F563532E
:107BD0000C330393044B0493044B0593044B07931A
:107BE00001F032BF00100020154102081D410208BB
:107BF000BCE90020394102083D410208A8E9002003
:107C0000F14B0208E94B0208CCE80020DD410208F4
:107C1000E141020868E80020DD4B0208D14B020870
:107C2000994BD3F8003103F5645328330393974BF2
:107C30000493974B0593974B079301F005BF924B25
:107C4000D3F8003103F564532C3303938F4B049323
:107C50008F4B05938F4B079301F0F6BE8A4BD3F8F9
:107C6000003103F5645330330393884B0493884BFE
:107C70000593884B079301F0E7BE834BD3F800319F
:107C800003F5645334330393804B0493804B059383
:107C9000804B079301F0D8BE7B4BD3F800310433FF
:107CA00003937A4B04937A4B05937A4B079301F035
:107CB000CBBE754BD3F8003108330393764B049356
:107CC000764B0593764B079301F0BEBE6E4BD3F80F
:107CD000003110330393734B0493734B0593734B31
:107CE000079301F0B1BE684BD3F8AC308C330393EB
:107CF0006F4B04936F4B05936F4B079301F0A4BE3A
:107D0000614BD3F8AC30C83303936C4B04936C4B8A
:107D100005936C4B079301F097BE5B4BD3F8AC30E7
:107D200034330393684B0493684B0593684B079374
:107D300001F08ABE544BD3F8AC3034330393654B17
:107D40000493654B0593564B079301F07DBE4E4B54
:107D5000D3F8AC30543303934C4B04934C4B059302
:107D60004C4B079301F070BE474BD3F8AC306033F7
:107D70000393494B0493494B0593494B079301F0F7
:107D800063BE414BD3F8AC3034330393534B04936D
:107D9000534B0593424B079301F056BE3A4BD3F831
:107DA000AC30343303934F4B04934F4B05934F4BFD
:107DB000079301F049BE344BD3F8AC3050330393F2
:107DC0003E4B04933E4B05933E4B079301F03CBE64
:107DD0002D4BD3F8AC3048330393384B0493384BD6
:107DE0000593384B079301F02FBE274BD3F8AC30E7
:107DF0004C330393254B0493254B0593254B079355
:107E000001F022BE204BD3F8AC305C3303932B4BF4
:107E100004932B4B05932B4B079301F015BE1A4B84
:107E2000D3F8AC3034330393314B0493314B059387
:107E30001B4B079301F008BE134BD3F8AC306133F2
:107E40000393154B0493154B0593154B079301F0C2
:107E5000FBBD0D4BD3F8AC3034330393264B049366
:107E6000264B05930B4B079301F0EEBD064BD3F861
:107E7000AC3038330393054B0493054B0593054B06
:107E8000079301F0E1BD00BF00100020154102087A
:107E90001D410208BCE90020394102083D410208A9
:107EA000A8E90020414102084541020894E9002068
:107EB000E5410208E941020854E80020BD410208FA
:107EC000C1410208CCE80020ED410208F14102085E
:107ED00040E80020BD4B0208BD4F0208B14B02082C
:107EE000AD4F0208A54B0208994B0208F4E80020A8
:107EF000894B02087D4B02086D4B0208614B02085A
:107F0000964BD3F8AC303C330393954B0493954B8D
:107F10000593954B079301F097BD904BD3F8AC3088
:107F2000403303938E4B04938E4B05938E4B0793F4
:107F300001F08ABD894BD3F8AC30633303938B4B8C
:107F400004938B4B05938B4B079301F07DBD834BC3
:107F5000D3F8AC3064330393874B0493874B05937A
:107F6000874B079301F070BD7C4BD3F8AC30653381
:107F700003937E4B04937E4B05937E4B079301F056
:107F800063BD764BD3F8AC30823303937D4B0493BF
:107F90007D4B05937D4B079301F056BD6F4BD3F896
:107FA000AC3084330393774B0493774B0593774B33
:107FB000079301F049BD694BD3F8AC300433039308
:107FC000734B0493734B0593734B079301F03CBDC4
:107FD000724B0393624B0493624B0593624B07937E
:107FE00001F032BD5D4BD3F8FC30103303936C4B82
:107FF00004936C4B05936C4B079301F025BD574BD5
:10800000D3F8FC3004330393554B0493554B05933D
:10801000554B079301F018BD504BD3F8FC30083393
:1080200003934F4B04934F4B05934F4B079301F032
:108030000BBD4A4BD3F8FC300C330393484B0493ED
:10804000484B0593484B079301F0FEBC434BD3F8D4
:108050005C3104330393424B0493424B0593424BF0
:10806000079301F0F1BC3D4BD3F85C310833039327
:108070003B4B04933B4B05933B4B079301F0E4BC14
:10808000364BD3F85C310C330393354B0493354BAB
:108090000593354B079301F0D7BC304BD3F86031D3
:1080A0000393424B0493424B0593384B079301F0E3
:1080B000CBBC2A4BD3F8603103933E4B04933E4B29
:1080C00005932C4B079301F0BFBC244BD3F86031D0
:1080D0000393234B0493234B0593234B079301F006
:1080E000B3BC1E4BD3F860310B3303931F4B049387
:1080F0001F4B05931F4B079301F0A6BC174BD3F8FA
:10810000603103932D4B04932D4B05932D4B079317
:1081100001F09ABC114BD3F864310393234B0493C1
:10812000234B0593194B079301F08EBC0B4BD3F8EF
:10813000643103931F4B04931F4B05930D4B07931F
:1081400001F082BC054BD3F864310393044B0493D4
:10815000044B0593044B079301F076BC00100020FC
:10816000154102081D410208BCE9002039410208FE
:108170003D410208A8E90020DD410208E141020872
:1081800068E80020F5410208F9410208F4E80020FF
:10819000BD410208C1410208CCE80020B410002013
:1081A000FD410208014202082CE80020514B020860
:1081B000494B02083D4B02089D4F0208354B02080F
:1081C0002D4B020894E900208C4BD3F864310B331B
:1081D00003938B4B04938B4B05938B4B079301F0CD
:1081E00033BC864BD3F864310393884B0493884B9C
:1081F0000593884B079301F027BC804BD3F8683177
:1082000004330393844B0493844B0593844B07936B
:1082100001F01ABC794BD3F8683106330393784BDD
:108220000493784B0593784B079301F00DBC7D4B7D
:1082300003937D4B04937D4B0593764B079301F09D
:1082400003BC7B4B0393784B0493784B0593714BA2
:10825000079301F0F9BB774B0393734B0493734B74
:1082600005936C4B079301F0EFBB734B03936E4B7D
:1082700004936E4B0593674B079301F0E5BB6F4B7F
:108280000393694B0493694B0593624B079301F089
:10829000DBBB6B4B0393644B0493644B05935D4BC7
:1082A000079301F0D1BB674B03935F4B04935F4B84
:1082B0000593584B079301F0C7BB634B03935A4B8D
:1082C00004935A4B0593534B079301F0BDBB5F4B8F
:1082D0000393554B0493554B05934E4B079301F075
:1082E000B3BB5B4B0393504B0493504B0593494BEB
:1082F000079301F0A9BB574B03934B4B04934B4B94
:108300000593444B079301F09FBB534B0393464B9C
:108310000493464B05933F4B079301F095BB4F4B9E
:108320000393414B0493414B05933A4B079301F060
:108330008BBB4B4B03934B4B04934B4B05934B4BDA
:10834000079301F081BB4A4B03934A4B04934A4B7A
:1083500005934A4B079301F077BB494B0393284B96
:108360000493284B0593284B079301F06DBB454BB5
:108370000393234B0493234B0593234B079301F063
:1083800063BB414B03931E4B04931E4B05931E4B43
:10839000079301F059BB3D4B0393194B0493194BC1
:1083A0000593194B079301F04FBB394B0393144BC3
:1083B0000493144B0593144B079301F045BB354BC5
:1083C00003930F4B04930F4B05930F4B079301F04F
:1083D0003BBB314B03930A4B04930A4B05930A4B67
:1083E000079301F031BB2D4B0393054B0493054BD1
:1083F0000593054B079301F027BB00BF0010002039
:10840000394102083D410208A8E90020354B020825
:108410002D4B020894E90020214B0208194B020859
:10842000F4E800207811002041410208454102088B
:108430008811002098110020A8110020B8110020F8
:10844000C8110020D8110020E8110020F8110020E8
:1084500008120020181200202812002038120020D4
:10846000F814002091410208954102081CE90020FF
:108470001C150020A5410208A941020808E90020B6
:108480002C150020C0120020C1120020C2120020B2
:10849000C3120020C4120020C5120020C612002002
:1084A0008B4B03938B4B04938B4B05938B4B079315
:1084B00001F0CABA8A4B03938A4B04938A4B059303
:1084C0008A4B079301F0C0BA894B0393814B049305
:1084D000814B0593814B079301F0B6BA854B03930B
:1084E000854B0493854B0593854B079301F0ACBAFC
:1084F000804B0393834B0493834B0593804B0793EB
:1085000001F0A2BA814B0393764B0493764B05930B
:10851000764B079301F098BA7D4B0393714B04930C
:10852000714B0593714B079301F08EBA794B03930E
:108530006C4B04936C4B05936C4B079301F084BA1E
:10854000754B0393674B0493674B0593674B0793F6
:1085500001F07ABA714B0393624B0493624B05931B
:10856000624B079301F070BA6D4B03935D4B04931C
:108570005D4B05935D4B079301F066BA694B03931E
:10858000584B0493584B0593584B079301F05CBA32
:10859000654B0393534B0493534B0593534B0793F2
:1085A00001F052BA614B03934E4B04934E4B05932B
:1085B0004E4B079301F048BA5D4B0393494B04932C
:1085C000494B0593494B079301F03EBA594B03932E
:1085D000444B0493444B0593444B079301F034BA46
:1085E000554B03933B4B04933B4B05933B4B0793FA
:1085F00001F02ABA514B0393364B0493364B059343
:10860000364B079301F020BA4D4B0393314B049343
:10861000314B0593314B079301F016BA494B039345
:10862000304B0493304B0593304B079301F00CBA59
:10863000454B03932B4B04932B4B05932B4B0793E9
:1086400001F002BA414B0393264B0493264B05934A
:10865000264B079301F0F8B93D4B0393214B04934C
:10866000214B0593214B079301F0EEB9394B03934E
:108670001C4B04931C4B05931C4B079301F0E4B96E
:10868000354B0393174B0493174B0593174B0793E5
:1086900001F0DAB9314B03930E4B04930E4B059363
:1086A0000E4B079301F0D0B92D4B0393094B049364
:1086B000094B0593094B079301F0C6B9294B039366
:1086C000044B0493044B0593044B079301F0BCB98E
:1086D000C7120020394102083D410208A8E90020E4
:1086E000C8120020154102081D410208BCE9002003
:1086F000CC120020C0120020ED4C0208E54C02080C
:10870000F4E80020D54C0208CD4C0208D412002019
:10871000D8120020DC120020E0120020E412002019
:10872000F0120020F4120020F8120020FC120020A9
:108730000013002004130020081300200913002058
:108740000A1300200C130020101300201413002023
:10875000181300201C1300202013002024130020D5
:108760002513002026130020934B0393934B04936F
:10877000934B0593934B079301F066B9924B039388
:10878000924B0493924B0593924B079301F05CB983
:10879000914B0393894B0493894B0593894B079322
:1087A00001F052B98D4B0393844B0493844B059392
:1087B000844B079301F048B9894B03937F4B049393
:1087C0007F4B05937F4B079301F03EB9854B039395
:1087D0007A4B04937A4B05937A4B079301F034B9A3
:1087E000814B0393754B0493754B0593754B07931E
:1087F00001F02AB97D4B0393704B0493704B0593A2
:10880000704B079301F020B9794B03936B4B0493A2
:108810006B4B05936B4B079301F016B9754B0393A4
:10882000664B0493664B0593664B079301F00CB9B6
:10883000714B0393614B0493614B0593614B079319
:1088400001F002B96D4B03935C4B04935C4B0593B1
:108850005C4B079301F0F8B8694BD3F808349833B0
:108860000393684B0493684B0593684B079301F09F
:10887000EBB8634BD3F8083490330393644B049301
:10888000644B0593644B079301F0DEB85C4BD3F85F
:108890000834B03303935B4B04935B4B05935B4B02
:1088A000079301F0D1B8564BD3F80834B43303938F
:1088B000544B0493544B0593544B079301F0C4B8A5
:1088C0004F4BD3F80834B83303934E4B04934E4BBD
:1088D00005934E4B079301F0B7B8494BD3F80834D2
:1088E000C4330393474B0493474B0593474B07937C
:1088F00001F0AAB8424BD3F808345B692C330393D8
:10890000404B0493404B0593404B079301F09CB8B8
:108910003B4BD3F808345B6930330393394B0493F2
:10892000394B0593394B079301F08EB8344BD3F88C
:1089300008345B6934330393244B0493244B05932D
:10894000244B079301F080B82D4BD3F808349B6972
:108950002C330393314B0493314B0593314B0793E5
:1089600001F072B8264BD3F808349B692C3303937B
:10897000244B0493244B0593244B079301F064B8D4
:108980001F4BD3F808349B69303303931D4B04937A
:108990001D4B05931D4B079301F056B8184BD3F8A8
:1089A00008349B6934330393164B0493164B059399
:1089B000164B079301F048B82813002041410208E4
:1089C0004541020894E900202C1300203941020897
:1089D0003D410208A8E90020301300203413002094
:1089E000381300203C1300204013002044130020C3
:1089F000481300204C130020501300205413002073
:108A000000100020154102081D410208BCE90020A9
:108A1000AD410208B5410208E0E80020BD4C020863
:108A2000B54C0208F4E80020984BD3F808349B6951
:108A300038330393964B0493964B0593964B0793C9
:108A400001F002B8914BD3F808349B69403303938B
:108A50008F4B04938F4B05938F4B079300F0F4BF1C
:108A60008A4BD3F808349B6944330393884B0493AF
:108A7000884B0593884B079300F0E6BF834BD3F8F0
:108A800008349B6948330393844B0493844B0593C8
:108A9000844B079300F0D8BF7C4BD3F80834DC3309
:108AA00003937B4B04937B4B05937B4B079300F025
:108AB000CBBF764BD3F8083403F5AE730393744BF6
:108AC0000493744B0593744B079300F0BDBF6F4B39
:108AD000D3F8083403F5B07303936D4B04936D4BD7
:108AE00005936D4B079300F0AFBF684BD3F8083484
:108AF0001C3303936C4B04936C4B0593694B0793A6
:108B000000F0A2BF614BD3F8083420330393684BC5
:108B10000493684B0593684B079300F095BF5B4B3C
:108B2000D3F8083424330393594B0493594B0593DA
:108B3000594B079300F088BF544BD3F808342833BF
:108B40000393534B0493534B0593534B079300F0FC
:108B50007BBF4E4BD3F808341C330393574B04931D
:108B6000574B05934C4B079300F06EBF474BD3F820
:108B700008341C330393534B0493534B0593464BD8
:108B8000079300F061BF414BD3F8083434330393AB
:108B90003F4B04933F4B05933F4B079300F054BF6B
:108BA0003A4BD3F8083438330393484B0493484B7B
:108BB0000593484B079300F047BF344BD3F8083474
:108BC0003C330393324B0493324B0593324B079360
:108BD00000F03ABF2D4BD3F80834403303932C4BAD
:108BE00004932C4B05932C4B079300F02DBF274B80
:108BF000D3F8083444330393254B0493254B059352
:108C0000254B079300F020BF204BD3F80834503396
:108C100003931F4B04931F4B05931F4B079300F0C7
:108C200013BF1A4BD3F8083454330393184B0493EF
:108C3000184B0593184B079300F006BF134BD3F85E
:108C4000083448330393124B0493124B0593124B91
:108C5000079300F0F9BE0D4BD3F808341C3303938F
:108C60001D4B04931D4B05930B4B079300F0ECBE7B
:108C7000064BD3F8083458330393054B0493054B44
:108C80000593054B079300F0DFBE00BF00100020E6
:108C9000154102081D410208BCE9002039410208C3
:108CA0003D410208A8E90020A94C0208A14C020895
:108CB000BD410208C1410208CCE80020894C0208ED
:108CC0007D4C02086D4C0208614C0208C541020847
:108CD000C9410208B8E80020514C0208454C02087E
:108CE000A04BD3F808345C3303939F4B04939F4B02
:108CF00005939F4B079300F0A7BE9A4BD3F8083417
:108D0000603303939B4B04939B4B05939B4B0793BF
:108D100000F09ABE934BD3F8083464330393924B1C
:108D20000493924B0593924B079300F08DBE8D4BAD
:108D3000D3F80834683303938B4B04938B4B059320
:108D40008B4B079300F080BE864BD3F808346C330E
:108D50000393884B0493884B0593884B079300F04B
:108D600073BE804BD3F808346D330393814B049367
:108D7000814B0593814B079300F066BE794BD3F886
:108D8000083470330393784B0493784B0593784BF6
:108D9000079300F059BE734BD3F808347433039330
:108DA000714B0493714B0593714B079300F04CBECC
:108DB0006C4BD3F80834783303936B4B04936B4BB1
:108DC00005936B4B079300F03FBE664BD3F8083416
:108DD0007C330393644B0493644B0593644B079378
:108DE00000F032BE5F4BD3F8B03303F563531C334E
:108DF0000393634B0493634B0593634B079300F01A
:108E000023BE584BD3F8B03303F563532033039399
:108E1000554B0493554B0593554B079300F014BEE7
:108E2000504BD3F8B0330393584B0493584B0593EE
:108E30004F4B079300F008BE4A4BD3F8B03303F50D
:108E4000645318330393484B0493484B0593484BA2
:108E5000079300F0F9BD434BD3F8B03303F56453E7
:108E60001C330393404B0493404B0593404B0793B3
:108E700000F0EABD3B4BD3F8B03303F564530C3339
:108E80000393394B0493394B0593394B079300F007
:108E9000DBBD344BD3F8B03303F564533E33039357
:108EA000344B0493344B0593344B079300F0CCBD03
:108EB0002C4BD3F8B03303F56453383303932A4B68
:108EC00004932A4B05932A4B079300F0BDBD254B15
:108ED000D3F8B03303F562532C330393224B04933E
:108EE000224B0593224B079300F0AEBD1D4BD3F8E8
:108EF000B03303F56253313303931E4B04931E4B7F
:108F000005931E4B079300F09FBD164BD3F8B0336B
:108F100003F5625333330393164B0493164B0593B7
:108F2000164B079300F090BD0E4BD3F8B03303F50A
:108F30006253303303930F4B04930F4B05930F4B46
:108F4000079300F081BD074BD3F8B03303F56253AC
:108F500032330393074B0493074B0593074B079357
:108F600000F072BD00100020154102081D410208EA
:108F7000BCE90020394102083D410208A8E900206F
:108F8000CD410208D1410208A4E80020354C020876
:108F9000254C02089B4BD3F8B033183303939A4BFC
:108FA00004939A4B05939A4B079300F04DBD954B54
:108FB000D3F8B03319330393964B0493964B059330
:108FC000964B079300F040BD8E4BD3F8B0331C3363
:108FD0000393934B0493934B0593934B079300F0A8
:108FE00033BD884BD3F8B033203303938C4B0493B9
:108FF0008C4B05938C4B079300F026BD814BD3F827
:10900000B03324330393864B0493864B0593864BEE
:10901000079300F019BD7B4BD3F8B0333033039383
:109020007F4B04937F4B05937F4B079300F00CBD60
:10903000744BD3F8B03328330393794B0493794BB3
:109040000593794B079300F0FFBC6E4BD3F8B03318
:109050002C330393724B0493724B0593724B07931B
:1090600000F0F2BC674BD3F8B033343303936C4B4E
:1090700004936C4B05936C4B079300F0E5BC614B7C
:10908000D3F8B03338330393654B0493654B0593A2
:10909000654B079300F0D8BC5A4BD3F8B0333C3340
:1090A0000393624B0493624B0593624B079300F06A
:1090B000CBBC544BD3F8B03340330393584B049399
:1090C000584B0593584B079300F0BEBC4D4BD3F85B
:1090D000B03318330393584B0493584B0593584BB4
:1090E000079300F0B1BC474BD3F8B0335033039330
:1090F0004B4B04934B4B05934B4B079300F0A4BC95
:10910000404BD3F8B03348330393454B0493454B5E
:109110000593454B079300F097BC3A4BD3F8B03317
:1091200003F5625334330393464B0493464B059344
:10913000464B079300F088BC324BD3F8B03303F5AD
:10914000625338330393364B0493364B0593364BB7
:10915000079300F079BC2B4BD3F8B03303F562537F
:109160003C3303932E4B04932E4B05932E4B0793C6
:1091700000F06ABC234BD3F8B03303F56353039379
:10918000304B0493304B0593304B079300F05CBC9D
:109190001C4BD3F8B033183303932D4B04932D4B52
:1091A0000593214B079300F04FBC164BD3F8B03317
:1091B00003F56253183303931C4B04931C4B059324
:1091C0001C4B079300F040BC0E4BD3F8B03303F5B3
:1091D00062531C330393124B0493124B0593124BAF
:1091E000079300F031BC074BD3F8B03303F562535B
:1091F000203303930A4B04930A4B05930A4B0793BE
:1092000000F022BC001000200D4C0208054C0208A2
:1092100090E80020D5410208D94102087CE80020EE
:10922000154102081D410208BCE90020394102082D
:109230003D410208A8E90020F14B0208E94B020871
:10924000CCE80020DD410208E141020868E8002086
:10925000DD4B0208D14B0208924BD3F8B03303F533
:10926000625328330393904B0493904B0593904B98
:109270000793E9E38B4BD3F8B03303F5635304331F
:1092800003938C4B04938C4B05938C4B0793DBE33C
:10929000844BD3F8B03303F5635308330393854B02
:1092A0000493854B0593854B0793CDE37D4BD3F812
:1092B000B03303F56353103303937E4B04937E4B1B
:1092C00005937E4B0793BFE3764BD3F8B03303F59A
:1092D00063530C330393774B0493774B0593774B8E
:1092E0000793B1E36F4BD3F8B03303F564532833DE
:1092F0000393704B0493704B0593704B0793A3E358
:10930000684BD3F8B03303F564532C330393694BA4
:109310000493694B0593694B079395E3614BD3F82D
:10932000B03303F5645330330393624B0493624BC1
:109330000593624B079387E35A4BD3F8B03303F599
:109340006453343303935B4B04935B4B05935B4B48
:10935000079379E3534BD3F8B03304330393554B5E
:109360000493554B0593554B07936DE34D4BD3F841
:10937000B033083303934C4B04934C4B05934C4B45
:10938000079361E3474BD3F8B033103303934C4B4F
:1093900004934C4B05934C4B079355E3414BD3F847
:1093A0005C338C330393494B0493494B0593494BEE
:1093B000079349E33B4BD3F85C33C8330393464BE5
:1093C0000493464B0593464B07933DE3354BD3F847
:1093D0005C3334330393434B0493434B0593434B28
:1093E000079331E32F4BD3F85C3334330393404B73
:1093F0000493404B05932E4B079325E3294BD3F859
:109400005C33543303932B4B04932B4B05932B4B1F
:10941000079319E3234BD3F85C3360330393224B58
:109420000493224B0593224B07930DE31D4BD3F876
:109430005C3334330393304B0493304B05931C4B14
:10944000079301E3174BD3F85C33343303932C4B6E
:1094500004932C4B05932C4B0793F5E2114BD3F857
:109460005C33503303931C4B04931C4B05931C4BF0
:109470000793E9E20B4BD3F85C3348330393164B65
:109480000493164B0593164B0793DDE2054BD3F877
:109490005C334C330393074B0493074B0593074B03
:1094A0000793D1E200100020394102083D41020833
:1094B000A8E90020154102081D410208BCE900206E
:1094C000414102084541020894E90020E5410208B3
:1094D000E941020854E80020BD410208C1410208E8
:1094E000CCE80020ED410208F141020840E80020EC
:1094F000BD4B0208BD4F0208B14B0208AD4F020838
:10950000A54B0208994B0208F4E800208C4BD3F8D5
:109510005C335C3303938B4B04938B4B05938B4BE6
:10952000079391E2864BD3F85C3334330393884B33
:109530000493884B0593884B079385E2804BD3F8BF
:109540005C3361330393854B0493854B0593824BC6
:10955000079379E27A4BD3F85C3334330393814B2E
:109560000493814B0593814B07936DE2744BD3F8C1
:109570005C33383303937E4B04937E4B05937B4BD4
:10958000079361E26E4BD3F85C333C330393784B23
:109590000493784B0593754B079355E2684BD3F8CA
:1095A0005C3340330393724B0493724B05936F4BC0
:1095B000079349E2624BD3F85C3363330393674B01
:1095C0000493674B0593644B07933DE25C4BD3F8E0
:1095D0005C3364330393684B0493684B0593684B87
:1095E000079331E2564BD3F85C33653303935B4BFF
:1095F00004935B4B0593584B079325E2504BD3F8EC
:109600005C33823303935F4B04935F4B05935F4B53
:10961000079319E24A4BD3F85C3384330393594BD5
:109620000493594B0593594B07930DE2444BD3F8E0
:109630005C3304330393434B0493434B0593434BF5
:10964000079301E2524B0393494B0493494B059313
:10965000464B0793F8E13A4BD3F8AC3310330393FE
:109660004C4B04934C4B05934C4B0793ECE1344B20
:10967000D3F8AC33043303933D4B04933D4B059334
:109680003A4B0793E0E12E4BD3F8AC330833039306
:10969000374B0493374B0593344B0793D4E1284B56
:1096A000D3F8AC330C330393314B0493314B059314
:1096B0002E4B0793C8E1224BD3F80C3404330393A9
:1096C0002B4B04932B4B0593284B0793BCE11C4B6E
:1096D000D3F80C3408330393254B0493254B05939F
:1096E000224B0793B0E1164BD3F80C340C330393A1
:1096F0001F4B04931F4B05931C4B0793A4E1104B86
:10970000D3F810340393264B0493264B05931F4B39
:10971000079399E10A4BD3F810340393224B049337
:10972000224B05930C4B07938EE1054BD3F8103475
:1097300003930F4B04930F4B05930C4B079383E15B
:1097400000100020BD410208C1410208CCE8002001
:10975000894B02087D4B0208A8E900203941020824
:109760003D4102086D4B0208614B0208BCE9002034
:10977000154102081D410208DD410208E1410208CD
:1097800068E80020F5410208F9410208F4E80020E9
:1097900064130020FD410208014202082CE8002069
:1097A000514B0208494B02083D4B02089D4F0208ED
:1097B0007B4BD3F810340B3303937A4B04937A4BDF
:1097C00005937A4B07933FE1754BD3F8103403931D
:1097D000774B0493774B0593774B079334E1704BAA
:1097E000D3F814340393754B0493754B0593754B61
:1097F000079329E16A4BD3F814340393724B049313
:10980000724B0593694B07931EE1654BD3F81434F3
:1098100003936F4B04936F4B05936F4B079313E1C7
:109820005F4BD3F814340B3303935E4B04935E4BBE
:1098300005935E4B079307E1594BD3F81434039318
:109840005B4B04935B4B05935B4B0793FCE0544BE2
:10985000D3F8183404330393604B0493604B05939F
:10986000584B0793F0E04E4BD3F81834063303936C
:109870004C4B04934C4B05934C4B0793E4E0594BF2
:109880000393594B0493594B05934B4B0793DBE0E0
:10989000574B0393544B0493544B0593464B0793F8
:1098A000D2E0544B0393504B0493504B0593424BDF
:1098B0000793C9E0504B03934B4B04934B4B0593D9
:1098C0003D4B0793C0E04D4B0393474B0493474BED
:1098D0000593394B0793B7E0494B0393424B0493ED
:1098E000424B0593344B0793AEE0464B03933E4BFC
:1098F00004933E4B0593304B0793A5E0424B0393F3
:10990000394B0493394B05932B4B07939CE03F4B0A
:109910000393354B0493354B0593274B079393E003
:109920003B4B0393304B0493304B0593224B0793EF
:109930008AE0384B03932C4B04932C4B05931E4B1E
:10994000079381E0344B0393274B0493274B0593F4
:10995000194B079378E0314B0393234B0493234B2C
:109960000593154B07936FE02D4B03932D4B0493F9
:109970002D4B05932D4B079366E02D4B03931A4B0C
:1099800004931A4B05930C4B07935DE0294B03930B
:10999000244B0493244B0593244B079354E000BFBE
:1099A00000100020394102083D410208A8E90020CA
:1099B000354B02082D4B020894E90020514B020858
:1099C000494B0208F4E800203D4B02089D4F020875
:1099D000154102081D410208BCE90020214B020884
:1099E000194B020828140020414102084541020891
:1099F0003814002048140020581400206814002057
:109A0000781400208814002098140020A814002046
:109A1000B8140020C8140020D8140020E814002036
:109A2000C4A30020BD410208C1410208CCE80020C7
:109A3000CCA30020D8A300200F4B03930F4B04931B
:109A40000F4B05930F4B079307988DED000A0028E5
:109A50003CF47AAA0C4A0D496FF001030EF064FC45
:109A600000283CF471AA03689DED000A1B6803A955
:109A7000984709B05DF804FBE0A30020DD4102082F
:109A8000E141020868E80020F4A80308B0A8030830
:109A900000B50B684FF0000C40FA0CFE0CF1080CFE
:109AA0000AB193420BD283F800E00B68BCF1200F9F
:109AB00003F101030B60EFD101205DF804FB0020EE
:109AC0005DF804FB00B50B684FF0000C20FA0CFEAB
:109AD0000CF1080C0AB193420BD283F800E00B683A
:109AE000BCF1200F03F101030B60EFD101205DF801
:109AF00004FB00205DF804FB30B583B00446ADF8EC
:109B00000410D0E9000398479DF80530054623B1BD
:109B1000A3689DF8041020689847284603B030BD1C
:109B200037B500230D4610460DF103018DF80330C3
:109B3000FAF7AAFF044650B19DF803308DF80430BF
:109B400001238DF8053001992846FFF7D5FF2046FF
:109B500003B030BDA0F10400E2E700BF30B583B030
:109B60000446ADF80410D0E9000398479DF805308D
:109B7000054623B1A3689DF804102068984728463D
:109B800003B030BD37B510460D4601AA0B49D7F7D3
:109B90005FFA012801D000200DE0019B8DF805003F
:109BA000003B18BF01238DF8043004460199284674
:109BB000FFF7D4FF204603B030BD00BF9FA80308C5
:109BC000A0F10400DEE700BF13B5B5EEC00AF1EE68
:109BD00010FAACBF0123002301248DF804308DF866
:109BE000054008460199FFF7B9FF204602B010BDB5
:109BF00030B583B00446ADF80410D0E900039847AF
:109C00009DF80530054623B1A3689DF8041020682F
:109C10009847284603B030BD37B500230D4610469F
:109C20000DF103018DF80330FAF72EFF044650B111
:109C30009DF803308DF8043001238DF8053001992B
:109C40002846FFF7D5FF204603B030BDA0F1040041
:109C5000E2E700BF30B583B00446ADF80410D0E9A8
:109C6000000398479DF80530054623B1A3689DF889
:109C7000041020689847284603B030BD37B500234C
:109C80000D4610460DF103018DF80330FAF7FCFE86
:109C9000044650B19DF803308DF8043001238DF84F
:109CA000053001992846FFF7D5FF204603B030BDA7
:109CB000A0F10400E2E700BF30B583B00446ADF880
:109CC0000410D0E9000398479DF80530054623B1FC
:109CD000A3689DF8041020689847284603B030BD5B
:109CE00037B500230D4610460DF103018DF8033002
:109CF000FAF7CAFE044650B19DF803308DF80430DF
:109D000001238DF8053001992846FFF7D5FF20463D
:109D100003B030BDA0F10400E2E700BF30B583B06E
:109D20000446ADF80410D0E9000398479DF80530CB
:109D3000054623B1A3689DF804102068984728467B
:109D400003B030BD37B500230D4610460DF10301B9
:109D50008DF80330FAF798FE044650B19DF80330B1
:109D60008DF8043001238DF8053001992846FFF75E
:109D7000D5FF204603B030BDA0F10400E2E700BFEC
:109D800030B583B004460191D0E9000398479DF8AF
:109D90000630054623B1A368BDF804102068984733
:109DA000284603B030BD00BF37B510460D4601AAA6
:109DB0000849D7F74DF9012801D0002007E08DF8B8
:109DC0000600044601992846FFF7DAFF204603B053
:109DD00030BD00BF8FA80308A0F10400E4E700BF76
:109DE0001FB50191D6F776FABCEEC00A012410EE39
:109DF000103A8DF80E40ADF80C3003990198FFF73A
:109E0000BFFF204604B010BD30B583B00446ADF8A6
:109E10000410D0E9000398479DF80530054623B1AA
:109E2000A3689DF8041020689847284603B030BD09
:109E300037B500230D4610460DF103018DF80330B0
:109E4000FAF722FE044650B19DF803308DF8043035
:109E500001238DF8053001992846FFF7D5FF2046EC
:109E600003B030BDA0F10400E2E700BF30B583B01D
:109E70000446ADF80410D0E9000398479DF805307A
:109E8000054623B1A3689DF804102068984728462A
:109E900003B030BD37B500230D4610460DF1030168
:109EA0008DF80330FAF7F0FD044650B19DF8033009
:109EB0008DF8043001238DF8053001992846FFF70D
:109EC000D5FF204603B030BDA0F10400E2E700BF9B
:109ED00030B583B004460191D0E9000398479DF85E
:109EE0000630054623B1A368BDF8041020689847E2
:109EF000284603B030BD00BF37B510460D4601AA55
:109F00000849D7F7A5F8012801D0002007E08DF80F
:109F10000600044601992846FFF7DAFF204603B001
:109F200030BD00BF8FA80308A0F10400E4E700BF24
:109F30001FB50191D6F7CEF9BCEEC00A012410EE90
:109F4000103A8DF80E40ADF80C3003990198FFF7E8
:109F5000BFFF204604B010BD30B583B00446ADF855
:109F60000410D0E9000398479DF80530054623B159
:109F7000A3689DF8041020689847284603B030BDB8
:109F800037B500230D4610460DF103018DF803305F
:109F9000FAF77AFD044650B19DF803308DF804308D
:109FA00001238DF8053001992846FFF7D5FF20469B
:109FB00003B030BDA0F10400E2E700BF30B583B0CC
:109FC0000446ADF80410D0E9000398479DF8053029
:109FD000054623B1A3689DF80410206898472846D9
:109FE00003B030BD37B500230D4610460DF1030117
:109FF0008DF80330FAF748FD044650B19DF8033060
:10A000008DF8043001238DF8053001992846FFF7BB
:10A01000D5FF204603B030BDA0F10400E2E700BF49
:10A0200030B583B00446ADF80410D0E9000398477A
:10A030009DF80530054623B1A3689DF804102068FB
:10A040009847284603B030BD37B500230D4610466B
:10A050000DF103018DF80330FAF716FD044650B1F7
:10A060009DF803308DF8043001238DF805300199F7
:10A070002846FFF7D5FF204603B030BDA0F104000D
:10A08000E2E700BF30B583B00446ADF80410D0E974
:10A09000000398479DF80530054623B1A3689DF855
:10A0A000041020689847284603B030BD37B5002318
:10A0B0000D4610460DF103018DF80330FAF7E4FC6C
:10A0C000044650B19DF803308DF8043001238DF81B
:10A0D000053001992846FFF7D5FF204603B030BD73
:10A0E000A0F10400E2E700BF30B583B0044601915F
:10A0F000D0E9000398479DF80630054623B1A368D0
:10A10000BDF8041020689847284603B030BD00BF52
:10A1100037B510460D4601AA0849D6F799FF012820
:10A1200001D0002007E08DF806000446019928467A
:10A13000FFF7DAFF204603B030BD00BF8FA8030849
:10A14000A0F10400E4E700BF1FB50191D6F7C2F803
:10A15000BCEEC00A012410EE103A8DF80E40ADF8A6
:10A160000C3003990198FFF7BFFF204604B010BDE3
:10A1700030B583B00446ADF80410D0E90003984729
:10A180009DF80530054623B1A3689DF804102068AA
:10A190009847284603B030BD37B500230D4610461A
:10A1A0000DF103018DF80330FAF76EFC044650B14F
:10A1B0009DF803308DF8043001238DF805300199A6
:10A1C0002846FFF7D5FF204603B030BDA0F10400BC
:10A1D000E2E700BF034607C94FF0010C83E8070020
:10A1E00083F80CC018467047034607C94FF0010CAE
:10A1F00083E8070083F80CC018467047034607C978
:10A200004FF0010C83E8070083F80CC01846704734
:10A21000034607C94FF0010C83E8070083F80CC020
:10A2200018467047034607C94FF0010C83E8070042
:10A2300083F80CC018467047034607C94FF0010C5D
:10A2400083E8070083F80CC018467047034607C927
:10A250004FF0010C83E8070083F80CC018467047E4
:10A26000034607C94FF0010C83E8070083F80CC0D0
:10A27000184670472DE9F04140F2133390B00D4677
:10A2800014460026984209F2A481DFE810F0140376
:10A290001B033E03480352036C038F0397039F0382
:10A2A000A703AF03B703BF03C703D903EB03F5034A
:10A2B000FE03070421042A0433043C0456045F040B
:10A2C000680471048B0494049D04C304DD04E60453
:10A2D000EF04F80412051A0522052A0532053A058D
:10A2E00042054A0553055C0565056E057705800541
:10A2F000890592059B05A405AD05B605BF05C905F1
:10A30000D305DD05E605F005FA0504060D061F0672
:10A310002806470661066A068E06A806CC06E606EB
:10A32000F80612072C07460760077A079407D90733
:10A33000F3070C0825083E08570871088B08A50884
:10A34000BF08D908F3080D092709410985099F09A4
:10A35000BA09D409EE09090A230A3D0A570A710A03
:10A360008B0AA50ABF0AD90A1F0B390B530B6D0BB9
:10A37000870BA10BBB0BD50BEF0B090C240C3E0C70
:10A38000580C730CB50CCF0CEA0C040D1E0D390DD6
:10A39000530D6D0D860D980DA10DC50DD80DF10D48
:10A3A0000B0E510E6B0E850E9F0EB90ED30EED0ED9
:10A3B000070F210F3B0F530F6B0F850F9F0FE30FFD
:10A3C000FD0F171031104B1065107F109910B3104E
:10A3D000CD10E71001111B11351173118D11A7114B
:10A3E000C111DB11F5110F12291243125D12771200
:10A3F0009112AB12C512071321133B1355136F13A0
:10A400008C13A813BC13D013DB13E613F1130E1433
:10A410002B144814541471147E14A914B614C314C4
:10A42000E114FF141D152A15461564158215A01593
:10A43000BE15DC15FA1518163716431660166C167D
:10A440007816841690169C16A816B416C016CD164B
:10A45000DA16E7160517231730173D174817531755
:10A4600070178D17AA17E9170618231840185C18DB
:10A4700079189618B318D018ED180A192719441925
:10A4800077199419B119CE19EB19081A251A421A1D
:10A490005F1A7C1A9A1AB91AD51A071B261B341B85
:10A4A000421B501B661B851BA41BC31BE21B011C0C
:10A4B000201C3F1C5E1C7A1CAB1CC81CE51C021D2A
:10A4C0001F1D3C1D591D761D931DB01DCD1DEA1D80
:10A4D000071E331E521E711E901EAE1ECB1ED51EB1
:10A4E000F41E0A1F291F481F561F751F941FC71FE0
:10A4F000E61F052024204320622081208E209C20FE
:10A50000B420D120EE20F72003210F211E213B2172
:10A510005721712185219921A421AF21BB21C62179
:10A52000D121DD21E821F42100220A221522212255
:10A530002D224A22562270228D22AA22EB220823A3
:10A54000232340235D237A239723B423D123EE23AF
:10A550000B242824452481249E24BB24D624F124C2
:10A56000FB24182521252A2533253C2545255F2553
:10A570007B25862592259D25A825C525E2252F2604
:10A580004C26692686269926B326CF26EB26082751
:10A590002427372751276D278927BD27D927F42757
:10A5A00011281A2823282C2835283E2858286128C5
:10A5B0006A2873288D2896289F28A828C228CB2887
:10A5C000D428DD28F7280029092912292C29352922
:10A5D0003E2963297D2986298F299829B229BB29FB
:10A5E000C429CD29E729F029F929022A1C2A252A7C
:10A5F0002E2A372A512A5A2A632A6C2A862A8F2A17
:10A60000982AA12ABB2AC42ACD2AD62A072B0D2B89
:10A61000262B382B412B672B7A2B932BAD2BC72B5B
:10A62000E12BFB2B152C2F2C492C632CA12CBB2CA4
:10A63000D52CED2C052D1F2D392D532D6D2D872D4E
:10A64000A12DBB2DD52DEF2D332E4D2E672E812E16
:10A650009B2EB52ECF2EE92E032F1D2F372F512FD6
:10A660006B2F852FC72FE12FFB2F15302F3049304F
:10A6700063307D309730B130CB30E53002311E3160
:10A6800032316F317A3185319031AD31CA31E731B4
:10A69000F33110321D322A32373244326232803284
:10A6A0009E32AB32C732FB321933373355337333F3
:10A6B0009133AF33BB33C733E433F033FC33083467
:10A6C000143420342C343834443451345E346B34F4
:10A6D000A934C734D434E134EC34F734143531358B
:10A6E0004E356B358835A535C235DE35FB35183628
:10A6F00051366E368B36A836C536E236FF361C37F5
:10A700003937563773379037AD37D937F63713386F
:10A71000313850386C388B38AA38B838C638D43805
:10A72000EA380939283947397B399A39B939D8395A
:10A73000F739133A2F3A4C3A693A863AA33AC03A73
:10A74000DD3A0D3B2A3B473B643B813B9E3BBB3B99
:10A75000DA3BF93B183C363C533C5D3C7C3CA93C25
:10A76000C83CE73CF53C143D333D523D713D903DC6
:10A77000AF3DCE3DED3D0C3E193E273E4B3E683E83
:10A78000853E8E3E9A3EA63EB53ED23EDE3EF83E29
:10A790000C3F203F2B3F363F423F4D3F583F643FE9
:10A7A0006F3F7B3F873F913F9C3FA83FB43FF13FC6
:10A7B000FD3F1740344051406E408B40A640C3409F
:10A7C000E040FD401A41374154419941B641D341DF
:10A7D000F0410D422A42474262427D428742A442F2
:10A7E000AD42B642BF42C842D142EB420743124398
:10A7F0004B43564361437E439B43B843D543F243A7
:10A800000F4422443C44584474449144AD44DB44D6
:10A81000F54411452D454A45664581459E45A64569
:10A82000AE45B645BE45C645DF45E745EF45F7456C
:10A8300010461846204628464146494675467D46FC
:10A8400096469E46A646AE46C746CF46D746DF4604
:10A85000F8460047084710472947314739474147DD
:10A860005A4762476A4772478B4793479B47A347BC
:10A87000BC47C447CC47E94702480A4812481A482F
:10A8800033483B4843484B4864486D4876488F48B6
:10A890009648A848C148CA48D148E048E548EB482E
:10A8A000F048F8481149184921493A49414948496D
:10A8B00075497D499D492146284610B0BDE8F041C3
:10A8C000EEF7B8BCD1E900320AB19A4204D913F8C4
:10A8D000016B2B60012700E00027C048F9F712FC4C
:10A8E00005461FB1BD483146F9F70EFCD4E90032E8
:10A8F0000AB19A4206D91D702368013323600120F2
:10A9000008F068BE002008F065BEB548B549C06BC8
:10A910002346012210B0BDE8F041FAF781BCB048EF
:10A92000B049006C2346012210B0BDE8F041FAF7AF
:10A9300077BCAD4B08930CAEAC4B099308A9AC4B5C
:10A940000A933046FFF746FC00238DF81C30DDE902
:10A950000601CDE902548DE8030096E80F00FAF7EE
:10A96000D3FC08F037BE9E4B65689B6CD3E900C6EC
:10A97000002327680DB1AF4215D2C3F12000A3F127
:10A9800020012CFA03F206FA00F0024326FA01F144
:10A990000A433A70226808330132402B2260E8D122
:10A9A000012008F017BE002008F014BE8C4B214691
:10A9B00093F84C00FBF7E2F808F00CBE884B2146F8
:10A9C00093F84D00FBF7DAF808F004BE844B2146FB
:10A9D00093F84E00FBF7D2F808F0FCBD804B2146FF
:10A9E00093F84F00FBF7CAF808F0F4BD7C4B214602
:10A9F00093F85000FBF7C2F808F0ECBD784B214605
:10AA000093F85100FBF7BAF808F0E4BD744B214607
:10AA100093F85200FBF7B2F808F0DCBD704B596DAB
:10AA2000D4E900320AB1934207D20A781A70236837
:10AA300001332360012008F0CDBD002008F0CABD1D
:10AA4000674B996DD4E900320AB1934207D20A7874
:10AA50001A70236801332360012008F0BBBD002079
:10AA600008F0B8BD5E485F49C06D2346012210B0B2
:10AA7000BDE8F041FAF7D4BB5E4B6268D3F8D80268
:10AA80002146FFF71FF808F0A5BD5A4B6268D3F8BE
:10AA9000DC022146FFF716F808F09CBD564B0893E0
:10AAA0000CAE564B099308A9554B0A933046FFF755
:10AAB0009BFB0023CDE901548DF81930BDF8183007
:10AAC000ADF8003096E80F00FAF774FB08F082BD8D
:10AAD000484B6268D3F8E4022146FEF7F3FF08F022
:10AAE00079BD444B6268D3F8E8022146FEF7EAFFDD
:10AAF00008F070BD3F4B6268D3F8EC022146FEF7C8
:10AB0000E1FF08F067BD3F4B08930CAE3E4B099345
:10AB100008A93E4B0A933046FFF770FB00238DF8DF
:10AB20001C30DDE90601CDE902548DE8030096E80A
:10AB30000F00FAF7A5FB08F04DBD2E4B6268D3F865
:10AB4000F4022146FEF7BEFF08F044BD294B6268BF
:10AB5000D3F8F8022146FEF7B5FF08F03BBD254BC0
:10AB60006268D3F8FC022146FEF7ACFF08F032BD64
:10AB7000274B08930CAE244B099308A9234B0A9347
:10AB80003046FFF73BFB00238DF81C30DDE9060162
:10AB9000CDE902548DE8030096E80F00FAF770FB48
:10ABA00008F018BD134B6268D3F804032146FEF782
:10ABB00089FF08F00FBD0F4B6268D3F808032146E8
:10ABC000FEF780FF08F006BD0A4B6268D3F80C035D
:10ABD0002146FEF777FF08F0FDBC00BFF8A3002078
:10ABE000C0A300200D41020804A400201541020862
:10ABF0001D410208C0E30020A0E600203941020800
:10AC00003D410208B0E600204141020845410208EA
:10AC1000C0E60020BA4B08930CAEBA4B099308A9C2
:10AC2000B94B0A933046FFF7E9FA00238DF81C3040
:10AC3000DDE90601CDE902548DE8030096E80F0036
:10AC4000FAF71EFB08F0C6BCB04B6268D3F81403D9
:10AC50002146FEF737FF08F0BDBCAC4B6268D3F865
:10AC600018032146FEF72EFF08F0B4BCA74B62681C
:10AC7000D3F81C032146FEF725FF08F0ABBCA44B1C
:10AC800008930CAE9F4B099308A99F4B0A9330463B
:10AC9000FFF7B4FA00238DF81C30DDE90601CDE999
:10ACA00002548DE8030096E80F00FAF7E9FA08F07D
:10ACB00091BC984B6268586E2146FEF703FF08F07E
:10ACC00089BC944B6268986E2146FEF7FBFE08F043
:10ACD00081BC904B6268D86E2146FEF7F3FE08F007
:10ACE00079BC8C4B6268186F2146FEF7EBFE08F0CA
:10ACF00071BC884B6268586F2146FEF7E3FE08F08E
:10AD000069BC844B6268D86F2146FEF7DBFE08F011
:10AD100061BC804B6268986F2146FEF7D3FE08F055
:10AD200059BC7C4B6268D3F880002146FEF7CAFE0E
:10AD300008F050BC774B6268D3F884002146FEF7D8
:10AD4000C1FE08F047BC734B6268D3F88800214607
:10AD5000FEF7B8FE08F03EBC6E4B6268D3F88C007C
:10AD60002146FEF7AFFE08F035BC6A4B6268D3F8A7
:10AD700090002146FEF7A6FE08F02CBC654B6268E9
:10AD8000D3F894002146FEF79DFE08F023BC614BEA
:10AD90006268D3F898002146FEF794FE08F01ABCCA
:10ADA0005C4B6268D3F89C002146FEF771FE08F008
:10ADB00011BC584B6268D3F8A0002146FEF768FE2C
:10ADC00008F008BC534B6268D3F8A4002146FEF794
:10ADD0005FFE08F0FFBB4F4B6268D3F8A800214626
:10ADE000FEF756FE08F0F6BB4A4B6268D3F8AC009B
:10ADF0002146FEF74DFE08F0EDBB464B6268D3F8E6
:10AE0000B0002146FEF744FE08F0E4BB414B626807
:10AE1000D3F8B43021461868FEF754FE08F0DABBC8
:10AE20003C4B6268D3F8B43021465868FEF74AFEBE
:10AE300008F0D0BB374B6268D3F8B430214698682D
:10AE4000FEF740FE08F0C6BB324BD3F8B8302146BF
:10AE50001878FAF793FE08F0BDBB2E4B6268D3F862
:10AE6000B83021465868FEF72DFE08F0B3BB294BD9
:10AE70006268D3F8B83021469868FEF723FE08F0E0
:10AE8000A9BB244B6268D3F8B8302146D868FEF7D6
:10AE900019FE08F09FBB1D4B6268D3F8C80221461B
:10AEA000FEF710FE08F096BBD4E900320AB19342D7
:10AEB00009D2164A92F8CC221A7023680133236013
:10AEC000012008F087BB002008F084BB114B6268AA
:10AED000D3F8C8002146FEF7F5FD08F07BBB0D4A0C
:10AEE000D2F8C030B3F5805F36BF02EB83030A4B64
:10AEF000D3F8D830C2F8C430012008F06BBB00BFD3
:10AF0000D0E600204141020845410208C0E300208C
:10AF1000E0E60020C0A300200000C07FB34B0893F0
:10AF20000CAEB34B099308A9B24B0A933046FFF716
:10AF300065F900238DF81C30DDE90601CDE90254E6
:10AF40008DE8030096E80F00FAF79AF908F042BB83
:10AF5000A949AA482346012210B0BDE8F041FAF7FA
:10AF60005FB9D1E900320AB1934204D213F8018BE0
:10AF70002B60012601E0B0460026A148F9F7E6F86B
:10AF800005461EB19E484146F9F7E2F8D4E9003281
:10AF90000AB1934206D21D70236801332360012059
:10AFA00008F018BB002008F015BB964B08930CAEB8
:10AFB000954B099308A9954B0A933046FFF71EF964
:10AFC00000238DF81C30DDE90601CDE902548DE83F
:10AFD000030096E80F00FAF753F908F0FBBAD1E93D
:10AFE00000320AB1934204D213F8017B2B60012690
:10AFF00001E0374600268648F9F7ACF805461EB151
:10B0000083483946F9F7A8F8D4E900320AB19342E7
:10B0100006D21D70236801332360012008F0DABADC
:10B02000002008F0D7BA7B4B08930CAE704B099305
:10B0300008A9704B0A933046FFF7E0F800238DF81B
:10B040001C30DDE90601CDE902548DE8030096E8E5
:10B050000F00FAF715F908F0BDBAD4E900320AB1C9
:10B06000934209D26C4A92F824231A702368013360
:10B070002360012008F0AEBA002008F0ABBA674B9D
:10B0800008930CAE664B099308A9664B0A933046A9
:10B09000FFF7AAF80023CDE901548DF81930BDF867
:10B0A0001830ADF8003096E80F00FAF783F808F092
:10B0B00091BA5D4B08930CAE594B099308A9594BB3
:10B0C0000A933046FFF790F80023CDE901548DF83C
:10B0D0001930BDF81830ADF8003096E80F00FAF7D7
:10B0E00069F808F077BA514B08930CAE4C4B0993B2
:10B0F00008A94C4B0A933046FFF776F80023CDE9B8
:10B1000001548DF81930BDF81830ADF8003096E8CC
:10B110000F00FAF74FF808F05DBA454B08930CAEF4
:10B12000334B099308A9334B0A933046FFF766F86F
:10B1300000238DF81C30DDE90601CDE902548DE8CD
:10B14000030096E80F00FAF79BF808F043BA394B72
:10B1500008930CAE264B099308A9264B0A93304658
:10B16000FFF74CF800238DF81C30DDE90601CDE92E
:10B1700002548DE8030096E80F00FAF781F808F012
:10B1800029BA2D4B08930CAE194B099308A9194BFA
:10B190000A933046FFF732F800238DF81C30DDE9C2
:10B1A0000601CDE902548DE8030096E80F00FAF796
:10B1B00067F808F00FBA214B08930CAE184B0993AF
:10B1C00008A9184B0A933046FFF70EF80023CDE983
:10B1D00001548DF81930BDF81830ADF8003096E8FC
:10B1E0000F00F9F7E7FF08F0F5B900BF80A40020D1
:10B1F00041410208454102080D41020884A4002093
:10B20000A4E40020A8E40020854F0208E14F0208D2
:10B21000ACE4002090E60020C0E3002049E50020D7
:10B22000394102083D4102084AE500204BE5002073
:10B230004CE5002050E5002054E5002058E50020B2
:10B24000C04B08930CAEC04B099308A9BF4B0A939F
:10B250003046FEF7C9FF0023CDE901548DF81930BF
:10B26000BDF81830ADF8003096E80F00F9F7A2FFEE
:10B2700008F0B0B9B64B0C93B64B0D93B64B0E938A
:10B2800001238DF83C300023CDE901148DF82130E5
:10B29000BDF82030ADF8003010AB13E90F00FAF71D
:10B2A000C3FA08F097B9AD4B0C93AA4B0D93AA4B78
:10B2B0000E9301238DF83C300023CDE901148DF865
:10B2C0002130BDF82030ADF8003010AB13E90F008D
:10B2D000FAF7AAFA08F07EB9A14B0C939D4B0D9397
:10B2E0009D4B0E9301238DF83C300023CDE90114D2
:10B2F0008DF82130BDF82030ADF8003010AB13E9E7
:10B300000F00FAF791FA08F065B9964B0C93914B40
:10B310000D93914B0E9301238DF83C300023CDE922
:10B3200001148DF82130BDF82030ADF8003010AB9D
:10B3300013E90F00FAF778FA08F04CB98A4B089332
:10B340000CAE8A4B099308A9894B0A933046FEF745
:10B3500041FF00238DF81C30DDE90601CDE90254E0
:10B360008DE8030096E80F00F9F7CEFF08F032B938
:10B37000804B08930CAE7D4B099308A97C4B0A9334
:10B380003046FEF727FF00238DF81C30DDE906016B
:10B39000CDE902548DE8030096E80F00F9F7B4FFF9
:10B3A00008F018B9744B08930CAE674B099308A9C1
:10B3B000664B0A933046FEF717FF0023CDE9015490
:10B3C0008DF81930BDF81830ADF8003096E80F0050
:10B3D000F9F7F0FE08F0FEB8684B08930CAE634B2B
:10B3E000099308A9624B0A933046FEF7F3FE002347
:10B3F0008DF81C30DDE90601CDE902548DE803002B
:10B4000096E80F00F9F780FF08F0E4B85C4B08936A
:10B410000CAE564B099308A9554B0A933046FEF7DC
:10B42000D9FE00238DF81C30DDE90601CDE9025478
:10B430008DE8030096E80F00F9F766FF08F0CAB838
:10B44000504B08930CAE404B099308A93F4B0A930D
:10B450003046FEF7C9FE0023CDE901548DF81930BE
:10B46000BDF81830ADF8003096E80F00F9F7A2FEED
:10B4700008F0B0B8444B08930CAE3C4B099308A9B4
:10B480003B4B0A933046FEF7A5FE00238DF81C3097
:10B49000DDE90601CDE902548DE8030096E80F00CE
:10B4A000F9F732FF08F096B8384B08930CAE2F4BE3
:10B4B000099308A92E4B0A933046FEF78BFE002312
:10B4C0008DF81C30DDE90601CDE902548DE803005A
:10B4D00096E80F00F9F718FF08F07CB82C4B08939A
:10B4E0000CAE224B099308A9214B0A933046FEF774
:10B4F00071FE00238DF81C30DDE90601CDE9025410
:10B500008DE8030096E80F00F9F7FEFE08F062B838
:10B51000204B08930CAE154B099308A9144B0A93C2
:10B520003046FEF757FE00238DF81C30DDE906019A
:10B53000CDE902548DE8030096E80F00F9F7E4FE28
:10B5400008F048B859E50020394102083D41020899
:10B550005DE500205D410208614102085AE50020D6
:10B560005BE500205CE5002060E500201541020855
:10B570001D41020864E5002068E500206CE500201C
:10B5800070E5002074E5002078E500207CE50020CF
:10B5900080E5002084E50020B64B08930CAEB64B46
:10B5A000099308A9B54B0A933046FEF727FE0023FE
:10B5B0008DF81C30DDE90601CDE902548DE8030069
:10B5C00096E80F00F9F75CFE08F004B8AC4B08935E
:10B5D0000CAEAC4B099308A9AB4B0A933046FEF76F
:10B5E00017FE00238DF81C30DDE90601CDE9025479
:10B5F0000090ADF8041096E80F00F9F7F3FF07F09C
:10B60000E9BFA24B08930CAEA14B099308A9A14B2B
:10B610000A933046FEF7DEFD00238DF81C30DDE98D
:10B620000601CDE902548DE8030096E80F00F9F712
:10B630006BFE07F0CFBF984B08930CAE944B099369
:10B6400008A9944B0A933046FEF7C4FD00238DF8F9
:10B650001C30DDE90601CDE902548DE8030096E8CF
:10B660000F00F9F751FE07F0B5BF8C4B08930CAEF5
:10B67000844B099308A9844B0A933046FEF7C8FD12
:10B6800000238DF81C30DDE90601CDE9025400905D
:10B69000ADF8041096E80F00F9F7A4FF07F09ABF81
:10B6A0007F4B08930CAE7A4B099308A9794B0A9308
:10B6B0003046FEF78FFD00238DF81C30DDE90601D2
:10B6C000CDE902548DE8030096E80F00F9F71CFE5F
:10B6D00007F080BF734B08930CAE6D4B099308A91C
:10B6E0006C4B0A933046FEF775FD00238DF81C3035
:10B6F000DDE90601CDE902548DE8030096E80F006C
:10B70000F9F702FE07F066BF674B08930CAE674B74
:10B71000099308A9664B0A933046FEF783FD002380
:10B72000CDE901548DF81930BDF81830ADF800306E
:10B7300096E80F00FAF714F907F04CBF5D4B089339
:10B740000CAE5A4B099308A9594B0A933046FEF7A1
:10B7500069FD0023CDE901548DF81930BDF818308A
:10B76000ADF8003096E80F00FAF7FAF807F032BFAC
:10B77000514B08930CAE4D4B099308A94C4B0A93BF
:10B780003046FEF74FFD0023CDE901548DF8193006
:10B79000BDF81830ADF8003096E80F00FAF7E0F881
:10B7A00007F018BF454B08930CAE404B099308A90E
:10B7B0003F4B0A933046FEF735FD0023CDE9015497
:10B7C0008DF81930BDF81830ADF8003096E80F004C
:10B7D000FAF7C6F807F0FEBE394B08930CAE334BB0
:10B7E000099308A9324B0A933046FEF71BFD00234C
:10B7F000CDE901548DF81930BDF81830ADF800309E
:10B8000096E80F00FAF7ACF807F0E4BE2D4B08936A
:10B810000CAE264B099308A9254B0A933046FEF738
:10B8200001FD0023CDE901548DF81930BDF8183021
:10B83000ADF8003096E80F00FAF792F807F0CABEAC
:10B84000214B08930CAE194B099308A9184B0A9386
:10B850003046FEF7E7FC0023CDE901548DF819309E
:10B86000BDF81830ADF8003096E80F00FAF778F818
:10B8700007F0B0BE88E500204141020845410208BA
:10B88000E0E50020654102087D410208E4E5002072
:10B89000154102081D410208E8E50020ECE5002002
:10B8A000F0E50020F4E5002039E500208941020898
:10B8B0008D4102083AE500203BE500203CE50020F0
:10B8C0003DE500203EE500203FE50020B64B089313
:10B8D0000CAEB64B099308A9B54B0A933046FEF758
:10B8E000A1FC0023CDE901548DF81930BDF81830C2
:10B8F000ADF8003096E80F00FAF732F807F06ABEAC
:10B90000AC4B08930CAEA94B099308A9A84B0A931A
:10B910003046FEF787FC0023CDE901548DF819303D
:10B92000BDF81830ADF8003096E80F00FAF718F8B7
:10B9300007F050BEA04B08930CAE9C4B099308A98E
:10B940009B4B0A933046FEF76DFC0023CDE9015472
:10B950008DF81930BDF81830ADF8003096E80F00BA
:10B96000F9F7FEFF07F036BE944B08930CAE8F4BF1
:10B97000099308A98E4B0A933046FEF753FC002327
:10B98000CDE901548DF81930BDF81830ADF800300C
:10B9900096E80F00F9F7E4FF07F01CBE884B089308
:10B9A0000CAE824B099308A9814B0A933046FEF7EF
:10B9B00039FC0023CDE901548DF81930BDF8183059
:10B9C000ADF8003096E80F00F9F7CAFF07F002BEA5
:10B9D0007C4B08930CAE754B099308A9744B0A93E2
:10B9E0003046FEF71FFC0023CDE901548DF81930D5
:10B9F000BDF81830ADF8003096E80F00F9F7B0FF49
:10BA000007F0E8BD704B08930CAE684B099308A98A
:10BA1000674B0A933046FEF705FC0023CDE901543D
:10BA20008DF81930BDF81830ADF8003096E80F00E9
:10BA3000F9F796FF07F0CEBD644B08930CAE5B4B55
:10BA4000099308A95A4B0A933046FEF7EBFB0023F3
:10BA5000CDE901548DF81930BDF81830ADF800303B
:10BA600096E80F00F9F77CFF07F0B4BD584B089338
:10BA70000CAE4E4B099308A94D4B0A933046FEF786
:10BA8000D1FB0023CDE901548DF81930BDF81830F1
:10BA9000ADF8003096E80F00F9F762FF07F09ABDA5
:10BAA0004C4B08930CAE4C4B099308A94B4B0A9393
:10BAB0003046FEF7ADFB00238DF81C30DDE90601B2
:10BAC000CDE902540090ADF8041096E80F00F9F7A4
:10BAD00089FD07F07FBD424B08930CAE414B0993A3
:10BAE00008A9414B0A933046FEF774FB00238DF8FA
:10BAF0001C30DDE90601CDE902548DE8030096E82B
:10BB00000F00F9F701FC07F065BD384B08930CAE48
:10BB1000344B099308A9344B0A933046FEF75AFB7D
:10BB200000238DF81C30DDE90601CDE902548DE8D3
:10BB3000030096E80F00F9F7E7FB07F04BBD2C4B2D
:10BB400008930CAE244B099308A9244B0A93304662
:10BB5000FEF75EFB00238DF81C30DDE90601CDE920
:10BB600002540090ADF8041096E80F00F9F73AFD82
:10BB700007F030BD1F4B08930CAE1A4B099308A970
:10BB8000194B0A933046FEF725FB00238DF81C3035
:10BB9000DDE90601CDE902548DE8030096E80F00C7
:10BBA000F9F7B2FB07F016BD40E500208941020815
:10BBB0008D41020841E5002042E5002043E50020D8
:10BBC00044E5002045E5002046E5002047E500204B
:10BBD00048E500208CE50020654102087D4102080F
:10BBE00090E50020154102081D41020894E500205F
:10BBF00098E500209CE50020B74B08930CAEB74BAE
:10BC0000099308A9B64B0A933046FEF7E3FA0023DE
:10BC10008DF81C30DDE90601CDE902548DE8030002
:10BC200096E80F00F9F770FB07F0D4BCAD4B089312
:10BC30000CAEAD4B099308A9AC4B0A933046FEF706
:10BC4000E7FA00238DF81C30DDE90601CDE9025446
:10BC50000090ADF8041096E80F00F9F7C3FC07F068
:10BC6000B9BCA34B08930CAE9C4B099308A99C4B01
:10BC70000A933046FEF7AEFA00238DF81C30DDE95A
:10BC80000601CDE902548DE8030096E80F00F9F7AC
:10BC90003BFB07F09FBC974B08930CAE8F4B09936F
:10BCA00008A98F4B0A933046FEF794FA00238DF8CB
:10BCB0001C30DDE90601CDE902548DE8030096E869
:10BCC0000F00F9F721FB07F085BC8B4B08930CAEF6
:10BCD000854B099308A9854B0A933046FEF798FADD
:10BCE00000238DF81C30DDE90601CDE902540090F7
:10BCF000ADF8041096E80F00F9F774FC07F06ABC81
:10BD00007E4B08930CAE754B099308A9744B0A93AC
:10BD10003046FEF75FFA00238DF81C30DDE906019E
:10BD2000CDE902548DE8030096E80F00F9F7ECFA2C
:10BD300007F050BC724B08930CAE684B099308A9EE
:10BD4000674B0A933046FEF745FA00238DF81C3006
:10BD5000DDE90601CDE902548DE8030096E80F0005
:10BD6000F9F7D2FA07F036BC664B0C93664B0D938D
:10BD7000664B0E9301238DF83C3000238DF8243060
:10BD8000CDE90214DDE908018DE8030010AB13E9E9
:10BD90000F00F9F7CBF907F01DBCD4E900320AB166
:10BDA000934209D25A4A92F84C221A7023680133FE
:10BDB0002360012007F00EBC002007F00BBC544BA1
:10BDC0006268D3F858022146FDF77CFE07F002BCFA
:10BDD0004F4B6568D3E994C6002327680DB1AF4285
:10BDE00017D2C3F12000B3F120012CFA03F206FAB6
:10BDF00000F042EA00025CBF46FA01F10A433A70E1
:10BE0000226808330132402B2260E6D1012007F07E
:10BE1000E1BB002007F0DEBB3D4BD3F87812D4E93C
:10BE200000320AB1934207D20A781A7023680133AC
:10BE30002360012007F0CEBB002007F0CBBB354BC1
:10BE40000C93354B0D93354B0E9301238DF83C30FD
:10BE50000023CDE901148DF82130BDF82030ADF874
:10BE6000003010AB13E90F00F9F7AEFD07F0B2BBDD
:10BE70002B4B08930CAE2B4B099308A92A4B0A9322
:10BE80003046FEF7B1F90023CDE901548DF81930A1
:10BE9000BDF81830ADF8003096E80F00F9F78AF9D0
:10BEA00007F098BB214B08930CAE1E4B099308A9D1
:10BEB0001D4B0A933046FEF797F90023CDE9015454
:10BEC0008DF81930BDF81830ADF8003096E80F0045
:10BED000F9F770F907F07EBBA0E5002015410208D4
:10BEE0001D410208A4E50020654102087D410208C9
:10BEF000A8E50020ACE50020B0E50020B4E5002076
:10BF0000B8E500204812002091410208954102083E
:10BF1000001000206C120020A5410208A94102086F
:10BF20007C120020394102083D4102081010002017
:10BF3000B34B08930CAEB34B099308A9B24B0A93C9
:10BF40003046FEF751F90023CDE901548DF8193040
:10BF5000BDF81830ADF8003096E80F00F9F72AF96F
:10BF600007F038BBA94B08930CAEA64B099308A960
:10BF7000A54B0A933046FEF737F90023CDE901546B
:10BF80008DF81930BDF81830ADF8003096E80F0084
:10BF9000F9F710F907F01EBB9D4B08930CAE994BB7
:10BFA000099308A9984B0A933046FEF71DF9002320
:10BFB000CDE901548DF81930BDF81830ADF80030D6
:10BFC00096E80F00F9F7F6F807F004BB914B0893D9
:10BFD0000CAE8C4B099308A98B4B0A933046FEF7A5
:10BFE00003F90023CDE901548DF81930BDF818305C
:10BFF000ADF8003096E80F00F9F7DCF807F0EABA80
:10C00000854B08930CAE7F4B099308A97E4B0A938E
:10C010003046FEF7E9F80023CDE901548DF81930D8
:10C02000BDF81830ADF8003096E80F00F9F7C2F807
:10C0300007F0D0BA794B08930CAE724B099308A95C
:10C04000714B0A933046FEF7CFF80023CDE9015437
:10C050008DF81930BDF81830ADF8003096E80F00B3
:10C06000F9F7A8F807F0B6BA6D4B08930CAE654B1C
:10C07000099308A9644B0A933046FEF7B5F80023EC
:10C08000CDE901548DF81930BDF81830ADF8003005
:10C0900096E80F00F9F78EF807F09CBA614B089309
:10C0A0000CAE614B099308A9604B0A933046FEF72A
:10C0B00091F800238DF81C30DDE90601CDE902542A
:10C0C0008DE8030096E80F00F9F71EF907F082BA31
:10C0D000574B08930CAE4B4B099308A94A4B0A9354
:10C0E0003046FEF781F80023CDE901548DF8193070
:10C0F000BDF81830ADF8003096E80F00F9F75AF89F
:10C1000007F068BA4B4B08930CAE4B4B099308A948
:10C110004A4B0A933046FEF78FF80023CDE90154CD
:10C120008DF81A30069B009396E80F00F9F76AF92C
:10C1300007F050BA3F4B08930CAE414B099308A946
:10C14000404B0A933046FEF777F80023CDE90154BF
:10C150008DF81A30069B009396E80F00F9F752F914
:10C1600007F038BA384B08930CAE2F4B099308A947
:10C170002E4B0A933046FEF72DF800238DF81C3025
:10C18000DDE90601CDE902548DE8030096E80F00D1
:10C19000F9F7BAF807F01EBA2C4B08930CAE224BF5
:10C1A000099308A9214B0A933046FEF713F80023A0
:10C1B0008DF81C30DDE90601CDE902548DE803005D
:10C1C00096E80F00F9F7A0F807F004BA204B08939F
:10C1D0000CAE154B099308A9144B0A933046FDF792
:10C1E000F9FF00238DF81C30DDE90601CDE902548A
:10C1F0008DE8030096E80F00F9F786F807F0EAB932
:10C2000011100020394102083D410208121000209F
:10C21000131000201410002015100020161000200C
:10C220001710002018100020154102081D410208B7
:10C230001C100020101000207D4F0208754F0208CE
:10C24000654F02085D4F02082410002028100020CE
:10C250002C100020B54B08930CAEB54B099308A9E0
:10C26000B44B0A933046FDF7B5FF00238DF81C3020
:10C27000DDE90601CDE902548DE8030096E80F00E0
:10C28000F9F742F807F0A6B9AB4B08930CAEA84BF0
:10C29000099308A9A74B0A933046FDF79BFF00239B
:10C2A0008DF81C30DDE90601CDE902548DE803006C
:10C2B00096E80F00F9F728F807F08CB99F4B089320
:10C2C0000CAE9B4B099308A99A4B0A933046FDF795
:10C2D00081FF00238DF81C30DDE90601CDE9025411
:10C2E0008DE8030096E80F00F9F70EF807F072B931
:10C2F000934B08930CAE8E4B099308A98D4B0A9370
:10C300003046FDF767FF00238DF81C30DDE906019C
:10C31000CDE902548DE8030096E80F00F8F7F4FF2A
:10C3200007F058B9874B08930CAE814B099308A9C5
:10C33000804B0A933046FDF74DFF00238DF81C30EB
:10C34000DDE90601CDE902548DE8030096E80F000F
:10C35000F8F7DAFF07F03EB97B4B08930CAE744B4D
:10C36000099308A9734B0A933046FDF733FF002366
:10C370008DF81C30DDE90601CDE902548DE803009B
:10C3800096E80F00F8F7C0FF07F024B96F4B089349
:10C390000CAE674B099308A9664B0A933046FDF72C
:10C3A00019FF00238DF81C30DDE90601CDE90254A8
:10C3B0008DE8030096E80F00F8F7A6FF07F00AB92A
:10C3C000634B08930CAE5A4B099308A9594B0A9337
:10C3D0003046FDF7FFFE00238DF81C30DDE9060135
:10C3E000CDE902548DE8030096E80F00F8F78CFFC2
:10C3F00007F0F0B8574B08930CAE574B099308A9B8
:10C40000564B0A933046FDF7EFFE0023CDE9015469
:10C410008DF81930BDF81830ADF8003096E80F00EF
:10C42000F8F7C8FE07F0D6B84D4B08930CAE4A4B50
:10C43000099308A9494B0A933046FDF7D5FE00231E
:10C44000CDE901548DF81930BDF81830ADF8003041
:10C4500096E80F00F8F7AEFE07F0BCB8414B089322
:10C460000CAE3D4B099308A93C4B0A933046FDF7AF
:10C47000BBFE0023CDE901548DF81930BDF818300A
:10C48000ADF8003096E80F00F8F794FE07F0A2B878
:10C49000354B08930CAE264B099308A9254B0A93FC
:10C4A0003046FDF797FE00238DF81C30DDE90601CC
:10C4B000CDE902548DE8030096E80F00F8F724FF59
:10C4C00007F088B8294B08930CAE194B099308A9BB
:10C4D000184B0A933046FDF77DFE00238DF81C3083
:10C4E000DDE90601CDE902548DE8030096E80F006E
:10C4F000F8F70AFF07F06EB81D4B08930CAE0C4B13
:10C50000099308A90B4B0A933046FDF763FE0023FD
:10C510008DF81C30DDE90601CDE902548DE80300F9
:10C5200096E80F00F8F7F0FE07F054B8301000203E
:10C53000154102081D41020834100020401000205F
:10C5400044100020481000204C1000205010002003
:10C550005410002058100020394102083D410208C3
:10C56000591000205A1000205C100020601000209C
:10C5700064100020B54B08930CAEB54B099308A985
:10C58000B44B0A933046FDF725FE00238DF81C308E
:10C59000DDE90601CDE902548DE8030096E80F00BD
:10C5A000F8F7B2FE07F016B8AB4B08930CAEA84BE9
:10C5B000099308A9A74B0A933046FDF70BFE002309
:10C5C0008DF81C30DDE90601CDE902548DE8030049
:10C5D00096E80F00F8F798FE06F0FCBF9F4B089313
:10C5E0000CAE9B4B099308A99A4B0A933046FDF772
:10C5F000F1FD00238DF81C30DDE90601CDE9025480
:10C600008DE8030096E80F00F8F77EFE06F0E2BF23
:10C61000934B08930CAE934B099308A9924B0A9342
:10C620003046FDF7E1FD0023CDE901548DF81930C6
:10C63000BDF81830ADF8003096E80F00F8F7BAFDF5
:10C6400006F0C8BF894B08930CAE864B099308A926
:10C65000854B0A933046FDF7C7FD0023CDE9015411
:10C660008DF81930BDF81830ADF8003096E80F009D
:10C67000F8F7A0FD06F0AEBF7D4B08930CAE794BEA
:10C68000099308A9784B0A933046FDF7ADFD0023C6
:10C69000CDE901548DF81930BDF81830ADF80030EF
:10C6A00096E80F00F8F786FD06F094BF714B0893EB
:10C6B0000CAE714B099308A9704B0A933046FDF7F5
:10C6C0009DFD00238DF81C30DDE90601CDE9025403
:10C6D0008DE8030096E80F00F8F7D2FD06F07ABF68
:10C6E000674B08930CAE5F4B099308A95E4B0A9306
:10C6F0003046FDF779FD0023CDE901548DF819305E
:10C70000BDF81830ADF8003096E80F00F8F752FD8C
:10C7100006F060BF5B4B08930CAE574B099308A91A
:10C72000564B0A933046FDF769FD00238DF81C3007
:10C73000DDE90601CDE902548DE8030096E80F001B
:10C74000F8F79EFD06F046BF4F4B08930CAE4A4BE0
:10C75000099308A9494B0A933046FDF74FFD002382
:10C760008DF81C30DDE90601CDE902548DE80300A7
:10C7700096E80F00F8F784FD06F02CBF434B0893B2
:10C780000CAE3D4B099308A93C4B0A933046FDF78C
:10C7900035FD00238DF81C30DDE90601CDE902549A
:10C7A0008DE8030096E80F00F8F76AFD06F012BF67
:10C7B000374B08930CAE304B099308A92F4B0A93C3
:10C7C0003046FDF71BFD00238DF81C30DDE9060126
:10C7D000CDE902548DE8030096E80F00F8F750FD0C
:10C7E00006F0F8BE2B4B08930CAE234B099308A917
:10C7F000224B0A933046FDF701FD00238DF81C30D3
:10C80000DDE90601CDE902548DE8030096E80F004A
:10C81000F8F736FD06F0DEBE1F4B08930CAE164B44
:10C82000099308A9154B0A933046FDF7E7FC00234E
:10C830008DF81C30DDE90601CDE902548DE80300D6
:10C8400096E80F00F8F71CFD06F0C4BE6810002043
:10C85000154102081D4102086C10002070100020D4
:10C8600074100020394102083D4102087510002073
:10C87000761000207810002041410208454102084E
:10C880007C100020801000208410002088100020E0
:10C890008C1000209010002094100020C14B0893B1
:10C8A0000CAEC14B099308A9C04B0A933046FDF763
:10C8B000A5FC00238DF81C30DDE90601CDE902540A
:10C8C0008DE8030096E80F00F8F7DAFC06F082BE68
:10C8D000B74B08930CAEB44B099308A9B34B0A931A
:10C8E0003046FDF78BFC00238DF81C30DDE9060196
:10C8F000CDE902548DE8030096E80F00F8F7C0FC7C
:10C9000006F068BEAB4B08930CAEA74B099308A981
:10C91000A64B0A933046FDF771FC00238DF81C30BE
:10C92000DDE90601CDE902548DE8030096E80F0029
:10C93000F8F7A6FC06F04EBE9F4B08930CAE9A4B40
:10C94000099308A9994B0A933046FDF757FC002339
:10C950008DF81C30DDE90601CDE902548DE80300B5
:10C9600096E80F00F8F78CFC06F034BE934BD3F832
:10C970005831983308930CAE914B099308A9914B09
:10C980000A933046FDF726FC00238DF81C30DDE9C4
:10C990000601CDE902548DE8030096E80F00F8F790
:10C9A000B3FC06F017BE854BD3F8583190330C9387
:10C9B000854B0D93854B0E93CDE9041401238DF81F
:10C9C0003C3000238DF8283008AB0FCB8DE80F00EA
:10C9D00010AB13E90F00F8F705FB06F0FBBD774B32
:10C9E000D3F85811D4E900320AB1934208D291F831
:10C9F0009C201A70236801332360012006F0EABDF1
:10CA0000002006F0E7BD6D4BD3F85811D4E9003291
:10CA10000AB1934208D291F89E201A70236801331C
:10CA20002360012006F0D6BD002006F0D3BD634888
:10CA30006749D0F858012346012210B0BDE8F04103
:10CA4000F8F7EEBB5D486349D0F858012346012250
:10CA500010B0BDE8F041F8F7E3BB58485E49D0F8A4
:10CA600058012346012210B0BDE8F041F8F7D8BBC9
:10CA7000524BD3F85831B03308930CAE504B099356
:10CA800008A9504B0A933046FDF7A4FB00238DF80C
:10CA90001C30DDE90601CDE902548DE8030096E87B
:10CAA0000F00F8F731FC06F095BD444BD3F8583130
:10CAB000B43308930CAE424B099308A9414B0A9337
:10CAC0003046FDF787FB00238DF81C30DDE90601B9
:10CAD000CDE902548DE8030096E80F00F8F714FC46
:10CAE00006F078BD354BD3F85831B83308930CAE07
:10CAF000334B099308A9334B0A933046FDF76AFB81
:10CB000000238DF81C30DDE90601CDE902548DE8E3
:10CB1000030096E80F00F8F7F7FB06F05BBD274B24
:10CB20002E49D3F8580101222346C03010B0BDE889
:10CB3000F041F8F775BB214BD3F85831C433089353
:10CB40000CAE1F4B099308A91E4B0A933046FDF704
:10CB500041FB00238DF81C30DDE90601CDE90254CC
:10CB60008DE8030096E80F00F8F7CEFB06F032BD23
:10CB7000124B1A49D3F858010122234600F5B87028
:10CB800010B0BDE8F041F8F74BBB0C4B1349D3F89C
:10CB900058010122234600F5BA7010B0BDE8F041FB
:10CBA000F8F73EBB981000204141020845410208B9
:10CBB0009C100020A0100020A410002000100020D5
:10CBC000154102081D410208AD410208B5410208A5
:10CBD000ED5D0208D15D0208B15D02080D41020859
:10CBE000BD4BBE49D3F858010122234600F5BC7065
:10CBF00010B0BDE8F041F8F713BBB74BB749D3F815
:10CC00005831586901222346103010B0BDE8F04178
:10CC1000F8F706BBB04BD3F858315B692C33089357
:10CC20000CAEAF4B099308A9AE4B0A933046FDF703
:10CC3000D1FA00238DF81C30DDE90601CDE902545C
:10CC40008DE8030096E80F00F8F75EFB06F0C2BC23
:10CC5000A14BD3F858315B69303308930CAEA04B2D
:10CC6000099308A99F4B0A933046FDF7B3FA0023B6
:10CC70008DF81C30DDE90601CDE902548DE8030092
:10CC800096E80F00F8F740FB06F0A4BC924BD3F8EF
:10CC900058315B69343308930CAE934B099308A960
:10CCA000924B0A933046FDF79FFA0023CDE90154D9
:10CCB0008DF81930BDF81830ADF8003096E80F0047
:10CCC000F8F778FA06F086BC834B8449D3F85831DC
:10CCD000986901222346103010B0BDE8F041F8F702
:10CCE0009FBA7D4BD3F858319B692C3308930CAE17
:10CCF0007F4B099308A97F4B0A933046FDF79CFAB6
:10CD00000023CDE901548DF81A30069B009396E874
:10CD10000F00F8F777FB06F05DBC6F4BD3F8583186
:10CD20009B692C3308930CAE6D4B099308A96D4B8E
:10CD30000A933046FDF74EFA00238DF81C30DDE9EA
:10CD40000601CDE902548DE8030096E80F00F8F7DC
:10CD5000DBFA06F03FBC604BD3F858319B693033A7
:10CD600008930CAE5E4B099308A95E4B0A933046BC
:10CD7000FDF730FA00238DF81C30DDE90601CDE91E
:10CD800002548DE8030096E80F00F8F7BDFA06F0AC
:10CD900021BC514BD3F858319B69343308930CAE06
:10CDA0004F4B099308A94F4B0A933046FDF712FAEF
:10CDB00000238DF81C30DDE90601CDE902548DE831
:10CDC000030096E80F00F8F79FFA06F003BC424B09
:10CDD000D3F858319B69383308930CAE404B099314
:10CDE00008A9404B0A933046FDF7F4F900238DF86B
:10CDF0001C30DDE90601CDE902548DE8030096E818
:10CE00000F00F8F781FA06F0E5BB334BD3F8583141
:10CE10009B69403308930CAE314B099308A9314B01
:10CE20000A933046FDF7D6F900238DF81C30DDE972
:10CE30000601CDE902548DE8030096E80F00F8F7EB
:10CE400063FA06F0C7BB244BD3F858319B694433CF
:10CE500008930CAE224B099308A9224B0A93304643
:10CE6000FDF7B8F900238DF81C30DDE90601CDE9A6
:10CE700002548DE8030096E80F00F8F745FA06F033
:10CE8000A9BB154BD3F858319B69483308930CAEB6
:10CE9000154B099308A9154B0A933046FDF7A4F9E1
:10CEA0000023CDE901548DF81930BDF81830ADF8E4
:10CEB000003096E80F00F8F77DF906F08BBB064BC3
:10CEC0000D49D3F8580101222346C83010B0BDE8FF
:10CED000F041F8F7A5B900BF001000200D4102088D
:10CEE000154102081D410208394102083D4102086E
:10CEF0004D4F0208454F02080D5F0208C74BC84955
:10CF0000D3F8580101222346C83010B0BDE8F041E3
:10CF1000F8F786B9C14BD3F85831DC3308930CAE1F
:10CF2000C04B099308A9C04B0A933046FDF752F94C
:10CF300000238DF81C30DDE90601CDE902548DE8AF
:10CF4000030096E80F00F8F7DFF906F043BBB34B98
:10CF5000B649D3F8580101222346C83010B0BDE8C5
:10CF6000F041F8F75DB9AD4BB149D3F85801012252
:10CF70002346C83010B0BDE8F041F8F751B9A74BCF
:10CF8000AC49D3F8580101222346C83010B0BDE89F
:10CF9000F041F8F745B9A14BA749D3F85801012250
:10CFA0002346C83010B0BDE8F041F8F739B99B4BC3
:10CFB000A249D3F8580101222346C83010B0BDE879
:10CFC000F041F8F72DB9954B9D49D3F8580101224E
:10CFD0002346C83010B0BDE8F041F8F721B98F4BB7
:10CFE0009849D3F8580101222346C83010B0BDE853
:10CFF000F041F8F715B9894B9349D3F8580101224C
:10D000002346C83010B0BDE8F041F8F709B9834BAA
:10D010008E49D3F858010122234600F5AA7010B0BA
:10D02000BDE8F041F8F7FCB87C4B8849D3F85801CB
:10D030000122234600F5AC7010B0BDE8F041F8F7CE
:10D04000EFB8764B8149D3F858010122234600F509
:10D05000B67010B0BDE8F041F8F7E2B86F4BD3F806
:10D06000583103F5AE7308930CAE6E4B099308A9C3
:10D070006D4B0A933046FDF7ADF800238DF81C3058
:10D08000DDE90601CDE902548DE8030096E80F00C2
:10D09000F8F73AF906F09EBA604BD3F8583103F529
:10D0A000B07308930CAE5F4B099308A95E4B0A93CB
:10D0B0003046FDF78FF800238DF81C30DDE90601BE
:10D0C000CDE902548DE8030096E80F00F8F71CF94B
:10D0D00006F080BA514B5D49D3F85801012223462E
:10D0E00000F5B27010B0BDE8F041F8F799B84B4BBD
:10D0F0005649D3F858010122234600F5B47010B008
:10D10000BDE8F041F8F78CB8444B6268D3F8583169
:10D110002146D3F88800FCF7D5FC06F05BBA3F4BFC
:10D120006268D3F858312146D3F88C00FCF7CAFC6A
:10D1300006F050BA394BD3F858311C3308930CAE73
:10D14000434B099308A9434B0A933046FDF74CF82B
:10D150000023CDE901548DF81930BDF81830ADF831
:10D16000003096E80F00F8F725F806F033BA2B4B9D
:10D17000D3F85831203308930CAE374B099308A9E4
:10D18000364B0A933046FDF761F800238DF81C30CA
:10D19000DDE90601CDE902548DE8030096E80F00B1
:10D1A000F7F780FF06F016BA1C4BD3F8583124333A
:10D1B00008930CAE1B4B099308A91B4B0A933046EE
:10D1C000FDF708F800238DF81C30DDE90601CDE9F4
:10D1D00002548DE8030096E80F00F8F795F806F082
:10D1E000F9B90E4BD3F85831283308930CAE0D4BD8
:10D1F000099308A90C4B0A933046FCF7EBFF002378
:10D200008DF81C30DDE90601CDE902548DE80300FC
:10D2100096E80F00F8F778F806F0DCB90010002067
:10D22000F15E0208154102081D410208D15E0208A4
:10D23000B55E0208955E0208795E0208394F020861
:10D240001D4F0208595E02083D5E02080D410208AA
:10D25000014F0208795B0208BD410208C141020882
:10D26000BB4BD3F858311C3308930CAEB94B099320
:10D2700008A9B94B0A933046FCF7ACFF00238DF8A0
:10D280001C30DDE90601CDE902548DE8030096E883
:10D290000F00F8F739F806F09DB9AD4BD3F85831C7
:10D2A0001C3308930CAEAD4B099308A9AC4B0A9301
:10D2B0003046FCF78FFF00238DF81C30DDE90601B6
:10D2C000CDE902548DE8030096E80F00F8F71CF84A
:10D2D00006F080B99E4BD3F85831343308930CAE26
:10D2E000A04B099308A9A04B0A933046FCF772FFA4
:10D2F00000238DF81C30DDE90601CDE902548DE8EC
:10D30000030096E80F00F7F7FFFF06F063B9904BB4
:10D31000D3F8583138330C93944B0D93944B0E93B0
:10D3200001238DF83C300023CDE901148DF8213024
:10D33000BDF82030ADF8003010AB13E90F00F8F75E
:10D340000BFA06F047B9824BD3F858313C330893B7
:10D350000CAE844B099308A9834B0A933046FCF723
:10D3600039FF00238DF81C30DDE90601CDE90254B8
:10D370008DE8030096E80F00F7F7C6FF06F02AB91C
:10D38000734BD3F85831403308930CAE754B099367
:10D3900008A9754B0A933046FCF71CFF00238DF853
:10D3A0001C30DDE90601CDE902548DE8030096E862
:10D3B0000F00F7F7A9FF06F00DB9654BD3F8583108
:10D3C000443308930CAE674B099308A9664B0A9344
:10D3D0003046FCF7FFFE00238DF81C30DDE9060126
:10D3E000CDE902548DE8030096E80F00F7F78CFFB3
:10D3F00006F0F0B8564BD3F85831503308930CAEC2
:10D40000584B099308A9584B0A933046FCF7E2FEA3
:10D4100000238DF81C30DDE90601CDE902548DE8CA
:10D42000030096E80F00F7F76FFF06F0D3B8484BFC
:10D43000D3F85831543308930CAE4A4B099308A9DA
:10D44000494B0A933046FCF7C5FE00238DF81C308B
:10D45000DDE90601CDE902548DE8030096E80F00EE
:10D46000F7F752FF06F0B6B8394BD3F858314833C6
:10D4700008930CAE3B4B099308A93B4B0A933046EB
:10D48000FCF7A8FE00238DF81C30DDE90601CDE98C
:10D4900002548DE8030096E80F00F7F735FF06F019
:10D4A00099B82B4BD3F858311C3308930CAE314B41
:10D4B000099308A9304B0A933046FCF78BFE0023F2
:10D4C0008DF81C30DDE90601CDE902548DE803003A
:10D4D00096E80F00F7F718FF06F07CB81C4BD3F85E
:10D4E0005831583308930CAE1E4B099308A91E4BB4
:10D4F0000A933046FCF76EFE00238DF81C30DDE900
:10D500000601CDE902548DE8030096E80F00F7F715
:10D51000FBFE06F05FB80E4BD3F858315C3308932E
:10D520000CAE104B099308A90F4B0A933046FCF739
:10D5300051FE00238DF81C30DDE90601CDE90254CF
:10D540008DE8030096E80F00F7F7DEFE06F042B81C
:10D5500000100020F94E0208ED4E0208DD4E0208D0
:10D56000D14E0208154102081D410208C5410208BA
:10D57000C9410208C14E0208B54E0208BE4BD3F89D
:10D580005831603308930CAEBC4B099308A9BC4BCF
:10D590000A933046FCF728FE0023CDE901548DF8AC
:10D5A0001930BDF81830ADF8003096E80F00F7F7E5
:10D5B00001FE06F00FB8B04BD3F85831643308932E
:10D5C0000CAEB04B099308A9AF4B0A933046FCF759
:10D5D00001FE00238DF81C30DDE90601CDE902547F
:10D5E0008DE8030096E80F00F7F78EFE05F0F2BF16
:10D5F000A14BD3F85831683308930CAEA14B099373
:10D6000008A9A14B0A933046FCF7E4FD00238DF8EE
:10D610001C30DDE90601CDE902548DE8030096E8EF
:10D620000F00F7F771FE05F0D5BF934BD3F85831D3
:10D630006C3308930CAE914B099308A9904B0A9355
:10D640003046FCF7D1FD0023CDE901548DF81930A7
:10D65000BDF81830ADF8003096E80F00F7F7AAFDD6
:10D6600005F0B8BF844BD3F858316D3308930CAE36
:10D67000824B099308A9824B0A933046FCF7B4FD0C
:10D680000023CDE901548DF81930BDF81830ADF8FC
:10D69000003096E80F00F7F78DFD05F09BBF764B45
:10D6A000D3F85831703308930CAE764B099308A920
:10D6B000754B0A933046FCF78DFD00238DF81C3026
:10D6C000DDE90601CDE902548DE8030096E80F007C
:10D6D000F7F71AFE05F07EBF674BD3F85831743365
:10D6E00008930CAE674B099308A9674B0A93304621
:10D6F000FCF770FD00238DF81C30DDE90601CDE953
:10D7000002548DE8030096E80F00F7F7FDFD05F0E1
:10D7100061BF594BD3F85831783308930CAE594B4D
:10D72000099308A9584B0A933046FCF753FD002390
:10D730008DF81C30DDE90601CDE902548DE80300C7
:10D7400096E80F00F7F7E0FD05F044BF4A4BD3F829
:10D7500058317C3308930CAE4A4B099308A94A4BC5
:10D760000A933046FCF736FD00238DF81C30DDE9C6
:10D770000601CDE902548DE8030096E80F00F7F7A3
:10D78000C3FD05F027BF3C4BD3F8003103F56353CD
:10D790001C330C933D4B0D933D4B0E9301238DF8A1
:10D7A0003C300023CDE901148DF82130BDF8203044
:10D7B000ADF8003010AB13E90F00F8F739F905F0B8
:10D7C00009BF2D4BD3F8003103F563532033089381
:10D7D0000CAE2C4B099308A92B4B0A933046FCF74F
:10D7E000F9FC00238DF81C30DDE90601CDE9025477
:10D7F0008DE8030096E80F00F7F786FD05F0EABE16
:10D800001D4BD3F8003108930CAE224B099308A9A5
:10D81000214B0A933046FCF7DDFC00238DF81C30C9
:10D82000DDE90601CDE902548DE8030096E80F001A
:10D83000F7F76AFD05F0CEBE0F4BD3F8003103F5C4
:10D840006453183308930CAE0E4B099308A90E4B82
:10D850000A933046FCF7BEFC00238DF81C30DDE94E
:10D860000601CDE902548DE8030096E80F00F7F7B2
:10D870004BFD05F0AFBE00BF00100020394102088B
:10D880003D410208154102081D410208CD41020830
:10D89000D1410208A54E0208D54F0208C74BD3F864
:10D8A000003103F564531C3308930CAEC44B099349
:10D8B00008A9C44B0A933046FCF78CFC00238DF872
:10D8C0001C30DDE90601CDE902548DE8030096E83D
:10D8D0000F00F7F719FD05F07DBEB84BBA49D3F834
:10D8E000000100F5645023460122043010B0BDE869
:10D8F000F041F7F795BCB14BB349D3F8000100F5FF
:10D90000645023460122083010B0BDE8F041F7F71B
:10D9100087BCAA4BAC49D3F8000100F564502346FC
:10D920000122103010B0BDE8F041F7F779BCD4E91E
:10D930000021A24BD3F8003109B18A420AD203F583
:10D940004053012093F83D3913702368013323605D
:10D9500005F040BE002005F03DBE984BD3F80031E5
:10D9600003F564530C3308930CAE954B099308A947
:10D97000944B0A933046FCF72DFC00238DF81C30A5
:10D98000DDE90601CDE902548DE8030096E80F00B9
:10D99000F7F7BAFC05F01EBE884BD3F8003103F54B
:10D9A00064533E3308930CAE884B099308A9884B07
:10D9B0000A933046FCF718FC0023CDE901548DF89A
:10D9C0001930BDF81830ADF8003096E80F00F7F7C1
:10D9D000F1FB05F0FFBD794BD3F8003103F564533B
:10D9E000383308930CAE764B099308A9754B0A930C
:10D9F0003046FCF7EFFB00238DF81C30DDE9060113
:10DA0000CDE902548DE8030096E80F00F7F77CFC9F
:10DA100005F0E0BD694BD3F8003103F562532C33B8
:10DA200008930CAE664B099308A9664B0A933046DF
:10DA3000FCF7D0FB00238DF81C30DDE90601CDE9B1
:10DA400002548DE8030096E80F00F7F75DFC05F03F
:10DA5000C1BD5A4BD3F8003103F5625331330893FB
:10DA60000CAE5A4B099308A9594B0A933046FCF760
:10DA7000BBFB0023CDE901548DF81930BDF81830F7
:10DA8000ADF8003096E80F00F7F794FB05F0A2BD63
:10DA90004A4BD3F8003103F56253333308930CAE8D
:10DAA0004A4B099308A94A4B0A933046FCF79CFB62
:10DAB0000023CDE901548DF81930BDF81830ADF8C8
:10DAC000003096E80F00F7F775FB05F083BD3B4B80
:10DAD000D3F8003103F56253303308930CAE3B4B5F
:10DAE000099308A93A4B0A933046FCF77DFB0023C3
:10DAF000CDE901548DF81930BDF81830ADF800307B
:10DB000096E80F00F7F756FB05F064BD2B4BD3F8F2
:10DB1000003103F56253323308930CAE2B4B09935B
:10DB200008A92B4B0A933046FCF75EFB0023CDE996
:10DB300001548DF81930BDF81830ADF8003096E872
:10DB40000F00F7F737FB05F045BD1C4BD3F800314C
:10DB500018330C931F4B0D931F4B0E9301238DF81D
:10DB60003C300023CDE901148DF82130BDF8203080
:10DB7000ADF8003010AB13E90F00F7F789FE05F0A0
:10DB800029BD0E4BD3F8003119330C93134B0D9371
:10DB9000134B0E9301238DF83C300023CDE9011483
:10DBA0008DF82130BDF82030ADF8003010AB13E90E
:10DBB0000F00F7F7A1FE05F00DBD00BF001000201B
:10DBC000154102081D4102080D41020839410208B1
:10DBD0003D410208954E02088D4E0208D5410208CB
:10DBE000D9410208BC4BD3F800311C3308930CAE6A
:10DBF000BA4B099308A9BA4B0A933046FCF7EAFAE4
:10DC000000238DF81C30DDE90601CDE902548DE8D2
:10DC1000030096E80F00F7F777FB05F0DBBCAE4B8F
:10DC2000D3F80031203308930CAEAC4B099308A90C
:10DC3000AB4B0A933046FCF7CDFA00238DF81C302D
:10DC4000DDE90601CDE902548DE8030096E80F00F6
:10DC5000F7F75AFB05F0BEBC9F4BD3F800312433D5
:10DC600008930CAE9D4B099308A99D4B0A9330462F
:10DC7000FCF7B0FA00238DF81C30DDE90601CDE990
:10DC800002548DE8030096E80F00F7F73DFB05F01E
:10DC9000A1BC914BD3F80031303308930CAE8F4BBD
:10DCA000099308A98E4B0A933046FCF793FA002398
:10DCB0008DF81C30DDE90601CDE902548DE8030042
:10DCC00096E80F00F7F720FB05F084BC824BD3F8F1
:10DCD0000031283308930CAE804B099308A9804B80
:10DCE0000A933046FCF776FA00238DF81C30DDE904
:10DCF0000601CDE902548DE8030096E80F00F7F71E
:10DD000003FB05F067BC744BD3F800312C33089348
:10DD10000CAE724B099308A9714B0A933046FCF77D
:10DD200059FA00238DF81C30DDE90601CDE90254D3
:10DD30008DE8030096E80F00F7F7E6FA05F04ABC15
:10DD4000654BD3F80031343308930CAE634B099321
:10DD500008A9634B0A933046FCF73CFA00238DF880
:10DD60001C30DDE90601CDE902548DE8030096E898
:10DD70000F00F7F7C9FA05F02DBC574BD3F8003167
:10DD8000383308930CAE554B099308A9544B0A93AA
:10DD90003046FCF71FFA00238DF81C30DDE9060140
:10DDA000CDE902548DE8030096E80F00F7F7ACFACE
:10DDB00005F010BC484BD3F800313C3308930CAE4F
:10DDC000484B099308A9484B0A933046FCF70CFAD4
:10DDD0000023CDE901548DF81930BDF81830ADF8A5
:10DDE000003096E80F00F7F7E5F905F0F3BB3A4B82
:10DDF000D3F80031403308930CAE384B099308A98F
:10DE0000374B0A933046FCF7E5F900238DF81C30B8
:10DE1000DDE90601CDE902548DE8030096E80F0024
:10DE2000F7F772FA05F0D6BB2B4BD3F80031183355
:10DE300008930CAE2D4B099308A92D4B0A9330463D
:10DE4000FCF704FA00238DF81C30DDE90601CDE96A
:10DE500002548DE8030096E80F00F7F723F905F068
:10DE6000B9BB1D4BD3F80031503308930CAE1B4B9C
:10DE7000099308A91A4B0A933046FCF7ABF9002323
:10DE80008DF81C30DDE90601CDE902548DE8030070
:10DE900096E80F00F7F738FA05F09CBB0E4BD3F865
:10DEA0000031483308930CAE0C4B099308A90C4B76
:10DEB0000A933046FCF78EF900238DF81C30DDE91B
:10DEC0000601CDE902548DE8030096E80F00F7F74C
:10DED0001BFA05F07FBB00BF0010002015410208AF
:10DEE0001D410208394102083D410208794E0208ED
:10DEF000714E0208BF4BD3F8003103F5625334333F
:10DF000008930CAEBC4B099308A9BC4B0A9330464E
:10DF1000FCF7A6F90023CDE901548DF81930BDF8BE
:10DF20001830ADF8003096E80F00F7F7E1FB05F088
:10DF300051BBB04BD3F8003103F56253383308932B
:10DF40000CAEAF4B099308A9AE4B0A933046FCF7D1
:10DF500041F900238DF81C30DDE90601CDE90254BA
:10DF60008DE8030096E80F00F7F7CEF905F032BB15
:10DF7000A04BD3F8003103F562533C3308930CAE49
:10DF80009F4B099308A99F4B0A933046FCF722F94F
:10DF900000238DF81C30DDE90601CDE902548DE83F
:10DFA000030096E80F00F7F7AFF905F013BB914BAC
:10DFB000D3F8003103F5635308930CAE8E4B0993ED
:10DFC00008A98E4B0A933046FCF74AF90023CDE9A5
:10DFD00001548DF81930BDF81830ADF8003096E8CE
:10DFE0000F00F7F785FB05F0F5BA824BD3F8003147
:10DFF000183308930CAE844B099308A9834B0A93FA
:10E000003046FCF7E7F800238DF81C30DDE9060107
:10E01000CDE902548DE8030096E80F00F7F774F994
:10E0200005F0D8BA734B6268D3F800312146586DB9
:10E03000FBF748FD05F0CEBA6E4BD3F8003103F57F
:10E040006253183308930CAE714B099308A9714BB6
:10E050000A933046FCF7C8F80023CDE901548DF847
:10E060001930BDF81830ADF8003096E80F00F7F71A
:10E07000A1F805F0AFBAD4E900215E4BD3F8003126
:10E0800009B18A420AD203F54053012093F8993826
:10E09000137023680133236005F09CBA002005F05B
:10E0A00099BA544BD3F8003103F562531C330893EB
:10E0B0000CAE534B099308A9524B0A933046FCF718
:10E0C00089F800238DF81C30DDE90601CDE9025402
:10E0D0008DE8030096E80F00F7F716F905F07ABA15
:10E0E000444BD3F8003103F56253203308930CAE50
:10E0F000434B099308A9434B0A933046FCF76AF84F
:10E1000000238DF81C30DDE90601CDE902548DE8CD
:10E11000030096E80F00F7F7F7F805F05BBA354B08
:10E120003D49D3F8000100F5625023460122243016
:10E1300010B0BDE8F041F7F773B82E4BD3F80031BB
:10E1400003F56253283308930CAE314B099308A9A9
:10E15000304B0A933046FCF747F80023CDE90154D1
:10E160008DF81930BDF81830ADF8003096E80F0082
:10E17000F7F720F805F02EBA1E4BD3F8003103F55F
:10E180006353043308930CAE1D4B099308A91D4B30
:10E190000A933046FCF71EF800238DF81C30DDE9A9
:10E1A0000601CDE902548DE8030096E80F00F7F769
:10E1B000ABF805F00FBA0F4BD3F8003103F56353FA
:10E1C000083308930CAE0E4B099308A90D4B0A9324
:10E1D0003046FBF7FFFF00238DF81C30DDE9060118
:10E1E000CDE902548DE8030096E80F00F7F78CF8AC
:10E1F00005F0F0B900100020DD410208E1410208FD
:10E20000154102081D410208654E0208594E0208D8
:10E21000394102083D4102080D410208BF4BD3F8C5
:10E22000003103F56353103308930CAEBC4B0993D4
:10E2300008A9BC4B0A933046FBF7CCFF00238DF8AE
:10E240001C30DDE90601CDE902548DE8030096E8B3
:10E250000F00F7F759F805F0BDB9B04BD3F800310E
:10E2600003F563530C3308930CAEAD4B099308A927
:10E27000AC4B0A933046FBF7ADFF00238DF81C3002
:10E28000DDE90601CDE902548DE8030096E80F00B0
:10E29000F7F73AF805F09EB9A04BD3F8003103F533
:10E2A0006453283308930CAE9D4B099308A99D4BEA
:10E2B0000A933046FBF78EFF00238DF81C30DDE912
:10E2C0000601CDE902548DE8030096E80F00F7F748
:10E2D0001BF805F07FB9914BD3F8003103F5645377
:10E2E0002C3308930CAE8E4B099308A98D4B0A93DF
:10E2F0003046FBF76FFF00238DF81C30DDE9060187
:10E30000CDE902548DE8030096E80F00F6F7FCFF14
:10E3100005F060B9814BD3F8003103F56453303315
:10E3200008930CAE7E4B099308A97E4B0A933046A6
:10E33000FBF750FF00238DF81C30DDE90601CDE925
:10E3400002548DE8030096E80F00F6F7DDFF05F0B4
:10E3500041B9724BD3F8003103F564533433089359
:10E360000CAE6F4B099308A96E4B0A933046FBF72E
:10E3700031FF00238DF81C30DDE90601CDE90254A0
:10E380008DE8030096E80F00F6F7BEFF05F022B90E
:10E39000624B6549D3F800010122234600F5655020
:10E3A00010B0BDE8F041F6F73BBF5C4B5E49D3F8D7
:10E3B000000100F5655023460122043010B0BDE88D
:10E3C000F041F6F72DBF554BD3F8000143680C938D
:10E3D0000121037A8DF820308DF82110BDF820300E
:10E3E0008DF83410ADF800300195DDE90C23F6F717
:10E3F0007FFB05F0EFB8494BD3F8003104330893A5
:10E400000CAE474B099308A9464B0A933046FBF7DD
:10E41000E1FE00238DF81C30DDE90601CDE9025450
:10E420008DE8030096E80F00F6F76EFF05F0D2B80E
:10E430003A4BD3F80031083308930CAE3B4B0993A9
:10E4400008A93B4B0A933046FBF7CEFE0023CDE9EB
:10E4500001548DF81930BDF81830ADF8003096E849
:10E460000F00F6F7A7FE05F0B5B82C4BD3F8000166
:10E4700003685B689847012005F0ACB8274BD3F8D8
:10E4800000010121234600F10C0210B0BDE8F0416B
:10E49000F6F7EABE214B2449D3F8000101222346B6
:10E4A0000C3010B0BDE8F041F6F7BABE1B4BD3F804
:10E4B0000001CDE9011400F1140300930123026966
:10E4C0001946F6F767FF05F085B8144BD3F800310D
:10E4D000103308930CAE174B099308A9164B0A93F7
:10E4E0003046FBF78BFE00238DF81C30DDE906017A
:10E4F000CDE902548DE8030096E80F00F6F7C0FE60
:10E5000005F068B8054B0849D3F8000101222346FD
:10E51000143010B0BDE8F041F6F782BE00100020C4
:10E52000154102081D4102080D4102083941020847
:10E530003D4102084141020845410208B74BD3F86A
:10E54000AC308C330C93B64B0D93B64B0E9301232A
:10E550008DF83C300023CDE901148DF82230089B62
:10E56000009310AB13E90F00F6F79CFF05F032B8EB
:10E57000AA4BD3F8AC10D4E900320AB1934208D2C6
:10E5800091F88F201A70236801332360012005F071
:10E5900021B8002005F01EB8A04BD3F8AC10D4E988
:10E5A00000320AB1934208D291F88E201A70236883
:10E5B00001332360012005F00DB8002005F00AB8F2
:10E5C000964B6268D3F8AC302146D3F89000FBF745
:10E5D0005FFA04F0FFBF914B6268D3F8AC3021467C
:10E5E000D3F89400FBF754FA04F0F4BF8B4B8E4938
:10E5F000D3F8AC0001222346983010B0BDE8F041BA
:10E60000F6F70EBE85488949D0F8AC0023460122B2
:10E6100010B0BDE8F041F6F703BE80488449D0F859
:10E62000AC002346012210B0BDE8F041F6F7F8BD7A
:10E630007A4B7D49D3F8AC0001222346AC3010B0B0
:10E64000BDE8F041F6F7ECBD74487A49D0F8AC006B
:10E650002346012210B0BDE8F041F6F7E1BD6F4B53
:10E660007149D3F8AC0001222346B03010B0BDE8A8
:10E67000F041F6F7D5BD694B6B49D3F8AC000122E8
:10E680002346B43010B0BDE8F041F6F7C9BD634B86
:10E69000D3F8AC30214693F8F200F7F76FFA04F0A4
:10E6A00099BF5E486449D0F8AC002346012210B0FF
:10E6B000BDE8F041F6F7B4BD584B5B49D3F8AC0068
:10E6C00001222346B83010B0BDE8F041F6F7A8BDEE
:10E6D000524B5549D3F8AC0001222346C43010B048
:10E6E000BDE8F041F6F79CBD4C4BD3F8AC30C833D5
:10E6F00008930CAE514B099308A9514B0A9330462D
:10E70000FBF7A4FD00238DF81C30DDE90601CDE9FF
:10E7100002548DE8030096E80F00F6F7C3FC04F0FE
:10E7200059BF3E4B4049D3F8AC0001222346CC30C0
:10E7300010B0BDE8F041F6F773BD384BD3F8AC30FC
:10E7400034330C933F4B0D933F4B0E9301238DF8C5
:10E750003C300023CDE901148DF82230089B009352
:10E7600010AB13E90F00F6F7EDFE04F033BF2B4BAF
:10E77000D3F8AC30343308930CAE344B099308A96A
:10E78000334B0A933046FBF72FFD0023CDE90154AC
:10E790008DF81930BDF81830ADF8003096E80F004C
:10E7A000F6F708FD04F016BF1C4BD3F8AC30543319
:10E7B00008930CAE274B099308A9274B0A933046C0
:10E7C000FBF708FD00238DF81C30DDE90601CDE9DB
:10E7D00002548DE8030096E80F00F6F795FD04F06B
:10E7E000F9BE0E4BD3F8AC30603308930CAE1B4B24
:10E7F000099308A91A4B0A933046FBF7F5FC00234E
:10E80000CDE901548DF81930BDF81830ADF800305D
:10E8100096E80F00F6F7CEFC04F0DCBE00100020F6
:10E82000E5410208E94102080D410208454E02088F
:10E83000394E02082D4E0208214E0208BD41020841
:10E84000C1410208ED410208F1410208154E0208DB
:10E85000094E0208154102081D410208394102080B
:10E860003D410208BB4BD3F8AC30343308930CAEB7
:10E87000B94B099308A9B94B0A933046FBF7B4FC8E
:10E880000023CDE901548DF81930BDF81830ADF8EA
:10E89000003096E80F00F6F78DFC04F09BBEAD4B00
:10E8A000D3F8AC30343308930CAEAD4B099308A9C0
:10E8B000AC4B0A933046FBF7BFFC0023CDE9015473
:10E8C0008DF81A30069B009396E80F00F6F79AFD34
:10E8D00004F080BE9F4BD3F8AC30503308930CAE9D
:10E8E000A14B099308A9A14B0A933046FBF7AEFC54
:10E8F00000238DF81C30DDE90601CDE902548DE8D6
:10E90000030096E80F00F6F7CDFB04F063BE914BD1
:10E91000D3F8AC30483308930CAE934B099308A955
:10E92000924B0A933046FBF791FC00238DF81C3084
:10E93000DDE90601CDE902548DE8030096E80F00F9
:10E94000F6F7B0FB04F046BE824BD3F8AC304C3344
:10E9500008930CAE864B099308A9864B0A93304660
:10E96000FBF738FC00238DF81C30DDE90601CDE90A
:10E9700002548DE8030096E80F00F6F7C5FC04F09A
:10E9800029BE744BD3F8AC305C3308930CAE764B95
:10E99000099308A9754B0A933046FBF757FC0023EF
:10E9A0008DF81C30DDE90601CDE902548DE8030045
:10E9B00096E80F00F6F776FB04F00CBE654BD3F833
:10E9C000AC30343308930CAE6B4B099308A96B4BF6
:10E9D0000A933046FBF708FC0023CDE901548DF87B
:10E9E0001930BDF81830ADF8003096E80F00F6F792
:10E9F000E1FB04F0EFBD574BD3F8AC306133089323
:10EA00000CAE5F4B099308A95E4B0A933046FBF7A7
:10EA1000EBFB0023CDE901548DF81930BDF8183017
:10EA2000ADF8003096E80F00F6F7C4FB04F0D2BD55
:10EA3000484BD3F8AC30343308930CAE524B0993A7
:10EA400008A9524B0A933046FBF7C4FB00238DF80C
:10EA50001C30DDE90601CDE902548DE8030096E89B
:10EA60000F00F6F751FC04F0B5BD3A4BD3F8AC30CB
:10EA7000383308930CAE3E4B099308A93D4B0A93DB
:10EA80003046FBF7A7FB00238DF81C30DDE90601BB
:10EA9000CDE902548DE8030096E80F00F6F734FC48
:10EAA00004F098BD2B4BD3F8AC303C3308930CAE3C
:10EAB0002F4B099308A92F4B0A933046FBF78AFB8B
:10EAC00000238DF81C30DDE90601CDE902548DE804
:10EAD000030096E80F00F6F717FC04F07BBD1D4B12
:10EAE000D3F8AC30403308930CAE214B099308A9FE
:10EAF000204B0A933046FBF76DFB00238DF81C304A
:10EB0000DDE90601CDE902548DE8030096E80F0027
:10EB1000F6F7FAFB04F05EBD0E4BD3F8AC3063336E
:10EB200008930CAE164B099308A9164B0A9330466E
:10EB3000FBF75AFB0023CDE901548DF81930BDF8DD
:10EB40001830ADF8003096E80F00F6F733FB04F00C
:10EB500041BD00BF00100020F94D0208ED4D020834
:10EB6000DD4D0208D14D0208BD410208C141020835
:10EB7000154102081D410208C14D0208B54D0208A9
:10EB8000394102083D410208A54D0208994D02088D
:10EB9000BE4BD3F8AC30643308930CAEBC4B099336
:10EBA00008A9BC4B0A933046FBF75AFB0023CDE97A
:10EBB00001548DF81930BDF81830ADF8003096E8E2
:10EBC0000F00F6F795FD04F005BDB04BD3F8AC305F
:10EBD000653308930CAEB04B099308A9AF4B0A9369
:10EBE0003046FBF701FB0023CDE901548DF81930C5
:10EBF000BDF81830ADF8003096E80F00F6F7DAFAF5
:10EC000004F0E8BCA14BD3F8AC30823308930CAECF
:10EC1000A34B099308A9A34B0A933046FBF70CFBBF
:10EC20000023CDE901548DF81A30069B009396E835
:10EC30000F00F6F7E7FB04F0CDBC944BD3F8AC30F3
:10EC4000843308930CAE964B099308A9954B0A930D
:10EC50003046FBF7F1FA0023CDE901548DF81A3064
:10EC6000069B009396E80F00F6F7CCFB04F0B2BCCD
:10EC7000864BD3F8AC00036841681B6898470120B5
:10EC800004F0A8BC814BD3F8AC30043308930CAE2D
:10EC9000854B099308A9854B0A933046FBF7D6FAB2
:10ECA00000238DF81C30DDE90601CDE902548DE822
:10ECB000030096E80F00F6F7F5F904F08BBC7C49E9
:10ECC0007C482346012210B0BDE8F041F6F7A8BA0F
:10ECD00079497A482346012210B0BDE8F041F6F7A1
:10ECE0009FBA734976482346012210B0BDE8F0412F
:10ECF000F6F796BA734971482346012210B0BDE871
:10ED0000F041F6F78DBA70496C482346012210B0E5
:10ED1000BDE8F041F6F784BA6C4B08930CAE6C4B2F
:10ED2000099308A96B4B0A933046FBF753FA00236B
:10ED30008DF81C30DDE90601CDE902548DE80300B1
:10ED400096E80F00F6F7E0FA04F044BC4F4BD3F816
:10ED5000FC3010330C93604B0D93604B0E930123EA
:10ED60008DF83C300023CDE901148DF82130BDF839
:10ED70002030ADF8003010AB13E90F00F6F720FD9E
:10ED800004F028BC41485649D0F8FC002346012233
:10ED900010B0BDE8F041F6F743BA3C4B4449D3F814
:10EDA000FC0001222346143010B0BDE8F041F6F714
:10EDB00037BA36484B49D0F8FC002346012210B040
:10EDC000BDE8F041F6F72CBA30484749D0F8FC00CE
:10EDD0002346012210B0BDE8F041F6F721BA2B4BD3
:10EDE000D3F8FC30043308930CAE394B099308A9CF
:10EDF000384B0A933046FBF7EDF900238DF81C30B1
:10EE0000DDE90601CDE902548DE8030096E80F0024
:10EE1000F6F77AFA04F0DEBB1C4BD3F8FC3008336B
:10EE200008930CAE2A4B099308A92A4B0A93304643
:10EE3000FBF7D0F900238DF81C30DDE90601CDE9A0
:10EE400002548DE8030096E80F00F6F75DFA04F02F
:10EE5000C1BB0E4BD3F8FC300C3308930CAE1C4BEB
:10EE6000099308A91B4B0A933046FBF7B3F900231B
:10EE70008DF81C30DDE90601CDE902548DE8030070
:10EE800096E80F00F6F740FA04F0A4BB001000204B
:10EE9000DD410208E1410208394102083D41020812
:10EEA000F5410208F9410208BD410208C1410208CA
:10EEB0000D410208DC100020894D0208B01000202E
:10EEC000E01000207D4D0208714D0208B4100020B2
:10EED000154102081D410208FD41020801420208D5
:10EEE000654D0208594D02084D4D0208BB4BD3F841
:10EEF0005C31043308930CAEB94B099308A9B94BA4
:10EF00000A933046FBF766F900238DF81C30DDE9E3
:10EF10000601CDE902548DE8030096E80F00F6F7EC
:10EF2000F3F904F057BBAD4BD3F85C3108330893C9
:10EF30000CAEAB4B099308A9AA4B0A933046FBF7DA
:10EF400049F900238DF81C30DDE90601CDE90254B2
:10EF50008DE8030096E80F00F6F7D6F904F03ABB07
:10EF60009E4BD3F85C310C3308930CAE9C4B099349
:10EF700008A99C4B0A933046FBF72CF900238DF827
:10EF80001C30DDE90601CDE902548DE8030096E866
:10EF90000F00F6F7B9F904F01DBB904BD3F86011E0
:10EFA000D4E900320AB1934207D20A7D1A7023686D
:10EFB00001332360012004F00DBB002004F00ABBE4
:10EFC000864BD3F8603108930CAE874B099308A9A0
:10EFD000864B0A933046FBF72FF90023CDE9015405
:10EFE0008DF81A30069B009396E80F00F6F70AFAA0
:10EFF00004F0F0BA794BD3F8603108930CAE7C4B37
:10F00000099308A97B4B0A933046FBF7EDF80023E0
:10F01000CDE901548DF81930BDF81830ADF8003045
:10F0200096E80F00F6F7C6F804F0D4BA6B4BD3F8A5
:10F03000603108930CAE6A4B099308A9694B0A9397
:10F040003046FBF7C7F800238DF81C30DDE90601D8
:10F05000CDE902548DE8030096E80F00F6F754F965
:10F0600004F0B8BA5D4BD3F860310B3308930CAEA3
:10F07000614B099308A9614B0A933046FBF7B4F83A
:10F080000023CDE901548DF81930BDF81830ADF8E2
:10F09000003096E80F00F6F78DF804F09BBA4F4B5E
:10F0A000D3F8603108930CAE554B099308A9554B22
:10F0B0000A933046FBF7A2F800238DF81C30DDE9F7
:10F0C0000601CDE902548DE8030096E80F00F6F73B
:10F0D000D7F804F07FBA414BD3F86411D4E9003279
:10F0E0000AB1934207D20A7D1A7023680133236064
:10F0F000012004F06FBA002004F06CBA374BD3F84B
:10F10000643108930CAE384B099308A9374B0A9326
:10F110003046FBF791F80023CDE901548DF81A3001
:10F12000069B009396E80F00F6F76CF904F052BACC
:10F130002A4BD3F8643108930CAE2D4B099308A9E0
:10F140002C4B0A933046FBF74FF80023CDE90154CE
:10F150008DF81930BDF81830ADF8003096E80F0082
:10F16000F6F728F804F036BA1C4BD3F8643108934C
:10F170000CAE1B4B099308A91A4B0A933046FBF7B8
:10F1800029F800238DF81C30DDE90601CDE9025491
:10F190008DE8030096E80F00F6F7B6F804F01ABA07
:10F1A0000E4BD3F864310B3308930CAE124B09931A
:10F1B00008A9124B0A933046FBF716F80023CDE955
:10F1C00001548DF81930BDF81830ADF8003096E8CC
:10F1D0000F00F5F7EFFF04F0FDB900BF00100020AD
:10F1E000154102081D410208414D0208394D02082F
:10F1F0002D4D0208254D0208394102083D41020803
:10F20000194D0208114D0208C44BD3F8643108931C
:10F210000CAEC34B099308A9C24B0A933046FAF7C8
:10F22000EDFF00238DF81C30DDE90601CDE9025425
:10F230008DE8030096E80F00F6F722F804F0CAB94B
:10F24000B64BD3F86831043308930CAEB64B099330
:10F2500008A9B64B0A933046FAF7EEFF0023CDE932
:10F2600001548DF81A30069B009396E80F00F6F7CC
:10F27000C9F804F0AFB9A94BD3F868310633089345
:10F280000CAEAB4B099308A9AA4B0A933046FAF788
:10F29000ABFF0023CDE901548DF81930BDF81830CB
:10F2A000ADF8003096E80F00F5F784FF04F092B94E
:10F2B0009A4BD3F8680103681B689847012004F053
:10F2C00089B9964BD3F8680103685B6898470120B9
:10F2D00004F080B9914B6268D3F86C012146FAF7CB
:10F2E000F1FB04F077B98D4B6268D3F870012146C9
:10F2F000FAF7E8FB04F06EB9884B6268D3F8740142
:10F300002146FAF7DFFB04F065B98B4B08930CAE8E
:10F310008A4B099308A98A4B0A933046FAF76EFF85
:10F3200000238DF81C30DDE90601CDE902548DE89B
:10F33000030096E80F00F5F7A3FF04F04BB9774BF5
:10F340006268D3F87C012146FAF7BCFB04F042B9AD
:10F35000724B6268D3F880012146FAF7B3FB04F0E0
:10F3600039B96E4B6268D3F884012146FAF7AAFBDB
:10F3700004F030B9734B08930CAE704B099308A995
:10F380006F4B0A933046FAF739FF00238DF81C3093
:10F39000DDE90601CDE902548DE8030096E80F008F
:10F3A000F5F76EFF04F016B95C4B6268D3F88C0178
:10F3B0002146FAF787FB04F00DB9584B6268D3F881
:10F3C00090012146FAF77EFB04F004B9534B6268C2
:10F3D000D3F894012146FAF775FB04F0FBB85A4BB9
:10F3E00008930CAE554B099308A9554B0A93304628
:10F3F000FAF704FF00238DF81C30DDE90601CDE9A2
:10F4000002548DE8030096E80F00F5F739FF04F089
:10F41000E1B8424B6268D3F89C012146FAF752FBEF
:10F4200004F0D8B83D4B6268D3F8A0012146FAF742
:10F4300049FB04F0CFB8394B6268D3F8A4012146E8
:10F44000FAF740FB04F0C6B8404B08930CAE3B4BB8
:10F45000099308A93A4B0A933046FAF7CFFE0023E6
:10F460008DF81C30DDE90601CDE902548DE803007A
:10F4700096E80F00F5F704FF04F0ACB8274B62687C
:10F48000D3F8AC012146FAF71DFB04F0A3B8234BD7
:10F490006268D3F8B0012146FAF714FB04F09AB879
:10F4A0001E4B6268D3F8B4012146FAF70BFB04F057
:10F4B00091B8274B08930CAE204B099308A9204B19
:10F4C0000A933046FAF79AFE00238DF81C30DDE9E6
:10F4D0000601CDE902548DE8030096E80F00F5F728
:10F4E000CFFE04F077B80D4B6268D3F8BC0121461B
:10F4F000FAF7E8FA04F06EB8084B6268D3F8C00176
:10F500002146FAF7DFFA04F065B8044B6268D3F8D5
:10F51000C4012146FAF7D6FA04F05CB800100020C6
:10F52000194D0208114D0208054D0208FD4C020854
:10F53000394102083D41020878110020414102088A
:10F54000454102088811002098110020A8110020D0
:10F55000B8110020C64B08930CAEC64B099308A9FE
:10F56000C54B0A933046FAF749FE00238DF81C304C
:10F57000DDE90601CDE902548DE8030096E80F00AD
:10F58000F5F77EFE04F026B8BC4B6268D3F8CC01D8
:10F590002146FAF797FA04F01DB8B84B6268D3F821
:10F5A000D0012146FAF78EFA04F014B8B34B626822
:10F5B000D3F8D4012146FAF785FA04F00BB8B04B22
:10F5C00008930CAEAB4B099308A9AB4B0A9330469A
:10F5D000FAF714FE00238DF81C30DDE90601CDE9B1
:10F5E00002548DE8030096E80F00F5F749FE03F09A
:10F5F000F1BFA24B6268D3F8DC012146FAF762FA48
:10F6000003F0E8BF9D4B6268D3F8E0012146FAF7AA
:10F6100059FA03F0DFBF994B6268D3F8E401214641
:10F62000FAF750FA03F0D6BF964B08930CAE914B05
:10F63000099308A9904B0A933046FAF7DFFD00239F
:10F640008DF81C30DDE90601CDE902548DE8030098
:10F6500096E80F00F5F714FE03F0BCBF874B626815
:10F66000D3F8EC012146FAF72DFA03F0B3BF834B30
:10F670006268D3F8F0012146FAF724FA03F0AABF32
:10F680007E4B6268D3F8F4012146FAF71BFA03F0C7
:10F69000A1BF7D4B08930CAE764B099308A9764B1E
:10F6A0000A933046FAF7AAFD00238DF81C30DDE9F5
:10F6B0000601CDE902548DE8030096E80F00F5F746
:10F6C000DFFD03F087BF6D4B6268D3F8FC01214674
:10F6D000FAF7F8F903F07EBF684B6268D3F80002CE
:10F6E0002146FAF7EFF903F075BF644B6268D3F86F
:10F6F00004022146FAF7E6F903F06CBF634B089366
:10F700000CAE5C4B099308A95B4B0A933046FAF7A1
:10F7100075FD00238DF81C30DDE90601CDE90254AA
:10F720008DE8030096E80F00F5F7AAFD03F052BF3D
:10F73000524B6268D3F80C022146FAF7C3F903F082
:10F7400049BF4E4B6268D3F810022146FAF7BAF966
:10F7500003F040BF494B6268D3F814022146FAF720
:10F76000B1F903F037BF4A4B08930CAE414B0993F4
:10F7700008A9414B0A933046FAF740FD00238DF863
:10F780001C30DDE90601CDE902548DE8030096E85E
:10F790000F00F5F775FD03F01DBF384B6268D3F815
:10F7A0001C022146FAF78EF903F014BF334B62684E
:10F7B000D3F820022146FAF785F903F00BBF2F4B4F
:10F7C0006268D3F824022146FAF77CF903F002BFFD
:10F7D000304B08930CAE274B099308A9264B0A938C
:10F7E0003046FAF70BFD00238DF81C30DDE90601E9
:10F7F000CDE902548DE8030096E80F00F5F740FDCF
:10F8000003F0E8BE1D4B6268D3F82C022146FAF7DC
:10F8100059F903F0DFBE194B6268D3F83002214674
:10F82000FAF750F903F0D6BE144B6268D3F83402ED
:10F830002146FAF747F903F0CDBE174B08930CAEFB
:10F840000C4B099308A90C4B0A933046FAF7D6FCE7
:10F8500000238DF81C30DDE90601CDE902548DE866
:10F86000030096E80F00F5F70BFD03F0B3BE00BFF1
:10F87000C811002041410208454102080010002043
:10F88000D8110020E8110020F811002008120020F3
:10F89000181200202812002038120020BA48EAF777
:10F8A000FBFB012003F096BEB84B0C93B84B0D93B5
:10F8B000B84B0E9301238DF83C3000238DF8243093
:10F8C000CDE90214DDE908018DE8030010AB13E96E
:10F8D0000F00F5F72BFC03F07DBED4E900320AB12E
:10F8E000934209D2A84A92F8FC241A702368013383
:10F8F0002360012003F06EBE002003F06BBEA24B1C
:10F900006268D3F808052146FAF7DCF803F062BE16
:10F910009D4B6568D3F800C5D3F8046500232768BC
:10F920000DB1AF4217D2C3F12000B3F120012CFA80
:10F9300003F206FA00F042EA00025CBF46FA01F167
:10F940000A433A70226808330132402B2260E6D124
:10F95000012003F03FBE002003F03CBE8A4BD3F8E9
:10F960002815D4E900320AB1934207D20A781A70F6
:10F97000236801332360012003F02CBE002003F034
:10F9800029BE854B0C93854B0D93854B0E9301231C
:10F990008DF83C300023CDE901148DF82130BDF8FD
:10F9A0002030ADF8003010AB13E90F00F6F70CF87B
:10F9B00003F010BE7B4B08930CAE7B4B099308A958
:10F9C0007A4B0A933046FAF70FFC0023CDE9015435
:10F9D0008DF81930BDF81830ADF8003096E80F00FA
:10F9E000F5F7E8FB03F0F6BD714B08930CAE6E4BD8
:10F9F000099308A96D4B0A933046FAF7F5FB0023EB
:10FA0000CDE901548DF81930BDF81830ADF800304B
:10FA100096E80F00F5F7CEFB03F0DCBD654B0893CD
:10FA20000CAE614B099308A9604B0A933046FAF774
:10FA3000DBFB0023CDE901548DF81930BDF81830F7
:10FA4000ADF8003096E80F00F5F7B4FB03F0C2BD47
:10FA5000594B08930CAE544B099308A9534B0A9386
:10FA60003046FAF7C1FB0023CDE901548DF8193077
:10FA7000BDF81830ADF8003096E80F00F5F79AFBA6
:10FA800003F0A8BD4D4B08930CAE474B099308A952
:10FA9000464B0A933046FAF7A7FB0023CDE9015401
:10FAA0008DF81930BDF81830ADF8003096E80F0029
:10FAB000F5F780FB03F08EBD414B08930CAE3A4B3B
:10FAC000099308A9394B0A933046FAF78DFB0023B6
:10FAD000CDE901548DF81930BDF81830ADF800307B
:10FAE00096E80F00F5F766FB03F074BD354B0893FD
:10FAF0000CAE2D4B099308A92C4B0A933046FAF70C
:10FB000073FB0023CDE901548DF81930BDF818308E
:10FB1000ADF8003096E80F00F5F74CFB03F05ABD46
:10FB2000294B08930CAE204B099308A91F4B0A934D
:10FB30003046FAF759FB0023CDE901548DF819300E
:10FB4000BDF81830ADF8003096E80F00F5F732FB3D
:10FB500003F040BD1D4B08930CAE134B099308A94D
:10FB6000124B0A933046FAF73FFB0023CDE90154CC
:10FB70008DF81930BDF81830ADF8003096E80F0058
:10FB8000F5F718FB03F026BD00100020F814002044
:10FB900091410208954102081C150020A541020868
:10FBA000A94102082C150020394102083D410208F4
:10FBB000C0120020C1120020C2120020C312002077
:10FBC000C4120020C5120020C6120020C712002057
:10FBD000B34B08930CAEB34B099308A9B24B0A93ED
:10FBE0003046FAF7F7FA00238DF81C30DDE90601FC
:10FBF000CDE902548DE8030096E80F00F5F784FB89
:10FC000003F0E8BCA94B08930CAEA94B099308A9D3
:10FC1000A84B0A933046FAF7E7FA0023CDE90154DE
:10FC20008DF81930BDF81830ADF8003096E80F00A7
:10FC3000F5F7C0FA03F0CEBC9F4B08930CAE9F4B78
:10FC4000099308A99E4B0A933046FAF7F5FA002368
:10FC5000CDE901548DF81A30069B009396E80F0009
:10FC6000F5F7D0FB03F0B6BC934B08930CAE954B65
:10FC7000099308A9944B0A933046FAF7DDFA00235A
:10FC8000CDE901548DF81A30069B009396E80F00D9
:10FC9000F5F7B8FB03F09EBC8C4B08930CAE814B80
:10FCA000099308A9804B0A933046FAF793FA002388
:10FCB0008DF81C30DDE90601CDE902548DE8030022
:10FCC00096E80F00F5F720FB03F084BC804B089307
:10FCD0000CAE744B099308A9734B0A933046FAF79C
:10FCE00079FA00238DF81C30DDE90601CDE90254D4
:10FCF0008DE8030096E80F00F5F706FB03F06ABCF9
:10FD0000744B08930CAE674B099308A9664B0A9392
:10FD10003046FAF75FFA00238DF81C30DDE9060162
:10FD2000CDE902548DE8030096E80F00F5F7ECFAF0
:10FD300003F050BC684B08930CAE5A4B099308A9CA
:10FD4000594B0A933046FAF745FA00238DF81C30D8
:10FD5000DDE90601CDE902548DE8030096E80F00C5
:10FD6000F5F7D2FA03F036BC5C4B08930CAE4D4B62
:10FD7000099308A94C4B0A933046FAF72BFA002353
:10FD80008DF81C30DDE90601CDE902548DE8030051
:10FD900096E80F00F5F7B8FA03F01CBC504B089337
:10FDA0000CAE404B099308A93F4B0A933046FAF733
:10FDB00011FA00238DF81C30DDE90601CDE902546B
:10FDC0008DE8030096E80F00F5F79EFA03F002BCF9
:10FDD000444B08930CAE334B099308A9324B0A935A
:10FDE0003046FAF7F7F900238DF81C30DDE90601FB
:10FDF000CDE902548DE8030096E80F00F5F784FA88
:10FE000003F0E8BB384B08930CAE264B099308A9C6
:10FE1000254B0A933046FAF7DDF900238DF81C30A4
:10FE2000DDE90601CDE902548DE8030096E80F00F4
:10FE3000F5F76AFA03F0CEBB2C4B08930CAE194BC6
:10FE4000099308A9184B0A933046FAF7C3F900231F
:10FE50008DF81C30DDE90601CDE902548DE8030080
:10FE600096E80F00F5F750FA03F0B4BB204B089367
:10FE70000CAE0C4B099308A90B4B0A933046FAF7CA
:10FE8000A9F900238DF81C30DDE90601CDE9025403
:10FE90008DE8030096E80F00F5F736FA03F09ABBF9
:10FEA000C8120020154102081D410208CC12002092
:10FEB000394102083D410208C01200207D4F02086E
:10FEC000754F0208654F02085D4F0208D4120020EA
:10FED000D8120020DC120020E0120020E4120020E2
:10FEE000F0120020F4120020F8120020FC12002072
:10FEF00000130020B54B08930CAEB54B099308A92D
:10FF0000B44B0A933046FAF765F900238DF81C309C
:10FF1000DDE90601CDE902548DE8030096E80F0003
:10FF2000F5F7F2F903F056BBAB4B08930CAEAB4BB5
:10FF3000099308A9AA4B0A933046FAF755F900230A
:10FF4000CDE901548DF81930BDF81830ADF8003006
:10FF500096E80F00F5F72EF903F03CBBA14B089390
:10FF60000CAE9E4B099308A99D4B0A933046FAF7B5
:10FF70003BF90023CDE901548DF81930BDF8183054
:10FF8000ADF8003096E80F00F5F714F903F022BB46
:10FF9000954B08930CAE914B099308A9904B0A938B
:10FFA0003046FAF721F90023CDE901548DF81930D4
:10FFB000BDF81830ADF8003096E80F00F5F7FAF804
:10FFC00003F008BB894B08930CAE814B099308A939
:10FFD000804B0A933046FAF7FDF800238DF81C3069
:10FFE000DDE90601CDE902548DE8030096E80F0033
:10FFF000F5F78AF903F0EEBA7D4B08930CAE744B1B
:020000040803EF
:10000000099308A9734B0A933046FAF7E3F80023E3
:100010008DF81C30DDE90601CDE902548DE80300BE
:1000200096E80F00F5F770F903F0D4BA714B089316
:100030000CAE674B099308A9664B0A933046FAF752
:10004000C9F800238DF81C30DDE90601CDE9025422
:100050008DE8030096E80F00F5F756F903F0BABAF9
:10006000654B08930CAE5A4B099308A9594B0A9358
:100070003046FAF7AFF800238DF81C30DDE90601B1
:10008000CDE902548DE8030096E80F00F5F73CF93E
:1000900003F0A0BA594B08930CAE4D4B099308A935
:1000A0004C4B0A933046FAF795F800238DF81C3034
:1000B000DDE90601CDE902548DE8030096E80F0062
:1000C000F5F722F903F086BA4D4B08930CAE404B7E
:1000D000099308A93F4B0A933046FAF77BF80023AF
:1000E0008DF81C30DDE90601CDE902548DE80300EE
:1000F00096E80F00F5F708F903F06CBA414B089346
:100100000CAE364B099308A9354B0A933046FAF7E3
:100110006BF80023CDE901548DF81930BDF8183083
:10012000ADF8003096E80F00F5F744F803F052BA46
:10013000354B08930CAE294B099308A9284B0A9319
:100140003046FAF751F80023CDE901548DF8193003
:10015000BDF81830ADF8003096E80F00F5F72AF832
:1001600003F038BA294B08930CAE1C4B099308A92D
:100170001B4B0A933046FAF737F80023CDE90154B8
:100180008DF81930BDF81830ADF8003096E80F0042
:10019000F5F710F803F01EBA1D4B08930CAE1D4B7B
:1001A000099308A91C4B0A933046FAF727F8002355
:1001B0008DF81C30DDE90601CDE902548DE803001D
:1001C00096E80F00F5F75CF803F004BA041300207A
:1001D000154102081D410208081300203941020898
:1001E0003D410208091300200A1300200C130020CF
:1001F0001013002014130020181300201C130020DB
:100200002013002024130020251300202613002093
:10021000281300204141020845410208BF4B0893C2
:100220000CAEBF4B099308A9BE4B0A933046F9F7B1
:10023000DBFF0023CDE901548DF81930BDF81830EB
:10024000ADF8003096E80F00F4F7B4FF03F0C2B940
:10025000B54B08930CAEB54B099308A9B44B0A9360
:100260003046F9F7CBFF00238DF81C30DDE906019D
:10027000CDE902548DE8030096E80F00F5F700F889
:1002800003F0A8B9AB4B08930CAEA84B099308A98F
:10029000A74B0A933046F9F7B1FF00238DF81C30C5
:1002A000DDE90601CDE902548DE8030096E80F0070
:1002B000F4F7E6FF03F08EB99F4B08930CAE9B4B0F
:1002C000099308A99A4B0A933046F9F797FF002340
:1002D0008DF81C30DDE90601CDE902548DE80300FC
:1002E00096E80F00F4F7CCFF03F074B9934B089332
:1002F0000CAE8E4B099308A98D4B0A933046F9F743
:100300007DFF00238DF81C30DDE90601CDE90254A4
:100310008DE8030096E80F00F4F7B2FF03F05AB936
:10032000874B08930CAE814B099308A9804B0A9325
:100330003046F9F763FF00238DF81C30DDE9060134
:10034000CDE902548DE8030096E80F00F4F798FF1A
:1003500003F040B97B4B08930CAE744B099308A98A
:10036000734B0A933046F9F749FF00238DF81C3090
:10037000DDE90601CDE902548DE8030096E80F009F
:10038000F4F77EFF03F026B96F4B08930CAE674B72
:10039000099308A9664B0A933046F9F72FFF00230B
:1003A0008DF81C30DDE90601CDE902548DE803002B
:1003B00096E80F00F4F764FF03F00CB9634B089361
:1003C0000CAE5A4B099308A9594B0A933046F9F7DA
:1003D00015FF00238DF81C30DDE90601CDE902543C
:1003E0008DE8030096E80F00F4F74AFF03F0F2B837
:1003F000574B08930CAE4D4B099308A94C4B0A93ED
:100400003046F9F7FBFE00238DF81C30DDE90601CC
:10041000CDE902548DE8030096E80F00F4F730FFB1
:1004200003F0D8B84B4B08930CAE404B099308A986
:100430003F4B0A933046F9F7E1FE00238DF81C305C
:10044000DDE90601CDE902548DE8030096E80F00CE
:10045000F4F716FF03F0BEB83F4BD3F808349833D7
:1004600008930CAE3D4B099308A93D4B0A933046C7
:10047000F9F7B0FE00238DF81C30DDE90601CDE967
:1004800002548DE8030096E80F00F4F73DFF03F0F7
:10049000A1B8314BD3F8083490330C93314B0D9302
:1004A000314B0E93CDE9041401238DF83C30002329
:1004B0008DF8283008AB0FCB8DE80F0010AB13E997
:1004C0000F00F4F78FFD03F085B8234BD3F8081421
:1004D000D4E900320AB1934208D291F89C201A70F4
:1004E000236801332360012003F074B8002003F077
:1004F00071B8194BD3F80814D4E900320AB1934209
:1005000008D291F89E201A702368013323600120DD
:1005100003F060B8002003F05DB800BF2C1300208A
:10052000394102083D4102083013002041410208D0
:100530004541020834130020381300203C130020EA
:100540004013002044130020481300204C130020C7
:100550005013002054130020001000201541020801
:100560001D410208AD410208B5410208BA48BB4925
:10057000D0F808042346012210B0BDE8F041F4F79A
:100580004FBEB548B649D0F808042346012210B042
:10059000BDE8F041F4F744BEAF48B249D0F80804D2
:1005A0002346012210B0BDE8F041F4F739BEAA4B52
:1005B000D3F80834B03308930CAEAB4B099308A9B9
:1005C000AA4B0A933046F9F705FE00238DF81C303C
:1005D000DDE90601CDE902548DE8030096E80F003D
:1005E000F4F792FE02F0F6BF9B4BD3F80834B43315
:1005F00008930CAE9C4B099308A99C4B0A93304678
:10060000F9F7E8FD00238DF81C30DDE90601CDE99E
:1006100002548DE8030096E80F00F4F775FE02F02F
:10062000D9BF8D4BD3F80834B83308930CAE8E4B3A
:10063000099308A98D4B0A933046F9F7CBFD0023A7
:100640008DF81C30DDE90601CDE902548DE8030088
:1006500096E80F00F4F758FE02F0BCBF7E4B8449C9
:10066000D3F8080401222346C03010B0BDE8F041A1
:10067000F4F7D6BD784BD3F80834C43308930CAEE6
:10068000794B099308A9794B0A933046F9F7A2FDF3
:1006900000238DF81C30DDE90601CDE902548DE818
:1006A000030096E80F00F4F72FFE02F093BF6A4BA9
:1006B0006F49D3F808040122234600F5B87010B042
:1006C000BDE8F041F4F7ACBD634B6949D3F80804C9
:1006D0000122234600F5BA7010B0BDE8F041F4F7EE
:1006E0009FBD5D4B6249D3F808040122234600F503
:1006F000BC7010B0BDE8F041F4F792BD564B5C49B8
:10070000D3F80834586901222346103010B0BDE8F0
:10071000F041F4F785BD504BD3F808345B692C33B6
:1007200008930CAE504B099308A9504B0A933046DE
:10073000F9F750FD00238DF81C30DDE90601CDE905
:1007400002548DE8030096E80F00F4F7DDFD02F097
:1007500041BF414BD3F808345B69303308930CAE8A
:10076000414B099308A9414B0A933046F9F732FDF2
:1007700000238DF81C30DDE90601CDE902548DE837
:10078000030096E80F00F4F7BFFD02F023BF324BE1
:10079000D3F808345B69343308930CAE354B0993B6
:1007A00008A9354B0A933046F9F71EFD0023CDE921
:1007B00001548DF81930BDF81830ADF8003096E8C6
:1007C0000F00F4F7F7FC02F005BF234B2849D3F8DC
:1007D0000834986901222346103010B0BDE8F0417A
:1007E000F4F71EBD1C4BD3F808349B692C330893D7
:1007F0000CAE224B099308A9214B0A933046F9F716
:100800001BFD0023CDE901548DF81A30069B00939F
:1008100096E80F00F4F7F6FD02F0DCBE0E4BD3F8BD
:1008200008349B692C3308930CAE0F4B099308A92D
:100830000E4B0A933046F9F7CDFC00238DF81C309F
:10084000DDE90601CDE902548DE8030096E80F00CA
:10085000F4F75AFD02F0BEBE00100020ED5D020864
:10086000D15D0208B15D0208154102081D41020870
:100870000D410208394102083D4102084D4F02086E
:10088000454F0208C64BD3F808349B6930330893B0
:100890000CAEC44B099308A9C34B0A933046F9F731
:1008A00099FC00238DF81C30DDE90601CDE90254E6
:1008B0008DE8030096E80F00F4F726FD02F08ABEEB
:1008C000B74BD3F808349B69343308930CAEB54B5F
:1008D000099308A9B44B0A933046F9F77BFC00232F
:1008E0008DF81C30DDE90601CDE902548DE80300E6
:1008F00096E80F00F4F708FD02F06CBEA84BD3F8A1
:1009000008349B69383308930CAEA64B099308A9A9
:10091000A54B0A933046F9F75DFC00238DF81C3097
:10092000DDE90601CDE902548DE8030096E80F00E9
:10093000F4F7EAFC02F04EBE994BD3F808349B69F9
:10094000403308930CAE974B099308A9964B0A9332
:100950003046F9F73FFC00238DF81C30DDE9060135
:10096000CDE902548DE8030096E80F00F4F7CCFCC3
:1009700002F030BE8A4BD3F808349B6944330893A5
:100980000CAE884B099308A9874B0A933046F9F7B8
:1009900021FC00238DF81C30DDE90601CDE902546D
:1009A0008DE8030096E80F00F4F7AEFC02F012BEEB
:1009B0007B4BD3F808349B69483308930CAE7B4BD0
:1009C000099308A97A4B0A933046F9F70DFC0023E6
:1009D000CDE901548DF81930BDF81830ADF800306C
:1009E00096E80F00F4F7E6FB02F0F4BD6C4B71499A
:1009F000D3F8080401222346C83010B0BDE8F04106
:100A0000F4F70EBC664B6C49D3F808040122234668
:100A1000C83010B0BDE8F041F4F702BC604BD3F829
:100A20000834DC3308930CAE5E4B099308A95E4B87
:100A30000A933046F9F7CEFB00238DF81C30DDE930
:100A40000601CDE902548DE8030096E80F00F4F7A3
:100A50005BFC02F0BFBD524B5849D3F80804012299
:100A60002346C83010B0BDE8F041F4F7D9BB4C4B79
:100A70005349D3F8080401222346C83010B0BDE81A
:100A8000F041F4F7CDBB464B4E49D3F808040122A0
:100A90002346C83010B0BDE8F041F4F7C1BB404B6D
:100AA0004949D3F8080401222346C83010B0BDE8F4
:100AB000F041F4F7B5BB3A4B4449D3F8080401229E
:100AC0002346C83010B0BDE8F041F4F7A9BB344B61
:100AD0003F49D3F8080401222346C83010B0BDE8CE
:100AE000F041F4F79DBB2E4B3A49D3F8080401229C
:100AF0002346C83010B0BDE8F041F4F791BB284B55
:100B00003549D3F8080401222346C83010B0BDE8A7
:100B1000F041F4F785BB224B3049D3F80804012299
:100B2000234600F5AA7010B0BDE8F041F4F778BB99
:100B30001B4B2A49D3F808040122234600F5AC7068
:100B400010B0BDE8F041F4F76BBB154B2349D3F867
:100B500008040122234600F5B67010B0BDE8F0414C
:100B6000F4F75EBB0E4BD3F8083403F5AE7308936D
:100B70000CAE0C4B099308A90B4B0A933046F9F7BE
:100B800029FB00238DF81C30DDE90601CDE9025474
:100B90008DE8030096E80F00F4F7B6FB02F01ABDEB
:100BA00000100020154102081D41020839410208C9
:100BB0003D4102080D5F0208F15E0208D15E0208A5
:100BC000B55E0208955E0208795E0208394F020898
:100BD0001D4F0208595E02083D5E02080D410208E1
:100BE000C54BD3F8083403F5B07308930CAEC34B70
:100BF000099308A9C24B0A933046F9F7EBFA002390
:100C00008DF81C30DDE90601CDE902548DE80300C2
:100C100096E80F00F4F778FB02F0DCBCB64BB9495C
:100C2000D3F808040122234600F5B27010B0BDE8E5
:100C3000F041F4F7F5BAB04BB249D3F808040122F9
:100C4000234600F5B47010B0BDE8F041F4F7E8BAFF
:100C5000A94B6268D3F808342146D3F88800F8F726
:100C600031FF02F0B7BCA44B6268D3F808342146C8
:100C7000D3F88C00F8F726FF02F0ACBC9E4BD3F8FB
:100C800008341C3308930CAE9F4B099308A99F4B63
:100C90000A933046F9F7A8FA0023CDE901548DF8FC
:100CA0001930BDF81830ADF8003096E80F00F4F7B1
:100CB00081FA02F08FBC904BD3F8083420330893AC
:100CC0000CAE934B099308A9924B0A933046F9F75F
:100CD000BDFA00238DF81C30DDE90601CDE9025490
:100CE0008DE8030096E80F00F4F7DCF902F072BC1F
:100CF000814BD3F80834243308930CAE7F4B09930F
:100D000008A97F4B0A933046F9F764FA00238DF85F
:100D10001C30DDE90601CDE902548DE8030096E8B8
:100D20000F00F4F7F1FA02F055BC734BD3F8083416
:100D3000283308930CAE714B099308A9704B0A93A2
:100D40003046F9F747FA00238DF81C30DDE906013B
:100D5000CDE902548DE8030096E80F00F4F7D4FAC9
:100D600002F038BC644BD3F808341C3308930CAE43
:100D7000694B099308A9694B0A933046F9F72AFA97
:100D800000238DF81C30DDE90601CDE902548DE821
:100D9000030096E80F00F4F7B7FA02F01BBC564BBD
:100DA000D3F808341C3308930CAE5D4B099308A9A3
:100DB0005C4B0A933046F9F70DFA00238DF81C308E
:100DC000DDE90601CDE902548DE8030096E80F0045
:100DD000F4F79AFA02F0FEBB474BD3F808343433E9
:100DE00008930CAE454B099308A9454B0A9330462E
:100DF000F9F7F0F900238DF81C30DDE90601CDE9A3
:100E000002548DE8030096E80F00F4F77DFA02F033
:100E1000E1BB394BD3F8083438330C93424B0D9374
:100E2000424B0E9301238DF83C300023CDE9011491
:100E30008DF82130BDF82030ADF8003010AB13E94B
:100E40000F00F4F789FC02F0C5BB2B4BD3F8083434
:100E50003C3308930CAE294B099308A9284B0A93FD
:100E60003046F9F7B7F900238DF81C30DDE90601AB
:100E7000CDE902548DE8030096E80F00F4F744FA38
:100E800002F0A8BB1C4BD3F80834403308930CAED7
:100E90001A4B099308A91A4B0A933046F9F79AF9A5
:100EA00000238DF81C30DDE90601CDE902548DE800
:100EB000030096E80F00F4F727FA02F08BBB0E4B05
:100EC000D3F80834443308930CAE0C4B099308A9AB
:100ED0000B4B0A933046F9F77DF900238DF81C304F
:100EE000DDE90601CDE902548DE8030096E80F0024
:100EF000F4F70AFA02F06EBB001000201541020858
:100F00001D4102080D410208014F0208795B0208E9
:100F1000BD410208C1410208F94E0208ED4E020827
:100F2000DD4E0208D14E0208C5410208C94102083F
:100F3000BC4BD3F80834503308930CAEBA4B09932A
:100F400008A9BA4B0A933046F9F744F900238DF803
:100F50001C30DDE90601CDE902548DE8030096E876
:100F60000F00F4F7D1F902F035BBAE4BD3F80834DB
:100F7000543308930CAEAC4B099308A9AB4B0A93BE
:100F80003046F9F727F900238DF81C30DDE906011A
:100F9000CDE902548DE8030096E80F00F4F7B4F9A8
:100FA00002F018BB9F4BD3F80834483308930CAEBB
:100FB0009D4B099308A99D4B0A933046F9F70AF90E
:100FC00000238DF81C30DDE90601CDE902548DE8DF
:100FD000030096E80F00F4F797F902F0FBBA914B83
:100FE000D3F808341C3308930CAE914B099308A92D
:100FF000904B0A933046F9F7EDF800238DF81C303A
:10100000DDE90601CDE902548DE8030096E80F0002
:10101000F4F77AF902F0DEBA824BD3F80834583389
:1010200008930CAE804B099308A9804B0A93304675
:10103000F9F7D0F800238DF81C30DDE90601CDE981
:1010400002548DE8030096E80F00F4F75DF902F012
:10105000C1BA744BD3F808345C3308930CAE724BAE
:10106000099308A9714B0A933046F9F7B3F80023A6
:101070008DF81C30DDE90601CDE902548DE803004E
:1010800096E80F00F4F740F902F0A4BA654BD3F8E4
:101090000834603308930CAE674B099308A9674B7B
:1010A0000A933046F9F7A0F80023CDE901548DF8F2
:1010B0001930BDF81830ADF8003096E80F00F4F79D
:1010C00079F802F087BA574BD3F8083464330893A1
:1010D0000CAE554B099308A9544B0A933046F9F7C7
:1010E00079F800238DF81C30DDE90601CDE90254C2
:1010F0008DE8030096E80F00F4F706F902F06ABAEB
:10110000484BD3F80834683308930CAE464B099328
:1011100008A9464B0A933046F9F75CF800238DF88E
:101120001C30DDE90601CDE902548DE8030096E8A4
:101130000F00F4F7E9F802F04DBA3A4BD3F808344F
:101140006C3308930CAE3C4B099308A93B4B0A93B4
:101150003046F9F749F80023CDE901548DF81930EC
:10116000BDF81830ADF8003096E80F00F4F722F81B
:1011700002F030BA2B4BD3F808346D3308930CAE21
:101180002D4B099308A92D4B0A933046F9F72CF8FB
:101190000023CDE901548DF81930BDF81830ADF8B1
:1011A000003096E80F00F4F705F802F013BA1D4B73
:1011B000D3F80834703308930CAE1B4B099308A97D
:1011C0001A4B0A933046F9F705F800238DF81C30C6
:1011D000DDE90601CDE902548DE8030096E80F0031
:1011E000F4F792F802F0F6B90E4BD3F808347433E2
:1011F00008930CAE0C4B099308A90C4B0A9330468C
:10120000F8F7E8FF00238DF81C30DDE90601CDE991
:1012100002548DE8030096E80F00F4F775F802F029
:10122000D9B900BF00100020154102081D41020875
:10123000C14E0208B54E0208394102083D4102087C
:10124000C64BD3F80834783308930CAEC44B0993DB
:1012500008A9C44B0A933046F8F7BCFF00238DF869
:101260001C30DDE90601CDE902548DE8030096E863
:101270000F00F4F749F802F0ADB9B84BD3F80834D1
:101280007C3308930CAEB64B099308A9B54B0A936F
:101290003046F8F79FFF00238DF81C30DDE906018A
:1012A000CDE902548DE8030096E80F00F4F72CF81E
:1012B00002F090B9A94BD3F8B03303F563531C3354
:1012C0000C93A94B0D93A94B0E9301238DF83C3041
:1012D0000023CDE901148DF82130BDF82030ADF8A0
:1012E000003010AB13E90F00F4F7A2FB02F072B963
:1012F0009A4BD3F8B03303F56353203308930CAE05
:10130000974B099308A9974B0A933046F8F762FF69
:1013100000238DF81C30DDE90601CDE902548DE88B
:10132000030096E80F00F3F7EFFF02F053B98B4B81
:10133000D3F8B03308930CAE8D4B099308A98D4BAD
:101340000A933046F8F746FF00238DF81C30DDE99C
:101350000601CDE902548DE8030096E80F00F3F78B
:10136000D3FF02F037B97D4BD3F8B03303F56453A4
:10137000183308930CAE7A4B099308A9794B0A935A
:101380003046F8F727FF00238DF81C30DDE9060111
:10139000CDE902548DE8030096E80F00F3F7B4FF9F
:1013A00002F018B96D4BD3F8B03303F564531C3316
:1013B00008930CAE6A4B099308A96A4B0A9330460E
:1013C000F8F708FF00238DF81C30DDE90601CDE9B0
:1013D00002548DE8030096E80F00F3F795FF02F042
:1013E000F9B85E4B6449D3F8B00300F56450234666
:1013F0000122043010B0BDE8F041F3F711BF574BA4
:101400005D49D3F8B00300F564502346012208304B
:1014100010B0BDE8F041F3F703BF504B5649D3F885
:10142000B00300F5645023460122103010B0BDE82F
:10143000F041F3F7F5BED4E90021484BD3F8B033BF
:1014400009B18A420AD203F54053012093F83D398D
:10145000137023680133236002F0BCB8002002F04F
:10146000B9B83E4BD3F8B03303F564530C3308934B
:101470000CAE3B4B099308A93A4B0A933046F8F758
:10148000A9FE00238DF81C30DDE90601CDE90254E8
:101490008DE8030096E80F00F3F736FF02F09AB8E4
:1014A0002E4BD3F8B03303F564533E3308930CAEA0
:1014B000324B099308A9324B0A933046F8F794FE51
:1014C0000023CDE901548DF81930BDF81830ADF87E
:1014D000003096E80F00F3F76DFE02F07BB81F4B6B
:1014E000D3F8B03303F56453383308930CAE1C4B78
:1014F000099308A91B4B0A933046F8F76BFE0023AB
:101500008DF81C30DDE90601CDE902548DE80300B9
:1015100096E80F00F3F7F8FE02F05CB80F4BD3F833
:10152000B03303F562532C3308930CAE0C4B099384
:1015300008A90C4B0A933046F8F74CFE00238DF8AF
:101540001C30DDE90601CDE902548DE8030096E880
:101550000F00F3F7D9FE02F03DB800BF00100020E5
:10156000154102081D410208CD410208D14102087F
:10157000A54E0208D54F02080D4102083941020864
:101580003D410208BF4BD3F8B03303F5625331330A
:1015900008930CAEBC4B099308A9BC4B0A93304688
:1015A000F8F722FE0023CDE901548DF81930BDF87B
:1015B0001830ADF8003096E80F00F3F7FBFD02F0AD
:1015C00009B8B04BD3F8B03303F562533333089303
:1015D0000CAEAD4B099308A9AC4B0A933046F8F713
:1015E00003FE0023CDE901548DF81930BDF8183001
:1015F000ADF8003096E80F00F3F7DCFD01F0EABF2C
:10160000A04BD3F8B03303F56253303308930CAEDC
:101610009D4B099308A99D4B0A933046F8F7E4FDCA
:101620000023CDE901548DF81930BDF81830ADF81C
:10163000003096E80F00F3F7BDFD01F0CBBF914BF2
:10164000D3F8B03303F56253323308930CAE8E4BAC
:10165000099308A98D4B0A933046F8F7C5FD00237E
:10166000CDE901548DF81930BDF81830ADF80030CF
:1016700096E80F00F3F79EFD01F0ACBF814BD3F865
:10168000B03318330C93824B0D93824B0E9301238E
:101690008DF83C300023CDE901148DF82130BDF8E0
:1016A0002030ADF8003010AB13E90F00F4F7F0F87C
:1016B00001F090BF734BD3F8B03319330C93764BD2
:1016C0000D93764B0E9301238DF83C300023CDE92A
:1016D00001148DF82130BDF82030ADF8003010AB8A
:1016E00013E90F00F4F708F901F074BF654BD3F864
:1016F000B0331C3308930CAE694B099308A9694BAE
:101700000A933046F8F766FD00238DF81C30DDE9BA
:101710000601CDE902548DE8030096E80F00F3F7C7
:10172000F3FD01F057BF574BD3F8B0332033089384
:101730000CAE5B4B099308A95A4B0A933046F8F755
:1017400049FD00238DF81C30DDE90601CDE9025486
:101750008DE8030096E80F00F3F7D6FD01F03ABFDD
:10176000484BD3F8B033243308930CAE4C4B099359
:1017700008A94C4B0A933046F8F72CFD00238DF84E
:101780001C30DDE90601CDE902548DE8030096E83E
:101790000F00F3F7B9FD01F01DBF3A4BD3F8B0339A
:1017A000303308930CAE3E4B099308A93D4B0A9386
:1017B0003046F8F70FFD00238DF81C30DDE90601F7
:1017C000CDE902548DE8030096E80F00F3F79CFD85
:1017D00001F000BF2B4BD3F8B033283308930CAE85
:1017E0002F4B099308A92F4B0A933046F8F7F2FCC8
:1017F00000238DF81C30DDE90601CDE902548DE8A7
:10180000030096E80F00F3F77FFD01F0E3BE1D4BE8
:10181000D3F8B0332C3308930CAE214B099308A9AD
:10182000204B0A933046F8F7D5FC00238DF81C3086
:10183000DDE90601CDE902548DE8030096E80F00CA
:10184000F3F762FD01F0C6BE0E4BD3F8B03334336C
:1018500008930CAE124B099308A9124B0A93304619
:10186000F8F7B8FC00238DF81C30DDE90601CDE95E
:1018700002548DE8030096E80F00F3F745FD01F0F0
:10188000A9BE00BF00100020394102083D410208F6
:10189000954E02088D4E0208D5410208D941020832
:1018A000154102081D410208C24BD3F8B03338334A
:1018B00008930CAEC04B099308A9C04B0A9330465D
:1018C000F8F788FC00238DF81C30DDE90601CDE92E
:1018D00002548DE8030096E80F00F3F715FD01F0C0
:1018E00079BEB44BD3F8B0333C3308930CAEB44B51
:1018F000099308A9B34B0A933046F8F775FC002307
:10190000CDE901548DF81930BDF81830ADF800302C
:1019100096E80F00F3F74EFC01F05CBEA54BD3F840
:10192000B033403308930CAEA34B099308A9A34BE3
:101930000A933046F8F74EFC00238DF81C30DDE9A1
:101940000601CDE902548DE8030096E80F00F3F795
:10195000DBFC01F03FBE974BD3F8B033183308934C
:101960000CAE994B099308A9984B0A933046F8F7A7
:101970006DFC00238DF81C30DDE90601CDE9025431
:101980008DE8030096E80F00F3F78CFB01F022BE10
:10199000884BD3F8B033503308930CAE864B099381
:1019A00008A9864B0A933046F8F714FC00238DF8FB
:1019B0001C30DDE90601CDE902548DE8030096E80C
:1019C0000F00F3F7A1FC01F005BE7A4BD3F8B0335A
:1019D000483308930CAE784B099308A9774B0A93C8
:1019E0003046F8F7F7FB00238DF81C30DDE90601DF
:1019F000CDE902548DE8030096E80F00F3F784FC6C
:101A000001F0E8BD6B4BD3F8B03303F562533433C8
:101A100008930CAE6E4B099308A96E4B0A9330469F
:101A2000F8F71EFC0023CDE901548DF81930BDF8FC
:101A30001830ADF8003096E80F00F3F759FE01F0CA
:101A4000C9BD5C4BD3F8B03303F562533833089308
:101A50000CAE594B099308A9584B0A933046F8F736
:101A6000B9FB00238DF81C30DDE90601CDE90254F5
:101A70008DE8030096E80F00F3F746FC01F0AABDDD
:101A80004C4BD3F8B03303F562533C3308930CAEA0
:101A9000494B099308A9494B0A933046F8F79AFB3A
:101AA00000238DF81C30DDE90601CDE902548DE8F4
:101AB000030096E80F00F3F727FC01F08BBD3D4BC8
:101AC000D3F8B03303F5635308930CAE404B09933E
:101AD00008A9404B0A933046F8F7C2FB0023CDE932
:101AE00001548DF81930BDF81830ADF8003096E883
:101AF0000F00F3F7FDFD01F06DBD2E4BD3F8B033B1
:101B0000183308930CAE344B099308A9334B0A934E
:101B10003046F8F75FFB00238DF81C30DDE9060145
:101B2000CDE902548DE8030096E80F00F3F7ECFBD3
:101B300001F050BD1F4B6268D3F8B0332146586D99
:101B4000F7F7C0FF01F046BD1A4BD3F8B03303F5E9
:101B50006253183308930CAE194B099308A9194B1B
:101B60000A933046F8F740FB0023CDE901548DF885
:101B70001930BDF81830ADF8003096E80F00F3F7D3
:101B800019FB01F027BDD4E900210A4BD3F8B0338B
:101B900009B18A420AD203F54053012093F89938DB
:101BA000137023680133236001F014BD002001F09D
:101BB00011BD00BF00100020154102081D410208A0
:101BC000394102083D410208794E0208714E02086F
:101BD000DD410208E1410208654E0208594E020843
:101BE000CA4BD3F8B03303F562531C3308930CAEE1
:101BF000C74B099308A9C74B0A933046F8F7EAFA8E
:101C000000238DF81C30DDE90601CDE902548DE892
:101C1000030096E80F00F3F777FB01F0DBBCBB4B4A
:101C2000D3F8B03303F56253203308930CAEB84BAE
:101C3000099308A9B74B0A933046F8F7CBFA00236B
:101C40008DF81C30DDE90601CDE902548DE8030072
:101C500096E80F00F3F758FB01F0BCBCAB4BAE4964
:101C6000D3F8B00300F5625023460122243010B0AF
:101C7000BDE8F041F3F7D4BAA44BD3F8B03303F581
:101C80006253283308930CAEA44B099308A9A44BC4
:101C90000A933046F8F7A8FA0023CDE901548DF8ED
:101CA0001930BDF81830ADF8003096E80F00F3F7A2
:101CB00081FA01F08FBC954BD3F8B03303F5635331
:101CC000043308930CAE924B099308A9914B0A93E5
:101CD0003046F8F77FFA00238DF81C30DDE9060165
:101CE000CDE902548DE8030096E80F00F3F70CFBF2
:101CF00001F070BC854BD3F8B03303F56353083360
:101D000008930CAE824B099308A9824B0A93304684
:101D1000F8F760FA00238DF81C30DDE90601CDE903
:101D200002548DE8030096E80F00F3F7EDFA01F096
:101D300051BC764BD3F8B03303F56353103308939B
:101D40000CAE734B099308A9724B0A933046F8F70F
:101D500041FA00238DF81C30DDE90601CDE902547B
:101D60008DE8030096E80F00F3F7CEFA01F032BCDD
:101D7000664BD3F8B03303F563530C3308930CAEC2
:101D8000634B099308A9634B0A933046F8F722FA8C
:101D900000238DF81C30DDE90601CDE902548DE801
:101DA000030096E80F00F3F7AFFA01F013BC574BAE
:101DB000D3F8B03303F56453283308930CAE544B77
:101DC000099308A9534B0A933046F8F703FA002306
:101DD0008DF81C30DDE90601CDE902548DE80300E1
:101DE00096E80F00F3F790FA01F0F4BB474BD3F8F5
:101DF000B03303F564532C3308930CAE444B099372
:101E000008A9444B0A933046F8F7E4F900238DF80B
:101E10001C30DDE90601CDE902548DE8030096E8A7
:101E20000F00F3F771FA01F0D5BB384BD3F8B0339C
:101E300003F56453303308930CAE354B099308A96E
:101E4000344B0A933046F8F7C5F900238DF81C305F
:101E5000DDE90601CDE902548DE8030096E80F00A4
:101E6000F3F752FA01F0B6BB284BD3F8B03303F5C1
:101E70006453343308930CAE254B099308A9254BC2
:101E80000A933046F8F7A6F900238DF81C30DDE9F7
:101E90000601CDE902548DE8030096E80F00F3F740
:101EA00033FA01F097BB194B1B49D3F8B003012259
:101EB000234600F5655010B0BDE8F041F3F7B0B926
:101EC000124B1549D3F8B00300F5655023460122A3
:101ED000043010B0BDE8F041F3F7A2B90B4BD3F8D2
:101EE000B00343680C930121037A8DF820308DF8FC
:101EF0002110BDF820308DF83410ADF80030019578
:101F0000DDE90C23F2F7F4FD01F064BB00100020C2
:101F1000154102081D4102080D410208394102081D
:101F20003D410208C24BD3F8B033043308930CAEE2
:101F3000C04B099308A9C04B0A933046F8F74AF9F9
:101F400000238DF81C30DDE90601CDE902548DE84F
:101F5000030096E80F00F3F7D7F901F03BBBB44B51
:101F6000D3F8B033083308930CAEB44B099308A9E7
:101F7000B34B0A933046F8F737F90023CDE9015403
:101F80008DF81930BDF81830ADF8003096E80F0024
:101F9000F3F710F901F01EBBA54BD3F8B0030368AB
:101FA0005B689847012001F015BBA14BD3F8B00343
:101FB0000121234600F10C0210B0BDE8F041F3F717
:101FC00053B99B4B9F49D3F8B003012223460C30F1
:101FD00010B0BDE8F041F3F723B9954BD3F8B00347
:101FE000CDE9011400F1140300930123026919469D
:101FF000F3F7D0F901F0EEBA8D4BD3F8B0331033CC
:1020000008930CAE904B099308A9904B0A93304665
:10201000F8F7F4F800238DF81C30DDE90601CDE96E
:1020200002548DE8030096E80F00F3F729F901F058
:10203000D1BA7F4B8349D3F8B00301222346143031
:1020400010B0BDE8F041F3F7EBB8794BD3F85C334F
:102050008C330C937E4B0D937E4B0E9301238DF8A6
:102060003C300023CDE901148DF82230089B009309
:1020700010AB13E90F00F3F715FA01F0ABBA6C4B94
:10208000D3F85C13D4E900320AB1934208D291F834
:102090008F201A70236801332360012001F09ABA5F
:1020A000002001F097BA624BD3F85C13D4E90032F8
:1020B0000AB1934208D291F88E201A702368013336
:1020C0002360012001F086BA002001F083BA584B4A
:1020D0006268D3F85C332146D3F89000F7F7D8FC58
:1020E00001F078BA524B6268D3F85C332146D3F8DA
:1020F0009400F7F7CDFC01F06DBA4D4B5149D3F880
:102100005C0301222346983010B0BDE8F041F3F79C
:1021100087B847485049D0F85C032346012210B0E5
:10212000BDE8F041F3F77CB841484C49D0F85C0376
:102130002346012210B0BDE8F041F3F771B83C4BE3
:102140004049D3F85C0301222346AC3010B0BDE80F
:10215000F041F3F765B836484149D0F85C032346AF
:10216000012210B0BDE8F041F3F75AB8304B3549C1
:10217000D3F85C0301222346B03010B0BDE8F04133
:10218000F3F74EB82A4B2F49D3F85C0301222346BC
:10219000B43010B0BDE8F041F3F742B8244BD3F8A7
:1021A0005C33214693F8F200F3F7E8FC01F012BA31
:1021B0001F482C49D0F85C032346012210B0BDE82B
:1021C000F041F3F72DB81A4B1E49D3F85C030122F6
:1021D0002346B83010B0BDE8F041F3F721B8144BF6
:1021E0001849D3F85C0301222346C43010B0BDE87F
:1021F000F041F3F715B80E4BD3F85C33C8330893AE
:102200000CAE194B099308A9184B0A933046F8F7FE
:102210001DF800238DF81C30DDE90601CDE90254DC
:102220008DE8030096E80F00F2F73CFF01F0D2B909
:1022300000100020154102081D4102083941020822
:102240003D4102080D410208414102084541020892
:10225000E5410208E9410208454E0208394E0208EC
:102260002D4E0208214E0208BD410208C14102085C
:10227000BF4BC049D3F85C0301222346CC3010B0D9
:10228000BDE8F041F2F7CCBFB94BD3F85C3334333F
:102290000C93B94B0D93B94B0E9301238DF83C3041
:1022A0000023CDE901148DF82230089B009310AB78
:1022B00013E90F00F3F746F901F08CB9AC4BD3F8F2
:1022C0005C33343308930CAEAD4B099308A9AD4B86
:1022D0000A933046F7F788FF0023CDE901548DF8C3
:1022E0001930BDF81830ADF8003096E80F00F2F75D
:1022F00061FF01F06FB99E4BD3F85C335433089300
:102300000CAEA14B099308A9A04B0A933046F7F7EE
:1023100061FF00238DF81C30DDE90601CDE9025490
:102320008DE8030096E80F00F2F7EEFF01F052B9D6
:102330008F4BD3F85C33603308930CAE944B099306
:1023400008A9944B0A933046F7F74EFF0023CDE9D6
:1023500001548DF81930BDF81830ADF8003096E80A
:102360000F00F2F727FF01F035B9814BD3F85C334A
:10237000343308930CAE884B099308A9874B0A9312
:102380003046F7F731FF0023CDE901548DF81930BD
:10239000BDF81830ADF8003096E80F00F2F70AFFEC
:1023A00001F018B9724BD3F85C33343308930CAE98
:1023B0007B4B099308A97B4B0A933046F7F73CFF08
:1023C0000023CDE901548DF81A30069B009396E85E
:1023D0000F00F3F717F801F0FDB8654BD3F85C3345
:1023E000503308930CAE704B099308A96F4B0A93B6
:1023F0003046F7F72BFF00238DF81C30DDE906018E
:10240000CDE902548DE8030096E80F00F2F74AFE8A
:1024100001F0E0B8564BD3F85C33483308930CAE68
:10242000614B099308A9614B0A933046F7F70EFFF9
:1024300000238DF81C30DDE90601CDE902548DE85A
:10244000030096E80F00F2F72DFE01F0C3B8484BE9
:10245000D3F85C334C3308930CAE4B4B099308A96B
:102460004A4B0A933046F7F7B5FE00238DF81C302F
:10247000DDE90601CDE902548DE8030096E80F007E
:10248000F2F742FF01F0A6B8394BD3F85C335C3366
:1024900008930CAE444B099308A9444B0A93304669
:1024A000F7F7D4FE00238DF81C30DDE90601CDE9F5
:1024B00002548DE8030096E80F00F2F7F3FD01F0F7
:1024C00089B82B4BD3F85C33343308930CAE384BBC
:1024D000099308A9374B0A933046F7F785FE002386
:1024E000CDE901548DF81930BDF81830ADF8003041
:1024F00096E80F00F2F75EFE01F06CB81C4BD3F8C3
:102500005C33613308930CAE214B099308A9214B2E
:102510000A933046F7F768FE0023CDE901548DF8A1
:102520001930BDF81830ADF8003096E80F00F2F71A
:1025300041FE01F04FB80E4BD3F85C3334330893AF
:102540000CAE1D4B099308A91C4B0A933046F7F7B4
:1025500041FE00238DF81C30DDE90601CDE902546F
:102560008DE8030096E80F00F2F7CEFE01F032B8D6
:10257000001000200D410208ED410208F14102085F
:10258000154E0208094E0208154102081D410208B5
:10259000394102083D410208F94D0208ED4D02089B
:1025A000DD4D0208D14D0208BD410208C1410208BB
:1025B000C14D0208B54D0208A54D0208994D02080B
:1025C000C24BD3F85C33383308930CAEC04B09933D
:1025D00008A9C04B0A933046F7F7FCFD00238DF89D
:1025E0001C30DDE90601CDE902548DE8030096E8D0
:1025F0000F00F2F789FE00F0EDBFB44BD3F85C3367
:102600003C3308930CAEB24B099308A9B14B0A9323
:102610003046F7F7DFFD00238DF81C30DDE90601B9
:10262000CDE902548DE8030096E80F00F2F76CFE46
:1026300000F0D0BFA54BD3F85C33403308930CAE09
:10264000A34B099308A9A34B0A933046F7F7C2FDA1
:1026500000238DF81C30DDE90601CDE902548DE838
:10266000030096E80F00F2F74FFE00F0B3BF974B60
:10267000D3F85C33633308930CAE974B099308A9E6
:10268000964B0A933046F7F7AFFD0023CDE901548E
:102690008DF81930BDF81830ADF8003096E80F000D
:1026A000F2F788FD00F096BF884BD3F85C336433B3
:1026B00008930CAE8A4B099308A98A4B0A933046BB
:1026C000F7F7CEFD0023CDE901548DF81930BDF8A0
:1026D0001830ADF8003096E80F00F3F709F800F075
:1026E00079BF7A4BD3F85C33653308930CAE7A4BE1
:1026F000099308A9794B0A933046F7F775FD002333
:10270000CDE901548DF81930BDF81830ADF800301E
:1027100096E80F00F2F74EFD00F05CBF6B4BD3F86C
:102720005C33823308930CAE6F4B099308A96F4B4F
:102730000A933046F7F780FD0023CDE901548DF868
:102740001A30069B009396E80F00F2F75BFE00F04C
:1027500041BF5E4BD3F85C33843308930CAE624BBD
:10276000099308A9614B0A933046F7F765FD0023EA
:10277000CDE901548DF81A30069B009396E80F00BE
:10278000F2F740FE00F026BF504BD3F85C0303681D
:1027900041681B689847012000F01CBF4B4BD3F8E1
:1027A0005C33043308930CAE514B099308A9514B89
:1027B0000A933046F7F74AFD00238DF81C30DDE917
:1027C0000601CDE902548DE8030096E80F00F2F708
:1027D00069FC00F0FFBE484948482346012210B07A
:1027E000BDE8F041F2F71CBD4549464823460122A9
:1027F00010B0BDE8F041F2F713BD3F49424823460F
:10280000012210B0BDE8F041F2F70ABD3F493D4852
:102810002346012210B0BDE8F041F2F701BD3C496A
:1028200038482346012210B0BDE8F041F2F7F8BC69
:10283000384B08930CAE264B099308A9254B0A93F5
:102840003046F7F7C7FC00238DF81C30DDE90601A0
:10285000CDE902548DE8030096E80F00F2F754FD2D
:1028600000F0B8BE194BD3F8AC3310330C932A4B9D
:102870000D932A4B0E9301238DF83C300023CDE9B4
:1028800001148DF82130BDF82030ADF8003010ABC8
:1028900013E90F00F2F794FF00F09CBE0B482049AB
:1028A000D0F8AC032346012210B0BDE8F041F2F7A6
:1028B000B7BC064B1049D3F8AC03012223461430B1
:1028C00010B0BDE8F041F2F7ABBC00BF0010002033
:1028D000154102081D410208394102083D41020824
:1028E000DD410208E1410208F5410208F941020810
:1028F000BD410208C14102080D4102088C130020AD
:10290000894D020860130020901300207D4D0208BD
:10291000714D020864130020FD41020801420208C3
:10292000654D0208BA48BB49D0F8AC0323460122E2
:1029300010B0BDE8F041F2F773BCB548B649D0F825
:10294000AC032346012210B0BDE8F041F2F768BCA9
:10295000AF4BD3F8AC33043308930CAEAF4B0993B1
:1029600008A9AF4B0A933046F7F734FC00238DF8E3
:102970001C30DDE90601CDE902548DE8030096E83C
:102980000F00F2F7C1FC00F025BEA14BD3F8AC3329
:10299000083308930CAEA14B099308A9A04B0A93E6
:1029A0003046F7F717FC00238DF81C30DDE90601EF
:1029B000CDE902548DE8030096E80F00F2F7A4FC7D
:1029C00000F008BE924BD3F8AC330C3308930CAE36
:1029D000924B099308A9924B0A933046F7F7FAFBFA
:1029E00000238DF81C30DDE90601CDE902548DE8A5
:1029F000030096E80F00F2F787FC00F0EBBD844B74
:102A0000D3F80C34043308930CAE844B099308A913
:102A1000834B0A933046F7F7DDFB00238DF81C301B
:102A2000DDE90601CDE902548DE8030096E80F00C8
:102A3000F2F76AFC00F0CEBD754BD3F80C340833C6
:102A400008930CAE754B099308A9754B0A93304651
:102A5000F7F7C0FB00238DF81C30DDE90601CDE956
:102A600002548DE8030096E80F00F2F74DFC00F0E9
:102A7000B1BD674BD3F80C340C3308930CAE674BE5
:102A8000099308A9664B0A933046F7F7A3FB002386
:102A90008DF81C30DDE90601CDE902548DE8030014
:102AA00096E80F00F2F730FC00F094BD584BD3F8D5
:102AB0001014D4E900320AB1934207D20A7D1A7089
:102AC000236801332360012000F084BD002000F062
:102AD00081BD4F4BD3F8103408930CAE514B099382
:102AE00008A9514B0A933046F7F7A6FB0023CDE91E
:102AF00001548DF81A30069B009396E80F00F2F708
:102B000081FC00F067BD424BD3F8103408930CAE43
:102B1000464B099308A9464B0A933046F7F764FBE6
:102B20000023CDE901548DF81930BDF81830ADF807
:102B3000003096E80F00F2F73DFB00F04BBD344B40
:102B4000D3F8103408930CAE344B099308A9344BD6
:102B50000A933046F7F73EFB00238DF81C30DDE981
:102B60000601CDE902548DE8030096E80F00F2F764
:102B7000CBFB00F02FBD264BD3F810340B3308935A
:102B80000CAE2C4B099308A92B4B0A933046F7F750
:102B90002BFB0023CDE901548DF81930BDF8183016
:102BA000ADF8003096E80F00F2F704FB00F012BD1C
:102BB000174BD3F8103408930CAE204B099308A997
:102BC0001F4B0A933046F7F719FB00238DF81C3092
:102BD000DDE90601CDE902548DE8030096E80F0017
:102BE000F2F74EFB00F0F6BC094BD3F81414D4E90D
:102BF00000320AB1934207D20A7D1A70236801336A
:102C00002360012000F0E6BC002000F0E3BC00BF20
:102C100000100020594D02084D4D020815410208D0
:102C20001D410208414D0208394D02082D4D020890
:102C3000254D0208394102083D410208194D02089C
:102C4000114D0208BA4BD3F8143408930CAEB94BAB
:102C5000099308A9B84B0A933046F7F7EDFA002319
:102C6000CDE901548DF81A30069B009396E80F00C9
:102C7000F2F7C8FB00F0AEBCAD4BD3F814340893A8
:102C80000CAEAE4B099308A9AD4B0A933046F7F74B
:102C9000ABFA0023CDE901548DF81930BDF8183096
:102CA000ADF8003096E80F00F2F784FA00F092BC1D
:102CB0009F4BD3F8143408930CAEA24B099308A988
:102CC000A14B0A933046F7F785FA00238DF81C30A4
:102CD000DDE90601CDE902548DE8030096E80F0016
:102CE000F2F712FB00F076BC914BD3F814340B339F
:102CF00008930CAE954B099308A9954B0A9330465F
:102D0000F7F772FA0023CDE901548DF81930BDF8B8
:102D10001830ADF8003096E80F00F2F74BFA00F0EB
:102D200059BC834BD3F8143408930CAE894B0993E8
:102D300008A9894B0A933046F7F760FA00238DF80B
:102D40001C30DDE90601CDE902548DE8030096E868
:102D50000F00F2F795FA00F03DBC754BD3F818342C
:102D6000043308930CAE7D4B099308A97C4B0A935E
:102D70003046F7F761FA0023CDE901548DF81A3097
:102D8000069B009396E80F00F2F73CFB00F022BC94
:102D9000674BD3F81834063308930CAE6B4B09938A
:102DA00008A96B4B0A933046F7F71EFA0023CDE9CA
:102DB00001548DF81930BDF81830ADF8003096E8A0
:102DC0000F00F2F7F7F900F005BC594BD3F81804DF
:102DD00003681B6898470120FCE3554BD3F818049F
:102DE00003685B6898470120F4E3514B6268D3F8AD
:102DF0001C042146F6F766FEECE34D4B6268D3F8FF
:102E000020042146F6F75EFEE4E3494B6268D3F8FE
:102E100024042146F6F756FEDCE3524B08930CAE31
:102E2000514B099308A9514B0A933046F7F7E6F93D
:102E300000238DF81C30DDE90601CDE902548DE850
:102E4000030096E80F00F2F71BFAC3E3384B626801
:102E5000D3F82C042146F6F735FEBBE3344B626809
:102E6000D3F830042146F6F72DFEB3E3304B626809
:102E7000D3F834042146F6F725FEABE33C4B089328
:102E80000CAE394B099308A9384B0A933046F7F733
:102E9000B5F900238DF81C30DDE90601CDE90254B7
:102EA0008DE8030096E80F00F2F7EAF992E3204B71
:102EB0006268D3F83C042146F6F704FE8AE31C4B13
:102EC0006268D3F840042146F6F7FCFD82E3184B14
:102ED0006268D3F844042146F6F7F4FD7AE3254B03
:102EE00008930CAE204B099308A9204B0A93304657
:102EF000F7F784F900238DF81C30DDE90601CDE9F0
:102F000002548DE8030096E80F00F2F7B9F961E387
:102F1000074B6268D3F84C042146F6F7D3FD59E31A
:102F2000034B6268D3F850042146F6F7CBFD51E31A
:102F300000100020414D0208394D02082D4D0208B5
:102F4000254D0208154102081D41020839410208B9
:102F50003D410208194D0208114D0208054D0208B5
:102F6000FD4C020828140020414102084541020896
:102F70003814002048140020AF4B6268D3F8540482
:102F80002146F6F79FFD25E3AC4B08930CAEAC4B06
:102F9000099308A9AB4B0A933046F7F72FF90023A2
:102FA0008DF81C30DDE90601CDE902548DE80300FF
:102FB00096E80F00F2F764F90CE39F4B6268D3F8D0
:102FC0005C042146F6F77EFD04E39B4B6268D3F870
:102FD00060042146F6F776FDFCE2974B6268D3F871
:102FE00064042146F6F76EFDF4E2974B08930CAEAD
:102FF000934B099308A9934B0A933046F7F7FEF8D1
:1030000000238DF81C30DDE90601CDE902548DE87E
:10301000030096E80F00F2F733F9DBE2864B6268B3
:10302000D3F86C042146F6F74DFDD3E2824B62687B
:10303000D3F870042146F6F745FDCBE27E4B62687B
:10304000D3F874042146F6F73DFDC3E27F4B0893A5
:103050000CAE7B4B099308A97A4B0A933046F7F7DD
:10306000CDF800238DF81C30DDE90601CDE90254CE
:103070008DE8030096E80F00F2F702F9AAE26E4B22
:103080006268D3F87C042146F6F71CFDA2E26A4B85
:103090006268D3F880042146F6F714FD9AE2664B85
:1030A0006268D3F884042146F6F70CFD92E2684B7F
:1030B00008930CAE624B099308A9624B0A93304601
:1030C000F7F79CF800238DF81C30DDE90601CDE907
:1030D00002548DE8030096E80F00F2F7D1F879E288
:1030E000554B6268D3F88C042146F6F7EBFC71E28D
:1030F000514B6268D3F890042146F6F7E3FC69E28D
:103100004D4B6268D3F894042146F6F7DBFC61E28C
:10311000504B08930CAE4A4B099308A9494B0A93AC
:103120003046F7F76BF800238DF81C30DDE9060117
:10313000CDE902548DE8030096E80F00F2F7A0F8FD
:1031400048E23D4B6268D3F89C042146F6F7BAFC8E
:1031500040E2394B6268D3F8A0042146F6F7B2FC8E
:1031600038E2354B6268D3F8A4042146F6F7AAFC8E
:1031700030E2394B08930CAE314B099308A9314B1F
:103180000A933046F7F73AF800238DF81C30DDE952
:103190000601CDE902548DE8030096E80F00F2F72E
:1031A0006FF817E2244B6268D3F8AC042146F6F7B7
:1031B00089FC0FE2204B6268D3F8B0042146F6F791
:1031C00081FC07E21C4B6268D3F8B4042146F6F791
:1031D00079FCFFE1214B08930CAE194B099308A928
:1031E000184B0A933046F7F709F800238DF81C3086
:1031F000DDE90601CDE902548DE8030096E80F00F1
:10320000F2F73EF8E6E10C4B6268D3F8BC042146C5
:10321000F6F758FCDEE1084B6268D3F8C00421469B
:10322000F6F750FCD6E1044B6268D3F8C40421469B
:10323000F6F748FCCEE100BF001000205814002033
:10324000414102084541020868140020781400201A
:103250008814002098140020A8140020B81400201E
:10326000B24B08930CAEB24B099308A9B14B0A9329
:103270003046F6F7C3FF00238DF81C30DDE9060168
:10328000CDE902548DE8030096E80F00F1F7F8FF4E
:10329000A0E1A94B6268D3F8CC042146F6F712FCF2
:1032A00098E1A54B6268D3F8D0042146F6F70AFCF2
:1032B00090E1A14B6268D3F8D4042146F6F702FCF2
:1032C00088E19E4B08930CAE994B099308A9994B42
:1032D0000A933046F6F792FF00238DF81C30DDE9A3
:1032E0000601CDE902548DE8030096E80F00F1F7DE
:1032F000C7FF6FE1904B6268D3F8DC042146F6F714
:10330000E1FB67E18C4B6268D3F8E0042146F6F7F5
:10331000D9FB5FE1884B6268D3F8E4042146F6F7F5
:10332000D1FB57E1864B08930CAE814B099308A95A
:10333000804B0A933046F6F761FF00238DF81C306E
:10334000DDE90601CDE902548DE8030096E80F009F
:10335000F1F796FF3EE17848D0F8B03200F52C70D6
:103360001B689847012035E1764A77495368086819
:1033700003440B60936001202CE1744B08930CAE66
:10338000734B099308A9734B0A933046F6F75EFF17
:1033900000238DF81C30DDE90601CDE902548DE8EB
:1033A000030096E80F00F1F77DFE13E1654B6268BC
:1033B00098682146F6F76CFB0CE1624C664BE268BC
:1033C000102A98BF03EBC20393E803000CAA82E81B
:1033D0000300E6F7BFFC012084ED040AFAE05F4B2E
:1033E00008930CAE524B099308A9524B0A933046EE
:1033F000F6F704FF00238DF81C30DDE90601CDE966
:1034000002548DE8030096E80F00F1F739FFE1E080
:10341000534954482346012210B0BDE8F041F1F76A
:10342000FFBE484C2046EDF7CDFA20750120D1E0D3
:10343000D4E900320AB1934207D2424A127D1A708F
:103440002368013323600120C4E00020C2E03D482E
:10345000ECF766FF0120BDE03A4803681B69984716
:103460000120B7E03748EDF709F80120B2E0354C0C
:10347000A1692046ECF7A4FEE0610120AAE03A4BE6
:1034800008930CAE324B099308A9324B0A9330468D
:10349000F6F7DCFE00238DF81C30DDE90601CDE9EE
:1034A00002548DE8030096E80F00F1F7FBFD91E070
:1034B000244B6268D8692146F6F704FB8AE0214C68
:1034C00094F820102046ECF7ADFE6062012081E008
:1034D000264B08930CAE264B099308A9254B0A935B
:1034E0003046F6F7BDFE0023CDE901548DF81930C2
:1034F000BDF81830ADF8003096E80F00F2F7F8F894
:1035000068E0104B6268586A2146F6F7DBFA61E022
:103510000C4C2046ECF7CCFEA06201205AE0094B8F
:103520006268986A2146F6F7CDFA53E0C814002085
:10353000414102084541020800100020D814002033
:10354000E8140020C0A30020A0A30020C4A30020F2
:10355000BD410208C1410208B48B0020CCA3002069
:103560000D410208D0A30020D8A30020E0A3002032
:10357000DD410208E1410208184C2046ECF7D6FE76
:10358000C4E90C01012025E0144B6568D3E90CC6A1
:10359000002327680DB1AF4214D2C3F12000A3F17C
:1035A00020012CFA03F206FA00F0024326FA01F198
:1035B0000A433A70226808330132402B2260E8D176
:1035C000012007E0002005E00448ECF7C1FE0120DF
:1035D00000E0002010B0BDE8F08100BFC0A30020D3
:1035E00010B50446CCF776FEFCEEC07A012017EE4B
:1035F000903A237010BD00BF37B500230DF10300D2
:103600000D468DF80330FFF7EBFF044650B19DF8EF
:1036100003308DF8043001238DF8053001992846D8
:10362000F6F7F2FB204603B030BD37B500230DF1AD
:1036300003000D468DF80330FFF7D2FF044650B16A
:103640009DF803308DF8043001238DF80530019981
:103650002846F6F717FD204603B030BD37B50023E6
:103660000DF103000D468DF80330FFF7B9FF044656
:1036700050B19DF803308DF8043001238DF80530EA
:1036800001992846F6F7CCFC204603B030BD37B58B
:1036900000230DF103000D468DF80330FFF7A0FF66
:1036A000044650B19DF803308DF8043001238DF8A5
:1036B000053001992846F6F781FC204603B030BD5D
:1036C00037B500230DF103000D468DF80330FFF7E9
:1036D00087FF044650B19DF803308DF80430012374
:1036E0008DF8053001992846F6F718FB204603B0FF
:1036F00030BD37B500230DF103000D468DF80330C2
:10370000FFF76EFF044650B19DF803308DF804308A
:1037100001238DF8053001992846F6F71DFC204657
:1037200003B030BD37B500230DF103000D468DF811
:103730000330FFF755FF044650B19DF803308DF874
:10374000043001238DF8053001992846F6F7B4FAC4
:10375000204603B030BD37B500230DF103000D4600
:103760008DF80330FFF73CFF044650B19DF803305D
:103770008DF8043001238DF8053001992846F6F7BD
:10378000F7FC204603B030BD37B500230DF1030030
:103790000D468DF80330FFF723FF044650B19DF826
:1037A00003308DF8043001238DF805300199284647
:1037B000F6F71EFA204603B030BD37B500230DF1F1
:1037C00003000D468DF80330FFF70AFF044650B1A1
:1037D0009DF803308DF8043001238DF805300199F0
:1037E0002846F6F743FB204603B030BD37B500232B
:1037F0000DF103000D468DF80330FFF7F1FE04468E
:1038000050B19DF803308DF8043001238DF8053058
:1038100001992846F6F71EFA204603B030BD37B5A9
:1038200000230DF103000D468DF80330FFF7D8FE9D
:10383000044650B19DF803308DF8043001238DF813
:10384000053001992846F6F757F9204603B030BDF8
:1038500038B50120F1F728F9A74B04461880F1F795
:1038600023F9A64BA6491A6840EA044012F0010267
:10387000086000F08D82A34B1A6812F0010200F07C
:103880007382A14B1A6812F0010200F059829F4B1B
:103890001A6812F0010200F03F829D4B1A6812F084
:1038A000010200F025829B4B1A6812F0010200F021
:1038B0000B82994B1A6812F0010200F0F181974BCC
:1038C0001A6812F0010200F0D781954B1A6812F0C5
:1038D000010200F0BD81934B1A6812F0010200F062
:1038E000A381914B1A6812F0010200F089818F4B7D
:1038F0001A6812F0010200F06F818D4B1A6812F005
:10390000010200F0E5808B4B1A6812F0010200F012
:10391000CB80894B1A6812F0010200F0B180874B0E
:103920001A6812F0010200F09780854B1A6812F0B5
:1039300001027DD0834B1A6812F0010264D0824BE1
:103940001A6812F001024BD0804B1A6812F0010283
:1039500032D07F4B1A6812F0010219D07D4B1A68E1
:1039600012F0010200D038BD7B4C7C487C4D012117
:103970001960C4E900507B4904F10800F2F7EAF944
:10398000794B236003F118022833C4E9012338BDC1
:10399000764C7248724D01211960C4E90050744997
:1039A00004F10800F2F7D6F9724B236003F1180214
:1039B0002833C4E90123D1E76F4C6848684D0121E1
:1039C0001960C4E900506D4904F10800F2F7C2F92A
:1039D0006B4B236003F118022833C4E90123B8E7D5
:1039E000684C5E485E4D01211960C4E9005066498B
:1039F00004F10800F2F7AEF9644B236003F11802FA
:103A00002833C4E901239FE7614C5448544D0121F8
:103A10001960C4E900505F4904F10800F2F79AF90F
:103A20005D4B236003F118022833C4E9012386E7C4
:103A30005A4C4A484A4D01211960C4E9005058497E
:103A400004F10800F2F786F9564B236003F11802DF
:103A50002833C4E901236DE7534C4048404D012110
:103A60001960C4E90050514904F10800F2F772F9F5
:103A70004F4B236003F118022833C4E9012354E7B4
:103A80004C4C3648364D01211960C4E900504A4972
:103A900004F10800F2F75EF9484B236003F11802C5
:103AA0002833C4E901233AE7454C2C482C4D012129
:103AB0001960C4E90050434904F10800F2F74AF9DB
:103AC000414B236003F118022833C4E9012320E7A6
:103AD0003E4C2248224D01211960C4E900503C4966
:103AE00004F10800F2F736F93A4B236003F11802AB
:103AF0002833C4E9012306E7E0E9002020E800209C
:103B0000DCE900201CE8002018E8002014E8002070
:103B100010E800200CE8002008E8002004E800205D
:103B200000E80020FCE70020F8E70020F4E7002090
:103B3000F0E70020ECE70020E8E70020E4E70020C1
:103B4000E0E70020DCE70020D8E70020D4E70020F1
:103B5000D0E70020CCE7002024E80020D8B10308FB
:103B6000E8B10308A4A8030838B6030838E8002021
:103B7000A4A8030804B603084CE80020A4A803087E
:103B8000D0B5030860E80020A4A803089CB503088A
:103B900074E80020A4A8030868B5030888E800209A
:103BA000A4A8030834B503089CE80020A4A80308CF
:103BB00000B50308B0E80020A4A80308CCB40308AB
:103BC000C4E80020A4A8030898B40308D8E800209B
:103BD000A4A8030864B40308774C7848784D012101
:103BE0001960C4E90050774904F10800F2F7B2F80F
:103BF000754B236003F118022833C4E901237CE6E6
:103C0000724C6E486E4D01211960C4E90050704934
:103C100004F10800F2F79EF86E4B236003F11802DE
:103C20002833C4E9012362E66B4C6448644D0121EA
:103C30001960C4E90050694904F10800F2F78AF8F4
:103C4000674B236003F118022833C4E9012348E6D7
:103C5000644C5A485A4D01211960C4E90050624928
:103C600004F10800F2F776F8604B236003F11802C4
:103C70002833C4E901232EE65D4C5048504D012104
:103C80001960C4E900505B4904F10800F2F762F8DA
:103C9000594B236003F118022833C4E9012314E6C9
:103CA000564C4648464D01211960C4E9005054491C
:103CB00004F10800F2F74EF8524B236003F11802AA
:103CC0002833C4E90123FAE54F4C3C483C4D01211F
:103CD0001960C4E900504D4904F10800F2F73AF8C0
:103CE0004B4B236003F118022833C4E90123E0E5BC
:103CF000484C3248324D01211960C4E90050464910
:103D000004F10800F2F726F8444B236003F118028F
:103D10002833C4E90123C6E5414C2848284D012138
:103D20001960C4E900503F4904F10800F2F712F8A5
:103D30003D4B236003F118022833C4E90123ACE5AD
:103D40003A4C1E481E4D01211960C4E90050384903
:103D500004F10800F1F7FEFF364B236003F118026F
:103D60002833C4E9012392E5334C1448144D012152
:103D70001960C4E90050314904F10800F1F7EAFF85
:103D80002F4B236003F118022833C4E9012378E59F
:103D90002C4C0A480A4D01211960C4E900502A49F7
:103DA00004F10800F1F7D6FF284B236003F1180255
:103DB0002833C4E901235EE5ECE80020D8B103080C
:103DC000E8B10308A4A8030830B4030800E9002000
:103DD000A4A80308FCB3030814E90020A4A803085E
:103DE000C8B3030828E90020A4A8030894B3030873
:103DF0003CE90020A4A8030860B3030850E90020B0
:103E0000A4A803082CB3030864E90020A4A80308AD
:103E1000F8B2030878E90020A4A80308C4B2030894
:103E20008CE90020A4A8030890B20308A0E90020B0
:103E3000A4A803085CB20308B4E90020A4A80308FE
:103E400028B20308C8E90020A4A80308F4B10308B5
:103E500082B08DE80C00049B0C2B20D8DFE803F027
:103E60001E07090B0D0F11131517191B1D0010321A
:103E700014E0203212E0303210E040320EE05032D6
:103E80000CE060320AE0703208E0803206E09032E6
:103E900004E0A03202E0B03200E0C032026002B0C2
:103EA0007047000082B08DE80C00049B3BB1012BF1
:103EB0000AD1064B43600232054B026003E0054B1A
:103EC0004360054B0260836002B0704739410208CD
:103ED0003D410208054D0208FD4C020882B08DE804
:103EE0000C00049B0BB90432026002B07047000062
:103EF00082B08DE80C00049B042B1ED8DFE803F091
:103F000003080D1218000E4B436002600D4B13E0C6
:103F10000D4B436002600D4B0EE00D4B43600260A1
:103F20000C4B09E00C4B43600B320C4B026003E07E
:103F30000B4B43600B4B0260836002B0704700BFC5
:103F4000414D0208394D02082D4D0208254D020849
:103F5000154102081D410208394102083D4102088D
:103F6000194D0208114D020882B08DE80C00049B27
:103F70001BB1012B05D1026003E0034B43601432F7
:103F8000026002B0704700BF3141020882B08DE884
:103F90000C00049B012B03D0022B03D043B902E099
:103FA000043200E00832034B4360034B026083603D
:103FB00002B07047154102081D41020882B08DE829
:103FC0000C00049B0BB90432026002B07047000081
:103FD00082B08DE80C00049B012B03D0022B03D090
:103FE00043B902E0043200E00832034B4360034B64
:103FF0000260836002B07047154102081D4102084B
:1040000082B08DE80C00049B052B1BD8DFE803F081
:10401000030A0D1114180C4B436010320B4B026055
:1040200083600FE00A4B026008E01432094B026023
:1040300004E0094B026001E0084B0260436001E0CC
:104040000432026002B07047FD41020801420208DA
:10405000654D02080D410208594D02084D4D0208F8
:1040600082B08DE80C00049B23B9034B4360034BE3
:104070000260836002B07047154102081D410208CA
:1040800082B08DE80C00049B052B16D8DFE803F006
:104090000305080C0F132C3203E0094B026008E003
:1040A0003032084B026004E0074B026001E0074B2E
:1040B0000260436001E00432026002B0704700BF5A
:1040C000894D02080D4102087D4D0208714D02081C
:1040D00082B08DE80C00049B142B5CD8DFE803F061
:1040E0000B101517191E232527292F34363B3D3F6A
:1040F00045474D535500294B43600260284B49E02A
:10410000284B43600260284B44E0203228E02C32E8
:1041100034E0264B43600260254B3BE0254B436077
:104120000260254B36E01C3204E0143202E0183203
:1041300016E02832214B43600260214B2AE0214BDC
:1041400043600260204B25E02D3217E01F4B436097
:1041500002601F4B1EE0043202E0083200E00C3225
:104160001C4B436002601C4B14E02F3206E01B4BDB
:10417000436030321A4B02600CE03132194B43601D
:104180000260194B06E04E3200E05032174B43609C
:10419000174B0260836002B0704700BFED41020818
:1041A000F1410208154E0208094E0208F94D0208B5
:1041B000ED4D0208DD4D0208D14D0208BD41020857
:1041C000C1410208C14D0208B54D0208A54D0208C3
:1041D000994D0208154102081D410208DD410208FF
:1041E000E1410208394102083D410208F541020857
:1041F000F941020882B08DE80C00049B122B47D8CD
:10420000DFE803F00A101216181C1E212426292BA1
:104210002D313436383F44001E4B43608C321E4BE8
:1042200002602CE08F3200E08E321C4B02602BE0EB
:10423000903200E094321A4B026025E0983221E07F
:10424000184B026020E0184B02601DE0AC3219E010
:10425000164B026018E0B03214E0B43212E0F232D1
:10426000134B026010E0134B02600DE0B83209E01E
:10427000C43207E0104B4360C832104B02608360C9
:1042800006E0CC320E4B0260436001E03432026043
:1042900002B07047E5410208E941020831410208D5
:1042A00049410208454E0208394E02082D4E0208C7
:1042B0002D410208214E0208BD410208C1410208F9
:1042C0000D41020882B08DE80C00049B032B0DD831
:1042D000DFE803F007020406043202E0083200E0DF
:1042E0000C32034B4360034B0260836002B07047A3
:1042F000154102081D41020882B08DE80C00049BA4
:10430000062B2DD8DFE803F004070B11151D240040
:10431000144B02601AE002F5615204321BE002F510
:1043200061520532104B026010E002F56152083212
:1043300002E002F561520C320C4B436002600C4B00
:104340000DE002F5615210320A4B0260436007E053
:1043500002F561521432084B4360084B02608360DF
:1043600002B0704735410208314102081541020888
:104370001D4102080D410208394102083D41020871
:1043800082B08DE80C00049B1D2B79D8DFE803F088
:104390000F12161A1E22272D2F31333537394E3B77
:1043A00041436E6A484C50545C6164686C7002F51D
:1043B000625224E002F56252193225E002F562529F
:1043C0001B3221E002F5625218321DE002F5625202
:1043D0001A3219E02B4B436002602B4B4FE02B4B02
:1043E000436001322A4B026049E0043243E0083264
:1043F00041E00C323FE018323DE010323BE0143235
:1044000039E01C3237E02432224B43600260224BF9
:1044100035E028322FE0214B43600260204B2EE034
:1044200002F562521C320AE002F56252203222E0AA
:1044300002F5625224321EE002F562522832194B14
:1044400043600260184B1AE0184B43600260184B3F
:1044500015E03C32026013E002F562522C320AE0B1
:1044600002F56252303206E002F56252383202E062
:1044700002F5625234320F4B43600F4B026083608F
:1044800002B07047954E02088D4E0208D5410208D1
:10449000D9410208394102083D410208794E02081B
:1044A000714E0208DD410208E1410208654E020832
:1044B000594E0208154102081D41020882B08DE8DC
:1044C0000C00049B0F2B58D8DFE803F00810191ECE
:1044D0002226292D31373B4347494E5102F563527D
:1044E000274B43601C32274B026006E002F5635203
:1044F0002032254B4360254B026083603DE0244B16
:1045000043600260234BF8E702F564521832F0E78B
:1045100002F564521C32ECE702F5645229E002F520
:104520006452083226E002F56452103222E002F5AD
:1045300064523D32184B02601EE002F564520C32A8
:10454000D7E702F56452154B43603E32144B0260CC
:10455000D3E702F564523832CBE7183202E002F5B5
:1045600064522832026008E002F5655202E002F56A
:10457000655204320B4B0260436002B0704700BFCB
:10458000CD410208D1410208154102081D4102082F
:10459000A54E0208D54F02083141020839410208F0
:1045A0003D4102080D41020882B08DE80C00049BD9
:1045B000192B5ED8DFE803F00D12181A1C212628EB
:1045C0002E30323436383A3F41434547494B5153F8
:1045D0005557294B43600260284B49E0284B436004
:1045E0000432284B026043E008323DE00C323BE0ED
:1045F000254B43600260254B3AE0254B4360026047
:10460000244B35E018322FE0234B43601C32234B00
:1046100002602DE0203227E0243225E0283223E01A
:10462000343221E038321FE02C321DE01C4B436055
:1046300002601C4B1CE03C3216E0403214E0443275
:1046400006E0483210E04C320EE0503200E05132C9
:10465000154B43600260154B0AE0543204E05832B7
:1046600002E05C3200E06032114B4360114B0260AB
:10467000836002B0704700BF014F0208795B0208F7
:10468000BD410208C1410208F94E0208ED4E020880
:10469000DD4E0208D14E0208C5410208C941020898
:1046A000C14E0208B54E0208394102083D410208D8
:1046B000154102081D41020882B08DE80C00049BE0
:1046C000112B3FD8DFE803F0090C0F1114171A1D46
:1046D000202326292B2D2F31383A1B4B026030E046
:1046E0001A4B02602DE0143220E0194B026028E0E2
:1046F000184B026025E0184B026022E0174B026065
:104700001FE0174B02601CE0164B026019E0164BCD
:10471000026016E0154B026013E08C320FE090321D
:104720000DE0A4320BE0943200E09832104B43606D
:10473000104B0260836005E09C3200E0A0320E4B1B
:104740000260436002B070470D5F0208F15E02082C
:10475000D15E0208B55E0208955E0208795E020825
:10476000394F02081D4F0208595E02083D5E0208DB
:10477000154102081D4102080D41020882B08DE872
:104780000C00049B072B1ED8DFE803F00412090B72
:104790000D0F11170D4B436002600D4B12E00432F8
:1047A00006E0083204E00C3202E0143200E0183275
:1047B000084B43600260084B04E0084B43601C3226
:1047C000074B0260836002B0704700BF4D4F020884
:1047D000454F0208154102081D41020839410208EF
:1047E0003D41020882B08DE80C00049B23B1012BEF
:1047F00006D12C32026003E0024B436010320260AB
:1048000002B070470D41020882B08DE80C00049B95
:10481000012B03D0022B07D063B900E00432064B12
:1048200043600260054B04E0054B43600832054BD2
:104830000260836002B07047154102081D41020802
:10484000394102083D41020882B08DE80C00049B0A
:1048500023B1012B06D12C32026003E0024B4360EE
:104860001032026002B070470D41020882B08DE83C
:104870000C00049B142B4DD8DFE803F00B0D14162D
:104880001A1D20232527292B3134373C3E4143452F
:104890004A0098321EE0204B436090321F4B02606A
:1048A000836037E09C3200E09E321D4B02602DE0B9
:1048B0001C4B02602AE01C4B026027E01B4B02608D
:1048C00024E0B03206E0B43204E0B83202E0C03294
:1048D0000DE0C432164B43600260164BE0E702F570
:1048E000B87204E002F5BA7201E002F5BC72124B34
:1048F00002600BE0536900E0936903600AE0C8328C
:1049000007E0883200E08C320C4B0260436001E02B
:104910001C32026002B07047AD410208B541020886
:1049200031410208ED5D0208D15D0208B15D020867
:10493000154102081D4102080D41020835410208D7
:1049400082B08DE80C00049B0B2B25D8DFE803F028
:104950001F060C0E10121416181A1C1E0F4B436063
:1049600004320F4B026016E0083210E00C320EE009
:1049700010320CE014320AE0183208E01C3206E073
:10498000203204E0243202E0283200E02C32054BD1
:104990004360054B0260836002B0704739410208F2
:1049A0003D410208414102084541020882B08DE8BC
:1049B0000C00049B082B1ED8DFE803F00E05070946
:1049C0000B0D13151700043206E0083204E00C3218
:1049D00002E0103200E01432084B43600260084BE2
:1049E00008E0183202E0193200E01A32054B436049
:1049F000054B0260836002B0704700BF154102089A
:104A00001D410208394102083D41020882B08DE88B
:104A10000C00049B042B10D8DFE803F00A03050701
:104A20000900043204E0083202E00C3200E01032E7
:104A3000034B4360034B0260836002B0704700BFCA
:104A4000154102081D41020882B08DE80C00049B4C
:104A50000F2B36D8DFE803F01D080A0C0E101214D5
:104A6000161C22272D2F3133013212E0023210E0C2
:104A700003320EE004320CE005320AE0063208E0B0
:104A8000073206E0104B43600832104B02600EE024
:104A90000C320F4B436002600E4B08E00E4B43603C
:104AA00002600E4B03E00E4B43600E4B02608360CE
:104AB00007E0143204E0303202E04C3200E06832A9
:104AC000026002B0704700BF154102081D41020894
:104AD000394102083D4102087D4F0208754F020826
:104AE000654F02085D4F020882B010B502A981E847
:104AF0000C00044610220021CCF762F82046BDE8E5
:104B0000104002B0704700BFA1F10401ECE700BF04
:104B100082B010B502A981E80C00044610220021E1
:104B2000CCF74EF82046BDE8104002B0704700BFF9
:104B3000A1F10401ECE700BF82B08DE80C00049BFA
:104B4000112B55D8DFE803F00910151B20252D3453
:104B500036393C3F4144474A4D51264B436002F5AC
:104B60001272254B02601AE002F51372234B0260A9
:104B700003E002F51672224B0260436038E002F552
:104B80001472204B0260F8E7D2F8783203601E4BB3
:104B9000F3E71E4B436002F51B721D4B02608360FE
:104BA00026E01C4B436002F51F721B4B0260F6E7C8
:104BB00010321CE0D2F8583115E0D2F8003112E082
:104BC000D2F8AC300FE0B03211E0D2F8FC300AE09D
:104BD000D2F85C3107E0D2F8603104E0D2F86431F9
:104BE00001E0D2F86831036002E002F5B6720260BB
:104BF00002B0704791410208954102083141020814
:104C00003541020899410208A1410208A541020864
:104C1000A9410208394102083D41020882B08DE8ED
:104C20000C00049B012B07D0022B07D063B9074B64
:104C300043600260064B06E0043200E00832054B98
:104C40004360054B0260836002B070476541020813
:104C50007D410208154102081D41020882B08DE81D
:104C60000C00049B2C2B00F28880DFE803F017195E
:104C70001B1D1F21232527292B2D333537393B3D7C
:104C8000434547494F5557595B5D5F6163656769A8
:104C90006B6D6F717375777E80828400113224E0B2
:104CA000123222E0133220E0143230E018322EE0CB
:104CB0001C322CE0203218E0213216E0253204E0CC
:104CC000223202E0233200E024322D4B43600260A6
:104CD0002C4B48E0283214E02C3212E0303204E051
:104CE00034320EE038320CE03C32274B4360026035
:104CF000264B38E0403204E0443202E0483200E023
:104D00004C32234B43600260224B2CE05032224B4A
:104D100043600260214B26E0A8322DE0B4322BE044
:104D200001321CE002321AE0033218E0043216E0CD
:104D3000053214E0063212E0073210E008320EE0CD
:104D400009320CE00A320AE00B3208E00C3206E0CD
:104D50000D3204E00E3202E00F3200E01032104B50
:104D60004360104B0260836007E0543204E060321D
:104D700002E06C3200E07832026002B0704700BF9F
:104D80005D41020861410208394102083D410208C3
:104D9000154102081D41020841410208454102082F
:104DA000894102088D41020882B08DE80C00049B05
:104DB0003BB1012B0AD1064B43600432054B026024
:104DC00003E0054B4360054B0260836002B070470F
:104DD0005541020859410208854F0208E14F020877
:104DE00082B08DE80C00049B23B1012B08D108325E
:104DF000026005E0034B43600432034B02608360B2
:104E000002B070474D4102085141020882B08DE85E
:104E10000C00049B1BB9034B43600C32026002B0D0
:104E2000704700BF3541020882B08DE80C00049B3A
:104E3000032B0ED8DFE803F002050709064B0260DA
:104E400006E0043202E0083200E00C32034B02605C
:104E5000436002B0704700BF2D410208354102088F
:104E600082B08DE80C00049B012B03D0022B03D0F1
:104E700033B902E0043200E00832024B02604360C2
:104E800002B070473541020882B010B502A981E82E
:104E90000C00044610220021CBF792FE2046BDE80C
:104EA000104002B0704700BFA1F10401ECE700BF61
:104EB00082B08DE80C00049B152B3DD8DFE803F091
:104EC0000B0D0F11131517191B1D1F212325292B3E
:104ED0002D2F3133383A043218E0083216E00C3204
:104EE00014E0103212E0143210E01C320EE01832DE
:104EF0000CE020320AE0243208E0283206E02C32AE
:104F000004E0303202E0343200E038320B4B026011
:104F10000CE03C3208E0403206E0443204E0483223
:104F200002E04C3200E05032054B0260436003E087
:104F3000536D00E0936D036002B070473541020885
:104F40004941020882B08DE80C00049B032B10D865
:104F5000DFE803F005020409043200E00832064BE2
:104F60000260436005E0054B43600C32044B026075
:104F7000836002B0704700BF35410208414102081A
:104F80004541020882B08DE80C00049B032B09D830
:104F9000DFE803F007020406103202E0203200E0EE
:104FA0003032026002B0704782B010B502A981E8C9
:104FB0000C00044610220021CBF702FE2046BDE87B
:104FC000104002B0704700BFA1F10401ECE700BF40
:104FD00082B010B502A981E80C000446102200211D
:104FE000CBF7EEFD2046BDE8104002B0704700BF91
:104FF000A1F10401ECE700BF82B010B502A981E87D
:105000000C00044610220021CBF7DAFD2046BDE853
:10501000104002B0704700BFA1F10401ECE700BFEF
:1050200082B010B502A981E80C00044610220021CC
:10503000CBF7C6FD2046BDE8104002B0704700BF68
:10504000A1F10401ECE700BF82B010B502A981E82C
:105050000C00044610220021CBF7B2FD2046BDE82B
:10506000104002B0704700BFA1F10401ECE700BF9F
:1050700082B08DE80C00049B1C2B7AD8DFE803F08B
:105080000F151719202426282A2C2E303436393DA6
:1050900041454D5F51575B5D616970757700364BD7
:1050A00043603832354B026008E0D36B22E0136C6A
:1050B00020E0334B43604432324B0260836058E05F
:1050C000936C0360304B49E04C320AE04D3208E00B
:1050D0004E3206E04F3204E0503202E0513200E03E
:1050E00052322A4B026039E0536D00E0936D036049
:1050F00033E0D36D0360264B30E002F58542583231
:1051000012E002F585425C320EE002F58542214B49
:1051100043606032204B0260D0E702F58542643282
:1051200021E002F5854248321C4B026016E002F590
:1051300085424C3210E0BC3215E002F5814260320B
:1051400011E002F58542164B43605032154B026068
:10515000B4E702F5864224320260134B436008E054
:1051600002F582427832026003E0104B00E0104BFF
:10517000036002B0704700BF054102080941020800
:10518000154102081D410208254102082D4102086F
:105190000D410208394102083D410208354102082B
:1051A0004141020845410208314102080010002037
:1051B000B0120020D1E9000310B51446984700282A
:1051C00014BF31233023237000236370012010BDEE
:1051D00037B50193D1E9000315469847044A019970
:1051E00003462846CBF7F0FE012003B030BD00BFD8
:1051F0008FA8030837B50193D1E9000315469847F6
:10520000044A019903462846CBF7DEFE012003B08D
:1052100030BD00BF92A8030837B50193D1E9000360
:1052200015469847044A019903462846CBF7CCFE19
:10523000012003B030BD00BF96A8030837B5019325
:10524000D1E9000315469847044A019903462846C8
:10525000CBF7BAFE012003B030BD00BF8FA8030812
:1052600037B51D46D1E900031446984710EE100AE1
:10527000D6F726FD044ACDE9000129462046CBF7A2
:10528000A3FE012003B030BD8CA8030837B51D462E
:10529000D1E9000314469847044ACDE900012946A4
:1052A0002046CBF791FE012003B030BD7C8E040870
:1052B00037B51D46D1E9000314469847044ACDE9A5
:1052C000000129462046CBF77FFE012003B030BD08
:1052D0009AA80308704700002DE9F04397B00546EF
:1052E0000E4606A84021CBF76FFE4028044628BF93
:1052F0004024002E00F08C80034648B1002306A90C
:105300001A4611F8010B0132A24283EA0003F8D3D6
:1053100006A8C4F140012044424ACBF755FE04449C
:10532000D5E9C302511C402CC1F3080128BF402419
:1053300006AB814203EB040805F58676034617D0D9
:1053400002F2FF13C3F30807B84230D806A93B1A8C
:10535000A8EB01049C4228BF1C4630442246CBF7F0
:1053600019FBD5F80C332344C3F30803C5F80C33F9
:1053700095F81423C2B9D5F810239A422ED20120F1
:1053800085F81403D5F81C03324404680492264AB5
:105390002468334402A90593CDE90226009104AAAA
:1053A00006CA05F54673A04717B0BDE8F083C0F5FF
:1053B0000079A14528BFA14606A930444A46CBF74B
:1053C000E9FAD5F80C03484406A9C0F30800A14542
:1053D00094BF49440919C5F80C03B8E7E4D9D5F8D6
:1053E0001C03036801211C6885F8141302AB0093A9
:1053F000324405F5467305F54375049205950A494F
:10540000029104AA06CA0396A04717B0BDE8F0832C
:1054100006ABC4F140011819044ACBF7D5FD02349C
:105420007EE700BF848E0408955503088C8E04081F
:105430002DE9F04397B005469DF878409DF87C0033
:10544000009401900E4606A84021CBF7BDFD4028F0
:10545000044628BF4024002E00F08C80034648B14B
:10546000002306A91A4611F8010B0132A24283EA71
:105470000003F8D306A8C4F140012044424ACBF708
:10548000A3FD0444D5E9C302511C402CC1F308011B
:1054900028BF402406AB814203EB040805F586765D
:1054A000034617D002F2FF13C3F30807B84230D8FF
:1054B00006A93B1AA8EB01049C4228BF1C463044B5
:1054C0002246CBF767FAD5F80C332344C3F308031D
:1054D000C5F80C3395F81423C2B9D5F810239A42B5
:1054E0002ED2012085F81403D5F81C033244046839
:1054F0000492264A2468334402A90593CDE9022682
:10550000009104AA06CA05F54673A04717B0BDE886
:10551000F083C0F50079A14528BFA14606A9304413
:105520004A46CBF737FAD5F80C03484406A9C0F32E
:105530000800A14594BF49440919C5F80C03B8E710
:10554000E4D9D5F81C03036801211C6885F81413FD
:1055500002AB0093324405F5467305F5437504929A
:1055600005950A49029104AA06CA0396A04717B0F6
:10557000BDE8F08306ABC4F140011819044ACBF72B
:1055800023FD02347EE700BF848E0408955503088E
:105590008C8E040830B589B002AB83E80600034660
:1055A0009DF808000399002283F80822C3F80C2212
:1055B00028BB8B4200D9FEE703F500758D42FAD374
:1055C000CA1AD3F80012C2F308028A42C3F80422AE
:1055D00017D314D9D3F8100207951A44012104688F
:1055E000069283F808120D49246804AA009208AABA
:1055F000CDE9041312E9060003F50373A04709B0CF
:1056000030BDD3F810021A4419444FF0010C04685D
:10561000069283F808C20791E5E700BF9555030895
:1056200010B50246034600F5847152F8080B86B0A7
:10563000046824680492054A0591CDE9022304A96F
:1056400002AB01AAA04706B010BD00BF5176030807
:105650000B1A00B54FEAA30EBEF1000F19DD137847
:1056600000EB8E0E0EE090F801C09C452DD090F816
:1056700002C09C452CD090F803C09C452BD0043030
:10568000704505D090F800C09C45ECD15DF804FB56
:105690000B1A022B13D0032B04D0012B08D0084681
:1056A0005DF804FB137802789A42EFD0013007E0EE
:1056B000137802789A4218BF08465DF804FB137805
:1056C00002789A42E2D00130F3E701305DF804FB42
:1056D00002305DF804FB03305DF804FB2DE9F04F68
:1056E0000D4614469C46074606460FCD0FC791B09F
:1056F0002B683B600BAA002304EB0C0120468DF8BD
:105700002C30FFF7A5FF8046444559D23769002F5A
:1057100056D04FF02E030BAA414620468DF82C3070
:10572000FFF796FFBB6805933346A0EB040B3E469C
:105730004FF00009049025461F46059B4B452ED08F
:10574000726852F8394028465A4621464FEAC90A3B
:10575000CBF704FF00BB2046CBF792FE83451BD15D
:105760003B4637461E463C68CDF80890D3E9020117
:105770008DE803003946D3E900232468049D06A878
:10578000A0477B68534406AFD3F804C0CDF828C0C7
:105790000FCF0BAC0FC406E009F10109CDE7049D62
:1057A0003E464FF0000CCDF83CC00BAF0FCF344657
:1057B0000FC4C4F800C06C1C444528BF4446A3E78E
:1057C000304611B0BDE8F08F014A016002617047B8
:1057D000C0EA00202DE9F04397B00E46054640216F
:1057E00006A8CBF7F1FB4028044628BF4024002E32
:1057F00000F08C80034648B1002206A9134611F838
:10580000010B0132A24283EA0003F8D306A8C4F1D7
:1058100040012044424ACBF7D7FB0444D5E9C302F8
:10582000511C402CC1F3080128BF402406AB814223
:1058300003EB040805F58676034617D002F2FF1342
:10584000C3F30807B84230D806A93B1AA8EB0104F5
:105850009C4228BF1C4630442246CBF79BF8D5F823
:105860000C332344C3F30803C5F80C3395F8142311
:10587000C2B9D5F810239A422ED2012085F814031C
:10588000D5F81C03324404680492264A2468334441
:1058900002A90593CDE90226009104AA06CA05F5DE
:1058A0004673A04717B0BDE8F083C0F50079A14565
:1058B00028BFA14606A930444A46CBF76BF8D5F875
:1058C0000C03484406A9C0F30800A14594BF49440D
:1058D0000919C5F80C03B8E7E4D9D5F81C03036827
:1058E00001211C6885F8141302AB0093324405F5BE
:1058F000467305F54375049205950A49029104AA79
:1059000006CA0396A04717B0BDE8F08306ABC4F102
:1059100040011819044ACBF757FB02347EE700BF59
:10592000848E0408955503088C8E040870B51446BF
:10593000264E274A05462146FFF74CFF21463246B0
:105940002846FFF747FF21462846224AFFF742FF35
:1059500021462846204AFFF73DFF214628461F4A98
:10596000FFF738FF214628461D4AFFF733FF21463F
:1059700028461C4AFFF72EFF324621462846FFF7ED
:1059800029FF21462846184AFFF724FF21462846CA
:10599000164AFFF71FFF21462846154AFFF71AFF50
:1059A000324621462846FFF715FF21462846114A70
:1059B000FFF710FF214628460F4AFFF70BFF0F4A5B
:1059C00021462846FFF706FF70BD00BF28D1040816
:1059D000908E0408BC8E0408E48E0408088F040826
:1059E0002C8F0408488F04085C8F04089C8F0408DF
:1059F000B08F0408C88F0408D88F0408EC8F0408FF
:105A0000F0B5C9B004461546084608AA1A49CBF7AE
:105A10001FFB002829DD03A818494FF4807308AA4A
:105A2000FFF75CFE0798FFF755FCB8B1144A15491B
:105A30006FF0010302F078FC80B103686E461F68C6
:105A400003A932460A23B8470F4A2946002818BF3F
:105A500032462046FFF7BEFE49B0F0BD0B4A29464C
:105A60002046FFF7B7FE49B0F0BD094A2946204657
:105A7000FFF7B0FE49B0F0BD0890040820ED00200B
:105A8000D4A80308B0A80308F88F040828900408D5
:105A90001090040870B5ADF5067D0546144608461D
:105AA00046AB1D4906AACBF7D3FA002824DD01A88E
:105AB0001A4906AA4FF48073FFF710FE0598FFF706
:105AC00009FC88B1164A17496FF0010302F02CFC5B
:105AD00050B1036846AA5E6801A94FF48073B047CD
:105AE00090B10DF5067D70BD0F4A21462846FFF79F
:105AF00071FE0DF5067D70BD0C4A21462846FFF764
:105B000069FE0DF5067D70BD094A21462846FFF75E
:105B100061FE0DF5067D70BD3C90040820ED00206F
:105B2000D4A80308B0A8030828900408109004081B
:105B3000F88F040830B587B005AC04ABCDE900346C
:105B400084461546084603AB214902AA6446CBF7B2
:105B50007FFA012834DD029B012B2AD81D49039DC1
:105B600084464FF42C7000FB03104FF0030ED0F866
:105B7000004104F5405284F818E002F61414BCF118
:105B8000020F256009D002F61814049D2560F44523
:105B900003D002F61C14059D2560012482F83C49BF
:105BA0004FF42C7202FB03F3CB581B68984707B0E5
:105BB00030BD094A29462046FFF78EFB07B030BDAD
:105BC000064A29462046FFF705FE07B030BD00BF54
:105BD0005C900408001000206C90040810900408E9
:105BE00070B586B005AC04ABCDE9003484461546EB
:105BF000084603AB1F4902AA6446CBF729FA0128DD
:105C000031DD029B012B27D81B4E039D84464FF4A8
:105C10002C7000FB03600324D0F8002102F54051F2
:105C2000147601F61414BCF1020F256008D0049C10
:105C30009462BCF1030F03D0D0F85821059C546442
:105C4000012281F83C294FF42C7202FB03F3F35834
:105C50001B68984706B070BD084A29462046FFF7E2
:105C60003BFB06B070BD064A29462046FFF7B2FD51
:105C700006B070BD80900408001000206C900408ED
:105C80001090040830B587B005AB00930446154664
:105C9000084604AB1B4903AACBF7DAF901282ADD31
:105CA000039B012B20D81849049D84464FF42C7087
:105CB00000FB03104FF0020ED0F8004104F54052F3
:105CC00084F818E002F61814F445256003D002F6B3
:105CD0001C12059C14604FF42C7202FB03F3CB588A
:105CE0001B68984707B030BD084A29462046FFF791
:105CF000F3FA07B030BD064A29462046FFF76AFD91
:105D000007B030BD90900408001000206C9004088B
:105D10001090040830B583B004461546084601AB20
:105D200014496A46CBF794F901281CDD009B012B2E
:105D300012D8114A4FF42C7101FB03F398189C58A8
:105D4000D0F80021019902F56453012515762268E7
:105D5000D961904703B030BD084A29462046FFF775
:105D6000BBFA03B030BD064A29462046FFF732FD94
:105D700003B030BD9C900408001000206C90040813
:105D80001090040830B583B004461546084601ABB0
:105D900017496A46CBF75CF9012822DD009B012BED
:105DA00018D81449019D4FF42C7202FB03F35818C4
:105DB00040F20354D0F80021148302F540525B589E
:105DC00002F6141401211B68256082F83C199847DB
:105DD00003B030BD084A29462046FFF77DFA03B0DC
:105DE00030BD064A29462046FFF7F4FC03B030BD1B
:105DF000A4900408001000206C900408109004087F
:105E000030B50C4683B0034612492046154601AA18
:105E10001C46CBF71DF9002814DD019B012B0AD885
:105E20004FF42C710C4A01FB03F3D0189B581B68EC
:105E3000984703B030BD094A29462046FFF74CFA7F
:105E400003B030BD064A29462046FFF7C3FC03B025
:105E500030BD00BFAC900408001000206C90040816
:105E6000109004082DE9F04399B004461646881CAA
:105E700003AB624902AACBF7EBF801287DDD029B58
:105E8000012B72D8DFF8908103994FF42C7503FB36
:105E900005F505EB0807D7F8AC0003681B689847C1
:105EA00055F8083038461B689847039B544A4021F0
:105EB00008A8CBF789F80546002E00F0958000234E
:105EC00008A91A4611F8010B0132954283EA000332
:105ED000F8D808A8C5F1400128444A4ACBF774F81D
:105EE0000544D4E9C302511CC1F3080108AB814247
:105EF00003EB050804F58676034617D002F2FF137C
:105F0000C3F30807B84240D808A93B1AA8EB01051B
:105F10009D4228BF1D4630442A46CAF73BFDD4F8AF
:105F20000C332B44C3F30803C4F80C3394F8142344
:105F300002BBD4F810239A423ED31BD9D4F81C03D9
:105F4000036801211D6884F8141304AB32440093E4
:105F500004F5467304F5437406922B49079406AA88
:105F60000491059606CAA84704E0284A314620460F
:105F7000FFF7B2F919B0BDE8F083254A3146204653
:105F8000FFF728FC19B0BDE8F083C0F50079A945FA
:105F900028BFA94608A930444A46CAF7FBFCD4F8F2
:105FA0000C03484408A9C0F30800A94594BF49441C
:105FB0004919C4F80C03A8E7012084F81403D4F8A5
:105FC0001C0332443344069207930F4A04F5467388
:105FD000046804A924680091CDE9042606AA06CA2B
:105FE000A04719B0BDE8F08308ABC0F14001094AF1
:105FF0001818CAF7E9FF023573E700BFB490040828
:10600000BC900408848E0408955503086C9004081D
:10601000109004088C8E0408001000202DE9F04335
:106020000B469BB0654904461646184605AACBF7B1
:106030000FF8002840F38180059B012B07D9604AA7
:1060400031462046FFF748F91BB0BDE8F0835D4AB2
:106050004FF42C7101FB0323D3F8AC50D5F8DC00CE
:10606000D5F72EFECDE90201D5F8D400D5F728FEEC
:10607000554ACDE9000140210AA8CAF7A5FF4028EA
:1060800028BF40200546002E76D000230AA91A46D4
:1060900011F8010B0132AA4283EA0003F8D30AA8DF
:1060A000C5F140012844494ACAF78EFF0544D4E9A6
:1060B000C302511C402DC1F3080128BF40250AAB83
:1060C000814203EB050804F58676034617D002F2F9
:1060D000FF13C3F30807B84237D80AA93B1AA8EB45
:1060E00001059D4228BF1D4630442A46CAF752FC8E
:1060F000D4F80C332B44C3F30803C4F80C3394F8DE
:106100001423002AA0D1D4F810239A423DD20120B2
:1061100084F81403D4F81C033244334408920993DE
:106120002B4A04F54673046806A924680091CDE95A
:10613000062608AA06CAA04786E7264A3146204610
:10614000FFF748FB1BB0BDE8F083C0F50079A94517
:1061500028BFA9460AA930444A46CAF71BFCD4F80E
:106160000C0348440AA9C0F30800A94594BF494458
:106170004919C4F80C03B1E70AABC0F14001164A53
:106180001818CAF721FF023591E77FF65DAFD4F802
:106190001C03036801211D6884F8141306AB324404
:1061A000009304F5467304F5437408920849099472
:1061B00008AA0691079606CAA84745E7D0900408A2
:1061C0006C9004080010002064900408848E040879
:1061D00095550308109004088C8E04082DE9F043AF
:1061E00097B005460E4606A84021CAF7EDFE4028A6
:1061F000044628BF4024002E00F08C80034648B19E
:10620000002206A9134611F8010B0132A24283EACB
:106210000003F8D306A8C4F140012044424ACAF75B
:10622000D3FE0444D5E9C302511C402CC1F308013C
:1062300028BF402406AB814203EB040805F58676AF
:10624000034617D002F2FF13C3F30807B84230D851
:1062500006A93B1AA8EB01049C4228BF1C46304407
:106260002246CAF797FBD5F80C332344C3F308033F
:10627000C5F80C3395F81423C2B9D5F810239A4207
:106280002ED2012085F81403D5F81C03324404688B
:106290000492264A2468334402A90593CDE90226D4
:1062A000009104AA06CA05F54673A04717B0BDE8D9
:1062B000F083C0F50079A14528BFA14606A9304466
:1062C0004A46CAF767FBD5F80C03484406A9C0F351
:1062D0000800A14594BF49440919C5F80C03B8E763
:1062E000E4D9D5F81C03036801211C6885F8141350
:1062F00002AB0093324405F5467305F543750492ED
:1063000005950A49029104AA06CA0396A04717B048
:10631000BDE8F08306ABC4F140011819044ACAF77E
:1063200053FE02347EE700BF848E040895550308AF
:106330008C8E040830B5124C114694F84D3094F808
:106340004E2085B0CDE9003294F84C300D4A0391CF
:106350000546FFF76DF894F8510094F8502094F832
:106360004F300399CDE900202846074AFFF760F82F
:10637000064B074A03992846FFF730FF05B030BDAA
:10638000C0A30020D8900408F4900408F0E900208D
:106390001091040838B59C499C48FFF715FA9C4BAE
:1063A0001A6812F0010200F086879A4B1A6812F000
:1063B000010200F07087984B1A6812F0010200F099
:1063C0005587964B1A6812F0010200F03F87944BF4
:1063D0001A6812F0010200F09A86924B1A6812F0C5
:1063E000010200F08486904B1A6812F0010200F05E
:1063F0006E868E4B1A6812F0010200F053868C4BA9
:106400001A6812F0010200F038868A4B1A68D50724
:1064100040F12786884B1A68D40740F11686874BCF
:106420001A6812F0010200F00086854B1A68D00746
:1064300040F1EF85834B1A68D10740F1DE85824B2E
:106440001A68D20740F1CD85804B1A68D50740F114
:10645000BD857F4B1A6812F0010200F0A2857D4BCA
:106460001A6812F0010200F087857B4B1A68D40786
:1064700040F17685794B1A68D00740F16585784BF5
:106480001A6812F0010200F04A85764B1A6812F081
:10649000010200F02F85744B1A68D10740F11E8568
:1064A000724B1A6812F0010200F00385704B1A68F3
:1064B000D20740F1F2846F4B1A6812F0010200F02B
:1064C000D7846D4B1A6812F0010200F0C1846B4B47
:1064D0001A6812F0010200F01D84694B1A6812F06C
:1064E000010200F00284674B1A6812F0010200F00A
:1064F000E883654B1A68D50740F1D883634B1A6867
:10650000D40740F1C883624B1A68D00740F1B883C2
:10651000604B1A68D10740F1A8835F4B1A6812F0EC
:10652000010200F08E835D4B1A68D20740F17E8332
:106530005B4B1A68D50740F16E835A4B1A68D40733
:1065400040F15E83584B1A68D00740F14E83574B99
:106550001A68D10740F13E83554B1A6812F00102C8
:1065600000F02483534B1A6812F0010200F00A83F2
:10657000514B1A68D20740F1FA82504B1A68D5077E
:1065800040F1EA824E4B1A6812F0010200F0D0820C
:106590004C4B1A6812F0010200F0B6824A4B1A689E
:1065A00012F0010200F09C82484B1A6812F00102BE
:1065B00000F08282464B1A68D40740F17282454B44
:1065C0001A68D00740F16282434B1A68D10740F144
:1065D000B981424B1A68D20740F1A981404B1A6831
:1065E00012F0010200F08F813E4B1A6812F0010296
:1065F00000F075813C4B1A68D50740F165813B4B33
:106600001A68D40774E000BFC0A3002020ED00206A
:1066100020E80020BCEA00201CE80020B8EA0020A6
:10662000B4EA0020B0EA0020ACEA002018E800201C
:1066300014E80020A8EA0020A4EA0020A0EA002034
:106640009CEA002098EA002094EA002090EA0020CA
:1066500010E800200CE800208CEA002088EA0020E6
:1066600008E8002004E8002084EA002000E8002078
:1066700080EA0020FCE700207CEA002078EA002085
:10668000F8E70020F4E7002074EA002070EA002018
:106690006CEA002068EA0020F0E7002064EA0020AD
:1066A00060EA00205CEA002058EA002054EA00205A
:1066B000ECE70020E8E7002050EA00204CEA002048
:1066C000E4E70020E0E70020DCE70020D8E7002036
:1066D00048EA002044EA002040EA00203CEA00208A
:1066E000D4E70020D0E7002038EA002034EA002078
:1066F00040F1DF80994B1A68D00740F1D080984B69
:106700001A68D10740F1C080964B1A6812F0010256
:1067100000F0A680944B1A68D20740F19680934B04
:106720001A68D50740F18680914B1A68D40776D550
:10673000904B1A68D00768D58F4B1A68D10759D586
:106740008E4B1A68D2074AD58D4B1A68D5073BD5B0
:106750008C4B1A68D4072DD58B4B1A68D0071ED5E1
:106760008A4B1A68D1070FD5894B1A68D20700D512
:1067700038BD884C8849012018601D222046EFF75B
:10678000E9FA864B236038BD854C864901201860A4
:1067900012222046EFF7DEFA834B2360E4E7834CB6
:1067A0008349012018600D222046EFF7D3FA814B70
:1067B0002360D5E7804C8149012220461A60EFF71B
:1067C000C9FA7F4B2360C7E77E4C7F4901201860E0
:1067D00002222046EFF7BEFA7C4B2360B8E77C4CE0
:1067E0007C490120186002222046EFF7B3FA7A4B69
:1067F0002360A9E7794C7A490120186005222046D8
:10680000EFF7A8FA774B23609AE7774C7749012294
:1068100020461A60EFF79EFA754B23608CE7754CA3
:1068200075490120186003222046EFF793FA734B55
:1068300023607DE7724C73490120186006222046D0
:10684000EFF788FA704B23606EE7704C70490120B7
:10685000186003222046EFF77DFA6E4B23605EE757
:106860006D4C6E486E4D01211960C4E900506D49B0
:1068700004F10800EFF76EFA6B4B236003F1180286
:106880002833C4E9012345E7684C694901201860B1
:1068900006222046EFF75EFA664B236034E7664C2B
:1068A0006649012220461A60EFF754FA644B2360D0
:1068B00025E7644C64490120186013222046EFF755
:1068C00049FA624B236015E7614C62490120186068
:1068D00015222046EFF73EFA5F4B23608FE65F4CB0
:1068E0004E484F4D01211960C4E900505C4904F144
:1068F0000800EFF72FFA5B4B236003F118022833EF
:10690000C4E9012376E6584C4448454D01211960FD
:10691000C4E90050554904F10800EFF71BFA544B45
:10692000236003F118022833C4E901235CE6514CCB
:1069300051490120186010222046EFF70BFA4F4B07
:1069400023604BE64E4C4F4901201860042220463C
:10695000EFF700FA4C4B23603BE600BF30EA002023
:106960002CEA0020CCE7002028EA002024EA0020BE
:1069700020EA00201CEA002018EA002014EA002087
:1069800010EA00200CEA002008EA002004EA0020B7
:1069900000EA0020C0EA002024B4040814C204085D
:1069A000CCEA0020C4B0040858C30408D8EA002088
:1069B00094A80408E8C40408E4EA00200CA9040828
:1069C000D0C40408F0EA0020FCA80408DCC40408D1
:1069D000FCEA00203CA90408B8C4040808EB002025
:1069E00014A90408C4C4040814EB002064A9040812
:1069F000A0C4040820EB00204CA90408ACC404087F
:106A00002CEB002084A9040888C4040838EB00207B
:106A10006CA9040894C4040824E80020D8B1030831
:106A2000E8B10308A4A8030838B6030844EB002023
:106A3000BCA9040870C4040850EB0020B4A90408E1
:106A40007CC404085CEB002094AA040858C4040821
:106A500068EB0020ECA9040864C4040838E80020AE
:106A6000A4A8030804B603084CE80020A4A803085F
:106A7000D0B5030874EB002074AC040828C40408E3
:106A800080EB00202CAB04084CC40408A94CAA4994
:106A9000012018601E222046EFF75CF9A74B236007
:106AA00092E5A74CA7490120186007222046EFF77E
:106AB00051F9A54B236082E5A44CA548A54D0121C1
:106AC0001960C4E90050A44904F10800EFF742F945
:106AD000A24B236003F118022833C4E9012369E5BE
:106AE0009F4C9B489B4D01211960C4E900509D4972
:106AF00004F10800EFF72EF99B4B236003F1180215
:106B00002833C4E901234FE5984C9148914D012168
:106B10001960C4E90050964904F10800EFF71AF92A
:106B2000944B236003F118022833C4E9012335E5AF
:106B3000914C8748874D01211960C4E900508F4965
:106B400004F10800EFF706F98D4B236003F11802FA
:106B50002833C4E901231BE58A4C8B4901201860C6
:106B600015222046EFF7F6F8884B23600AE5884C9B
:106B70008849012018601A222046EFF7EBF8864B6F
:106B80002360FAE4854C7248724D01211960C4E912
:106B90000050834904F10800EFF7DCF8814B2360D3
:106BA00003F118022833C4E90123E1E47E4C68486C
:106BB000684D01211960C4E900507C4904F10800C6
:106BC000EFF7C8F87A4B236003F118022833C4E9C1
:106BD0000123C7E4774C784901201860122220462F
:106BE000EFF7B8F8754B2360B6E4754C7549012092
:106BF000186002222046EFF7ADF8734B2360A6E43D
:106C0000724C73490120186008222046EFF7A2F861
:106C1000704B236096E4704C70490120186002228A
:106C20002046EFF797F86E4B236086E46D4C6E4973
:106C30000120186003222046EFF78CF86B4B23608D
:106C400076E46B4C4248434D01211960C4E9005081
:106C5000684904F10800EFF77DF8674B236003F102
:106C600018022833C4E901235DE4644C644901201F
:106C7000186010222046EFF76DF8624B23604CE459
:106C8000614C6249012018600C222046EFF762F83F
:106C90005F4B23603CE45F4C5F4901201860092290
:106CA0002046EFF757F85D4B23602CE45C4C5D49C0
:106CB0000120186005222046EFF74CF85A4B23605C
:106CC0001CE45A4C2248234D01211960C4E90050AC
:106CD000574904F10800EFF73DF8564B236003F1E4
:106CE00018022833C4E9012303E4534C1848194D12
:106CF00001211960C4E90050504904F10800EFF780
:106D000029F84F4B236003F118022833C4E901230B
:106D1000FFF7E9BB4B4C0E4D20460121196040F8AE
:106D2000045B4949EFF716F8484B2360143363605E
:106D3000FFF7D3BB8CEB002084AB040834C40408F9
:106D400098EB00204CAB040840C4040860E8002025
:106D5000D8B10308E8B10308A4A803089CB5030848
:106D600074E80020A4A8030868B5030888E8002098
:106D7000A4A8030834B503089CE80020A4A80308CD
:106D800000B50308A4EB0020CCAE0408D4C304086B
:106D9000B0EB0020F4AC04081CC40408B0E80020E8
:106DA000A4A80308CCB40308C4E80020A4A80308DE
:106DB00098B40308BCEB0020C4AD040810C4040858
:106DC000C8EB002094AE0408F8C30408D4EB0020FC
:106DD00054AE040804C40408E0EB0020BCAE040870
:106DE000E0C30408ECEB0020A4AE0408ECC30408E4
:106DF000D8E80020A4A8030864B40308F8EB002036
:106E000044B00408A4C3040804EC002074AF0408D0
:106E1000C8C3040810EC0020D4AF0408BCC30408A5
:106E20001CEC00201CB00408B0C30408ECE80020EF
:106E3000A4A8030830B4030800E90020A4A80308AC
:106E4000FCB3030828EC0020C4B0040884C3040881
:106E5000B74CB84D20460121196040F8045BB64993
:106E6000EEF778FFB54B236014336360FFF72FBB59
:106E7000B34CB048B34D01211960C4E90050B24988
:106E800004F10800EEF766FFB04B236003F118022F
:106E90002833C4E90123FFF714BBAD4CAD490120F1
:106EA00018602D222046EEF755FFAB4B2360FFF70D
:106EB00002BBAA4C9F48A34D01211960C4E90050B0
:106EC000A74904F10800EEF745FFA64B236003F144
:106ED00018022833C4E90123FFF7E8BAA24CA349FA
:106EE0000120186003222046EEF734FFA04B2360F8
:106EF000FFF7D6BA9F4C8F48924D01211960C4E923
:106F000000509D4904F10800EEF724FF9B4B2360DD
:106F100003F118022833C4E90123FFF7BCBA984CE7
:106F20008448884D01211960C4E90050954904F155
:106F30000800EEF70FFF944B236003F1180228338B
:106F4000C4E90123FFF7A1BA904C914901201860D0
:106F500002222046EEF7FEFE8E4B2360FFF78FBA2B
:106F60008D4C8E490120186002222046EEF7F2FE79
:106F70008B4B2360FFF77EBA8A4C6E48714D01211E
:106F80001960C4E90050884904F10800EEF7E2FEF8
:106F9000864B236003F118022833C4E90123FFF76D
:106FA00064BA834C6348674D01211960C4E90050FD
:106FB000804904F10800EEF7CDFE7F4B236003F11A
:106FC00018022833C4E90123FFF749BA7B4C7C49F6
:106FD000012220461A60EEF7BDFE7A4B2360FFF7D0
:106FE00038BA794C79490120186016222046EEF70C
:106FF000B1FE774B2360FFF727BA764C7649012024
:10700000186004222046EEF7A5FE744B2360FFF7BC
:1070100016BA734C73490120186003222046EEF71C
:1070200099FE714B2360FFF705BA704C414D204625
:107030000121196040F8045B6D49EEF78BFE6D4B42
:10704000236014336360FFF7F0B96B4C6B49012088
:10705000186004222046EEF77DFE694B2360FFF79F
:10706000DEB9684C68490120186004222046EEF71A
:1070700071FE664B2360FFF7CDB9654C2D48314D4D
:1070800001211960C4E90050624904F10800EEF7DB
:1070900061FE614B236003F118022833C4E9012328
:1070A000FFF7B3B95D4C2348264D01211960C4E9AF
:1070B00000505B4904F10800EEF74CFE594B236089
:1070C00003F118022833C4E90123FFF798B9564C9D
:1070D000184D20460121196040F8045B5349EEF732
:1070E00039FE534B236014336360FFF782B9514C70
:1070F000104D20460121196040F8045B4E49EEF71F
:1071000029FE4E4B236014336360FFF76CB94C4C7F
:10711000084D20460121196040F8045B4949EEF70B
:1071200019FE494B236014336360FFF756B900BF63
:1071300038EC0020D8B10308C4B0040864C30408C4
:1071400014E90020E8B10308A4A80308C8B30308A1
:1071500048EC00206CB1040840C3040828E9002072
:10716000A4A8030894B3030854EC002054B1040805
:107170004CC304083CE90020A4A8030860B303083A
:1071800050E90020A4A803082CB3030860EC0020F9
:10719000E4B2040828C304086CEC0020D4B204084C
:1071A00034C3040864E90020A4A80308F8B2030863
:1071B00078E90020A4A80308C4B2030878EC0020F2
:1071C000F4B204081CC3040884EC002034B304089F
:1071D000D8C2040890EC0020FCB2040810C30408D4
:1071E0009CEC00201CB3040804C30408A8EC002095
:1071F00034B30408E4C20408B8EC002004B4040862
:10720000C0C20408C4EC0020E4B30408CCC20408E3
:107210008CE90020A4A8030890B20308A0E900208C
:10722000A4A803085CB20308D0EC002024B404082E
:10723000A0C20408E0EC002024B4040880C20408C2
:10724000F0EC002024B4040860C20408244C254D4E
:1072500020460121196040F8045B2349EEF77AFDCE
:10726000224B236014336360FFF7B1B8204C1D48F4
:10727000204D01211960C4E900501F4904F10800A4
:10728000EEF768FD1D4B236003F118022833C4E9B3
:107290000123FFF796B81A4C124D204601211960C0
:1072A00040F8045B1749EEF755FD174B2360143384
:1072B0006360FFF780B8154C0A480E4D0121196034
:1072C000C4E90050124904F10800EEF743FD114BE8
:1072D000236003F118022833C4E90123FFF765B8DE
:1072E00000ED0020D8B1030824B4040840C204080B
:1072F000B4E90020E8B10308A4A8030828B20308F1
:1073000010ED002024B4040820C20408C8E90020BD
:10731000A4A80308F4B103084B78633B102B0AD8E8
:10732000DFE803F010090D0909090909090909092C
:10733000090909130A0070470A48E9F743BB0948DD
:10734000E8F7EEBF0748E9F703B8BFF34F8F0649E8
:10735000064BCA6802F4E0621343CB60BFF34F8F61
:1073600000BFFDE7C0A3002000ED00E00400FA0527
:107370002DE9F043C5B06B4683E80600521A054676
:1073800052D0002388464C1E4FF0010C4FF0FF36C0
:107390001F460EE0B34205D2BEF12A0F14BF8EEA9B
:1073A0000707664694450CF1010003F1010308D27A
:1073B000844614F801EFBEF13B0FEBD19A4228BF8F
:1073C0001A46B2F5807F28BF4FF4807241460DF116
:1073D0000C0814464046C9F7DDFA4FF00009B442E4
:1073E00008F8049012D8494698F80030633B142BF3
:1073F0001DD8DFE803F0671C6D4F1C555B1C1C1C7F
:107400001C1C1C61252B31373D434900464438493B
:1074100002AA3046C9F71CFE484502DD029B9F4286
:107420000AD045B0BDE8F08311468DF80C20314AF2
:107430002846FEF7CFF9F4E706F8019C0121D3E7CF
:107440000A4628464146FEF7CBFBEAE70A462846AD
:107450004146FEF7D5FAE4E70A4628464146FFF7DB
:107460005BFFDEE70A4628464146FEF78BFCD8E77D
:107470000A4628464146FEF7C3FCD2E70A4628469C
:107480004146FEF7FFFBCCE70A4628464146FEF799
:1074900001FBC6E70A4628464146FEF7BFFDC0E7A6
:1074A0000A4628464146FEF741FABAE70A46284608
:1074B0004146FEF73FFFB4E70A4628464146FEF73D
:1074C00039FBAEE70A4628464146FEF723FCA8E70B
:1074D00098F80130732B04D0074A2846FEF77AF952
:1074E0009FE70A4628464146FEF7BCFC99E700BFE5
:1074F0008FA803084C900408109004082DE9F04769
:1075000088B06B4683E806009DF80030002B3FD121
:10751000144600F10806A21B9310002B4A4F824626
:107520000DF118084FF001094ADD02330AEB83021E
:1075300035462B780A3BDBB2172B27FA03F12AD901
:107540006B780A3BDBB2172B27FA03F151D9AB78E2
:107550000A3BDBB2172B27FA03F14ED8CB074CD5E9
:107560000235AC421BD80AF58473A34203D800222B
:107570008AF808213446DAF8000002681568CDE977
:107580000643324B4146CDE9043A03AA04ABA8476F
:1075900008B0BDE8F087C807D2D5AC42E3D99AF865
:1075A0000831F3B98AF80891641B013C2246691C32
:1075B00030463444C9F788FAA21B9310002BB4DC80
:1075C0003546022A2FD0032A27D0012ACBD12B7887
:1075D0000A3BDBB2172BC6D827FA03F3DB07C2D569
:1075E000DBE7CDE90665504698E80600FFF7C0FEE8
:1075F000DAE7C907ABD50135CFE7EB780A3BDBB259
:10760000172B27FA03F104D90435AA4291D1621B42
:10761000D7E7C807F8D50335BFE72B780A3BDBB2BD
:10762000172B0CD901352B780A3BDBB2172B01D96C
:107630000135CCE727FA03F3DA07AED4F8E727FAE7
:1076400003F3D907A9D4EDE70900800051760308B8
:1076500000B585B0EC468CE8060086469CE8030041
:1076600002AB83E8050093E80600704605B05DF8BC
:1076700004EBFFF743BF00BF704700BF10B58C4657
:10768000044600F1040E93E803008EE803009CE832
:10769000030004F10C0383E8030002B1146010BD81
:1076A00030B5044687B0236B013B02A803EB83038C
:1076B00080E806009B000833E2189DF80800E358B4
:1076C0008DF810000021506861631174039A0592CF
:1076D0001BB106AA12E906009847237E2BB994F83D
:1076E0002C30ABB9236307B030BD0822012160689C
:1076F00003681D68216308490491224404A900918C
:10770000083206CA059404F13403A84707B030BD17
:107710001C220221EBE700BFA1760308F0B585B07B
:107720006C4684E80600521A0A9E402A28BF40226E
:10773000044600F1080C8F180D4696E803008CE80B
:107740000300276103B11C60606892B22946DDF72F
:107750006BFE88B10023A360C4E90333336803954B
:1077600003228DF808203BB104AA12E906007068D4
:1077700005B0BDE8F040184705B0F0BD70B586B063
:10778000044602A880E806004FF0010C04F118013D
:107790000A9DBFF35B8FD1E84F2FC1E846CF002E83
:1077A000F9D1BFF35B8FD2B202B3BFF35B8F04F1A9
:1077B0002C01D1E84F2FC1E846CF002EF9D1BFF3FD
:1077C0005B8FD2B2002A34D00BB100221A602B6832
:1077D000029A059203218DF8101043B306AA12E90C
:1077E0000600686806B0BDE87040184704F1080C50
:1077F00004F1100603C80CF1080E8EE8030095E8AA
:1078000003008CE803000BB1511C1960236B73B9A2
:107810006068013203682263094A1D68049204AA61
:10782000009296E80600059404F13403A84706B0D8
:1078300070BD04F11C0C04F124060122DAE700BF3C
:10784000A1760308036B8B421FD010B4013901EB02
:1078500081018900083143184458DA68586883B0B8
:107860004FF0000C012183F810C08DF80010019238
:107870003CB102AB13E90600234603B05DF8044BAC
:10788000184703B05DF8044B70474368416B1A68B2
:1078900018465368184700BF30B589B002AB83E87B
:1078A000060003469DF808000399002283F848204B
:1078B000DA6408BB8B4200D9FEE703F140058D4234
:1078C000FAD3CA1A196C02F03F028A425A6415D3DD
:1078D00012D9186D07951A4401210468069283F89D
:1078E00048100C49246804AA009208AACDE90413A0
:1078F00012E906004C33A04709B030BD186D1A4498
:1079000019444FF0010C0468069283F848C00791AF
:10791000E7E700BF99780308436823B3F0B5C3686D
:1079200083B00446EBB10569ED1A954228BF1546B0
:107930000026C0E903662A461846C9F72BF867688F
:107940008DF8006003462B44A0680193C4E90166EA
:107950003FB102AB13E906003B4603B0BDE8F0407F
:10796000184703B0F0BD70472DE9F04F544B93F822
:107970009A318DB0002B00F09A8003F0FD03012BAB
:1079800002D15048FDF74CFE09AC4F4DDFF858913D
:10799000DFF858A1DFF858B1DFF858814B4F29685C
:1079A0004FF0FF322046E0F751F9099B102BF6D13A
:1079B0000A9E022E4AD0032E28D0012EEFD1D9F8EC
:1079C000000090F83A30222B51D0DDF7B5FD594632
:1079D000D9F800004022DDF763FDD9F800305B6B79
:1079E0001B685B680021D3F14003CAF8001038BF60
:1079F00031461E460029D2D1B142D0D2721A344843
:107A00005944FFF789FFCAF80060C8E7314998F880
:107A1000483000220A70002BC1D1D8E910239342CC
:107A20003ED24344424407930892D8F850000123C1
:107A300088F8483003681E68274BCDE9053805AB48
:107A4000009307AA06CA254BB047A8E7BE683A6963
:107A5000F868089200238DF81C30BB603B61FB6026
:107A6000002E9CD007AB93E80600B04797E7436B26
:107A70001B685E68D6F1400634BF012300230393E0
:107A80008DD3DAF80010B142B6D9C1F140021048E6
:107A90005944FFF741FF039BCAF800301946ABE792
:107AA0007FF67DAF434407930D4B0893BDE709ACC8
:107AB0000C482146CDE90933E1F77AFD65E700BFBF
:107AC000C0E300207CED0020F0E60020BCF20020A6
:107AD0006CF2002014F200209978030864F2002070
:107AE00058F20020F4F0002078ED002074ED002022
:107AF00034ED002018F2002030B50E4C0E4D6060C1
:107B00000E4C0F49286087B04022DDF7C9FC0FCC2E
:107B10000DF1040CACE80F000A4B2268CCF80020F1
:107B2000002101A81960DFF76FFF074B186007B04D
:107B300030BD00BFBCF2002078ED0020649A03083D
:107B400034ED002074ED002080F20020044B1B680F
:107B50002BB1044B002218680121E0F74BB87047A5
:107B600080F20020F0E60020054B1B68834200D025
:107B70007047044B002218680221E0F73BB800BFB1
:107B800078ED0020F0E600202C492D4809682D4AA8
:107B900030B42D4C2D4D1463C4E900512C490160C3
:107BA0002C4911602C49D16202F12C01C2E9162145
:107BB0007F211166294950600023C4E90233C2E9DC
:107BC0000533C2E90733C2E91133C2E91333C2E90D
:107BD00059332361536282F8283082F85430C0E967
:107BE0000133C0E9033382F86C31C2F87031C2F856
:107BF00074314C601A4A1B4C0B76C4E91033C4E94B
:107C0000133184F84830C1E902330124C1E9043357
:107C1000C1E90733C1E90933C1E90C33C2E9000303
:107C2000C2E9C333C2E9C63181F82C3082F814337B
:107C30000D4B82F808410B6030BC704778ED002096
:107C40006CF200209CF00020BCF20020B4C50408B7
:107C5000A4C504084CA103083CA1030884F2002039
:107C60007CED002018F2002044C50408704700BFD6
:107C7000F0B585B06C4684E806000A9E0D460446C1
:107C800003B11860637993B1531B3F2B01D8A168EE
:107C9000B1B13368039503228DF8082073B104AAAB
:107CA00012E90600706805B0BDE8F0401847336877
:107CB000039502228DF80820002BF0D105B0F0BD0D
:107CC0002769002FE5D196E8030004F1080686E84D
:107CD0000300226199B222792846D8F74FF900288B
:107CE000ECD0A368E06827610322C4E902778DF82D
:107CF00008200395002BE1D004AA12E90600D2E780
:107D000070B5044682B00D4602B1106062793AB394
:107D1000A2687AB11C682A68019203218DF80010CC
:107D2000E4B102AA12E906005868234602B0BDE891
:107D3000704018472669002EECD193E8030004F147
:107D40000802C2E900016A682968124B2161521ACF
:107D50001868237992B2E0F7D7FE58B902B070BD27
:107D60001C682A68019202218DF80010002CD8D1DD
:107D700002B070BDA36826612A68E0680192032101
:107D8000C4E902668DF80010002BE7D002AA12E9C0
:107D90000600CBE7849F03082DE9F04F9F4CA04DD0
:107DA000DFF8A892DFF8A8829E4F9F4E8BB00DF1AE
:107DB000140A21684FF0FF3207A8DFF747FF079B3F
:107DC000102BF6D12B6801332B60089B013B062B4F
:107DD000EFD8DFE813F0BE000700A30088007300AF
:107DE0005A00D900D9F81020D9F8083006924FF07F
:107DF000000B0222D9F80C0089F805B088F805B00C
:107E000087F805B086F805B0C9F808B0C9F810B011
:107E10008DF81420C9F80CB0002B00F0D9809AE836
:107E20000600984798F80530D8F81010C8F810B038
:107E3000002B14BF00220222D8F808B0D8F80C009A
:107E40008DF8142000230691C8F80830C8F80C30CB
:107E5000BBF1000F02D09AE80600D8477B793A6957
:107E6000D7F808B00692002B4FF0000314BF1A4653
:107E70000222F868BB603B618DF81420FB60BBF107
:107E8000000F02D09AE80600D84773793269D6F815
:107E900008B00692002B4FF0000314BF1A460222CE
:107EA000F068B36033618DF81420F360BBF1000F0C
:107EB0003FF47FAF9AE80600D8477AE77B793A69C2
:107EC000D7F808B00692002B4FF0000314BF1A46F3
:107ED0000222F868BB603B618DF81420FB60BBF1A7
:107EE000000FE7D165E798F80530D8F81020D8F8EA
:107EF00008B00692002B4FF0000314BF1A4602226E
:107F0000D8F80C00C8F80830C8F810308DF81420E4
:107F1000C8F80C30BBF1000FCCD14AE799F8053016
:107F2000D9F81020D9F808B00692002B4FF00003C2
:107F300014BF1A460222D9F80C00C9F80830C9F853
:107F400010308DF81420C9F80C30BBF1000FB1D1FE
:107F50002FE7012389F8053088F805307B717371AC
:107F6000324800235146CDE90533E1F721FB304B80
:107F700093F89D318BB303F0FD03012B7FF419AF10
:107F80002C48FDF74DFB14E72B492C4891F848305D
:107F900000220270002B7FF40CAFD1E91023934232
:107FA00022D2086D03EB010C0B460A44012183F831
:107FB00048100168D1F800B0CDE905C2204ACDE9EA
:107FC000032303AB00939AE806001E4BD847F0E664
:107FD000D8F81010C8F810302EE71B485146CDE9EC
:107FE0000533E1F7E5FAE4E67FF6E3AE1249086D02
:107FF000012281F8482002680B44D2F800B00593B2
:1080000001F1400306930E4BCDE9033103AB00931E
:1080100001F14C039AE80600D847CAE6F4E60020CE
:1080200068F9002088F8002040F9002068F7002057
:10803000C0E30020D0F20020A0F800209CF800202F
:1080400099780308ECF8002048F600202CF900206D
:1080500054F90020012A10B412D0032A02D05DF88E
:10806000044B70470D4C2369002BF8D00C4A0B448D
:108070001068236100225DF8044B0621DFF7BABDCA
:10808000084C2369002BEAD0054A0B441068236191
:1080900000225DF8044B0521DFF7ACBD40F900205C
:1080A000F4E6002088F8002010B5094C0FCC86B00B
:1080B0000DF1040CACE80F002368CCF8003000216F
:1080C00001A8DFF7A1FC034B186006B010BD00BF8C
:1080D000789A030874F900202DE9F047404E414F8B
:1080E000414A32603A608322BA80404ADFF81091F8
:1080F000C2F80090DFF80C913D493E4DDFF808C111
:10810000C2F82C904FF0810ADFF80091DFF800E10F
:10811000A6F804A000234FF001084FF0030A1663ED
:10812000C6E90233C2E90533C2E90733C2E91133B4
:108130003361C5F800E05560536282F82830CCF80E
:1081400000E0C7E90233C5E90233CCE902333B6101
:108150002B61CCF81030A5F80480ACF804A0C1E97C
:10816000009602F12C062448244CDFF8A8E0D665DE
:108170007F26C2E95933C2E95C33D364136582F8C0
:108180005430926582F86C3116663F22C4E900C70C
:10819000C4E94333C4E94633C1E90233C1E90433D6
:1081A000C1E90733C1E90933C1E90C3384F814315B
:1081B0000B7681F82C30A260CEE91331C0E9C333CD
:1081C000C0E9C631CEF840300560CEF844308EF8B4
:1081D0004830436080F8088180F81433BDE8F087A8
:1081E0002CF9002054F9002040C60408F0F50020C6
:1081F000F4F8002088F80020D0F2002068F7002072
:108200004CA103083CA1030840F9002044C5040820
:1082100030C60408A0F80020704700BF0346084697
:108220001946C8F7B7B800BF70B5036884B000241A
:108230009E690394102315460293CDE900446B46D2
:108240001268B0479DF8043003F00603062B03BF05
:10825000009B2B600120204604B070BD0098904226
:1082600014BF01200620704710B5034B036004467D
:1082700000F0D4FE204610BD90CE040810B5054B8A
:108280000360044600F0CAFE2046082100F04AF8C8
:10829000204610BD90CE04082DE9F041069F0899B4
:1082A000099E8F42044690461D460CD02946204622
:1082B00000F0B8FE20B10123376086F80480B37166
:1082C0000020BDE8F081079900F0ACFE0028EDD059
:1082D00086F805800020BDE8F08100BF38B515465E
:1082E0001C4600F09FFE00B938BD08220623256019
:1082F000E260237138BD00BF2DE9F0410646174604
:108300001D460C4600F08EFE48B9032D07D82368A1
:108310003A46314620465B69BDE8F0411847BDE862
:10832000F08100BF01F088B92DE9F04105680446ED
:10833000174655E9020288B01E460023CDE90533F1
:108340002358251853F8040C10239042079322D188
:1083500003680095CDE9011405AA0392DD690622A0
:1083600088463B463146A847059A10469AB19DF883
:108370001A5005F00603062B0ED09DF819109DF833
:1083800018300B4003F00603062B05D001F0050161
:10839000042900D01DB1002008B0BDE8F081002EF6
:1083A00006DB1644B442F6D1104608B0BDE8F081B1
:1083B000B31CF0D000943C684346246A31463846EA
:1083C000A04700F006000628E5D1059A1046ECE724
:1083D00020494B6830B5A0F108046BB350F8085C35
:1083E00004EB050E734527D821D05A6801F1040C1F
:1083F00032B90FE0516803F1040C21B313460A4669
:108400009645F7D304BFDEE900215960DCF800305F
:1084100008BFAD181A6899188C4211D05B6840F8F3
:10842000043CDCF8003040F8085C5C6030BD1A6841
:108430005B682A4440F8082C40F8043C4C6030BD8E
:108440002A441A6030BD5B681A6899188C42E5D1DD
:10845000F6E700BF88F90020144900F108034868D6
:10846000082B38BF0823A0B1073323F007030431DA
:1084700002E0011D4068B8B102689342F9D830B4F7
:10848000D41A072C06D84368026030BC08300B6051
:1084900070477047C21845685560C450086830BCC2
:1084A000036008300A607047704700BF88F90020F9
:1084B00010B500F180042046C7F7B2FF034630B183
:1084C000802200211846C8F77BFB803010BD204673
:1084D000FFF7C2FF03460028F2D100F041FC00BFC5
:1084E000064A93688038984205D9D2681344984266
:1084F00001D2FFF76DBFC7F79BBF00BF88F900200F
:1085000038B5084C4FF41E652846E560C7F788FF6C
:10851000A06020B10023C0E90053606038BDE06076
:10852000606038BD88F900201EB400F08FF81EBCD2
:10853000D5F728F8F0B50278472A83B00C461D46D7
:1085400019D00023264E0193336830469B68984724
:1085500078B1019B1B6801930227236831462046AE
:108560001E6901AA0123B04718BB0746384603B06D
:10857000F0BD0127F1E743784E2BE2D18378552BEC
:10858000DFD1C378432BDCD10379462B1BD0037991
:10859000432BD6D143792B2BD3D183792B2BD0D11D
:1085A000C379012BCDD809D050F8206C58300190F8
:1085B000CAE7019B2B60384603B0F0BD50F8200C91
:1085C00050F8786CF3E743794F2BE0D18379522B45
:1085D000DDD1C379002BDAD1024E0193B4E700BF9D
:1085E000D0CE0408C8CE040810B5044600F07AF8CE
:1085F000224612F82039472B04D0836823BB8260BF
:10860000012010BD63784E2BF7D1A378552BF4D100
:10861000E378432BF1D12379432BEED163792B2BD4
:10862000EBD1A3792B2BE8D1E379012BE5D854F8D2
:10863000043C0133012B44F8043CE1D1836844F845
:10864000083C8260012010BD00F08AFB08B500F0F4
:1086500049F8836883B393F82020472A04D0002286
:10866000826003F1200008BD93F821204E2AF6D144
:1086700093F82220552AF2D193F82320432AEED1F1
:1086800093F82420432AEAD193F825202B2AE6D117
:1086900093F826202B2AE2D193F82720012ADED84E
:1086A000DA69013ADA61002ADBD199698160002236
:1086B0009A6103F1200008BD00F052FB704700BF33
:1086C000704700BF00487047B4CE040810B50421BD
:1086D0000446FFF727FE204610BD00BF0048704744
:1086E00098F900200048704798F90020502870B58C
:1086F0001DD0844600F00F000C2855D8DFE800F0AC
:10870000074426071E545454542A22071E001046BC
:1087100050F8046B4EB10CF07004102C08BF1146D9
:108720000E441CF0800F18BF36681E6070BD033207
:1087300022F0030050F8046B1E6070BD104650F824
:10874000086BE7E7104630F9026BE3E7104630F8B4
:10875000026BDFE700261046344610F8015B05F097
:108760007F0E0EFA04FE15F0800F46EA0E0604F1A5
:108770000704F2D11F2CCDD86D06CBD54FF0FF35B5
:1087800005FA04F42643C6E700261046344610F8DE
:10879000015B05F07F0E0EFA04FE2D0646EA0E067A
:1087A00004F10704F3D4B5E7C7F7E6FDFF2822D0AC
:1087B00008B500F07003302B18D006D8202B0BD151
:1087C000BDE80840084601F06AB8402B0AD1BDE870
:1087D00008400846D5F7B6B802D810F0600F03D0AD
:1087E000C7F7CAFD502BFBD1002008BDBDE80840EB
:1087F000084601F051B80020704700BFF8B50C469C
:108800001546064608B1D5F79DF8286014F8017B97
:10881000FF2F29D16860204610F8013B2B75FF2BF4
:1088200033D0102300242B75224610F8011B01F0D1
:108830007F039340090644EA030402F10702F4D4DB
:108840000444EC6010F8013B6B750024224610F8DC
:10885000011B01F07F0393401C430B0602F107024A
:10886000F5D404442C61F8BD31463846FFF79EFF2D
:10887000224601462B1D3846FFF738FF04462046A6
:1088800010F8013B2B75FF2BCBD10023EB60D9E710
:108890002DE9F04F00F0030493B00023012C08935E
:1088A0008846174613D0022C08D139464046D5F7E2
:1088B00033F840B9082013B0BDE8F08F002C00F069
:1088C0009480C7F759FD092013B0BDE8F08F0DF172
:1088D000300A10F00804CDF800A000F09D8044F0AC
:1088E000020202920C910C2219463846D4F7BAFAC9
:1088F0003846D5F72DF883460028D6D05246014693
:108900003846FFF77BFF394605469DF84400FFF7E0
:108910004DFF0DF12C0900230E901946CDF8009063
:108920000F223846D4F778FA0B9B23F001035E1E22
:10893000109B9D4237D29DF8454000212046FFF70D
:1089400035FF2A46014609AB2046FFF7CFFE9DF8CA
:108950004550044600212846FFF728FF22460146DD
:108960000AAB2846FFF7C2FE9DF845500446002199
:108970002846FFF71BFF224601464B462846FFF7D5
:10898000B5FE00240546224615F8011B01F07F03C1
:1089900093401C430B0602F10702F5D40C9B099A85
:1089A0001344B34219D9029BD80730D5002403944D
:1089B00000231946CDF8009038460D22089DD4F7C3
:1089C0002BFA039BC8F830300B9BC8F82CB0C8E9D1
:1089D00009540620C8F820306DE70A9A1344B342C0
:1089E0006ED8109BAB42A6D8DDE702073FF55DAF1E
:1089F000012302930DF1300A0023CDF800A00C22D0
:108A000019463846CDF83080D4F72CFA70E7029B2F
:108A10001A0752D500F0A4F90D6A23460D2221460B
:108A20003846D4F7F9F90C9B9D4202D002230293F9
:108A3000E2E72346CDF800A021460C223846CDF8C7
:108A40003080D4F70FFAD8F830300393ABB3D8E9BD
:108A50000A4B0DF12C09002C4EDB032500231A468E
:108A60001946CDF800903846CDF82C80D4F7FAF9A5
:108A7000002319460122CDF8009038460B94D4F714
:108A8000F1F9002319460F22CDF800903846D4F7AB
:108A9000C3F90B9A0399CDF8009002F001020A4342
:108AA00000230B9238460F221946D4F7DBF9022D2A
:108AB0001DD0072013B0BDE8F08F404600F0DCFD6C
:108AC0000B9B002B3FF4F1AE0D9A13440393002C43
:108AD00038D1002B3FF4E9AE029BDD073FF5E5AE50
:108AE000029B1B0740F1238100240225B6E7404684
:108AF000FFF77AFD0720DEE66FF040431B1B1E46A2
:108B0000524659463846FFF779FE9DF844003946EB
:108B1000FFF74CFE0E9005460F9850F8263000EBFC
:108B2000860033B10246002352F8041F01330029A6
:108B3000FAD1C8E90A350423C8F83400C8F830303F
:108B400003258BE7109E039B013C2644002B3FF43A
:108B5000ACAE029B002E00F0E28013F008030493F9
:108B600000F0C980472388F800304E2388F8013090
:108B7000552388F80230432388F80330462388F8C9
:108B800004304F2388F80530522388F8063000233C
:108B900088F807300023CDF818B005979B46CDF82C
:108BA0001CA00024224616F8011B01F07F0393400D
:108BB000080644EA030402F10702F4D41F2A05D888
:108BC0004B0603D5012393405B421C4300253046EE
:108BD0002A4610F8011B01F07F0393400F0645EA77
:108BE000030502F10702F4D41F2A05D8490603D56C
:108BF000012393405B421D43002C37D039DCB8F190
:108C0000000F02D0049B002B50D06FF0404A0F9B06
:108C1000AAEB040A53F82A30BBB1002D75D02E44BC
:108C2000BFE7A3005B420F9A0E991A444B46FFF729
:108C30005DFD0B9949B1B8F1000FEED008AB0022F1
:108C40004046FFF777FC0028E7D0029BDDF81CA028
:108C5000D907DDE9057B3FF5ABAE049B002B3FF464
:108C6000FAAE002CBFF6F9AE00F088F84FF0010B19
:108C7000D3E79DF84400FF2831D000F00703042B10
:108C80003FF61FAE01A252F823F000BF238C030869
:108C9000C3880308A78C0308238C0308A18C03084E
:108CA000E3005B42BFE763005B42BCE76FF0404A12
:108CB0000F9F089B0B93AAEB040A57F82A1007EBA7
:108CC0008A0719B90DE057F8041F51B139444B46D2
:108CD00000224046FFF72EFC0028F4D09DE7002339
:108CE000A1E7029BDA075646DDE9057BDDF81CA00B
:108CF0003FF55EAE04E798F80730012B0CBF58F83B
:108D0000203C08F15803089344E75B46059F002B7D
:108D10003FF4CBAD029BDB073FF5C7ADE4E6DE07D2
:108D20003FF5C3AD029B13F008047FF4DDAE0225CE
:108D300094E600F023FD6DE600B583B08047C7F7E9
:108D40001BFB00F01BFDC7F717FB0C46019000F062
:108D500053FD0134019801D100F09EFCFFF7E4FBC4
:108D600008B5034B1868BFF35B8FFFF7E5FF00BF43
:108D70009C0F002008B58047FFF7F2FF08B5034BB2
:108D80001868BFF35B8FFFF7F5FF00BF980F002057
:108D9000024B1868BFF35B8F704700BF9C0F002029
:108DA000024B1868BFF35B8F704700BF980F00201D
:108DB00000B5012883B01DD8BFF35B8FA1F1280354
:108DC00053E8002F013A43E800200028F8D1BFF310
:108DD0005B8F62B951F81C3C01F1580013B101904E
:108DE0009847019803B05DF804EBFFF779BB03B037
:108DF0005DF804FB51F8140CFFF79EFF38B5002511
:108E000040E91E1240F8805C0446FFF7C9FF44F8B1
:108E1000700CFFF7BDFF43222B23472104F8552C8C
:108E200004F8542C04F8533C04F8523C4E225523C9
:108E300004F8581C04F8515C054904F8572C04F850
:108E4000563C44F86C0C44F8501CA4F1800038BD2A
:108E5000B18D030810B582B0CDE900210446FFF7BB
:108E600041FC03464068009A019901305860204651
:108E7000FFF7C4FF0446012344F8283B2046D4F7FB
:108E80006FFB204600F07AFCFFF76AFF10B5FFF792
:108E900029FCD0E900420132426064B194F82020FC
:108EA000472A0AD00022026020342046D4F77CFBF7
:108EB000204600F063FCFFF753FF94F821204E2A70
:108EC000F0D194F82220552AECD194F82320432A9B
:108ED000E8D194F82420432AE4D194F825202B2AC1
:108EE000E0D194F826202B2ADCD194F82720012AFF
:108EF000D8D8626952426261D6E700BF08B5FFF771
:108F00002FFF00BF10B5034B03600446FFF7ACF919
:108F1000204610BDA4CF040810B5054B03600446DD
:108F2000FFF7A2F920460C21FFF7FCF9204610BDFF
:108F3000A4CF040870B582B00446069E96420D4642
:108F400009D0A06804680696246A2946A44602B09F
:108F5000BDE87040604719460192009300F062F846
:108F6000DDE900320028ECD0062002B070BD00BF61
:108F70002DE9F04F0C4681B01946DDE90A69DDE9BB
:108F80000C879B460546924600F04CF880B9464552
:108F900025D0A86821460468CDE90C87CDE90A6987
:108FA000E4695B465246A44601B0BDE8F04F604715
:108FB000002C3E6087F804A00CDB3444A0450CBFB5
:108FC0004FF006084FF0010887F80680002001B036
:108FD000BDE8F08F0234F9D10123BB71F6E74946B1
:108FE000284600F01FF80028D3D087F805A0EDE749
:108FF0002DE9F04106460F4614461D46FFF76EF96F
:1090000048B9B068016822468C692B463946A446A7
:10901000BDE8F0416047BDE8F08100BF704700BF88
:1090200000207047814211D008B5406803782A2B90
:109030000AD049680B782A2B08BF0131C8F7B4F869
:10904000B0FA80F0400908BD002008BD012070473B
:1090500010B5034B03600446FFF706F9204610BD28
:109060001CD0040810B5054B03600446FFF7FCF85C
:1090700020461821FFF756F9204610BD1CD00408E1
:109080002DE9F04F83B09146DDF830A052450546FA
:109090000F46984631D0E868461E10B305EBC00570
:1090A000EC6814F0020F4346394606F1FF364FEAEA
:1090B000242212D014F0010404D0F81C0DD0D9F8E9
:1090C00000008258A868D0F800C0CDF800A0DCF8F5
:1090D00020B04A44D847032807D8741CA5F10805D6
:1090E000DED1012003B0BDE8F08F002CFAD040F0B3
:1090F0000100C0B203B0BDE8F08F1946FFF792FF40
:109100000028C8D00620EDE72DE9F04F93B098462F
:109110001F9CDDF870B0A3680B90DB0689460992AE
:1091200001D58368A3601E9B9B4500F08A810B9844
:109130004146FFF777FF002840F06C81B9F1000F3E
:10914000A9BF1E9B0790A3EB090307930023069377
:109150000C9302230D9301230893099B43F0010311
:109160000A9349460B9BDE68771E002E00F08E8026
:1091700003EBC6064FF0000A0497F068A568119546
:10918000C707CDE90FAA48BFDBF80020079F58BFEB
:10919000099A4FEA202344BFD3580A9A5B444FB13F
:1091A0009F42089F2CBF4FF0000C4FF0010CBC45B4
:1091B00000F09380800704D48F1C00F08B8002F0B5
:1091C000FD02B0680591056800931E9B02930DF1A6
:1091D0003C0C1D9B0193CDF80CC0ED694346A8479C
:1091E00062799DF841309DF842501343062D63711A
:1091F00000F03881022D059900F03481069A002A8A
:109200005FD12268002A00F09D80DDF83CC09445C3
:1092100000F08C80BCF1000F00F0A380032B94F8C9
:1092200006903ED9DF0702D5A068800739D4B9F18E
:10923000010F38BF4FF00109012D38BF01255FFA3A
:1092400089F9EDB285EA0903DBB2032B40F2948081
:10925000032D40F2DB800F9A05F0020322609DF897
:109260004020227100220692A571002B40F0AE80B2
:10927000EB0740F1AB806379042B5FD0049B013B8B
:1092800004930133A6F108067FF477AF0C9B002B03
:1092900054D00D9B012B51D001230D930023089333
:1092A00060E7B9F1000F2AD1032D78D9EF0772D406
:1092B00085F00103DBB2032B64D9624605F002039B
:1092C000CCE72268002AA0D1DDF83CC0BCF1000F39
:1092D000A4D1D1E7A807D1D071E701230C93CDE742
:1092E0008F1C00F0E7801E9B0093D8F8003005919A
:1092F000D3F820901D9B4046C84705998146002D14
:10930000A0D1B9F1030F67D919F0010F57D00B9B0A
:109310009B689D0760D489F00103DBB2032B31D930
:1093200019F0020F84F80690A5D04FE022799DF83D
:109330004000042B42EA000222719FD1069813B02C
:10934000BDE8F08F0F9A9DF8405022602571002AE9
:1093500000F08680EBB10B9A06909268D207EDD5AB
:109360008AE700287FF45AAF86E789F00603DBB26C
:10937000032B00F2AA80062505EA0905EDB2032DAC
:1093800000F29C806379C4F800A00122A2710692C9
:1093900072E7069072E70B988068800788D50029ED
:1093A0009EDB1E980A4490427DD0002D6DD085F042
:1093B0000102D2B2032AE6D94FF0010948E789F049
:1093C0000103DBB2032BDDD984F80690002306935A
:1093D000069813B0BDE8F08F00290F9A0DDA881CAB
:1093E0000FD01E9B0093D8F8003005911D6A1D9B7D
:1093F0004046A8470599054624E71E985318984209
:10940000B3D089F00103DBB2032BBBD909F002030F
:109410004D4629E7099BC4F800B0B9F1000F23714C
:109420002BDB1E9BD9444B450CBF4FF006094FF078
:10943000010900230693069884F8069013B0BDE84E
:10944000F08F1D990B98FFF7EDFD00283FF46FAEEC
:10945000099B637100230693069813B0BDE8F08F53
:10946000069009E706900F9A9DF840300698226012
:109470002371A57113B0BDE8F08F19F1020FA5D1CA
:109480000123A3710023069358E71E9A0CEB0103F6
:109490009A427FF477AF9DF84020C4F800C00623BD
:1094A0002271A37192E715B14FF00609CAE60623AF
:1094B000A3718BE7002D7FF47AAF63E702230022CC
:1094C000A37101232260069338E79DF840102260C3
:1094D00006232171A37179E72DE9F04F2DED028B61
:1094E00089B008EE101A0446039091469A46FEF79A
:1094F000F5FE054600285ED1DAF808300193DE0655
:1095000000F18A80039BDC68671E002C4ED003EBC1
:10951000C404019B03F00103029300260DF1100B1C
:10952000E268019B0496CDE9063602F00103009340
:10953000029B8DF8146002F0020853EA080330D051
:10954000B9F1000F3DD0009B121213B1D9F80030D1
:109550009A584A44A06801685B468D6918EE101A53
:10956000A8470546E8B1079B082B2CD09DF814307E
:10957000032B06D9B8F1000F03D123F002038DF8B5
:109580001430DAF80C1021B3DAF80030049A934260
:1095900045D16BB39AF804309DF8142013438AF830
:1095A0000430013F7D1CA4F10804B9D19AF804509D
:1095B000003D18BF0125284609B0BDEC028BBDE86F
:1095C000F08F4A46C6E7009B002BCFD0A3680793D5
:1095D000CCE79BE80F008AE80F009AF80430032BD1
:1095E000E9D9980711D5039B9B68D907D9D4E2E73D
:1095F0000798082805D0082903D0FFF713FD002895
:10960000C8D102238AF80430D5E7DA07D3D5039B03
:109610009B689B07C5D4CEE7A368019372E700223D
:1096200002232846CAF800208AF8043009B0BDECAD
:10963000028BBDE8F08F00BFC6F7FABE0378472B58
:1096400001D00020704743784E2BFAD18378552BF8
:10965000F7D1C378432BF4D10379432BF1D143796C
:109660002B2BEED183792B2BEBD1C07901288CBF2A
:1096700000200120704700BF10B530B1044600F053
:109680007DF82046FFF7DAFF08B9FFF769FB54F8C9
:10969000140CFFF751FB00BF2DE9F04F85B00246D7
:1096A000FFF7CCFF38B152E90674D2E90C85D2F845
:1096B00028A0002605E00446074601260546804608
:1096C0008246104600F05AF80EB1FFF757FB3846B5
:1096D000FFF750FB00F052F80EB1FFF741FBFEF729
:1096E000FDFF0768DFF890B097F82730012B0CBF1B
:1096F0003B6807F17803029328F0030301932037B6
:109700004FF00009CA4520DDD5F80080B8F1000F00
:1097100000D0A84402AB002241463846FEF70AFFBB
:1097200008B1FFF7B3FBD8F80030039003AA404616
:109730005946D3F810800123C047019B002818BF69
:10974000064609F101091D44DCE746B10420FEF795
:10975000AFFE074B074A08490360FFF77BFB204633
:10976000FFF7EAFA00F048F800F046F8FEF7DCFEF2
:109770005CCF0408C1860308D8CE040838B5044677
:10978000FEF7B0FF2246056812F82039472B03D0B8
:1097900085BB0260284638BD63784E2BF8D1A3788C
:1097A000552BF5D1E378432BF2D12379432BEFD11D
:1097B00063792B2BECD1A3792B2BE9D1E379012B06
:1097C000E6D854F80C3C002B11DB013344F80C3C78
:1097D0004368013B4360954218BF44F8105C656ADA
:1097E00018BF02602046D3F70FFB284638BDC3F1EF
:1097F0000103EBE7FFF7B4FA08B5FEF76FFF036864
:109800007BB393F82020472A07D00022026003F19F
:109810002000BDE80840D3F7F9BA93F821204E2A7A
:10982000F3D193F82220552AEFD193F82320432A2D
:10983000EBD193F82420432AE7D193F825202B2A53
:10984000E3D193F826202B2ADFD193F82720012A91
:10985000DBD85A69002A05DB013A08D0511C0ED02A
:109860005A6108BD0132FBD119690160F8E71A6934
:10987000026003F12000BDE80840D3F7C7BAFFF744
:109880006FFA00BF024B13B10248C6F77DBD7047A7
:1098900000000000AD03000808B5C6F76DFD08B56F
:1098A000FFF7FAFFF8B500BFF8BC08BC9E4670474A
:0C98B000F8B500BFF8BC08BC9E4670472D
:1098C000000020410000A041000020420000A04212
:1098D0001892002080930020549200205606000029
:1098E000000000002B03000054A10308A59D0108FF
:1098F000FEFF000000000000000100000000204109
:10990000CDCCCC3EDB0F49400000A04100002042FE
:109910000000C842000000000000C07F0000C07FBF
:109920000000C07F000000000400000008000000EC
:109930000C000000106002402860024040600240BD
:10994000586002407060024088600240A06002409F
:10995000B860024010640240286402404064024043
:10996000586402407064024088640240A06402406F
:10997000B864024090D00300010000000000000025
:1099800000007A4400007A440118CF3A00000040F9
:109990000000003F0000003F000000000700000042
:1099A0000000204100000040000000000000000016
:1099B0000AD7233D000000000000204100000041C4
:1099C0000000807F0000704200007A440000C8421E
:1099D0000000F04200002041000020410000000093
:1099E000000020410000803F00000000000080FFD8
:1099F0000000807FCDCCCC3DCDCC4C3E00000000A3
:109A00000000C8420000F042010000000000000019
:109A10000000000000000000000000000400000042
:109A20000000C8420000F0420000000000000000FA
:109A30000004040303030000000B0B020C0C0207DC
:109A40000700000000000000000008000000000007
:109A500000000000000000000000080000000000FE
:109A600000000000ECC4040869790308000000004D
:109A70000000000000040000C0C50408997D030830
:109A80000000000000000000000400002002002090
:109A900020202020202020202020202020202020C6
:109AA00030303030303030303030303030303030B6
:109AB0000A00010002000300040005000600070080
:109AC000080009000A000B000C000D000E000F003A
:109AD0001000000000202020202020202020282806
:109AE000282828202020202020202020202020205E
:109AF000202020202088101010101010101010109E
:109B000010101010100404040404040404040410CD
:109B1000101010101010414141414141010101015B
:109B20000101010101010101010101010101010125
:109B30001010101010104242424242420202020231
:109B400002020202020202020202020202020202F5
:109B500010101010200000000000000000000000A5
:109B600000000000000000000000000000000000F5
:109B700000000000000000000000000000000000E5
:109B800000000000000000000000000000000000D5
:109B900000000000000000000000000000000000C5
:109BA00000000000000000000000000000000000B5
:109BB00000000000000000000000000000000000A5
:109BC0000000000000000000000000000000000095
:109BD0000000000000000000050000001900000067
:109BE0007D00000000000000000000000000F03FC9
:109BF0000000000000002440000000000000594068
:109C00000000000000408F40000000000088C340BA
:109C100000000000006AF8400000000080842E412F
:109C200000000000D01263410000000084D797417B
:109C30000000000065CDCD41000000205FA0024281
:109C4000000000E876483742000000A2941A6D42F6
:109C5000000040E59C30A2420000901EC4BCD642E9
:109C600000003426F56B0C430080E03779C3414394
:109C700000A0D8855734764300C84E676DC1AB430A
:109C8000003D9160E458E143408CB5781DAF154428
:109C900050EFE2D6E41A4B4492D54D06CFF0804403
:109CA000F64AE1C7022DB544B49DD9794378EA4418
:109CB000BC89D897B2D29C3C33A7A8D523F64939A2
:109CC0003DA7F444FD0FA5329D978CCF08BA5B25C4
:109CD000436FAC642806C80A0080E03779C341436B
:109CE000176E05B5B5B89346F5F93FE9034F384D02
:109CF000321D30F94877825A3CBF737FDD4F1575AE
:109D000035000000CEFBFFFFCB0300000100000088
:109D10000000000034000000CEFBFFFFCB0300007A
:109D20000100000000000000BC89D897B2D29C3C22
:109D300033A7A8D523F649393DA7F444FD0FA53232
:109D40009D978CCF08BA5B25436FAC6428066811D9
:109D50002020202020202020202020202020202003
:109D600030303030303030303030303030303030F3
:109D70000A000100020003000400050006000700BD
:109D8000080009000A000B000C000D000E000F0077
:109D90001000000020202020202020202020202033
:109DA00020202020303030303030303030303030F3
:109DB00030303030000000000000000000000000E3
:109DC0000000000000000000000000000000000093
:109DD0000000000000000000000000000000000083
:109DE00000000000101112131415161718190000A6
:109DF00000000000001A1B1C1D1E1F0000000000B8
:109E00000000000000000000000000000000000052
:109E100000000000001A1B1C1D1E1F000000000097
:109E20000000000000000000000000000000000032
:109E30000000000000000000000000000000000022
:109E40000000000000000000000000000000000012
:109E50000000000000000000000000000000000002
:109E600000000000000000000000000000000000F2
:109E700000000000000000000000000000000000E2
:109E800000000000000000000000000000000000D2
:109E900000000000000000000000000000000000C2
:109EA00000000000000000000000000000000000B2
:109EB00000000000D8D0040828D10408C40B0020FA
:109EC00031344761746544726976657242617365C5
:109ED0000000000090CE0408C09E0308394F704176
:109EE0006D7042617365000090CE0408DC9E03082B
:109EF0000401000000000000000800000000000055
:109F00000100000000020000180000000000000036
:109F100000000000000000000A0000001CD004083F
:109F20003C9F03080000000002000000D49E0308CC
:109F300002000000E89E0308020400003744727625
:109F40003833303100000000000000001C9F03087F
:109F500099DD0008C5DD00089DDD0008ADDD0008C5
:109F6000FCFFFFFF1C9F0308D5DD0008A5DD0008EE
:109F7000B9DD000834F8B543AC13E7C391C6994383
:109F800039CEDDC1009E0020426F6172642F7633AE
:109F90002F5372632F74696D2E6300000008000058
:109FA000426F6172642F76332F5372632F75736221
:109FB000645F636F6E662E630000000000030103A0
:109FC000426F6172642F76332F5372632F737069FF
:109FD0002E630000426F6172642F76332F537263D9
:109FE0002F75736172742E6300000000426F6172FE
:109FF000642F76332F5372632F6164632E630000E6
:10A000004F447269766520526F626F7469637300A2
:10A010004F447269766520332E36204344432049ED
:10A020006E746572666163650000000043444320FE
:10A03000436F6E666967000043444320496E746550
:10A0400072666163650000004F4472697665203373
:10A050002E36204E617469766520496E746572668D
:10A0600061636500000000000000000001020304BD
:10A07000060708090000000001020304426F617234
:10A08000642F76332F5372632F6932632E6300007F
:10A09000000610160006101649444C45000000004A
:10A0A0004E35666962726531374173796E635374F8
:10A0B0007265616D536F75726365450090CE0408DB
:10A0C000A0A003084E356669627265313541737927
:10A0D0006E6353747265616D53696E6B4500000069
:10A0E00090CE0408C4A00308A4CF040800A103086C
:10A0F000E0A00308A4CF040818A10308BCA003082B
:10A100004E35666962726531335061636B657457B1
:10A1100072617070657245004E35666962726531B4
:10A12000355061636B6574556E77726170706572DE
:10A130004500000000000000E8A00308A18B010812
:10A14000FD8C010800000000F4A00308258B010825
:10A15000AD8D0108616E616C6F675F7468726561D7
:10A16000645F646566000000000400004E31304FFB
:10A170004472697665496E74663841786973496ED0
:10A180007466450090CE04086CA10308A4CF0408AF
:10A1900098A1030884A10308344178697300000082
:10A1A000000000008CA1030899A001087374643AB0
:10A1B0003A6765743A2077726F6E6720696E6465DE
:10A1C0007820666F722076617269616E740000009B
:10A1D000537431386261645F76617269616E745F75
:10A1E0006163636573730000A4CF0408D0A1030802
:10A1F000E4CE04083331526573697374616E63652C
:10A200004D6561737572656D656E74436F6E7472C2
:10A210006F6C4C6177000000A4CF0408F4A1030820
:10A2200088A603083331496E64756374616E636593
:10A230004D6561737572656D656E74436F6E747292
:10A240006F6C4C6177000000A4CF040824A20308BF
:10A2500088A6030800000000E8A10308F5B501087E
:10A2600009B601085DB401080000000018A2030847
:10A2700061B40108DDF2010855F6010875B4010862
:10A2800025B601080000000048A2030871B50108C6
:10A29000DDF2010855F6010879B5010881B601081B
:10A2A0004E31304F4472697665496E746632385467
:10A2B0006865726D6973746F7243757272656E74DE
:10A2C0004C696D69746572496E74664500000000E2
:10A2D00090CE0408A0A203084E31304F4472697634
:10A2E00065496E746633354F6E626F61726454688F
:10A2F00065726D6973746F7243757272656E744CBA
:10A30000696D69746572496E7466450090CE040883
:10A31000D8A203084E31304F4472697665496E7495
:10A320006633364F6666626F617264546865726D3B
:10A330006973746F7243757272656E744C696D697E
:10A34000746572496E7466450000000090CE040882
:10A3500014A30308313443757272656E744C696DD1
:10A36000697465720000000090CE040854A30308CD
:10A3700033314F6E626F617264546865726D6973D8
:10A38000746F7243757272656E744C696D69746531
:10A39000720000001CD0040870A303080000000035
:10A3A0000200000020A40308020000000CA3030820
:10A3B0000200000033324F6666626F617264546857
:10A3C00065726D6973746F7243757272656E744CE9
:10A3D000696D6974657200001CD00408B4A3030899
:10A3E000000000000200000020A40308020000009A
:10A3F0004CA30308020000000000000094A303081F
:10A4000031E10008EDE900089DC7010800000000E7
:10A41000D8A3030835E10008FDE900089DC701083D
:10A420001CD0040840A40308000000000200000043
:10A4300068A3030802000000D0A203080200000085
:10A440003234546865726D6973746F7243757272D9
:10A45000656E744C696D6974657200004E31304FE1
:10A460004472697665496E74663131456E636F6416
:10A470006572496E7466450090CE04085CA40308BA
:10A48000000000000000803F00000040000040404D
:10A49000000080400000A040A4CF0408B4A403083A
:10A4A00078A4030890CE0408C0A4030890CE040842
:10A4B000F0A4030837456E636F6465720000000006
:10A4C0002A5A4E37456E636F646572323672756E06
:10A4D0005F68616C6C5F70686173655F63616C6914
:10A4E00062726174696F6E457645556C62455F00B6
:10A4F0002A5A4E37456E636F646572323972756ED3
:10A500005F68616C6C5F706F6C61726974795F63B6
:10A51000616C6962726174696F6E457645556C62F3
:10A52000455F00000000000098A40308C1C90108AD
:10A530007374643A3A6765743A2076617269616E41
:10A54000742069732076616C75656C6573730000A7
:10A550003133436F6D706F6E656E74426173650069
:10A5600090CE040850A50308A4CF040874A50308DE
:10A5700060A5030831334163696D457374696D618A
:10A58000746F72000000000068A50308D1E00108A4
:10A590004E31304F4472697665496E746631394D7B
:10A5A000656368616E6963616C4272616B65496E77
:10A5B0007466450090CE040890A50308A4CF040853
:10A5C000C8A50308B4A5030831354D656368616EFD
:10A5D0006963616C4272616B6500000000000000FD
:10A5E000BCA50308BDE2010801E301084E31304F6C
:10A5F0004472697665496E74663134436F6E747265
:10A600006F6C6C6572496E746645000090CE0408EC
:10A61000ECA50308A4CF040820A603080CA6030891
:10A620003130436F6E74726F6C6C657200000000A5
:10A630000000000014A6030859E3010889E301089B
:10A64000A1E3010841E301083135506861736543B6
:10A650006F6E74726F6C4C6177494C6A334545007C
:10A6600090CE040848A603081CD0040894A603084A
:10A67000000000000200000088A60308020000009D
:10A6800060A5030802040000A4CF0408B0A60308D4
:10A6900060A6030832334669656C644F7269656E63
:10A6A000746564436F6E74726F6C6C657200000049
:10A6B0003234416C706861426574614672616D65E7
:10A6C000436F6E74726F6C6C657200000000000066
:10A6D00068A6030849F20108DDF2010855F60108F1
:10A6E00075F2010835F60108FDF60108FCFFFFFFD1
:10A6F00068A60308E1F80108A4CF040804A703082A
:10A7000060A5030831384F70656E4C6F6F70436FF2
:10A710006E74726F6C6C65720000000000000000C7
:10A72000F8A60308E9F8010864656661756C74545D
:10A7300061736B003031323334353637383941424A
:10A7400043444546000000004E31304F4472697664
:10A7500065496E746631364F7363696C6C6F7363F1
:10A760006F7065496E7466450000000090CE040865
:10A7700048A7030831304F4472697665496E7466A4
:10A780000000000090CE040874A7030831324F7314
:10A7900063696C6C6F73636F70650000A4CF04080D
:10A7A0008CA703086CA70308000000009CA70308FF
:10A7B00091010208A4CF0408C0A7030884A70308D6
:10A7C000364F44726976650000000000B4A70308A4
:10A7D000B10102085D040208C5090208210302084C
:10A7E000A90102087D040208C1010208250202082D
:10A7F000B10202082D0302085103020863616E5F73
:10A800007365727665725F7468726561645F6465B2
:10A81000660000004E31304F4472697665496E74AF
:10A82000663743616E496E746645000090CE040839
:10A8300014A80308313043616E4275734261736539
:10A840000000000090CE040834A803081CD00408BF
:10A850006CA80308000000000200000044A80308E0
:10A86000020000002CA8030802000000394F4472C7
:10A8700069766543414E0000000000004CA80308C3
:10A88000D53A0208793B0208353B020825660025C7
:10A890007500256C6400256C7500256C6C750025B1
:10A8A000640000003854797065496E666F000000DE
:10A8B00090CE0408A4A803083235537472696E67F9
:10A8C000436F6E7665727469626C65547970654920
:10A8D0006E666F0090CE0408B8A803083231466C4B
:10A8E0006F61745365747461626C65547970654905
:10A8F0006E666F0090CE0408DCA80308323146690A
:10A9000062726550726F70657274795479706549BE
:10A910006E666F493850726F7065727479494E3146
:10A92000304F4472697665496E7466354572726F50
:10A9300072454545000000001CD00408FCA803082F
:10A940000000000003000000F4A80308020000005B
:10A95000D4A8030802040000B0A8030802080000FD
:10A960003231466962726550726F706572747954E3
:10A97000797065496E666F493850726F7065727490
:10A9800079496645450000001CD0040860A9030809
:10A990000000000003000000F4A80308020000000B
:10A9A000D4A8030802040000B0A8030802080000AD
:10A9B0003231466962726550726F70657274795493
:10A9C000797065496E666F493850726F7065727440
:10A9D00079496245450000001CD00408B0A903086D
:10A9E0000000000003000000F4A8030802000000BB
:10A9F000D4A8030802040000B0A80308020800005D
:10AA00003231466962726550726F70657274795442
:10AA1000797065496E666F493850726F70657274EF
:10AA200079496D45450000001CD0040800AA0308C0
:10AA30000000000003000000F4A80308020000006A
:10AA4000D4A8030802040000B0A80308020800000C
:10AA50003231466962726550726F706572747954F2
:10AA6000797065496E666F493850726F706572749F
:10AA700079494E31304F4472697665496E74663754
:10AA800043616E496E7466354572726F7245454515
:10AA9000000000001CD0040850AA030800000000B9
:10AAA00003000000F4A8030802000000D4A8030873
:10AAB00002040000B0A80308020800003231466911
:10AAC00062726550726F70657274795479706549FD
:10AAD0006E666F493850726F7065727479494E3185
:10AAE000304F4472697665496E74663743616E49CA
:10AAF0006E74663850726F746F636F6C45454500B5
:10AB00001CD00408BCAA03080000000003000000D9
:10AB1000F4A8030802000000D4A8030802040000FF
:10AB2000B0A803080208000032314669627265501D
:10AB3000726F706572747954797065496E666F4989
:10AB40003850726F7065727479494E31304F44726B
:10AB5000697665496E7466313853747265616D50FB
:10AB6000726F746F636F6C54797065454545000072
:10AB70001CD0040828AB03080000000003000000FC
:10AB8000F4A8030802000000D4A80308020400008F
:10AB9000B0A80308020800003231466962726550AD
:10ABA000726F706572747954797065496E666F4919
:10ABB0003850726F7065727479493134656E6470A3
:10ABC0006F696E745F7265665F74454500000000D2
:10ABD0001CD0040898AB030800000000030000002C
:10ABE000F4A8030802000000D4A80308020400002F
:10ABF000B0A803080208000032314669627265504D
:10AC0000726F706572747954797065496E666F49B8
:10AC10003850726F7065727479494E31304F44729A
:10AC2000697665496E7466384770696F4D6F646503
:10AC3000454545001CD00408F8AB0308000000009F
:10AC400003000000F4A8030802000000D4A80308D1
:10AC500002040000B0A8030802080000323146696F
:10AC600062726550726F706572747954797065495B
:10AC70006E666F493850726F7065727479494E31E3
:10AC8000304F4472697665496E74663841786973ED
:10AC9000496E7466354572726F7245454500000015
:10ACA0001CD004085CAC0308000000000300000096
:10ACB000F4A8030802000000D4A80308020400005E
:10ACC000B0A803080208000032314669627265507C
:10ACD000726F706572747954797065496E666F49E8
:10ACE0003850726F7065727479494E31304F4472CA
:10ACF000697665496E74663841786973496E746621
:10AD000039417869735374617465454545000000A5
:10AD10001CD00408C8AC03080000000003000000B9
:10AD2000F4A8030802000000D4A8030802040000ED
:10AD3000B0A803080208000032314669627265500B
:10AD4000726F706572747954797065496E666F4977
:10AD50003850726F7065727479497445450000000F
:10AD60001CD0040838AD03080000000003000000F8
:10AD7000F4A8030802000000D4A80308020400009D
:10AD8000B0A80308020800003231466962726550BB
:10AD9000726F706572747954797065496E666F4927
:10ADA0003850726F7065727479494E31304F447209
:10ADB000697665496E7466394D6F746F72496E7449
:10ADC00066354572726F7245454500001CD0040817
:10ADD00088AD03080000000003000000F4A8030889
:10ADE00002000000D4A8030802040000B0A8030871
:10ADF000020800003231466962726550726F7065F8
:10AE000072747954797065496E666F493850726F03
:10AE10007065727479496C45450000001CD00408C7
:10AE2000F4AD03080000000003000000F4A80308CC
:10AE300002000000D4A8030802040000B0A8030820
:10AE4000020800003231466962726550726F7065A7
:10AE500072747954797065496E666F493850726FB3
:10AE60007065727479494E31304F44726976654924
:10AE70006E7466394D6F746F72496E7466394D6FBA
:10AE8000746F725479706545454500001CD0040804
:10AE900044AE03080000000003000000F4A803080B
:10AEA00002000000D4A8030802040000B0A80308B0
:10AEB000020800003231466962726550726F706537
:10AEC00072747954797065496E666F493850726F43
:10AED0007065727479494E31304F447269766549B4
:10AEE0006E74663134436F6E74726F6C6C65724948
:10AEF0006E7466354572726F7245454500000000FC
:10AF00001CD00408B4AE03080000000003000000D9
:10AF1000F4A8030802000000D4A8030802040000FB
:10AF2000B0A8030802080000323146696272655019
:10AF3000726F706572747954797065496E666F4985
:10AF40003850726F7065727479494E31304F447267
:10AF5000697665496E74663134436F6E74726F6CD6
:10AF60006C6572496E74663131436F6E74726F6CCA
:10AF70004D6F6465454545001CD0040828AF0308A3
:10AF80000000000003000000F4A803080200000015
:10AF9000D4A8030802040000B0A8030802080000B7
:10AFA0003231466962726550726F7065727479549D
:10AFB000797065496E666F493850726F706572744A
:10AFC00079494E31304F4472697665496E74663105
:10AFD00034436F6E74726F6C6C6572496E7466394F
:10AFE000496E7075744D6F646545454500000000FD
:10AFF0001CD00408A0AF03080000000003000000FC
:10B00000F4A8030802000000D4A80308020400000A
:10B01000B0A8030802080000323146696272655028
:10B02000726F706572747954797065496E666F4994
:10B030003850726F70657274794968454500000038
:10B040001CD0040818B00308000000000300000032
:10B05000F4A8030802000000D4A8030802040000BA
:10B06000B0A80308020800003231466962726550D8
:10B07000726F706572747954797065496E666F4944
:10B080003850726F7065727479494E31304F447226
:10B09000697665496E74663131456E636F646572B9
:10B0A000496E7466354572726F7245454500000001
:10B0B0001CD0040868B00308000000000300000072
:10B0C000F4A8030802000000D4A80308020400004A
:10B0D000B0A8030802080000323146696272655068
:10B0E000726F706572747954797065496E666F49D4
:10B0F0003850726F7065727479494E31304F4472B6
:10B10000697665496E74663131456E636F64657248
:10B11000496E7466344D6F64654545450000000016
:10B120001CD00408D8B00308000000000300000091
:10B13000F4A8030802000000D4A8030802040000D9
:10B14000B0A80308020800003231466962726550F7
:10B15000726F706572747954797065496E666F4963
:10B160003850726F7065727479494E31304F447245
:10B17000697665496E7466323353656E736F726CAF
:10B18000657373457374696D61746F72496E74662B
:10B19000354572726F724545450000001CD00408A9
:10B1A00048B103080000000003000000F4A80308F1
:10B1B00002000000D4A8030802040000B0A803089D
:10B1C0000208000000000000B0A80308FD8E03087C
:10B1D00000000000D4A80308F9400208FD4002085E
:10B1E00000000000F4A8030801410208000000006C
:10B1F00038A903081F3803085D450208F94802080A
:10B20000219B0208FCFFFFFF38A903081D49020823
:10B21000559B0208F8FFFFFF38A903087D45020887
:10B220000000000088A90308435B020835450208B6
:10B2300025490208C1450208FCFFFFFF88A9030851
:10B240005149020805460208F8FFFFFF88A90308D4
:10B250005545020800000000D8A90308C99B020850
:10B260000D4502089D450208859B0208FCFFFFFF73
:10B27000D8A90308B9450208C19B0208F8FFFFFFDF
:10B28000D8A903082D4502080000000028AA0308D9
:10B29000175B0208E5440208CD4802085949020834
:10B2A000FCFFFFFF28AA0308F148020891490208A1
:10B2B000F8FFFFFF28AA0308054502080000000068
:10B2C00094AA0308ED370308BD440208A148020808
:10B2D0007D9C0208FCFFFFFF94AA0308C5480208F2
:10B2E000B19C0208F8FFFFFF94AA0308DD4402089E
:10B2F0000000000000AB0308BB37030895440208B8
:10B3000075480208959E0208FCFFFFFF00AB03088A
:10B3100099480208C99E0208F8FFFFFF00AB030826
:10B32000B54402080000000070AB03088937030829
:10B330006D44020849480208199C0208FCFFFFFFFF
:10B3400070AB03086D4802084D9C0208F8FFFFFF30
:10B3500070AB03088D44020800000000D0AB030866
:10B360003544020839440208854502086144020850
:10B37000FCFFFFFFD0AB03089545020865440208B7
:10B38000F8FFFFFFD0AB030859440208000000009B
:10B3900034AC0308573703080D4402081D4802085F
:10B3A00099A10208FCFFFFFF34AC030841480208E2
:10B3B000CDA10208F8FFFFFF34AC03082D440208BA
:10B3C00000000000A0AC0308EB5A0208E5430208A5
:10B3D000F147020899490208FCFFFFFFA0AC0308EF
:10B3E00015480208D1490208F8FFFFFFA0AC030886
:10B3F000054402080000000010AD030825370308CB
:10B40000BD430208C5470208E19C0208FCFFFFFF9C
:10B4100010AD0308E9470208159D0208F8FFFFFF79
:10B4200010AD0308DD4302080000000060AD030812
:10B43000319F02089543020899470208F99E0208C5
:10B44000FCFFFFFF60AD0308BD470208299F02080B
:10B45000F8FFFFFF60AD0308B543020800000000DD
:10B46000CCAD0308C55A02086D4302081D4A020804
:10B47000D9490208FCFFFFFFCCAD0308414A02088E
:10B48000154A0208F8FFFFFFCCAD03088D43020800
:10B49000000000001CAE0308995A02084543020848
:10B4A0006D470208494A0208FCFFFFFF1CAE030873
:10B4B00091470208814A0208F8FFFFFF1CAE03080B
:10B4C00065430208000000008CAE0308F336030851
:10B4D0001D43020841470208819F0208FCFFFFFF4D
:10B4E0008CAE030865470208B59F0208F8FFFFFF0E
:10B4F0008CAE03083D4302080000000000AF0308C3
:10B50000C1360308F542020815470208459D0208A6
:10B51000FCFFFFFF00AF030839470208799D0208CE
:10B52000F8FFFFFF00AF030815430208000000000A
:10B5300078AF03088F360308CD420208E9460208B7
:10B54000E59F0208FCFFFFFF78AF03080D470208E4
:10B5500019A00208F8FFFFFF78AF0308ED420208C8
:10B5600000000000F0AF03085D360308A5420208A2
:10B57000BD46020849A00208FCFFFFFFF0AF030828
:10B58000E14602087DA00208F8FFFFFFF0AF0308C4
:10B59000C54202080000000040B003082B36030833
:10B5A0007D42020891460208ADA00208FCFFFFFFA1
:10B5B00040B00308B5460208E1A00208F8FFFFFF0B
:10B5C00040B003089D42020800000000B0B003082C
:10B5D000E19D02085542020865460208A99D02083D
:10B5E000FCFFFFFFB0B0030889460208D99D02089E
:10B5F000F8FFFFFFB0B0030875420208000000002A
:10B6000020B1030849A102082D4202083946020868
:10B6100011A10208FCFFFFFF20B103085D460208EC
:10B6200041A10208F8FFFFFF20B103084D420208C4
:10B63000000000009CB10308F93503080542020828
:10B640000D460208319E0208FCFFFFFF9CB1030873
:10B6500031460208659E0208F8FFFFFF9CB103080F
:10B66000254202085B7B226E616D65223A22222C04
:10B67000226964223A302C2274797065223A226A57
:10B68000736F6E222C22616363657373223A227298
:10B69000227D2C7B226E616D65223A226572726F6B
:10B6A00072222C226964223A312C2274797065222C
:10B6B0003A2275696E7438222C2261636365737354
:10B6C000223A227277227D2C7B226E616D65223AAE
:10B6D00022766275735F766F6C74616765222C22C7
:10B6E0006964223A322C2274797065223A22666C9F
:10B6F0006F6174222C22616363657373223A227234
:10B70000227D2C7B226E616D65223A2269627573FF
:10B71000222C226964223A332C2274797065223AF1
:10B7200022666C6F6174222C2261636365737322DD
:10B730003A2272227D2C7B226E616D65223A22694B
:10B740006275735F7265706F72745F66696C746541
:10B75000725F6B222C226964223A342C2274797035
:10B7600065223A22666C6F6174222C2261636365E4
:10B770007373223A227277227D2C7B226E616D6573
:10B78000223A2273657269616C5F6E756D626572D3
:10B79000222C226964223A352C2274797065223A6F
:10B7A0002275696E743634222C226163636573736B
:10B7B000223A2272227D2C7B226E616D65223A2212
:10B7C00068775F76657273696F6E5F6D616A6F72BD
:10B7D000222C226964223A362C2274797065223A2E
:10B7E0002275696E7438222C22616363657373223B
:10B7F0003A2272227D2C7B226E616D65223A22688C
:10B80000775F76657273696F6E5F6D696E6F7222B6
:10B810002C226964223A372C2274797065223A22EC
:10B8200075696E7438222C22616363657373223AE2
:10B830002272227D2C7B226E616D65223A2268770E
:10B840005F76657273696F6E5F76617269616E743F
:10B85000222C226964223A382C2274797065223AAB
:10B860002275696E7438222C2261636365737322BA
:10B870003A2272227D2C7B226E616D65223A22660D
:10B88000775F76657273696F6E5F6D616A6F722242
:10B890002C226964223A392C2274797065223A226A
:10B8A00075696E7438222C22616363657373223A62
:10B8B0002272227D2C7B226E616D65223A22667790
:10B8C0005F76657273696F6E5F6D696E6F72222C41
:10B8D000226964223A31302C2274797065223A222E
:10B8E00075696E7438222C22616363657373223A22
:10B8F0002272227D2C7B226E616D65223A22667750
:10B900005F76657273696F6E5F7265766973696F72
:10B910006E222C226964223A31312C2274797065AE
:10B92000223A2275696E7438222C22616363657332
:10B9300073223A2272227D2C7B226E616D65223A3F
:10B940002266775F76657273696F6E5F756E72657A
:10B950006C6561736564222C226964223A31322C51
:10B960002274797065223A2275696E7438222C220D
:10B97000616363657373223A2272227D2C7B226E8F
:10B98000616D65223A226272616B655F72657369EF
:10B9900073746F725F61726D6564222C2269642218
:10B9A0003A31332C2274797065223A22626F6F6CBF
:10B9B000222C22616363657373223A2272227D2CEA
:10B9C0007B226E616D65223A226272616B655F72E5
:10B9D00065736973746F725F736174757261746596
:10B9E00064222C226964223A31342C2274797065E5
:10B9F000223A22626F6F6C222C226163636573733B
:10BA0000223A2272227D2C7B226E616D65223A22BF
:10BA10006272616B655F7265736973746F725F6385
:10BA2000757272656E74222C226964223A31352C4B
:10BA30002274797065223A22666C6F6174222C221E
:10BA4000616363657373223A2272227D2C7B226EBE
:10BA5000616D65223A226E5F6576745F73616D7009
:10BA60006C696E67222C226964223A31362C22746A
:10BA7000797065223A2275696E743332222C226104
:10BA80006363657373223A2272227D2C7B226E617E
:10BA90006D65223A226E5F6576745F636F6E7472B5
:10BAA0006F6C5F6C6F6F70222C226964223A3137A1
:10BAB0002C2274797065223A2275696E74333222B1
:10BAC0002C22616363657373223A2272227D2C7B80
:10BAD000226E616D65223A227461736B5F74696DC9
:10BAE0006572735F61726D6564222C226964223A0B
:10BAF00031382C2274797065223A22626F6F6C2281
:10BB00002C22616363657373223A227277227D2C43
:10BB10007B226E616D65223A227461736B5F74697A
:10BB20006D6573222C2274797065223A226F626AE5
:10BB3000656374222C226D656D62657273223A5BB7
:10BB40007B226E616D65223A2273616D706C696E45
:10BB500067222C2274797065223A226F626A6563CB
:10BB600074222C226D656D62657273223A5B7B22B2
:10BB70006E616D65223A2273746172745F74696DCF
:10BB800065222C226964223A31392C22747970653D
:10BB9000223A2275696E743332222C226163636506
:10BBA0007373223A2272227D2C7B226E616D652294
:10BBB0003A22656E645F74696D65222C2269642285
:10BBC0003A32302C2274797065223A2275696E748B
:10BBD0003332222C22616363657373223A2272220C
:10BBE0007D2C7B226E616D65223A226C656E6774D6
:10BBF00068222C226964223A32312C2274797065D1
:10BC0000223A2275696E743332222C226163636595
:10BC10007373223A2272227D2C7B226E616D652223
:10BC20003A226D61785F6C656E677468222C2269B8
:10BC300064223A32322C2274797065223A22756974
:10BC40006E743332222C22616363657373223A224D
:10BC50007277227D5D7D2C7B226E616D65223A229A
:10BC6000636F6E74726F6C5F6C6F6F705F6D697312
:10BC700063222C2274797065223A226F626A6563AE
:10BC800074222C226D656D62657273223A5B7B2291
:10BC90006E616D65223A2273746172745F74696DAE
:10BCA00065222C226964223A32332C227479706521
:10BCB000223A2275696E743332222C2261636365E5
:10BCC0007373223A2272227D2C7B226E616D652273
:10BCD0003A22656E645F74696D65222C2269642264
:10BCE0003A32342C2274797065223A2275696E7466
:10BCF0003332222C22616363657373223A227222EB
:10BD00007D2C7B226E616D65223A226C656E6774B4
:10BD100068222C226964223A32352C2274797065AB
:10BD2000223A2275696E743332222C226163636574
:10BD30007373223A2272227D2C7B226E616D652202
:10BD40003A226D61785F6C656E677468222C226997
:10BD500064223A32362C2274797065223A2275694F
:10BD60006E743332222C22616363657373223A222C
:10BD70007277227D5D7D2C7B226E616D65223A2279
:10BD8000636F6E74726F6C5F6C6F6F705F6368650A
:10BD9000636B73222C2274797065223A226F626A77
:10BDA000656374222C226D656D62657273223A5B45
:10BDB0007B226E616D65223A2273746172745F74C6
:10BDC000696D65222C226964223A32372C227479FB
:10BDD0007065223A2275696E743332222C226163B7
:10BDE00063657373223A2272227D2C7B226E616D11
:10BDF00065223A22656E645F74696D65222C226942
:10BE000064223A32382C2274797065223A2275699C
:10BE10006E743332222C22616363657373223A227B
:10BE200072227D2C7B226E616D65223A226C656EDA
:10BE3000677468222C226964223A32392C22747980
:10BE40007065223A2275696E743332222C22616346
:10BE500063657373223A2272227D2C7B226E616DA0
:10BE600065223A226D61785F6C656E677468222C7A
:10BE7000226964223A33302C2274797065223A2286
:10BE800075696E743332222C226163636573732289
:10BE90003A227277227D5D7D2C7B226E616D652258
:10BEA0003A2264635F63616C69625F7761697422DF
:10BEB0002C2274797065223A226F626A656374225B
:10BEC0002C226D656D62657273223A5B7B226E6116
:10BED0006D65223A2273746172745F74696D6522B4
:10BEE0002C226964223A33312C2274797065223A0B
:10BEF0002275696E743332222C2261636365737319
:10BF0000223A2272227D2C7B226E616D65223A22BA
:10BF1000656E645F74696D65222C226964223A3310
:10BF2000322C2274797065223A2275696E7433322C
:10BF3000222C22616363657373223A2272227D2C64
:10BF40007B226E616D65223A226C656E6774682291
:10BF50002C226964223A33332C2274797065223A98
:10BF60002275696E743332222C22616363657373A8
:10BF7000223A2272227D2C7B226E616D65223A224A
:10BF80006D61785F6C656E677468222C226964222B
:10BF90003A33342C2274797065223A2275696E74B2
:10BFA0003332222C22616363657373223A227277E3
:10BFB000227D5D7D5D7D2C7B226E616D65223A2246
:10BFC00073797374656D5F7374617473222C22745A
:10BFD000797065223A226F626A656374222C226D41
:10BFE000656D62657273223A5B7B226E616D6522BC
:10BFF0003A22757074696D65222C226964223A3385
:10C00000352C2274797065223A2275696E74333248
:10C01000222C22616363657373223A2272227D2C83
:10C020007B226E616D65223A226D696E5F68656183
:10C03000705F7370616365222C226964223A333623
:10C040002C2274797065223A2275696E743332221B
:10C050002C22616363657373223A2272227D2C7BEA
:10C06000226E616D65223A226D61785F737461633F
:10C070006B5F75736167655F61786973222C2269F4
:10C0800064223A33372C2274797065223A2275691A
:10C090006E743332222C22616363657373223A22F9
:10C0A00072227D2C7B226E616D65223A226D617851
:10C0B0005F737461636B5F75736167655F757362EE
:10C0C000222C226964223A33382C2274797065223A
:10C0D0003A2275696E743332222C22616363657370
:10C0E00073223A2272227D2C7B226E616D65223A88
:10C0F000226D61785F737461636B5F7573616765EF
:10C100005F75617274222C226964223A33392C22C1
:10C1100074797065223A2275696E743332222C224A
:10C12000616363657373223A2272227D2C7B226ED7
:10C13000616D65223A226D61785F737461636B5F34
:10C1400075736167655F63616E222C226964223AB0
:10C1500034302C2274797065223A2275696E7433FA
:10C1600032222C22616363657373223A2272227D2C
:10C170002C7B226E616D65223A226D61785F73744B
:10C1800061636B5F75736167655F7374617274750A
:10C1900070222C226964223A34312C227479706521
:10C1A000223A2275696E743332222C2261636365F0
:10C1B0007373223A2272227D2C7B226E616D65227E
:10C1C0003A226D61785F737461636B5F7573616749
:10C1D000655F616E616C6F67222C226964223A345C
:10C1E000322C2274797065223A2275696E7433326A
:10C1F000222C22616363657373223A2272227D2CA2
:10C200007B226E616D65223A22737461636B5F738A
:10C21000697A655F61786973222C226964223A34F5
:10C22000332C2274797065223A2275696E74333228
:10C23000222C22616363657373223A2272227D2C61
:10C240007B226E616D65223A22737461636B5F734A
:10C25000697A655F757362222C226964223A3434EC
:10C260002C2274797065223A2275696E74333222F9
:10C270002C22616363657373223A2272227D2C7BC8
:10C28000226E616D65223A22737461636B5F73691C
:10C290007A655F75617274222C226964223A3435A2
:10C2A0002C2274797065223A2275696E74333222B9
:10C2B0002C22616363657373223A2272227D2C7B88
:10C2C000226E616D65223A22737461636B5F7369DC
:10C2D0007A655F73746172747570222C22696422AE
:10C2E0003A34362C2274797065223A2275696E745C
:10C2F0003332222C22616363657373223A227222E5
:10C300007D2C7B226E616D65223A22737461636BB2
:10C310005F73697A655F63616E222C226964223AD9
:10C3200034372C2274797065223A2275696E743321
:10C3300032222C22616363657373223A2272227D5A
:10C340002C7B226E616D65223A22737461636B5F90
:10C3500073697A655F616E616C6F67222C22696414
:10C36000223A34382C2274797065223A2275696E2B
:10C37000743332222C22616363657373223A227212
:10C38000227D2C7B226E616D65223A227072696F6C
:10C390005F61786973222C226964223A34392C2235
:10C3A00074797065223A22696E743332222C2261CC
:10C3B0006363657373223A2272227D2C7B226E6145
:10C3C0006D65223A227072696F5F757362222C224A
:10C3D0006964223A35302C2274797065223A2269D8
:10C3E0006E743332222C22616363657373223A22A6
:10C3F00072227D2C7B226E616D65223A22707269F9
:10C400006F5F75617274222C226964223A35312C77
:10C410002274797065223A22696E743332222C229A
:10C42000616363657373223A2272227D2C7B226ED4
:10C43000616D65223A227072696F5F737461727404
:10C440007570222C226964223A35322C227479705C
:10C4500065223A22696E743332222C22616363654D
:10C460007373223A2272227D2C7B226E616D6522CB
:10C470003A227072696F5F63616E222C22696422B6
:10C480003A35332C2274797065223A22696E7433FE
:10C4900032222C22616363657373223A2272227DF9
:10C4A0002C7B226E616D65223A227072696F5F612A
:10C4B0006E616C6F67222C226964223A35342C221B
:10C4C00074797065223A22696E743332222C2261AB
:10C4D0006363657373223A2272227D2C7B226E6124
:10C4E0006D65223A22757362222C2274797065225E
:10C4F0003A226F626A656374222C226D656D6265F3
:10C500007273223A5B7B226E616D65223A227278E9
:10C510005F636E74222C226964223A35352C2274B2
:10C52000797065223A2275696E743332222C226149
:10C530006363657373223A2272227D2C7B226E61C3
:10C540006D65223A2274785F636E74222C226964CE
:10C55000223A35362C2274797065223A2275696E3A
:10C56000743332222C22616363657373223A227220
:10C57000227D2C7B226E616D65223A2274785F6F7A
:10C5800076657272756E5F636E74222C2269642206
:10C590003A35372C2274797065223A2275696E74A7
:10C5A0003332222C22616363657373223A22722232
:10C5B0007D5D7D2C7B226E616D65223A226932633E
:10C5C000222C2274797065223A226F626A65637444
:10C5D000222C226D656D62657273223A5B7B226E3E
:10C5E000616D65223A2261646472222C22696422A0
:10C5F0003A35382C2274797065223A2275696E7446
:10C6000038222C22616363657373223A2272227D81
:10C610002C7B226E616D65223A22616464725F6DCB
:10C62000617463685F636E74222C226964223A35F8
:10C63000392C2274797065223A2275696E7433320E
:10C64000222C22616363657373223A2272227D2C4D
:10C650007B226E616D65223A2272785F636E74226E
:10C660002C226964223A36302C2274797065223A81
:10C670002275696E743332222C2261636365737391
:10C68000223A2272227D2C7B226E616D65223A2233
:10C690006572726F725F636E74222C226964223A33
:10C6A00036312C2274797065223A2275696E7433A2
:10C6B00032222C22616363657373223A2272227DD7
:10C6C0005D7D5D7D2C7B226E616D65223A227573E6
:10C6D00065725F636F6E6669675F6C6F61646564E6
:10C6E000222C226964223A36322C22747970652217
:10C6F0003A2275696E743332222C2261636365734A
:10C7000073223A2272227D2C7B226E616D65223A61
:10C71000226D6973636F6E66696775726564222C3A
:10C72000226964223A36332C2274797065223A22C7
:10C73000626F6F6C222C22616363657373223A22ED
:10C7400072227D2C7B226E616D65223A226F7363AB
:10C75000696C6C6F73636F7065222C2274797065DD
:10C76000223A226F626A656374222C226D656D62C3
:10C77000657273223A5B7B226E616D65223A227389
:10C78000697A65222C226964223A36342C22747923
:10C790007065223A2275696E743332222C226163ED
:10C7A00063657373223A2272227D2C7B226E616D47
:10C7B00065223A226765745F76616C222C22696477
:10C7C000223A36352C2274797065223A2266756ECB
:10C7D0006374696F6E222C22696E70757473223ACD
:10C7E0005B7B226E616D65223A22696E64657822F8
:10C7F0002C226964223A36362C2274797065223AEA
:10C800002275696E743332222C22616363657373FF
:10C81000223A227277227D5D2C226F7574707574B6
:10C8200073223A5B7B226E616D65223A2276616CDF
:10C83000222C226964223A36372C227479706522C0
:10C840003A22666C6F6174222C2261636365737394
:10C85000223A2272227D5D7D5D7D2C7B226E616D90
:10C8600065223A2263616E222C2274797065223A25
:10C87000226F626A656374222C226D656D62657237
:10C8800073223A5B7B226E616D65223A2265727279
:10C890006F72222C226964223A36382C2274797005
:10C8A00065223A2275696E7438222C2261636365B1
:10C8B0007373223A227277227D2C7B226E616D6522
:10C8C000223A22636F6E666967222C227479706542
:10C8D000223A226F626A656374222C226D656D6252
:10C8E000657273223A5B7B226E616D65223A226229
:10C8F0006175645F72617465222C226964223A3624
:10C90000392C2274797065223A2275696E7433323B
:10C91000222C22616363657373223A227277227D2F
:10C920002C7B226E616D65223A2270726F746F6388
:10C930006F6C222C226964223A37302C2274797071
:10C9400065223A2275696E7438222C226163636510
:10C950007373223A227277227D5D7D5D7D2C7B226E
:10C960006E616D65223A22746573745F70726F70C8
:10C9700065727479222C226964223A37312C227430
:10C98000797065223A2275696E743332222C2261E5
:10C990006363657373223A227277227D2C7B226E49
:10C9A000616D65223A226F74705F76616C696422F2
:10C9B0002C226964223A37322C2274797065223A2B
:10C9C00022626F6F6C222C22616363657373223A5B
:10C9D0002272227D2C7B226E616D65223A22636F6A
:10C9E0006E666967222C2274797065223A226F6222
:10C9F0006A656374222C226D656D62657273223ADA
:10CA00005B7B226E616D65223A22656E61626C65A8
:10CA10005F756172745F61222C226964223A373338
:10CA20002C2274797065223A22626F6F6C222C225C
:10CA3000616363657373223A227277227D2C7B22B5
:10CA40006E616D65223A22656E61626C655F75612B
:10CA500072745F62222C226964223A37342C227469
:10CA6000797065223A22626F6F6C222C22616363B7
:10CA7000657373223A227277227D2C7B226E616D60
:10CA800065223A22656E61626C655F756172745FE2
:10CA900063222C226964223A37352C22747970651E
:10CAA000223A22626F6F6C222C226163636573737A
:10CAB000223A227277227D2C7B226E616D65223AAA
:10CAC00022756172745F615F626175647261746521
:10CAD000222C226964223A37362C2274797065221E
:10CAE0003A2275696E743332222C22616363657356
:10CAF00073223A227277227D2C7B226E616D652231
:10CB00003A22756172745F625F626175647261740A
:10CB100065222C226964223A37372C227479706599
:10CB2000223A2275696E743332222C226163636566
:10CB30007373223A227277227D2C7B226E616D659F
:10CB4000223A22756172745F635F6261756472611B
:10CB50007465222C226964223A37382C2274797049
:10CB600065223A2275696E743332222C2261636326
:10CB7000657373223A227277227D2C7B226E616D5F
:10CB800065223A22656E61626C655F63616E5F610A
:10CB9000222C226964223A37392C2274797065225A
:10CBA0003A22626F6F6C222C226163636573732279
:10CBB0003A227277227D2C7B226E616D65223A22A9
:10CBC000656E61626C655F6932635F61222C226908
:10CBD00064223A38302C2274797065223A22626FCE
:10CBE0006F6C222C22616363657373223A22727721
:10CBF000227D2C7B226E616D65223A227573625F05
:10CC00006364635F70726F746F636F6C222C226950
:10CC100064223A38312C2274797065223A2275697F
:10CC20006E7438222C22616363657373223A227218
:10CC300077227D2C7B226E616D65223A22756172AE
:10CC400074305F70726F746F636F6C222C22696432
:10CC5000223A38322C2274797065223A2275696E34
:10CC60007438222C22616363657373223A227277CF
:10CC7000227D2C7B226E616D65223A227561727471
:10CC8000315F70726F746F636F6C222C2269642243
:10CC90003A38332C2274797065223A2275696E74A1
:10CCA00038222C22616363657373223A22727722E1
:10CCB0007D2C7B226E616D65223A22756172743221
:10CCC0005F70726F746F636F6C222C226964223AFA
:10CCD00038342C2274797065223A2275696E743862
:10CCE000222C22616363657373223A227277227D5C
:10CCF0002C7B226E616D65223A226D61785F7265D0
:10CD000067656E5F63757272656E74222C2269644A
:10CD1000223A38352C2274797065223A22666C6F7B
:10CD20006174222C22616363657373223A227277E5
:10CD3000227D2C7B226E616D65223A226272616BCC
:10CD4000655F726573697374616E6365222C226915
:10CD500064223A38362C2274797065223A22666C45
:10CD60006F6174222C22616363657373223A2272AD
:10CD700077227D2C7B226E616D65223A22656E6181
:10CD8000626C655F6272616B655F72657369737413
:10CD90006F72222C226964223A38372C22747970FF
:10CDA00065223A22626F6F6C222C22616363657385
:10CDB00073223A227277227D2C7B226E616D65226E
:10CDC0003A2264635F6275735F756E646572766F35
:10CDD0006C746167655F747269705F6C6576656CB1
:10CDE000222C226964223A38382C22747970652208
:10CDF0003A22666C6F6174222C22616363657373DF
:10CE0000223A227277227D2C7B226E616D65223A56
:10CE10002264635F6275735F6F766572766F6C74A0
:10CE20006167655F747269705F6C6576656C222CF2
:10CE3000226964223A38392C2274797065223A22A8
:10CE4000666C6F6174222C22616363657373223A8E
:10CE5000227277227D2C7B226E616D65223A2265DB
:10CE60006E61626C655F64635F6275735F6F766548
:10CE700072766F6C746167655F72616D70222C22CF
:10CE80006964223A39302C2274797065223A226220
:10CE90006F6F6C222C22616363657373223A227276
:10CEA00077227D2C7B226E616D65223A2264635F5E
:10CEB0006275735F6F766572766F6C746167655FBC
:10CEC00072616D705F7374617274222C22696422C6
:10CED0003A39312C2274797065223A22666C6F617E
:10CEE00074222C22616363657373223A2272772263
:10CEF0007D2C7B226E616D65223A2264635F6275D0
:10CF0000735F6F766572766F6C746167655F72616F
:10CF10006D705F656E64222C226964223A39322C6E
:10CF20002274797065223A22666C6F6174222C2219
:10CF3000616363657373223A227277227D2C7B22B0
:10CF40006E616D65223A2264635F6D61785F706F18
:10CF50007369746976655F63757272656E74222C8D
:10CF6000226964223A39332C2274797065223A227C
:10CF7000666C6F6174222C22616363657373223A5D
:10CF8000227277227D2C7B226E616D65223A2264AB
:10CF9000635F6D61785F6E656761746976655F6315
:10CFA000757272656E74222C226964223A39342CAF
:10CFB0002274797065223A22666C6F6174222C2289
:10CFC000616363657373223A227277227D2C7B2220
:10CFD0006E616D65223A226572726F725F67706969
:10CFE0006F5F70696E222C226964223A39352C22D7
:10CFF00074797065223A2275696E743332222C225C
:10D00000616363657373223A227277227D2C7B22DF
:10D010006E616D65223A226770696F335F616E6180
:10D020006C6F675F6D617070696E67222C22747916
:10D030007065223A226F626A656374222C226D65E4
:10D040006D62657273223A5B7B226E616D65223A76
:10D0500022656E64706F696E74222C226964223AB4
:10D0600039362C2274797065223A22656E64706FAD
:10D07000696E745F726566222C22616363657373E7
:10D08000223A227277227D2C7B226E616D65223AD4
:10D09000226D696E222C226964223A39372C22745F
:10D0A000797065223A22666C6F6174222C2261636A
:10D0B00063657373223A227277227D2C7B226E6124
:10D0C0006D65223A226D6178222C226964223A39F8
:10D0D000382C2274797065223A22666C6F61742252
:10D0E0002C22616363657373223A227277227D5D1D
:10D0F0007D2C7B226E616D65223A226770696F34E8
:10D100005F616E616C6F675F6D617070696E6722E1
:10D110002C2274797065223A226F626A65637422E8
:10D120002C226D656D62657273223A5B7B226E61A3
:10D130006D65223A22656E64706F696E74222C22CE
:10D140006964223A39392C2274797065223A226551
:10D150006E64706F696E745F726566222C22616303
:10D1600063657373223A227277227D2C7B226E6173
:10D170006D65223A226D696E222C226964223A3151
:10D1800030302C2274797065223A22666C6F61749B
:10D19000222C22616363657373223A227277227DA7
:10D1A0002C7B226E616D65223A226D6178222C22E1
:10D1B0006964223A3130312C2274797065223A2226
:10D1C000666C6F6174222C22616363657373223A0B
:10D1D000227277227D5D7D2C7B226E616D65223A05
:10D1E000226770696F315F6D6F6465222C226964FC
:10D1F000223A3130322C2274797065223A227569D4
:10D200006E7438222C22616363657373223A227232
:10D2100077227D2C7B226E616D65223A22677069D0
:10D220006F325F6D6F6465222C226964223A31305F
:10D23000332C2274797065223A2275696E74382213
:10D240002C22616363657373223A227277227D2CEC
:10D250007B226E616D65223A226770696F335F6D64
:10D260006F6465222C226964223A3130342C227496
:10D27000797065223A2275696E7438222C226163B6
:10D2800063657373223A227277227D2C7B226E6152
:10D290006D65223A226770696F345F6D6F64652235
:10D2A0002C226964223A3130352C2274797065223F
:10D2B0003A2275696E7438222C2261636365737338
:10D2C000223A227277227D2C7B226E616D65223A92
:10D2D000226770696F355F6D6F6465222C22696407
:10D2E000223A3130362C2274797065223A227569DF
:10D2F0006E7438222C22616363657373223A227242
:10D3000077227D2C7B226E616D65223A22677069DF
:10D310006F365F6D6F6465222C226964223A31306A
:10D32000372C2274797065223A2275696E7438221E
:10D330002C22616363657373223A227277227D2CFB
:10D340007B226E616D65223A226770696F375F6D6F
:10D350006F6465222C226964223A3130382C2274A1
:10D36000797065223A2275696E7438222C226163C5
:10D3700063657373223A227277227D2C7B226E6161
:10D380006D65223A226770696F385F6D6F64652240
:10D390002C226964223A3130392C2274797065224A
:10D3A0003A2275696E7438222C2261636365737347
:10D3B000223A227277227D2C7B226E616D65223AA1
:10D3C000226770696F395F6D6F6465222C22696412
:10D3D000223A3131302C2274797065223A227569F3
:10D3E0006E7438222C22616363657373223A227251
:10D3F00077227D2C7B226E616D65223A22677069EF
:10D400006F31305F6D6F6465222C226964223A317E
:10D4100031312C2274797065223A2275696E743824
:10D42000222C22616363657373223A227277227D14
:10D430002C7B226E616D65223A226770696F3131F3
:10D440005F6D6F6465222C226964223A3131322C7F
:10D450002274797065223A2275696E7438222C2202
:10D46000616363657373223A227277227D2C7B227B
:10D470006E616D65223A226770696F31325F6D6F40
:10D480006465222C226964223A3131332C2274796A
:10D490007065223A2275696E7438222C22616363AA
:10D4A000657373223A227277227D2C7B226E616D26
:10D4B00065223A226770696F31335F6D6F64652250
:10D4C0002C226964223A3131342C2274797065221D
:10D4D0003A2275696E7438222C2261636365737316
:10D4E000223A227277227D2C7B226E616D65223A70
:10D4F000226770696F31345F6D6F6465222C226919
:10D5000064223A3131352C2274797065223A2275C1
:10D51000696E7438222C22616363657373223A2228
:10D520007277227D2C7B226E616D65223A226770B4
:10D53000696F31355F6D6F6465222C226964223A10
:10D540003131362C2274797065223A2275696E74F5
:10D5500038222C22616363657373223A2272772228
:10D560007D2C7B226E616D65223A226770696F3176
:10D57000365F6D6F6465222C226964223A3131373F
:10D580002C2274797065223A2275696E7438222CC7
:10D5900022616363657373223A227277227D2C7B4A
:10D5A000226E616D65223A226770696F315F707714
:10D5B0006D5F6D617070696E67222C227479706581
:10D5C000223A226F626A656374222C226D656D6255
:10D5D000657273223A5B7B226E616D65223A226529
:10D5E0006E64706F696E74222C226964223A313144
:10D5F000382C2274797065223A22656E64706F69E6
:10D600006E745F726566222C226163636573732298
:10D610003A227277227D2C7B226E616D65223A223E
:10D620006D696E222C226964223A3131392C2274C0
:10D63000797065223A22666C6F6174222C226163D4
:10D6400063657373223A227277227D2C7B226E618E
:10D650006D65223A226D6178222C226964223A316A
:10D6600032302C2274797065223A22666C6F6174B4
:10D67000222C22616363657373223A227277227DC2
:10D680005D7D2C7B226E616D65223A226770696F29
:10D69000325F70776D5F6D617070696E67222C22EA
:10D6A00074797065223A226F626A656374222C2253
:10D6B0006D656D62657273223A5B7B226E616D658A
:10D6C000223A22656E64706F696E74222C2269643E
:10D6D000223A3132312C2274797065223A22656EF9
:10D6E00064706F696E745F726566222C2261636379
:10D6F000657373223A227277227D2C7B226E616DD4
:10D7000065223A226D696E222C226964223A3132F6
:10D71000322C2274797065223A22666C6F61742211
:10D720002C22616363657373223A227277227D2C07
:10D730007B226E616D65223A226D6178222C22690E
:10D7400064223A3132332C2274797065223A22668F
:10D750006C6F6174222C22616363657373223A22B9
:10D760007277227D5D7D2C7B226E616D65223A226F
:10D770006770696F335F70776D5F6D617070696E30
:10D7800067222C2274797065223A226F626A65637F
:10D7900074222C226D656D62657273223A5B7B2266
:10D7A0006E616D65223A22656E64706F696E7422D7
:10D7B0002C226964223A3132342C22747970652229
:10D7C0003A22656E64706F696E745F726566222CB2
:10D7D00022616363657373223A227277227D2C7B08
:10D7E000226E616D65223A226D696E222C22696477
:10D7F000223A3132352C2274797065223A22666CD5
:10D800006F6174222C22616363657373223A227202
:10D8100077227D2C7B226E616D65223A226D6178C4
:10D82000222C226964223A3132362C2274797065B6
:10D83000223A22666C6F6174222C226163636573E5
:10D8400073223A227277227D5D7D2C7B226E616D80
:10D8500065223A226770696F345F70776D5F6D6122
:10D860007070696E67222C2274797065223A226F7B
:10D87000626A656374222C226D656D626572732223
:10D880003A5B7B226E616D65223A22656E64706F31
:10D89000696E74222C226964223A3132372C227448
:10D8A000797065223A22656E64706F696E745F727A
:10D8B0006566222C22616363657373223A22727754
:10D8C000227D2C7B226E616D65223A226D696E226B
:10D8D0002C226964223A3132382C22747970652204
:10D8E0003A22666C6F6174222C22616363657373E4
:10D8F000223A227277227D2C7B226E616D65223A5C
:10D90000226D6178222C226964223A3132392C222C
:10D9100074797065223A22666C6F6174222C2261E0
:10D920006363657373223A227277227D5D7D5D7D2C
:10D930002C7B226E616D65223A22617869733022F8
:10D940002C2274797065223A226F626A65637422B0
:10D950002C226D656D62657273223A5B7B226E616B
:10D960006D65223A226572726F72222C22696422DE
:10D970003A3133302C2274797065223A2275696EFF
:10D98000743332222C22616363657373223A2272EC
:10D9900077227D2C7B226E616D65223A227374653D
:10D9A000705F6469725F616374697665222C2269B5
:10D9B00064223A3133312C2274797065223A226222
:10D9C0006F6F6C222C22616363657373223A22723B
:10D9D000227D2C7B226E616D65223A226C6173740C
:10D9E0005F6472765F6661756C74222C22696422B2
:10D9F0003A3133322C2274797065223A2275696E7D
:10DA0000743332222C22616363657373223A22726B
:10DA1000227D2C7B226E616D65223A2273746570C3
:10DA200073222C226964223A3133332C22747970A8
:10DA300065223A22696E743634222C226163636552
:10DA40007373223A2272227D2C7B226E616D6522D5
:10DA50003A2263757272656E745F737461746522C5
:10DA60002C226964223A3133342C22747970652275
:10DA70003A2275696E7438222C2261636365737370
:10DA8000223A2272227D2C7B226E616D65223A221F
:10DA90007265717565737465645F73746174652212
:10DAA0002C226964223A3133352C22747970652234
:10DAB0003A2275696E7438222C2261636365737330
:10DAC000223A227277227D2C7B226E616D65223A8A
:10DAD0002269735F686F6D6564222C226964223A43
:10DAE0003133362C2274797065223A22626F6F6C62
:10DAF000222C22616363657373223A227277227D3E
:10DB00002C7B226E616D65223A22636F6E666967B7
:10DB1000222C2274797065223A226F626A656374DE
:10DB2000222C226D656D62657273223A5B7B226ED8
:10DB3000616D65223A22737461727475705F6D6FE6
:10DB4000746F725F63616C6962726174696F6E2277
:10DB50002C226964223A3133372C22747970652281
:10DB60003A22626F6F6C222C2261636365737322A9
:10DB70003A227277227D2C7B226E616D65223A22D9
:10DB8000737461727475705F656E636F6465725FE4
:10DB9000696E6465785F736561726368222C2269BF
:10DBA00064223A3133382C2274797065223A226229
:10DBB0006F6F6C222C22616363657373223A227249
:10DBC00077227D2C7B226E616D65223A227374610F
:10DBD000727475705F656E636F6465725F6F6666A1
:10DBE0007365745F63616C6962726174696F6E22E0
:10DBF0002C226964223A3133392C227479706522DF
:10DC00003A22626F6F6C222C226163636573732208
:10DC10003A227277227D2C7B226E616D65223A2238
:10DC2000737461727475705F636C6F7365645F6C3D
:10DC30006F6F705F636F6E74726F6C222C226964F9
:10DC4000223A3134302C2274797065223A22626F84
:10DC50006F6C222C22616363657373223A227277A0
:10DC6000227D2C7B226E616D65223A227374617273
:10DC70007475705F686F6D696E67222C226964220B
:10DC80003A3134312C2274797065223A22626F6FF6
:10DC90006C222C22616363657373223A22727722AD
:10DCA0007D2C7B226E616D65223A22656E61626C0D
:10DCB000655F737465705F646972222C22696422E7
:10DCC0003A3134322C2274797065223A22626F6FB5
:10DCD0006C222C22616363657373223A227277226D
:10DCE0007D2C7B226E616D65223A22737465705FB4
:10DCF0006469725F616C776179735F6F6E222C2249
:10DD00006964223A3134332C2274797065223A22C4
:10DD1000626F6F6C222C22616363657373223A22F7
:10DD20007277227D2C7B226E616D65223A22656EB0
:10DD300061626C655F73656E736F726C6573735F40
:10DD40006D6F6465222C226964223A3134342C22AE
:10DD500074797065223A22626F6F6C222C226163A3
:10DD600063657373223A227277227D2C7B226E6167
:10DD70006D65223A227761746368646F675F7469C6
:10DD80006D656F7574222C226964223A3134352C0A
:10DD90002274797065223A22666C6F6174222C229B
:10DDA000616363657373223A227277227D2C7B2232
:10DDB0006E616D65223A22656E61626C655F7761A6
:10DDC000746368646F67222C226964223A313436A6
:10DDD0002C2274797065223A22626F6F6C222C2299
:10DDE000616363657373223A227277227D2C7B22F2
:10DDF0006E616D65223A22737465705F6770696F3A
:10DE00005F70696E222C226964223A3134372C22E9
:10DE100074797065223A2275696E743136222C222B
:10DE2000616363657373223A227277227D2C7B22B1
:10DE30006E616D65223A226469725F6770696F5F17
:10DE400070696E222C226964223A3134382C227493
:10DE5000797065223A2275696E743136222C2261FE
:10DE60006363657373223A227277227D2C7B226E64
:10DE7000616D65223A2263616C6962726174696FD7
:10DE80006E5F6C6F636B696E222C227479706522F1
:10DE90003A226F626A656374222C226D656D626539
:10DEA0007273223A5B7B226E616D65223A22637542
:10DEB0007272656E74222C226964223A3134392CD4
:10DEC0002274797065223A22666C6F6174222C226A
:10DED000616363657373223A227277227D2C7B2201
:10DEE0006E616D65223A2272616D705F74696D6555
:10DEF000222C226964223A3135302C2274797065E3
:10DF0000223A22666C6F6174222C2261636365730E
:10DF100073223A227277227D2C7B226E616D6522FC
:10DF20003A2272616D705F64697374616E63652219
:10DF30002C226964223A3135312C227479706522A1
:10DF40003A22666C6F6174222C226163636573737D
:10DF5000223A227277227D2C7B226E616D65223AF5
:10DF600022616363656C222C226964223A31353266
:10DF70002C2274797065223A22666C6F6174222CAF
:10DF800022616363657373223A227277227D2C7B50
:10DF9000226E616D65223A2276656C222C226964BC
:10DFA000223A3135332C2274797065223A22666C1C
:10DFB0006F6174222C22616363657373223A22724B
:10DFC00077227D5D7D2C7B226E616D65223A227306
:10DFD000656E736F726C6573735F72616D70222C06
:10DFE0002274797065223A226F626A656374222C0A
:10DFF000226D656D62657273223A5B7B226E616D84
:10E0000065223A2263757272656E74222C226964ED
:10E01000223A3135342C2274797065223A22666CAA
:10E020006F6174222C22616363657373223A2272DA
:10E0300077227D2C7B226E616D65223A2272616DA2
:10E04000705F74696D65222C226964223A3135351E
:10E050002C2274797065223A22666C6F6174222CCE
:10E0600022616363657373223A227277227D2C7B6F
:10E07000226E616D65223A2272616D705F64697310
:10E0800074616E6365222C226964223A3135362C24
:10E090002274797065223A22666C6F6174222C2298
:10E0A000616363657373223A227277227D2C7B222F
:10E0B0006E616D65223A22616363656C222C226970
:10E0C00064223A3135372C2274797065223A2266FF
:10E0D0006C6F6174222C22616363657373223A2230
:10E0E0007277227D2C7B226E616D65223A227665E5
:10E0F0006C222C226964223A3135382C22747970D2
:10E1000065223A22666C6F6174222C22616363651A
:10E110007373223A227277227D2C7B226E616D65A9
:10E12000223A2266696E6973685F64697374616E0E
:10E130006365222C226964223A3135392C227479A4
:10E140007065223A22666C6F6174222C22616363CF
:10E15000657373223A227277227D2C7B226E616D69
:10E1600065223A2266696E6973685F6F6E5F7665D5
:10E170006C222C226964223A3136302C2274797058
:10E1800065223A22626F6F6C222C22616363657391
:10E1900073223A227277227D2C7B226E616D65227A
:10E1A0003A2266696E6973685F6F6E5F6469737443
:10E1B000616E6365222C226964223A3136312C2249
:10E1C00074797065223A22626F6F6C222C2261632F
:10E1D00063657373223A227277227D2C7B226E61F3
:10E1E0006D65223A2266696E6973685F6F6E5F655E
:10E1F0006E635F696478222C226964223A31363278
:10E200002C2274797065223A22626F6F6C222C2264
:10E21000616363657373223A227277227D5D7D2C80
:10E220007B226E616D65223A2267656E6572616C54
:10E230005F6C6F636B696E222C2274797065223A71
:10E24000226F626A656374222C226D656D6265724D
:10E2500073223A5B7B226E616D65223A226375728E
:10E2600072656E74222C226964223A3136332C2274
:10E2700074797065223A22666C6F6174222C226177
:10E280006363657373223A227277227D2C7B226E40
:10E29000616D65223A2272616D705F74696D6522ED
:10E2A0002C226964223A3136342C2274797065222A
:10E2B0003A22666C6F6174222C226163636573730A
:10E2C000223A227277227D2C7B226E616D65223A82
:10E2D0002272616D705F64697374616E6365222C74
:10E2E000226964223A3136352C2274797065223ADB
:10E2F00022666C6F6174222C2261636365737322E2
:10E300003A227277227D2C7B226E616D65223A2241
:10E31000616363656C222C226964223A3136362CA3
:10E320002274797065223A22666C6F6174222C2205
:10E33000616363657373223A227277227D2C7B229C
:10E340006E616D65223A2276656C222C2269642208
:10E350003A3136372C2274797065223A22666C6F16
:10E360006174222C22616363657373223A2272778F
:10E37000227D2C7B226E616D65223A2266696E6970
:10E3800073685F64697374616E6365222C226964CB
:10E39000223A3136382C2274797065223A22666C22
:10E3A0006F6174222C22616363657373223A227257
:10E3B00077227D2C7B226E616D65223A2266696E22
:10E3C0006973685F6F6E5F76656C222C22696422C8
:10E3D0003A3136392C2274797065223A22626F6F95
:10E3E0006C222C22616363657373223A2272772256
:10E3F0007D2C7B226E616D65223A2266696E69739F
:10E40000685F6F6E5F64697374616E6365222C224E
:10E410006964223A3137302C2274797065223A22AD
:10E42000626F6F6C222C22616363657373223A22E0
:10E430007277227D2C7B226E616D65223A2266699D
:10E440006E6973685F6F6E5F656E635F6964782283
:10E450002C226964223A3137312C2274797065227A
:10E460003A22626F6F6C222C2261636365737322A0
:10E470003A227277227D5D7D2C7B226E616D652252
:10E480003A2263616E222C2274797065223A226FDF
:10E49000626A656374222C226D656D6265727322F7
:10E4A0003A5B7B226E616D65223A226E6F64655F16
:10E4B0006964222C226964223A3137322C22747921
:10E4C0007065223A2275696E743332222C226163A0
:10E4D00063657373223A227277227D2C7B226E61F0
:10E4E0006D65223A2269735F657874656E64656450
:10E4F000222C226964223A3137332C2274797065D8
:10E50000223A22626F6F6C222C22616363657373FF
:10E51000223A227277227D2C7B226E616D65223A2F
:10E52000226865617274626561745F726174655FAF
:10E530006D73222C226964223A3137342C2274798B
:10E540007065223A2275696E743332222C2261631F
:10E5500063657373223A227277227D2C7B226E616F
:10E560006D65223A22656E636F6465725F726174D5
:10E57000655F6D73222C226964223A3137352C2273
:10E5800074797065223A2275696E743332222C22B6
:10E59000616363657373223A227277227D2C7B223A
:10E5A0006E616D65223A226D6F746F725F65727273
:10E5B0006F725F726174655F6D73222C22696422D1
:10E5C0003A3137362C2274797065223A2275696E99
:10E5D000743332222C22616363657373223A227290
:10E5E00077227D2C7B226E616D65223A22656E63F7
:10E5F0006F6465725F6572726F725F726174655F7E
:10E600006D73222C226964223A3137372C227479B7
:10E610007065223A2275696E743332222C2261634E
:10E6200063657373223A227277227D2C7B226E619E
:10E630006D65223A22636F6E74726F6C6C65725FE7
:10E640006572726F725F726174655F6D73222C22E6
:10E650006964223A3137382C2274797065223A2263
:10E6600075696E743332222C226163636573732281
:10E670003A227277227D2C7B226E616D65223A22CE
:10E6800073656E736F726C6573735F6572726F72B0
:10E690005F726174655F6D73222C226964223A3166
:10E6A00037392C2274797065223A2275696E743379
:10E6B00032222C22616363657373223A22727722BD
:10E6C0007D2C7B226E616D65223A22656E636F64DC
:10E6D00065725F636F756E745F726174655F6D7391
:10E6E000222C226964223A3138302C2274797065E8
:10E6F000223A2275696E743332222C22616363657B
:10E700007373223A227277227D2C7B226E616D65B3
:10E71000223A2269715F726174655F6D73222C22E7
:10E720006964223A3138312C2274797065223A2298
:10E7300075696E743332222C2261636365737322B0
:10E740003A227277227D2C7B226E616D65223A22FD
:10E7500073656E736F726C6573735F726174655FFE
:10E760006D73222C226964223A3138322C2274795A
:10E770007065223A2275696E743332222C226163ED
:10E7800063657373223A227277227D2C7B226E613D
:10E790006D65223A226275735F76695F7261746596
:10E7A0005F6D73222C226964223A3138332C227433
:10E7B000797065223A2275696E743332222C226197
:10E7C0006363657373223A227277227D5D7D5D7D7E
:10E7D0002C7B226E616D65223A226D6F746F7222FE
:10E7E0002C2274797065223A226F626A6563742202
:10E7F0002C226D656D62657273223A5B7B226E61BD
:10E800006D65223A226C6173745F6572726F725F1C
:10E8100074696D65222C226964223A3138342C22C5
:10E8200074797065223A22666C6F6174222C2261C1
:10E830006363657373223A227277227D2C7B226E8A
:10E84000616D65223A226572726F72222C226964B0
:10E85000223A3138352C2274797065223A22756952
:10E860006E743634222C22616363657373223A22FC
:10E870007277227D2C7B226E616D65223A2269734C
:10E880005F61726D6564222C226964223A313836E8
:10E890002C2274797065223A22626F6F6C222C22CE
:10E8A000616363657373223A2272227D2C7B226E30
:10E8B000616D65223A2269735F63616C696272619E
:10E8C000746564222C226964223A3138372C227410
:10E8D000797065223A22626F6F6C222C2261636329
:10E8E000657373223A2272227D2C7B226E616D65E4
:10E8F000223A2263757272656E745F6D6561735F33
:10E90000706841222C226964223A3138382C2274F2
:10E91000797065223A22666C6F6174222C226163E1
:10E9200063657373223A2272227D2C7B226E616DA5
:10E9300065223A2263757272656E745F6D656173EC
:10E940005F706842222C226964223A3138392C22C5
:10E9500074797065223A22666C6F6174222C226190
:10E960006363657373223A2272227D2C7B226E616F
:10E970006D65223A2263757272656E745F6D6561B2
:10E98000735F706843222C226964223A3139302C3B
:10E990002274797065223A22666C6F6174222C228F
:10E9A000616363657373223A2272227D2C7B226E2F
:10E9B000616D65223A2244435F63616C69625F70F6
:10E9C0006841222C226964223A3139312C2274792F
:10E9D0007065223A22666C6F6174222C2261636337
:10E9E000657373223A227277227D2C7B226E616DD1
:10E9F00065223A2244435F63616C69625F706842DA
:10EA0000222C226964223A3139322C2274797065C1
:10EA1000223A22666C6F6174222C226163636573F3
:10EA200073223A227277227D2C7B226E616D6522E1
:10EA30003A2244435F63616C69625F706843222CD1
:10EA4000226964223A3139332C2274797065223A72
:10EA500022666C6F6174222C22616363657373227A
:10EA60003A227277227D2C7B226E616D65223A22DA
:10EA7000495F627573222C226964223A3139342C41
:10EA80002274797065223A22666C6F6174222C229E
:10EA9000616363657373223A2272227D2C7B226E3E
:10EAA000616D65223A2270686173655F6375727289
:10EAB000656E745F7265765F6761696E222C22698C
:10EAC00064223A3139352C2274797065223A2266F3
:10EAD0006C6F6174222C22616363657373223A2226
:10EAE0007277227D2C7B226E616D65223A226566EB
:10EAF000666563746976655F63757272656E745F6F
:10EB00006C696D222C226964223A3139362C2274C8
:10EB1000797065223A22666C6F6174222C226163DF
:10EB200063657373223A2272227D2C7B226E616DA3
:10EB300065223A226D61785F616C6C6F7765645F06
:10EB400063757272656E74222C226964223A3139BF
:10EB5000372C2274797065223A22666C6F617422B8
:10EB60002C22616363657373223A2272227D2C7BAF
:10EB7000226E616D65223A226D61785F64635F6326
:10EB8000616C6962222C226964223A3139382C2264
:10EB900074797065223A22666C6F6174222C22614E
:10EBA0006363657373223A2272227D2C7B226E612D
:10EBB0006D65223A226665745F746865726D69736B
:10EBC000746F72222C2274797065223A226F626A05
:10EBD000656374222C226D656D62657273223A5BE7
:10EBE0007B226E616D65223A2274656D706572617B
:10EBF00074757265222C226964223A3139392C22CB
:10EC000074797065223A22666C6F6174222C2261DD
:10EC10006363657373223A2272227D2C7B226E61BC
:10EC20006D65223A22636F6E666967222C227479C1
:10EC30007065223A226F626A656374222C226D65C8
:10EC40006D62657273223A5B7B226E616D65223A5A
:10EC50002274656D705F6C696D69745F6C6F776548
:10EC600072222C226964223A3230302C227479705C
:10EC700065223A22666C6F6174222C22616363659F
:10EC80007373223A227277227D2C7B226E616D652E
:10EC9000223A2274656D705F6C696D69745F75707E
:10ECA000706572222C226964223A3230312C22742F
:10ECB000797065223A22666C6F6174222C2261633E
:10ECC00063657373223A227277227D2C7B226E61F8
:10ECD0006D65223A22656E61626C6564222C226940
:10ECE00064223A3230322C2274797065223A2262E0
:10ECF0006F6F6C222C22616363657373223A2272F8
:10ED000077227D5D7D5D7D2C7B226E616D65223A73
:10ED1000226D6F746F725F746865726D6973746F62
:10ED200072222C2274797065223A226F626A6563BE
:10ED300074222C226D656D62657273223A5B7B22B0
:10ED40006E616D65223A2274656D706572617475CD
:10ED50007265222C226964223A3230332C22747973
:10ED60007065223A22666C6F6174222C22616363A3
:10ED7000657373223A2272227D2C7B226E616D654F
:10ED8000223A22636F6E666967222C22747970655D
:10ED9000223A226F626A656374222C226D656D626D
:10EDA000657273223A5B7B226E616D65223A22673F
:10EDB00070696F5F70696E222C226964223A32306A
:10EDC000342C2274797065223A2275696E7431365A
:10EDD000222C22616363657373223A227277227D4B
:10EDE0002C7B226E616D65223A22706F6C795F63B5
:10EDF0006F656666696369656E745F30222C22698F
:10EE000064223A3230352C2274797065223A2266B7
:10EE10006C6F6174222C22616363657373223A22E2
:10EE20007277227D2C7B226E616D65223A22706F93
:10EE30006C795F636F656666696369656E745F317F
:10EE4000222C226964223A3230362C227479706581
:10EE5000223A22666C6F6174222C226163636573AF
:10EE600073223A227277227D2C7B226E616D65229D
:10EE70003A22706F6C795F636F6566666963696576
:10EE80006E745F32222C226964223A3230372C228F
:10EE900074797065223A22666C6F6174222C22614B
:10EEA0006363657373223A227277227D2C7B226E14
:10EEB000616D65223A22706F6C795F636F6566667B
:10EEC000696369656E745F33222C226964223A3269
:10EED00030382C2274797065223A22666C6F617426
:10EEE000222C22616363657373223A227277227D3A
:10EEF0002C7B226E616D65223A2274656D705F6CA9
:10EF0000696D69745F6C6F776572222C2269642267
:10EF10003A3230392C2274797065223A22666C6F4D
:10EF20006174222C22616363657373223A227277C3
:10EF3000227D2C7B226E616D65223A2274656D7094
:10EF40005F6C696D69745F7570706572222C2269DF
:10EF500064223A3231302C2274797065223A22666A
:10EF60006C6F6174222C22616363657373223A2291
:10EF70007277227D2C7B226E616D65223A22656E4E
:10EF800061626C6564222C226964223A3231312C30
:10EF90002274797065223A22626F6F6C222C226192
:10EFA0006363657373223A227277227D5D7D5D7D96
:10EFB0002C7B226E616D65223A2263757272656EDA
:10EFC000745F636F6E74726F6C222C22747970653B
:10EFD000223A226F626A656374222C226D656D622B
:10EFE000657273223A5B7B226E616D65223A2270F4
:10EFF0005F6761696E222C226964223A3231322CB9
:10F000002274797065223A22666C6F6174222C2218
:10F01000616363657373223A2272227D2C7B226EB8
:10F02000616D65223A22695F6761696E222C2269EF
:10F0300064223A3231332C2274797065223A226686
:10F040006C6F6174222C22616363657373223A22B0
:10F0500072227D2C7B226E616D65223A22495F6DA2
:10F06000656173757265645F7265706F72745F66F7
:10F07000696C7465725F6B222C226964223A3231AA
:10F08000342C2274797065223A22666C6F61742286
:10F090002C22616363657373223A227277227D2C7E
:10F0A0007B226E616D65223A2249645F73657470DC
:10F0B0006F696E74222C226964223A3231352C2217
:10F0C00074797065223A22666C6F6174222C226119
:10F0D0006363657373223A2272227D2C7B226E61F8
:10F0E0006D65223A2249715F736574706F696E7441
:10F0F000222C226964223A3231362C2274797065CE
:10F10000223A22666C6F6174222C226163636573FC
:10F1100073223A2272227D2C7B226E616D65223A27
:10F120002256645F736574706F696E74222C226955
:10F1300064223A3231372C2274797065223A226681
:10F140006C6F6174222C22616363657373223A22AF
:10F1500072227D2C7B226E616D65223A2256715F90
:10F16000736574706F696E74222C226964223A325E
:10F1700031382C2274797065223A22666C6F617482
:10F18000222C22616363657373223A2272227D2CE2
:10F190007B226E616D65223A227068617365222C54
:10F1A000226964223A3231392C2274797065223A0C
:10F1B00022666C6F6174222C226163636573732213
:10F1C0003A2272227D2C7B226E616D65223A22707A
:10F1D000686173655F76656C222C226964223A321D
:10F1E00032302C2274797065223A22666C6F617419
:10F1F000222C22616363657373223A2272227D2C72
:10F200007B226E616D65223A2249616C7068615F94
:10F210006D65617375726564222C226964223A32CD
:10F2200032312C2274797065223A22666C6F6174D7
:10F23000222C22616363657373223A2272227D2C31
:10F240007B226E616D65223A2249626574615F6D51
:10F2500065617375726564222C226964223A3232C8
:10F26000322C2274797065223A22666C6F617422A6
:10F270002C22616363657373223A2272227D2C7B98
:10F28000226E616D65223A2249645F6D6561737516
:10F29000726564222C226964223A3232332C227441
:10F2A000797065223A22666C6F6174222C22616348
:10F2B00063657373223A2272227D2C7B226E616D0C
:10F2C00065223A2249715F6D6561737572656422CA
:10F2D0002C226964223A3232342C227479706522ED
:10F2E0003A22666C6F6174222C22616363657373CA
:10F2F000223A2272227D2C7B226E616D65223A2297
:10F30000706F776572222C226964223A3232352C72
:10F310002274797065223A22666C6F6174222C2205
:10F32000616363657373223A2272227D2C7B226EA5
:10F33000616D65223A22765F63757272656E745FE5
:10F34000636F6E74726F6C5F696E74656772616C07
:10F350005F64222C226964223A3232362C2274797C
:10F360007065223A22666C6F6174222C226163639D
:10F37000657373223A227277227D2C7B226E616D37
:10F3800065223A22765F63757272656E745F636F91
:10F390006E74726F6C5F696E74656772616C5F71B9
:10F3A000222C226964223A3232372C227479706519
:10F3B000223A22666C6F6174222C2261636365734A
:10F3C00073223A227277227D2C7B226E616D652238
:10F3D0003A2266696E616C5F765F616C706861226B
:10F3E0002C226964223A3232382C227479706522D8
:10F3F0003A22666C6F6174222C22616363657373B9
:10F40000223A2272227D2C7B226E616D65223A2285
:10F4100066696E616C5F765F62657461222C226939
:10F4200064223A3232392C2274797065223A22668B
:10F430006C6F6174222C22616363657373223A22BC
:10F4400072227D5D7D2C7B226E616D65223A226E7B
:10F450005F6576745F63757272656E745F6D65610A
:10F46000737572656D656E74222C226964223A325E
:10F4700033302C2274797065223A2275696E7433A8
:10F4800032222C22616363657373223A2272227DD9
:10F490002C7B226E616D65223A226E5F6576745F09
:10F4A00070776D5F757064617465222C22696422C7
:10F4B0003A3233312C2274797065223A2275696EA2
:10F4C000743332222C22616363657373223A227291
:10F4D000227D2C7B226E616D65223A22636F6E66FF
:10F4E0006967222C2274797065223A226F626A65FC
:10F4F0006374222C226D656D62657273223A5B7BA8
:10F50000226E616D65223A227072655F63616C697B
:10F51000627261746564222C226964223A32333249
:10F520002C2274797065223A22626F6F6C222C2231
:10F53000616363657373223A227277227D2C7B228A
:10F540006E616D65223A22706F6C655F70616972E1
:10F5500073222C226964223A3233332C227479705C
:10F5600065223A22696E743332222C22616363650C
:10F570007373223A227277227D2C7B226E616D6535
:10F58000223A2263616C6962726174696F6E5F63B3
:10F59000757272656E74222C226964223A32333499
:10F5A0002C2274797065223A22666C6F6174222C69
:10F5B00022616363657373223A227277227D2C7B0A
:10F5C000226E616D65223A22726573697374616E91
:10F5D00063655F63616C69625F6D61785F766F6CB4
:10F5E00074616765222C226964223A3233352C22F9
:10F5F00074797065223A22666C6F6174222C2261E4
:10F600006363657373223A227277227D2C7B226EAC
:10F61000616D65223A2270686173655F696E647519
:10F620006374616E6365222C226964223A32333638
:10F630002C2274797065223A22666C6F6174222CD8
:10F6400022616363657373223A227277227D2C7B79
:10F65000226E616D65223A2270686173655F726522
:10F6600073697374616E6365222C226964223A3275
:10F6700033372C2274797065223A22666C6F61747C
:10F68000222C22616363657373223A227277227D92
:10F690002C7B226E616D65223A22746F72717565E2
:10F6A0005F636F6E7374616E74222C226964223AF8
:10F6B0003233382C2274797065223A22666C6F617D
:10F6C00074222C22616363657373223A227277225B
:10F6D0007D2C7B226E616D65223A226D6F746F7294
:10F6E0005F74797065222C226964223A3233392C96
:10F6F0002274797065223A2275696E7438222C2240
:10F70000616363657373223A227277227D2C7B22B8
:10F710006E616D65223A2263757272656E745F6CFC
:10F72000696D222C226964223A3234302C22747999
:10F730007065223A22666C6F6174222C22616363C9
:10F74000657373223A227277227D2C7B226E616D63
:10F7500065223A2263757272656E745F6C696D5FC3
:10F760006D617267696E222C226964223A323431EB
:10F770002C2274797065223A22666C6F6174222C97
:10F7800022616363657373223A227277227D2C7B38
:10F79000226E616D65223A22746F727175655F6CBD
:10F7A000696D222C226964223A3234322C22747917
:10F7B0007065223A22666C6F6174222C2261636349
:10F7C000657373223A227277227D2C7B226E616DE3
:10F7D00065223A22696E7665727465725F74656D32
:10F7E000705F6C696D69745F6C6F776572222C2233
:10F7F0006964223A3234332C2274797065223A22B9
:10F80000666C6F6174222C22616363657373223AA4
:10F81000227277227D2C7B226E616D65223A2269ED
:10F820006E7665727465725F74656D705F6C696D1C
:10F8300069745F7570706572222C226964223A3295
:10F8400034342C2274797065223A22666C6F6174AC
:10F85000222C22616363657373223A227277227DC0
:10F860002C7B226E616D65223A227265717565731B
:10F870007465645F63757272656E745F72616E67E2
:10F8800065222C226964223A3234352C2274797034
:10F8900065223A22666C6F6174222C226163636573
:10F8A0007373223A227277227D2C7B226E616D6502
:10F8B000223A2263757272656E745F636F6E747242
:10F8C0006F6C5F62616E647769647468222C226970
:10F8D00064223A3234362C2274797065223A2266D8
:10F8E0006C6F6174222C22616363657373223A2208
:10F8F0007277227D2C7B226E616D65223A226163D4
:10F90000696D5F6761696E5F6D696E5F666C757862
:10F91000222C226964223A3234372C2274797065A1
:10F92000223A22666C6F6174222C226163636573D4
:10F9300073223A227277227D2C7B226E616D6522C2
:10F940003A226163696D5F6175746F666C75785F8B
:10F950006D696E5F4964222C226964223A32343820
:10F960002C2274797065223A22666C6F6174222CA5
:10F9700022616363657373223A227277227D2C7B46
:10F98000226E616D65223A226163696D5F617574F3
:10F990006F666C75785F656E61626C65222C22699A
:10F9A00064223A3234392C2274797065223A226208
:10F9B0006F6F6C222C22616363657373223A22722B
:10F9C00077227D2C7B226E616D65223A226163690C
:10F9D0006D5F6175746F666C75785F617474616377
:10F9E0006B5F6761696E222C226964223A3235307E
:10F9F0002C2274797065223A22666C6F6174222C15
:10FA000022616363657373223A227277227D2C7BB5
:10FA1000226E616D65223A226163696D5F61757462
:10FA20006F666C75785F64656361795F6761696E45
:10FA3000222C226964223A3235312C227479706585
:10FA4000223A22666C6F6174222C226163636573B3
:10FA500073223A227277227D2C7B226E616D6522A1
:10FA60003A22525F774C5F46465F656E61626C6515
:10FA7000222C226964223A3235322C227479706544
:10FA8000223A22626F6F6C222C226163636573736A
:10FA9000223A227277227D2C7B226E616D65223A9A
:10FAA0002262454D465F46465F656E61626C652227
:10FAB0002C226964223A3235332C22747970652203
:10FAC0003A22626F6F6C222C22616363657373222A
:10FAD0003A227277227D2C7B226E616D65223A225A
:10FAE000495F6275735F686172645F6D696E222C35
:10FAF000226964223A3235342C2274797065223AB4
:10FB000022666C6F6174222C2261636365737322B9
:10FB10003A227277227D2C7B226E616D65223A2219
:10FB2000495F6275735F686172645F6D6178222CF2
:10FB3000226964223A3235352C2274797065223A72
:10FB400022666C6F6174222C226163636573732279
:10FB50003A227277227D2C7B226E616D65223A22D9
:10FB6000495F6C65616B5F6D6178222C226964224C
:10FB70003A3235362C2274797065223A22666C6FDF
:10FB80006174222C22616363657373223A22727757
:10FB9000227D2C7B226E616D65223A2264635F6355
:10FBA000616C69625F746175222C226964223A3249
:10FBB00035372C2274797065223A22666C6F617435
:10FBC000222C22616363657373223A227277227D4D
:10FBD0005D7D5D7D2C7B226E616D65223A22636FB7
:10FBE0006E74726F6C6C6572222C2274797065224F
:10FBF0003A226F626A656374222C226D656D6265BC
:10FC00007273223A5B7B226E616D65223A226572C5
:10FC1000726F72222C226964223A3235382C227497
:10FC2000797065223A2275696E7438222C226163DC
:10FC300063657373223A227277227D2C7B226E6178
:10FC40006D65223A226C6173745F6572726F725FC8
:10FC500074696D65222C226964223A3235392C226E
:10FC600074797065223A22666C6F6174222C22616D
:10FC70006363657373223A227277227D2C7B226E36
:10FC8000616D65223A22696E7075745F706F7322C0
:10FC90002C226964223A3236302C22747970652223
:10FCA0003A22666C6F6174222C2261636365737300
:10FCB000223A227277227D2C7B226E616D65223A78
:10FCC00022696E7075745F76656C222C22696422DD
:10FCD0003A3236312C2274797065223A22666C6F82
:10FCE0006174222C22616363657373223A227277F6
:10FCF000227D2C7B226E616D65223A22696E7075C1
:10FD0000745F746F72717565222C226964223A32B5
:10FD100036322C2274797065223A22666C6F6174D7
:10FD2000222C22616363657373223A227277227DEB
:10FD30002C7B226E616D65223A22706F735F736552
:10FD400074706F696E74222C226964223A323633E1
:10FD50002C2274797065223A22666C6F6174222CB1
:10FD600022616363657373223A2272227D2C7B22A7
:10FD70006E616D65223A2276656C5F736574706F93
:10FD8000696E74222C226964223A3236342C227431
:10FD9000797065223A22666C6F6174222C2261634D
:10FDA00063657373223A2272227D2C7B226E616D11
:10FDB00065223A22746F727175655F736574706F36
:10FDC000696E74222C226964223A3236352C2274F0
:10FDD000797065223A22666C6F6174222C2261630D
:10FDE00063657373223A2272227D2C7B226E616DD1
:10FDF00065223A227472616A6563746F72795F6416
:10FE00006F6E65222C226964223A3236362C2274B7
:10FE1000797065223A22626F6F6C222C22616363D3
:10FE2000657373223A2272227D2C7B226E616D658E
:10FE3000223A2276656C5F696E7465677261746FD1
:10FE4000725F746F72717565222C226964223A3276
:10FE500036372C2274797065223A22666C6F617491
:10FE6000222C22616363657373223A227277227DAA
:10FE70002C7B226E616D65223A22616E7469636F1C
:10FE80006767696E675F76616C6964222C226964BA
:10FE9000223A3236382C2274797065223A22626F07
:10FEA0006F6C222C22616363657373223A2272772E
:10FEB000227D2C7B226E616D65223A226175746F02
:10FEC00074756E696E675F7068617365222C226954
:10FED00064223A3236392C2274797065223A2266CD
:10FEE0006C6F6174222C22616363657373223A2202
:10FEF0007277227D2C7B226E616D65223A22636FC0
:10FF00006E666967222C2274797065223A226F62CC
:10FF10006A656374222C226D656D62657273223A84
:10FF20005B7B226E616D65223A226761696E5F7349
:10FF300063686564756C696E675F7769647468226D
:10FF40002C226964223A3237302C2274797065226F
:10FF50003A22666C6F6174222C226163636573734D
:10FF6000223A227277227D2C7B226E616D65223AC5
:10FF700022656E61626C655F76656C5F6C696D6948
:10FF800074222C226964223A3237312C227479701F
:10FF900065223A22626F6F6C222C22616363657363
:10FFA00073223A227277227D2C7B226E616D65224C
:10FFB0003A22656E61626C655F746F727175655F20
:10FFC0006D6F64655F76656C5F6C696D6974222C1A
:10FFD000226964223A3237322C2274797065223ACF
:10FFE00022626F6F6C222C22616363657373223A05
:10FFF000227277227D2C7B226E616D65223A22650A
:020000040804EE
:100000006E61626C655F6761696E5F73636865648A
:10001000756C696E67222C226964223A3237332C60
:100020002274797065223A22626F6F6C222C2261F1
:100030006363657373223A227277227D2C7B226E72
:10004000616D65223A22656E61626C655F6F7665EF
:100050007273706565645F6572726F72222C2269BB
:1000600064223A3237342C2274797065223A226243
:100070006F6F6C222C22616363657373223A227264
:1000800077227D2C7B226E616D65223A22636F6E32
:1000900074726F6C5F6D6F6465222C226964223A02
:1000A0003237352C2274797065223A2275696E7464
:1000B00038222C22616363657373223A227277229D
:1000C0007D2C7B226E616D65223A22696E7075749B
:1000D0005F6D6F6465222C226964223A3237362CB8
:1000E0002274797065223A2275696E7438222C2246
:1000F000616363657373223A227277227D2C7B22BF
:100100006E616D65223A22706F735F6761696E225E
:100110002C226964223A3237372C22747970652296
:100120003A22666C6F6174222C226163636573737B
:10013000223A227277227D2C7B226E616D65223AF3
:100140002276656C5F6761696E222C226964223AAF
:100150003237382C2274797065223A22666C6F61CE
:1001600074222C22616363657373223A22727722B0
:100170007D2C7B226E616D65223A2276656C5F690B
:100180006E7465677261746F725F6761696E222C4D
:10019000226964223A3237392C2274797065223A06
:1001A00022666C6F6174222C226163636573732213
:1001B0003A227277227D2C7B226E616D65223A2273
:1001C00076656C5F696E7465677261746F725F6C7F
:1001D000696D6974222C226964223A3238302C22EB
:1001E00074797065223A22666C6F6174222C2261E8
:1001F0006363657373223A227277227D2C7B226EB1
:10020000616D65223A2276656C5F6C696D69742256
:100210002C226964223A3238312C2274797065229A
:100220003A22666C6F6174222C226163636573737A
:10023000223A227277227D2C7B226E616D65223AF2
:100240002276656C5F6C696D69745F746F6C657242
:10025000616E6365222C226964223A3238322C2284
:1002600074797065223A22666C6F6174222C226167
:100270006363657373223A227277227D2C7B226E30
:10028000616D65223A2276656C5F72616D705F7296
:10029000617465222C226964223A3238332C22742C
:1002A000797065223A22666C6F6174222C22616338
:1002B00063657373223A227277227D2C7B226E61F2
:1002C0006D65223A22746F727175655F72616D702F
:1002D0005F72617465222C226964223A3238342CB0
:1002E0002274797065223A22666C6F6174222C2226
:1002F000616363657373223A227277227D2C7B22BD
:100300006E616D65223A2263697263756C61725F1A
:10031000736574706F696E7473222C226964223A5B
:100320003238352C2274797065223A22626F6F6CF4
:10033000222C22616363657373223A227277227DD5
:100340002C7B226E616D65223A2263697263756C43
:1003500061725F736574706F696E745F72616E67EE
:1003600065222C226964223A3238362C2274797044
:1003700065223A22666C6F6174222C226163636588
:100380007373223A227277227D2C7B226E616D6517
:10039000223A2273746570735F7065725F6369726D
:1003A00063756C61725F72616E6765222C2269648D
:1003B000223A3238372C2274797065223A22696EDB
:1003C000743332222C22616363657373223A227282
:1003D00077227D2C7B226E616D65223A22686F6DDB
:1003E000696E675F7370656564222C226964223AC6
:1003F0003238382C2274797065223A22666C6F612B
:1004000074222C22616363657373223A227277220D
:100410007D2C7B226E616D65223A22696E65727455
:100420006961222C226964223A3238392C2274798B
:100430007065223A22666C6F6174222C22616363BC
:10044000657373223A227277227D2C7B226E616D56
:1004500065223A22617869735F746F5F6D697272A9
:100460006F72222C226964223A3239302C2274793C
:100470007065223A2275696E7438222C226163639A
:10048000657373223A227277227D2C7B226E616D16
:1004900065223A226D6972726F725F726174696F60
:1004A000222C226964223A3239312C227479706507
:1004B000223A22666C6F6174222C22616363657339
:1004C00073223A227277227D2C7B226E616D652227
:1004D0003A22746F727175655F6D6972726F725FC7
:1004E000726174696F222C226964223A3239322C8B
:1004F0002274797065223A22666C6F6174222C2214
:10050000616363657373223A227277227D2C7B22AA
:100510006E616D65223A226C6F61645F656E636F18
:100520006465725F61786973222C226964223A32B1
:1005300039332C2274797065223A2275696E7438C9
:10054000222C22616363657373223A227277227DC3
:100550002C7B226E616D65223A22696E7075745F24
:1005600066696C7465725F62616E647769647468F1
:10057000222C226964223A3239342C227479706533
:10058000223A22666C6F6174222C22616363657368
:1005900073223A227277227D2C7B226E616D652256
:1005A0003A22616E7469636F6767696E67222C22F5
:1005B00074797065223A226F626A656374222C2214
:1005C0006D656D62657273223A5B7B226E616D654B
:1005D000223A22696E646578222C226964223A32BA
:1005E00039352C2274797065223A2275696E74331C
:1005F00032222C22616363657373223A2272227D58
:100600002C7B226E616D65223A227072655F636198
:100610006C69627261746564222C226964223A32C8
:1006200039362C2274797065223A22626F6F6C22FF
:100630002C22616363657373223A227277227D2CC8
:100640007B226E616D65223A2263616C69625F6133
:100650006E7469636F6767696E67222C2269642212
:100660003A3239372C2274797065223A22626F6FE0
:100670006C222C22616363657373223A2272227D9D
:100680002C7B226E616D65223A2263616C69625F28
:10069000706F735F7468726573686F6C64222C226C
:1006A0006964223A3239382C2274797065223A22F0
:1006B000666C6F6174222C22616363657373223AE6
:1006C000227277227D2C7B226E616D65223A226335
:1006D000616C69625F76656C5F7468726573686F80
:1006E0006C64222C226964223A3239392C227479C2
:1006F0007065223A22666C6F6174222C22616363FA
:10070000657373223A227277227D2C7B226E616D93
:1007100065223A22636F6767696E675F7261746909
:100720006F222C226964223A3330302C2274797083
:1007300065223A22666C6F6174222C2261636365C4
:100740007373223A2272227D2C7B226E616D6522A8
:100750003A22616E7469636F6767696E675F656E81
:1007600061626C6564222C226964223A3330312C38
:100770002274797065223A22626F6F6C222C22619A
:100780006363657373223A227277227D5D7D2C7BD1
:10079000226E616D65223A226D656368616E6963E0
:1007A000616C5F706F7765725F62616E64776964B8
:1007B0007468222C226964223A3330322C227479F4
:1007C0007065223A22666C6F6174222C2261636329
:1007D000657373223A227277227D2C7B226E616DC3
:1007E00065223A22656C656374726963616C5F703F
:1007F0006F7765725F62616E647769647468222CDA
:10080000226964223A3330332C2274797065223A9B
:1008100022666C6F6174222C22616363657373229C
:100820003A227277227D2C7B226E616D65223A22FC
:100830007370696E6F75745F6D656368616E69630F
:10084000616C5F706F7765725F7468726573686FF3
:100850006C64222C226964223A3330342C2274795D
:100860007065223A22666C6F6174222C2261636388
:10087000657373223A227277227D2C7B226E616D22
:1008800065223A227370696E6F75745F656C65637B
:1008900074726963616C5F706F7765725F746872A0
:1008A0006573686F6C64222C226964223A33303598
:1008B0002C2274797065223A22666C6F6174222C46
:1008C00022616363657373223A227277227D5D7DB4
:1008D0002C7B226E616D65223A226175746F74758E
:1008E0006E696E67222C2274797065223A226F62DB
:1008F0006A656374222C226D656D62657273223A9B
:100900005B7B226E616D65223A2266726571756548
:100910006E6379222C226964223A3330362C227499
:10092000797065223A22666C6F6174222C226163B1
:1009300063657373223A227277227D2C7B226E616B
:100940006D65223A22706F735F616D706C697475AA
:100950006465222C226964223A3330372C22747960
:100960007065223A22666C6F6174222C2261636387
:10097000657373223A227277227D2C7B226E616D21
:1009800065223A2276656C5F616D706C697475647E
:1009900065222C226964223A3330382C2274797013
:1009A00065223A22666C6F6174222C226163636552
:1009B0007373223A227277227D2C7B226E616D65E1
:1009C000223A22746F727175655F616D706C697423
:1009D000756465222C226964223A3330392C2274E2
:1009E000797065223A22666C6F6174222C226163F1
:1009F00063657373223A227277227D5D7D2C7B22A0
:100A00006E616D65223A226D656368616E6963612E
:100A10006C5F706F776572222C226964223A3331E1
:100A2000302C2274797065223A22666C6F617422D0
:100A30002C22616363657373223A2272227D2C7BC0
:100A4000226E616D65223A22656C6563747269631A
:100A5000616C5F706F776572222C226964223A3371
:100A600031312C2274797065223A22666C6F617480
:100A7000222C22616363657373223A2272227D2CD9
:100A80007B226E616D65223A226D6F76655F696EBD
:100A90006372656D656E74616C222C226964223A02
:100AA0003331322C2274797065223A2266756E6376
:100AB00074696F6E222C22696E70757473223A5BB2
:100AC0007B226E616D65223A22646973706C61638A
:100AD000656D656E74222C226964223A3331332CA1
:100AE0002274797065223A22666C6F6174222C221E
:100AF000616363657373223A227277227D2C7B22B5
:100B00006E616D65223A2266726F6D5F696E7075F7
:100B1000745F706F73222C226964223A3331342C53
:100B20002274797065223A22626F6F6C222C2261E6
:100B30006363657373223A227277227D5D2C226F84
:100B4000757470757473223A5B5D7D2C7B226E61C7
:100B50006D65223A2273746172745F616E746963A9
:100B60006F6767696E675F63616C69627261746900
:100B70006F6E222C226964223A3331352C2274792B
:100B80007065223A2266756E6374696F6E222C223C
:100B9000696E70757473223A5B5D2C226F75747088
:100BA000757473223A5B5D7D2C7B226E616D6522CC
:100BB0003A2272656D6F76655F616E7469636F6707
:100BC00067696E675F62696173222C226964223AE9
:100BD0003331362C2274797065223A2266756E6341
:100BE00074696F6E222C22696E70757473223A5B81
:100BF0005D2C226F757470757473223A5B7B226E64
:100C0000616D65223A2276616C222C226964223A57
:100C10003331372C2274797065223A22666C6F6109
:100C200074222C22616363657373223A2272227DDF
:100C30005D7D2C7B226E616D65223A226765745F53
:100C4000616E7469636F6767696E675F76616C7503
:100C500065222C226964223A3331382C227479704F
:100C600065223A2266756E6374696F6E222C226962
:100C70006E70757473223A5B7B226E616D65223AE9
:100C800022696E646578222C226964223A333139F4
:100C90002C2274797065223A2275696E743332227F
:100CA0002C22616363657373223A227277227D5D21
:100CB0002C226F757470757473223A5B7B226E619F
:100CC0006D65223A2276616C222C226964223A33C5
:100CD00032302C2274797065223A22666C6F61740E
:100CE000222C22616363657373223A2272227D5D36
:100CF0007D5D7D2C7B226E616D65223A22656E637F
:100D00006F646572222C2274797065223A226F62B8
:100D10006A656374222C226D656D62657273223A76
:100D20005B7B226E616D65223A226572726F722260
:100D30002C226964223A3332312C22747970652274
:100D40003A2275696E743136222C226163636573B1
:100D500073223A227277227D2C7B226E616D65228E
:100D60003A2269735F7265616479222C2269642278
:100D70003A3332322C2274797065223A22626F6FD4
:100D80006C222C22616363657373223A2272227D86
:100D90002C7B226E616D65223A22696E6465785FF4
:100DA000666F756E64222C226964223A3332332CCA
:100DB0002274797065223A22626F6F6C222C226154
:100DC0006363657373223A2272227D2C7B226E61EB
:100DD0006D65223A22736861646F775F636F756E29
:100DE00074222C226964223A3332342C22747970B2
:100DF00065223A22696E743332222C226163636564
:100E00007373223A2272227D2C7B226E616D6522E1
:100E10003A22636F756E745F696E5F637072222C25
:100E2000226964223A3332352C2274797065223A71
:100E300022696E743332222C2261636365737322DC
:100E40003A2272227D2C7B226E616D65223A2269E4
:100E50006E746572706F6C6174696F6E222C22699A
:100E600064223A3332362C2274797065223A226633
:100E70006C6F6174222C22616363657373223A2262
:100E800072227D2C7B226E616D65223A2270686130
:100E90007365222C226964223A3332372C2274790A
:100EA0007065223A22666C6F6174222C2261636342
:100EB000657373223A2272227D2C7B226E616D65EE
:100EC000223A22706F735F657374696D6174652275
:100ED0002C226964223A3332382C227479706522CC
:100EE0003A22666C6F6174222C22616363657373AE
:100EF000223A2272227D2C7B226E616D65223A227B
:100F0000706F735F657374696D6174655F636F752E
:100F10006E7473222C226964223A3332392C227483
:100F2000797065223A22666C6F6174222C226163AB
:100F300063657373223A2272227D2C7B226E616D6F
:100F400065223A22706F735F63697263756C6172B8
:100F5000222C226964223A3333302C227479706552
:100F6000223A22666C6F6174222C2261636365737E
:100F700073223A2272227D2C7B226E616D65223AA9
:100F800022706F735F6370725F636F756E7473222C
:100F90002C226964223A3333312C22747970652211
:100FA0003A22666C6F6174222C22616363657373ED
:100FB000223A2272227D2C7B226E616D65223A22BA
:100FC00064656C74615F706F735F6370725F636F91
:100FD000756E7473222C226964223A3333322C22C8
:100FE00074797065223A22666C6F6174222C2261DA
:100FF0006363657373223A2272227D2C7B226E61B9
:101000006D65223A2268616C6C5F7374617465224D
:101010002C226964223A3333332C2274797065228E
:101020003A2275696E7438222C226163636573738A
:10103000223A2272227D2C7B226E616D65223A2239
:1010400076656C5F657374696D617465222C2269C5
:1010500064223A3333342C2274797065223A226642
:101060006C6F6174222C22616363657373223A2270
:1010700072227D2C7B226E616D65223A2276656C30
:101080005F657374696D6174655F636F756E7473AA
:10109000222C226964223A3333352C22747970650C
:1010A000223A22666C6F6174222C2261636365733D
:1010B00073223A2272227D2C7B226E616D65223A68
:1010C0002263616C69625F7363616E5F72657370E6
:1010D0006F6E7365222C226964223A3333362C22D8
:1010E00074797065223A22666C6F6174222C2261D9
:1010F0006363657373223A2272227D2C7B226E61B8
:101100006D65223A22706F735F616273222C2269CF
:1011100064223A3333372C2274797065223A22697B
:101120006E743332222C22616363657373223A2218
:101130007277227D2C7B226E616D65223A2273705C
:10114000695F6572726F725F72617465222C2269C9
:1011500064223A3333382C2274797065223A22663D
:101160006C6F6174222C22616363657373223A226F
:1011700072227D2C7B226E616D65223A22636F6E36
:10118000666967222C2274797065223A226F626A3E
:10119000656374222C226D656D62657273223A5B01
:1011A0007B226E616D65223A226D6F6465222C226E
:1011B0006964223A3333392C2274797065223A22D9
:1011C00075696E743136222C2261636365737322F4
:1011D0003A227277227D2C7B226E616D65223A2243
:1011E0007573655F696E646578222C226964223AA2
:1011F0003334302C2274797065223A22626F6F6C1E
:10120000222C22616363657373223A227277227DF6
:101210002C7B226E616D65223A22696E6465785F6F
:101220006F6666736574222C226964223A33343106
:101230002C2274797065223A22666C6F6174222CBC
:1012400022616363657373223A227277227D2C7B5D
:10125000226E616D65223A227573655F696E646501
:10126000785F6F6666736574222C226964223A3354
:1012700034322C2274797065223A22626F6F6C22AC
:101280002C22616363657373223A227277227D2C6C
:101290007B226E616D65223A2266696E645F6964C5
:1012A000785F6F6E5F6C6F636B696E5F6F6E6C798A
:1012B000222C226964223A3334332C2274797065EB
:1012C000223A22626F6F6C222C2261636365737312
:1012D000223A227277227D2C7B226E616D65223A42
:1012E000226162735F7370695F63735F6770696FB8
:1012F0005F70696E222C226964223A3334342C22C6
:1013000074797065223A2275696E743136222C2206
:10131000616363657373223A227277227D2C7B228C
:101320006E616D65223A22637072222C22696422FA
:101330003A3334352C2274797065223A22696E74FE
:101340003332222C22616363657373223A227277EF
:10135000227D2C7B226E616D65223A22706861735A
:10136000655F6F6666736574222C226964223A3366
:1013700034362C2274797065223A22696E743332C5
:10138000222C22616363657373223A227277227D75
:101390002C7B226E616D65223A2270686173655FF5
:1013A0006F66667365745F666C6F6174222C226968
:1013B00064223A3334372C2274797065223A2266DB
:1013C0006C6F6174222C22616363657373223A220D
:1013D0007277227D2C7B226E616D65223A226469D0
:1013E00072656374696F6E222C226964223A333409
:1013F000382C2274797065223A22696E7433322255
:101400002C22616363657373223A227277227D2CEA
:101410007B226E616D65223A227072655F63616C3A
:1014200069627261746564222C226964223A3334E1
:10143000392C2274797065223A22626F6F6C222CEB
:1014400022616363657373223A227277227D2C7B5B
:10145000226E616D65223A22656E61626C655F7015
:10146000686173655F696E746572706F6C617469D1
:101470006F6E222C226964223A3335302C22747923
:101480007065223A22626F6F6C222C226163636561
:101490007373223A227277227D2C7B226E616D65F6
:1014A000223A2262616E647769647468222C226930
:1014B00064223A3335312C2274797065223A2266DF
:1014C0006C6F6174222C22616363657373223A220C
:1014D0007277227D2C7B226E616D65223A226361D8
:1014E0006C69625F72616E6765222C226964223AC0
:1014F0003335322C2274797065223A22666C6F6122
:1015000074222C22616363657373223A22727722FC
:101510007D2C7B226E616D65223A2263616C69626B
:101520005F7363616E5F64697374616E6365222CBF
:10153000226964223A3335332C2274797065223A59
:1015400022666C6F6174222C22616363657373225F
:101550003A227277227D2C7B226E616D65223A22BF
:1015600063616C69625F7363616E5F6F6D65676114
:10157000222C226964223A3335342C227479706526
:10158000223A22666C6F6174222C22616363657358
:1015900073223A227277227D2C7B226E616D652246
:1015A0003A2269676E6F72655F696C6C6567616C22
:1015B0005F68616C6C5F7374617465222C2269646E
:1015C000223A3335352C2274797065223A22626FC3
:1015D0006F6C222C22616363657373223A227277E7
:1015E000227D2C7B226E616D65223A2268616C6CD3
:1015F0005F706F6C6172697479222C226964223A7F
:101600003335362C2274797065223A2275696E74EE
:1016100038222C22616363657373223A2272772227
:101620007D2C7B226E616D65223A2268616C6C5F55
:10163000706F6C61726974795F63616C6962726109
:10164000746564222C226964223A3335372C227463
:10165000797065223A22626F6F6C222C226163637B
:10166000657373223A227277227D2C7B226E616D24
:1016700065223A2273696E636F735F6770696F5F8B
:1016800070696E5F73696E222C226964223A333569
:10169000382C2274797065223A2275696E7431365D
:1016A000222C22616363657373223A227277227D52
:1016B0002C7B226E616D65223A2273696E636F73B3
:1016C0005F6770696F5F70696E5F636F73222C2252
:1016D0006964223A3335392C2274797065223A22B2
:1016E00075696E743136222C2261636365737322CF
:1016F0003A227277227D5D7D2C7B226E616D6522A0
:101700003A227365745F6C696E6561725F636F75B1
:101710006E74222C226964223A3336302C2274797A
:101720007065223A2266756E6374696F6E222C2290
:10173000696E70757473223A5B7B226E616D6522EF
:101740003A22636F756E74222C226964223A333612
:10175000312C2274797065223A22696E74333222F8
:101760002C22616363657373223A227277227D5D56
:101770002C226F757470757473223A5B5D7D5D7D8C
:101780002C7B226E616D65223A226163696D5F6513
:101790007374696D61746F72222C22747970652282
:1017A0003A226F626A656374222C226D656D6265F0
:1017B0007273223A5B7B226E616D65223A22726FF0
:1017C000746F725F666C7578222C226964223A33DA
:1017D00036322C2274797065223A22666C6F6174FD
:1017E000222C22616363657373223A2272227D2C5C
:1017F0007B226E616D65223A22736C69705F76653B
:101800006C222C226964223A3336332C227479708C
:1018100065223A22666C6F6174222C2261636365D3
:101820007373223A2272227D2C7B226E616D6522B7
:101830003A2270686173655F6F6666736574222C07
:10184000226964223A3336342C2274797065223A44
:1018500022666C6F6174222C22616363657373224C
:101860003A2272227D2C7B226E616D65223A2273B0
:101870007461746F725F70686173655F76656C2206
:101880002C226964223A3336352C22747970652211
:101890003A22666C6F6174222C22616363657373F4
:1018A000223A2272227D2C7B226E616D65223A22C1
:1018B000737461746F725F7068617365222C226942
:1018C00064223A3336362C2274797065223A2266C5
:1018D0006C6F6174222C22616363657373223A22F8
:1018E00072227D2C7B226E616D65223A22636F6EBF
:1018F000666967222C2274797065223A226F626AC7
:10190000656374222C226D656D62657273223A5B89
:101910007B226E616D65223A22736C69705F766519
:101920006C6F63697479222C226964223A333637EA
:101930002C2274797065223A22666C6F6174222CB5
:1019400022616363657373223A227277227D5D7D23
:101950005D7D2C7B226E616D65223A2273656E730C
:101960006F726C6573735F657374696D61746F72A8
:10197000222C2274797065223A226F626A65637440
:10198000222C226D656D62657273223A5B7B226E3A
:10199000616D65223A226572726F72222C2269642F
:1019A000223A3336382C2274797065223A227569CE
:1019B0006E7438222C22616363657373223A22723B
:1019C00077227D2C7B226E616D65223A22706861E0
:1019D0007365222C226964223A3336392C227479B9
:1019E0007065223A22666C6F6174222C22616363F7
:1019F000657373223A2272227D2C7B226E616D65A3
:101A0000223A22706C6C5F706F73222C2269642200
:101A10003A3337302C2274797065223A22666C6F23
:101A20006174222C22616363657373223A227222ED
:101A30007D2C7B226E616D65223A22706861736530
:101A40005F76656C222C226964223A3337312C226E
:101A500074797065223A22666C6F6174222C22615F
:101A60006363657373223A2272227D2C7B226E613E
:101A70006D65223A2276656C5F657374696D617479
:101A800065222C226964223A3337322C2274797011
:101A900065223A22666C6F6174222C226163636551
:101AA0007373223A2272227D2C7B226E616D652235
:101AB0003A22636F6E666967222C22747970652200
:101AC0003A226F626A656374222C226D656D6265CD
:101AD0007273223A5B7B226E616D65223A226F62DD
:101AE0007365727665725F6761696E222C22696424
:101AF000223A3337332C2274797065223A22666C8D
:101B00006F6174222C22616363657373223A2272BF
:101B100077227D2C7B226E616D65223A22706C6C7F
:101B20005F62616E647769647468222C2269642242
:101B30003A3337342C2274797065223A22666C6FFE
:101B40006174222C22616363657373223A22727777
:101B5000227D2C7B226E616D65223A22706D5F665C
:101B60006C75785F6C696E6B616765222C226964A5
:101B7000223A3337352C2274797065223A22666C0A
:101B80006F6174222C22616363657373223A22723F
:101B900077227D5D7D5D7D2C7B226E616D65223AB5
:101BA00022747261705F7472616A222C227479707F
:101BB00065223A226F626A656374222C226D656D1C
:101BC00062657273223A5B7B226E616D65223A22F6
:101BD000636F6E666967222C2274797065223A22DF
:101BE0006F626A656374222C226D656D6265727323
:101BF000223A5B7B226E616D65223A2276656C5FCC
:101C00006C696D6974222C226964223A3337362C50
:101C10002274797065223A22666C6F6174222C22DC
:101C2000616363657373223A227277227D2C7B2273
:101C30006E616D65223A22616363656C5F6C696DEC
:101C40006974222C226964223A3337372C22747942
:101C50007065223A22666C6F6174222C2261636384
:101C6000657373223A227277227D2C7B226E616D1E
:101C700065223A22646563656C5F6C696D697422E4
:101C80002C226964223A3337382C22747970652209
:101C90003A22666C6F6174222C22616363657373F0
:101CA000223A227277227D5D7D5D7D2C7B226E61E2
:101CB0006D65223A226D696E5F656E6473746F7034
:101CC000222C2274797065223A226F626A656374ED
:101CD000222C226D656D62657273223A5B7B226EE7
:101CE000616D65223A22656E6473746F705F737400
:101CF000617465222C226964223A3337392C2274AC
:101D0000797065223A22626F6F6C222C22616363C4
:101D1000657373223A2272227D2C7B226E616D657F
:101D2000223A22636F6E666967222C22747970658D
:101D3000223A226F626A656374222C226D656D629D
:101D4000657273223A5B7B226E616D65223A22676F
:101D500070696F5F6E756D222C226964223A333888
:101D6000302C2274797065223A2275696E7431368E
:101D7000222C22616363657373223A227277227D7B
:101D80002C7B226E616D65223A22656E61626C6504
:101D900064222C226964223A3338312C22747970FF
:101DA00065223A22626F6F6C222C22616363657335
:101DB00073223A227277227D2C7B226E616D65221E
:101DC0003A226F6666736574222C226964223A3364
:101DD00038322C2274797065223A22666C6F6174F5
:101DE000222C22616363657373223A227277227D0B
:101DF0002C7B226E616D65223A2269735F61637488
:101E00006976655F68696768222C226964223A33C3
:101E100038332C2274797065223A22626F6F6C22FB
:101E20002C22616363657373223A227277227D2CC0
:101E30007B226E616D65223A226465626F756E6306
:101E4000655F6D73222C226964223A3338342C2268
:101E500074797065223A2275696E743332222C22AD
:101E6000616363657373223A227277227D5D7D5DC3
:101E70007D2C7B226E616D65223A226D61785F65F3
:101E80006E6473746F70222C2274797065223A220A
:101E90006F626A656374222C226D656D6265727370
:101EA000223A5B7B226E616D65223A22656E647315
:101EB000746F705F7374617465222C226964223AB6
:101EC0003338352C2274797065223A22626F6F6C38
:101ED000222C22616363657373223A2272227D2C65
:101EE0007B226E616D65223A22636F6E666967229E
:101EF0002C2274797065223A226F626A65637422BB
:101F00002C226D656D62657273223A5B7B226E6175
:101F10006D65223A226770696F5F6E756D222C22A3
:101F20006964223A3338362C2274797065223A2259
:101F300075696E743136222C226163636573732276
:101F40003A227277227D2C7B226E616D65223A22C5
:101F5000656E61626C6564222C226964223A3338B2
:101F6000372C2274797065223A22626F6F6C222CB2
:101F700022616363657373223A227277227D2C7B20
:101F8000226E616D65223A226F6666736574222C3B
:101F9000226964223A3338382C2274797065223AE7
:101FA00022666C6F6174222C2261636365737322F5
:101FB0003A227277227D2C7B226E616D65223A2255
:101FC00069735F6163746976655F68696768222C0D
:101FD000226964223A3338392C2274797065223AA6
:101FE00022626F6F6C222C22616363657373223AE5
:101FF000227277227D2C7B226E616D65223A2264EB
:1020000065626F756E63655F6D73222C2269642251
:102010003A3339302C2274797065223A2275696E10
:10202000743332222C22616363657373223A227205
:1020300077227D5D7D5D7D2C7B226E616D65223A10
:10204000226D656368616E6963616C5F6272616B6A
:1020500065222C2274797065223A226F626A656368
:1020600074222C226D656D62657273223A5B7B224D
:102070006E616D65223A22636F6E666967222C225B
:1020800074797065223A226F626A656374222C2229
:102090006D656D62657273223A5B7B226E616D6560
:1020A000223A226770696F5F6E756D222C22696417
:1020B000223A3339312C2274797065223A227569BB
:1020C0006E743136222C22616363657373223A2267
:1020D0007277227D2C7B226E616D65223A226973B4
:1020E0005F6163746976655F6C6F77222C22696427
:1020F000223A3339322C2274797065223A22626F87
:102100006F6C222C22616363657373223A227277AB
:10211000227D5D7D2C7B226E616D65223A22656E8B
:1021200067616765222C226964223A3339332C2295
:1021300074797065223A2266756E6374696F6E22D7
:102140002C22696E70757473223A5B5D2C226F7558
:102150007470757473223A5B5D7D2C7B226E616DA9
:1021600065223A2272656C65617365222C2269646E
:10217000223A3339342C2274797065223A226675FA
:102180006E6374696F6E222C22696E70757473228F
:102190003A5B5D2C226F757470757473223A5B5DC7
:1021A0007D5D7D2C7B226E616D65223A22746173A8
:1021B0006B5F74696D6573222C2274797065223AA5
:1021C000226F626A656374222C226D656D6265728E
:1021D00073223A5B7B226E616D65223A22746865D8
:1021E000726D6973746F725F757064617465222CAF
:1021F0002274797065223A226F626A656374222CB8
:10220000226D656D62657273223A5B7B226E616D31
:1022100065223A2273746172745F74696D65222C51
:10222000226964223A3339352C2274797065223A56
:102230002275696E743332222C2261636365737375
:10224000223A2272227D2C7B226E616D65223A2217
:10225000656E645F74696D65222C226964223A336D
:1022600039362C2274797065223A2275696E74337E
:1022700032222C22616363657373223A2272227DBB
:102280002C7B226E616D65223A226C656E677468E4
:10229000222C226964223A3339372C2274797065F2
:1022A000223A2275696E743332222C22616363658F
:1022B0007373223A2272227D2C7B226E616D65221D
:1022C0003A226D61785F6C656E677468222C2269B2
:1022D00064223A3339382C2274797065223A227597
:1022E000696E743332222C22616363657373223A00
:1022F000227277227D5D7D2C7B226E616D65223A94
:1023000022656E636F6465725F75706461746522C7
:102310002C2274797065223A226F626A6563742296
:102320002C226D656D62657273223A5B7B226E6151
:102330006D65223A2273746172745F74696D6522EF
:102340002C226964223A3339392C2274797065223F
:102350003A2275696E743332222C2261636365738D
:1023600073223A2272227D2C7B226E616D65223AA5
:1023700022656E645F74696D65222C226964223A5D
:102380003430302C2274797065223A2275696E746B
:102390003332222C22616363657373223A227222E4
:1023A0007D2C7B226E616D65223A226C656E6774AE
:1023B00068222C226964223A3430312C22747970DC
:1023C00065223A2275696E743332222C226163636E
:1023D000657373223A2272227D2C7B226E616D65B9
:1023E000223A226D61785F6C656E677468222C22D8
:1023F0006964223A3430322C2274797065223A2290
:1024000075696E743332222C2261636365737322A3
:102410003A227277227D5D7D2C7B226E616D652272
:102420003A2273656E736F726C6573735F65737454
:10243000696D61746F725F757064617465222C22BE
:1024400074797065223A226F626A656374222C2265
:102450006D656D62657273223A5B7B226E616D659C
:10246000223A2273746172745F74696D65222C2242
:102470006964223A3430332C2274797065223A220E
:1024800075696E743332222C226163636573732223
:102490003A2272227D2C7B226E616D65223A226582
:1024A0006E645F74696D65222C226964223A34304F
:1024B000342C2274797065223A2275696E74333235
:1024C000222C22616363657373223A2272227D2C6F
:1024D0007B226E616D65223A226C656E677468229C
:1024E0002C226964223A3430352C227479706522AA
:1024F0003A2275696E743332222C226163636573EC
:1025000073223A2272227D2C7B226E616D65223A03
:10251000226D61785F6C656E677468222C22696435
:10252000223A3430362C2274797065223A22756949
:102530006E743332222C22616363657373223A22F4
:102540007277227D5D7D2C7B226E616D65223A2241
:10255000656E6473746F705F757064617465222C4E
:102560002274797065223A226F626A656374222C44
:10257000226D656D62657273223A5B7B226E616DBE
:1025800065223A2273746172745F74696D65222CDE
:10259000226964223A3430372C2274797065223AE9
:1025A0002275696E743332222C2261636365737302
:1025B000223A2272227D2C7B226E616D65223A22A4
:1025C000656E645F74696D65222C226964223A34F9
:1025D00030382C2274797065223A2275696E743312
:1025E00032222C22616363657373223A2272227D48
:1025F0002C7B226E616D65223A226C656E67746871
:10260000222C226964223A3430392C227479706584
:10261000223A2275696E743332222C22616363651B
:102620007373223A2272227D2C7B226E616D6522A9
:102630003A226D61785F6C656E677468222C22693E
:1026400064223A3431302C2274797065223A227532
:10265000696E743332222C22616363657373223A8C
:10266000227277227D5D7D2C7B226E616D65223A20
:102670002263616E5F686561727462656174222CA9
:102680002274797065223A226F626A656374222C23
:10269000226D656D62657273223A5B7B226E616D9D
:1026A00065223A2273746172745F74696D65222CBD
:1026B000226964223A3431312C2274797065223ACD
:1026C0002275696E743332222C22616363657373E1
:1026D000223A2272227D2C7B226E616D65223A2283
:1026E000656E645F74696D65222C226964223A34D8
:1026F00031322C2274797065223A2275696E7433F6
:1027000032222C22616363657373223A2272227D26
:102710002C7B226E616D65223A226C656E6774684F
:10272000222C226964223A3431332C227479706568
:10273000223A2275696E743332222C2261636365FA
:102740007373223A2272227D2C7B226E616D652288
:102750003A226D61785F6C656E677468222C22691D
:1027600064223A3431342C2274797065223A22750D
:10277000696E743332222C22616363657373223A6B
:10278000227277227D5D7D2C7B226E616D65223AFF
:1027900022636F6E74726F6C6C65725F75706461CA
:1027A0007465222C2274797065223A226F626A6500
:1027B0006374222C226D656D62657273223A5B7BB5
:1027C000226E616D65223A2273746172745F74695E
:1027D0006D65222C226964223A3431352C227479B9
:1027E0007065223A2275696E743332222C2261633D
:1027F00063657373223A2272227D2C7B226E616D97
:1028000065223A22656E645F74696D65222C2269C7
:1028100064223A3431362C2274797065223A22755A
:10282000696E743332222C22616363657373223ABA
:102830002272227D2C7B226E616D65223A226C65AC
:102840006E677468222C226964223A3431372C2254
:1028500074797065223A2275696E743332222C22A3
:10286000616363657373223A2272227D2C7B226E30
:10287000616D65223A226D61785F6C656E67746880
:10288000222C226964223A3431382C227479706502
:10289000223A2275696E743332222C226163636599
:1028A0007373223A227277227D5D7D2C7B226E61CA
:1028B0006D65223A226F70656E5F6C6F6F705F633B
:1028C0006F6E74726F6C6C65725F75706461746545
:1028D000222C2274797065223A226F626A656374D1
:1028E000222C226D656D62657273223A5B7B226ECB
:1028F000616D65223A2273746172745F74696D65EB
:10290000222C226964223A3431392C227479706580
:10291000223A2275696E743332222C226163636518
:102920007373223A2272227D2C7B226E616D6522A6
:102930003A22656E645F74696D65222C2269642297
:102940003A3432302C2274797065223A2275696EDD
:10295000743332222C22616363657373223A2272CC
:10296000227D2C7B226E616D65223A226C656E673A
:102970007468222C226964223A3432312C22747910
:102980007065223A2275696E743332222C2261639B
:1029900063657373223A2272227D2C7B226E616DF5
:1029A00065223A226D61785F6C656E677468222CCF
:1029B000226964223A3432322C2274797065223AC8
:1029C0002275696E743332222C22616363657373DE
:1029D000223A227277227D5D7D2C7B226E616D65AD
:1029E000223A226163696D5F657374696D61746F0A
:1029F000725F757064617465222C2274797065222F
:102A00003A226F626A656374222C226D656D62657D
:102A10007273223A5B7B226E616D65223A22737477
:102A20006172745F74696D65222C226964223A3484
:102A300032332C2274797065223A2275696E7433B0
:102A400032222C22616363657373223A2272227DE3
:102A50002C7B226E616D65223A22656E645F74691B
:102A60006D65222C226964223A3432342C22747926
:102A70007065223A2275696E743332222C226163AA
:102A800063657373223A2272227D2C7B226E616D04
:102A900065223A226C656E677468222C2269642272
:102AA0003A3432352C2274797065223A2275696E77
:102AB000743332222C22616363657373223A22726B
:102AC000227D2C7B226E616D65223A226D61785FDA
:102AD0006C656E677468222C226964223A3432363F
:102AE0002C2274797065223A2275696E7433322211
:102AF0002C22616363657373223A227277227D5DB3
:102B00007D2C7B226E616D65223A226D6F746F722F
:102B10005F757064617465222C2274797065223A45
:102B2000226F626A656374222C226D656D62657224
:102B300073223A5B7B226E616D65223A2273746167
:102B400072745F74696D65222C226964223A343292
:102B5000372C2274797065223A2275696E7433328B
:102B6000222C22616363657373223A2272227D2CC8
:102B70007B226E616D65223A22656E645F74696DB9
:102B800065222C226964223A3432382C22747970FE
:102B900065223A2275696E743332222C2261636396
:102BA000657373223A2272227D2C7B226E616D65E1
:102BB000223A226C656E677468222C226964223A7C
:102BC0003432392C2274797065223A2275696E7418
:102BD0003332222C22616363657373223A2272229C
:102BE0007D2C7B226E616D65223A226D61785F6C6F
:102BF000656E677468222C226964223A3433302C63
:102C00002274797065223A2275696E743332222CEF
:102C100022616363657373223A227277227D5D7D40
:102C20002C7B226E616D65223A2263757272656E2D
:102C3000745F636F6E74726F6C6C65725F757064D5
:102C4000617465222C2274797065223A226F626A5F
:102C5000656374222C226D656D62657273223A5B26
:102C60007B226E616D65223A2273746172745F74A7
:102C7000696D65222C226964223A3433312C227426
:102C8000797065223A2275696E743332222C226182
:102C90006363657373223A2272227D2C7B226E61FC
:102CA0006D65223A22656E645F74696D65222C221F
:102CB0006964223A3433322C2274797065223A22C4
:102CC00075696E743332222C2261636365737322DB
:102CD0003A2272227D2C7B226E616D65223A226C33
:102CE000656E677468222C226964223A3433332C6F
:102CF0002274797065223A2275696E743332222CFF
:102D000022616363657373223A2272227D2C7B22D7
:102D10006E616D65223A226D61785F6C656E6774D5
:102D200068222C226964223A3433342C227479705C
:102D300065223A2275696E743332222C22616363F4
:102D4000657373223A227277227D5D7D2C7B226E21
:102D5000616D65223A2264635F63616C6962222C53
:102D60002274797065223A226F626A656374222C3C
:102D7000226D656D62657273223A5B7B226E616DB6
:102D800065223A2273746172745F74696D65222CD6
:102D9000226964223A3433352C2274797065223AE0
:102DA0002275696E743332222C22616363657373FA
:102DB000223A2272227D2C7B226E616D65223A229C
:102DC000656E645F74696D65222C226964223A34F1
:102DD00033362C2274797065223A2275696E743309
:102DE00032222C22616363657373223A2272227D40
:102DF0002C7B226E616D65223A226C656E67746869
:102E0000222C226964223A3433372C22747970657B
:102E1000223A2275696E743332222C226163636513
:102E20007373223A2272227D2C7B226E616D6522A1
:102E30003A226D61785F6C656E677468222C226936
:102E400064223A3433382C2274797065223A227520
:102E5000696E743332222C22616363657373223A84
:102E6000227277227D5D7D2C7B226E616D65223A18
:102E70002263757272656E745F73656E7365222C62
:102E80002274797065223A226F626A656374222C1B
:102E9000226D656D62657273223A5B7B226E616D95
:102EA00065223A2273746172745F74696D65222CB5
:102EB000226964223A3433392C2274797065223ABB
:102EC0002275696E743332222C22616363657373D9
:102ED000223A2272227D2C7B226E616D65223A227B
:102EE000656E645F74696D65222C226964223A34D0
:102EF00034302C2274797065223A2275696E7433ED
:102F000032222C22616363657373223A2272227D1E
:102F10002C7B226E616D65223A226C656E67746847
:102F2000222C226964223A3434312C22747970655F
:102F3000223A2275696E743332222C2261636365F2
:102F40007373223A2272227D2C7B226E616D652280
:102F50003A226D61785F6C656E677468222C226915
:102F600064223A3434322C2274797065223A227504
:102F7000696E743332222C22616363657373223A63
:102F8000227277227D5D7D2C7B226E616D65223AF7
:102F90002270776D5F757064617465222C2274797C
:102FA0007065223A226F626A656374222C226D6515
:102FB0006D62657273223A5B7B226E616D65223AA7
:102FC0002273746172745F74696D65222C22696466
:102FD000223A3434332C2274797065223A2275698E
:102FE0006E743332222C22616363657373223A223A
:102FF00072227D2C7B226E616D65223A22656E64A1
:103000005F74696D65222C226964223A3434342C51
:103010002274797065223A2275696E743332222CDB
:1030200022616363657373223A2272227D2C7B22B4
:103030006E616D65223A226C656E677468222C227F
:103040006964223A3434352C2274797065223A222C
:1030500075696E743332222C226163636573732247
:103060003A2272227D2C7B226E616D65223A226D9E
:1030700061785F6C656E677468222C226964223AFD
:103080003434362C2274797065223A2275696E7454
:103090003332222C22616363657373223A22727782
:1030A000227D5D7D5D7D2C7B226E616D65223A22E5
:1030B0007761746368646F675F66656564222C225C
:1030C0006964223A3434372C2274797065223A22AA
:1030D00066756E6374696F6E222C22696E707574EA
:1030E00073223A5B5D2C226F757470757473223A8B
:1030F0005B5D7D5D7D2C7B226E616D65223A226178
:1031000078697331222C2274797065223A226F62B9
:103110006A656374222C226D656D62657273223A52
:103120005B7B226E616D65223A226572726F72223C
:103130002C226964223A3434382C22747970652246
:103140003A2275696E743332222C2261636365738F
:1031500073223A227277227D2C7B226E616D65226A
:103160003A22737465705F6469725F616374697633
:1031700065222C226964223A3434392C2274797005
:1031800065223A22626F6F6C222C22616363657341
:1031900073223A2272227D2C7B226E616D65223A67
:1031A000226C6173745F6472765F6661756C742201
:1031B0002C226964223A3435302C227479706522CD
:1031C0003A2275696E743332222C2261636365730F
:1031D00073223A2272227D2C7B226E616D65223A27
:1031E000227374657073222C226964223A3435315B
:1031F0002C2274797065223A22696E743634222C3E
:1032000022616363657373223A2272227D2C7B22D2
:103210006E616D65223A2263757272656E745F73BA
:1032200074617465222C226964223A3435322C226E
:1032300074797065223A2275696E7438222C226185
:103240006363657373223A2272227D2C7B226E6146
:103250006D65223A227265717565737465645F737A
:1032600074617465222C226964223A3435332C222D
:1032700074797065223A2275696E7438222C226145
:103280006363657373223A227277227D2C7B226EF0
:10329000616D65223A2269735F686F6D6564222CE7
:1032A000226964223A3435342C2274797065223ACA
:1032B00022626F6F6C222C22616363657373223A02
:1032C000227277227D2C7B226E616D65223A226309
:1032D0006F6E666967222C2274797065223A226FBC
:1032E000626A656374222C226D656D626572732259
:1032F0003A5B7B226E616D65223A2273746172744F
:1033000075705F6D6F746F725F63616C696272611B
:1033100074696F6E222C226964223A3435352C226E
:1033200074797065223A22626F6F6C222C2261637D
:1033300063657373223A227277227D2C7B226E6141
:103340006D65223A22737461727475705F656E6385
:103350006F6465725F696E6465785F7365617263DF
:1033600068222C226964223A3435362C2274797012
:1033700065223A22626F6F6C222C2261636365734F
:1033800073223A227277227D2C7B226E616D652238
:103390003A22737461727475705F656E636F6465F1
:1033A000725F6F66667365745F63616C6962726198
:1033B00074696F6E222C226964223A3435372C22CC
:1033C00074797065223A22626F6F6C222C226163DD
:1033D00063657373223A227277227D2C7B226E61A1
:1033E0006D65223A22737461727475705F636C6FDD
:1033F0007365645F6C6F6F705F636F6E74726F6C18
:10340000222C226964223A3435382C227479706572
:10341000223A22626F6F6C222C22616363657373A0
:10342000223A227277227D2C7B226E616D65223AD0
:1034300022737461727475705F686F6D696E672254
:103440002C226964223A3435392C22747970652231
:103450003A22626F6F6C222C226163636573732260
:103460003A227277227D2C7B226E616D65223A2290
:10347000656E61626C655F737465705F646972220A
:103480002C226964223A3436302C227479706522F9
:103490003A22626F6F6C222C226163636573732220
:1034A0003A227277227D2C7B226E616D65223A2250
:1034B000737465705F6469725F616C776179735F63
:1034C0006F6E222C226964223A3436312C227479B0
:1034D0007065223A22626F6F6C222C2261636365F1
:1034E0007373223A227277227D2C7B226E616D6586
:1034F000223A22656E61626C655F73656E736F72EE
:103500006C6573735F6D6F6465222C226964223A67
:103510003436322C2274797065223A22626F6F6CD5
:10352000222C22616363657373223A227277227DB3
:103530002C7B226E616D65223A2277617463686428
:103540006F675F74696D656F7574222C22696422E0
:103550003A3436332C2274797065223A22666C6FC5
:103560006174222C22616363657373223A2272773D
:10357000227D2C7B226E616D65223A22656E61622E
:103580006C655F7761746368646F67222C2269647D
:10359000223A3436342C2274797065223A22626FD2
:1035A0006F6C222C22616363657373223A227277F7
:1035B000227D2C7B226E616D65223A2273746570C8
:1035C0005F6770696F5F70696E222C226964223AAE
:1035D0003436352C2274797065223A2275696E74FE
:1035E0003136222C22616363657373223A2272772B
:1035F000227D2C7B226E616D65223A226469725FA6
:103600006770696F5F70696E222C226964223A3498
:1036100036362C2274797065223A2275696E7431BF
:1036200036222C22616363657373223A22727722F9
:103630007D2C7B226E616D65223A2263616C69622A
:10364000726174696F6E5F6C6F636B696E222C229E
:1036500074797065223A226F626A656374222C2243
:103660006D656D62657273223A5B7B226E616D657A
:10367000223A2263757272656E74222C226964226A
:103680003A3436372C2274797065223A22666C6F90
:103690006174222C22616363657373223A2272770C
:1036A000227D2C7B226E616D65223A2272616D70E3
:1036B0005F74696D65222C226964223A3436382C95
:1036C0002274797065223A22666C6F6174222C2212
:1036D000616363657373223A227277227D2C7B22A9
:1036E0006E616D65223A2272616D705F64697374F8
:1036F000616E6365222C226964223A3436392C22A9
:1037000074797065223A22666C6F6174222C226192
:103710006363657373223A227277227D2C7B226E5B
:10372000616D65223A22616363656C222C226964B3
:10373000223A3437302C2274797065223A22666C32
:103740006F6174222C22616363657373223A227263
:1037500077227D2C7B226E616D65223A2276656C24
:10376000222C226964223A3437312C227479706514
:10377000223A22666C6F6174222C22616363657346
:1037800073223A227277227D5D7D2C7B226E616DE1
:1037900065223A2273656E736F726C6573735F7224
:1037A000616D70222C2274797065223A226F626AF0
:1037B000656374222C226D656D62657273223A5BBB
:1037C0007B226E616D65223A2263757272656E743A
:1037D000222C226964223A3437322C2274797065A3
:1037E000223A22666C6F6174222C226163636573D6
:1037F00073223A227277227D2C7B226E616D6522C4
:103800003A2272616D705F74696D65222C22696461
:10381000223A3437332C2274797065223A22666C4E
:103820006F6174222C22616363657373223A227282
:1038300077227D2C7B226E616D65223A2272616D4A
:10384000705F64697374616E6365222C22696422FF
:103850003A3437342C2274797065223A22666C6FC0
:103860006174222C22616363657373223A2272773A
:10387000227D2C7B226E616D65223A226163636535
:103880006C222C226964223A3437352C22747970E8
:1038900065223A22666C6F6174222C226163636533
:1038A0007373223A227277227D2C7B226E616D65C2
:1038B000223A2276656C222C226964223A34373609
:1038C0002C2274797065223A22666C6F6174222C06
:1038D00022616363657373223A227277227D2C7BA7
:1038E000226E616D65223A2266696E6973685F6453
:1038F000697374616E6365222C226964223A3437DD
:10390000372C2274797065223A22666C6F617422BA
:103910002C22616363657373223A227277227D2CB5
:103920007B226E616D65223A2266696E6973685FFB
:103930006F6E5F76656C222C226964223A343738C8
:103940002C2274797065223A22626F6F6C222C22CD
:10395000616363657373223A227277227D2C7B2226
:103960006E616D65223A2266696E6973685F6F6E7B
:103970005F64697374616E6365222C226964223A04
:103980003437392C2274797065223A22626F6F6C59
:10399000222C22616363657373223A227277227D3F
:1039A0002C7B226E616D65223A2266696E697368AE
:1039B0005F6F6E5F656E635F696478222C22696455
:1039C000223A3438302C2274797065223A22626FA0
:1039D0006F6C222C22616363657373223A227277C3
:1039E000227D5D7D2C7B226E616D65223A226765AA
:1039F0006E6572616C5F6C6F636B696E222C2274F2
:103A0000797065223A226F626A656374222C226D96
:103A1000656D62657273223A5B7B226E616D652211
:103A20003A2263757272656E74222C226964223A9E
:103A30003438312C2274797065223A22666C6F61B9
:103A400074222C22616363657373223A2272772297
:103A50007D2C7B226E616D65223A2272616D705FF2
:103A600074696D65222C226964223A3438322C2222
:103A700074797065223A22666C6F6174222C22611F
:103A80006363657373223A227277227D2C7B226EE8
:103A9000616D65223A2272616D705F646973746151
:103AA0006E6365222C226964223A3438332C2274E6
:103AB000797065223A22666C6F6174222C226163F0
:103AC00063657373223A227277227D2C7B226E61AA
:103AD0006D65223A22616363656C222C226964223F
:103AE0003A3438342C2274797065223A22666C6F2D
:103AF0006174222C22616363657373223A227277A8
:103B0000227D2C7B226E616D65223A2276656C22C5
:103B10002C226964223A3438352C2274797065225B
:103B20003A22666C6F6174222C2261636365737341
:103B3000223A227277227D2C7B226E616D65223AB9
:103B40002266696E6973685F64697374616E636528
:103B5000222C226964223A3438362C22747970651A
:103B6000223A22666C6F6174222C22616363657352
:103B700073223A227277227D2C7B226E616D652240
:103B80003A2266696E6973685F6F6E5F76656C2254
:103B90002C226964223A3438372C227479706522D9
:103BA0003A22626F6F6C222C226163636573732209
:103BB0003A227277227D2C7B226E616D65223A2239
:103BC00066696E6973685F6F6E5F64697374616E56
:103BD0006365222C226964223A3438382C227479A5
:103BE0007065223A22626F6F6C222C2261636365DA
:103BF0007373223A227277227D2C7B226E616D656F
:103C0000223A2266696E6973685F6F6E5F656E63E4
:103C10005F696478222C226964223A3438392C2274
:103C200074797065223A22626F6F6C222C22616374
:103C300063657373223A227277227D5D7D2C7B222D
:103C40006E616D65223A2263616E222C2274797056
:103C500065223A226F626A656374222C226D656D5B
:103C600062657273223A5B7B226E616D65223A2235
:103C70006E6F64655F6964222C226964223A34396C
:103C8000302C2274797065223A2275696E74333251
:103C9000222C22616363657373223A227277227D3C
:103CA0002C7B226E616D65223A2269735F657874A0
:103CB000656E646564222C226964223A3439312CA1
:103CC0002274797065223A22626F6F6C222C226115
:103CD0006363657373223A227277227D2C7B226E96
:103CE000616D65223A226865617274626561745F14
:103CF000726174655F6D73222C226964223A3439D3
:103D0000322C2274797065223A2275696E743332CE
:103D1000222C22616363657373223A227277227DBB
:103D20002C7B226E616D65223A22656E636F64653D
:103D3000725F726174655F6D73222C226964223A2E
:103D40003439332C2274797065223A2275696E7485
:103D50003332222C22616363657373223A227277B5
:103D6000227D2C7B226E616D65223A226D6F746F0D
:103D7000725F6572726F725F726174655F6D7322DC
:103D80002C226964223A3439342C227479706522E9
:103D90003A2275696E743332222C22616363657333
:103DA00073223A227277227D2C7B226E616D65220E
:103DB0003A22656E636F6465725F6572726F725FDF
:103DC000726174655F6D73222C226964223A343902
:103DD000352C2274797065223A2275696E743332FB
:103DE000222C22616363657373223A227277227DEB
:103DF0002C7B226E616D65223A22636F6E74726F46
:103E00006C6C65725F6572726F725F726174655F10
:103E10006D73222C226964223A3439362C2274794B
:103E20007065223A2275696E743332222C226163E6
:103E300063657373223A227277227D2C7B226E6136
:103E40006D65223A2273656E736F726C6573735F72
:103E50006572726F725F726174655F6D73222C227E
:103E60006964223A3439372C2274797065223A22F7
:103E700075696E743332222C226163636573732219
:103E80003A227277227D2C7B226E616D65223A2266
:103E9000656E636F6465725F636F756E745F726188
:103EA00074655F6D73222C226964223A3439382C90
:103EB0002274797065223A2275696E743332222C2D
:103EC00022616363657373223A227277227D2C7BB1
:103ED000226E616D65223A2269715F726174655F5D
:103EE0006D73222C226964223A3439392C22747978
:103EF0007065223A2275696E743332222C22616316
:103F000063657373223A227277227D2C7B226E6165
:103F10006D65223A2273656E736F726C6573735FA1
:103F2000726174655F6D73222C226964223A3530A8
:103F3000302C2274797065223A2275696E7433329E
:103F4000222C22616363657373223A227277227D89
:103F50002C7B226E616D65223A226275735F7669F1
:103F60005F726174655F6D73222C226964223A3539
:103F700030312C2274797065223A2275696E74335F
:103F800032222C22616363657373223A2272772294
:103F90007D5D7D5D7D2C7B226E616D65223A226D9B
:103FA0006F746F72222C2274797065223A226F62CC
:103FB0006A656374222C226D656D62657273223AA4
:103FC0005B7B226E616D65223A226C6173745F6562
:103FD00072726F725F74696D65222C226964223A75
:103FE0003530322C2274797065223A22666C6F610A
:103FF00074222C22616363657373223A22727722E2
:104000007D2C7B226E616D65223A226572726F7221
:10401000222C226964223A3530332C22747970655F
:10402000223A2275696E743634222C2261636365EC
:104030007373223A227277227D2C7B226E616D652A
:10404000223A2269735F61726D6564222C22696471
:10405000223A3530342C2274797065223A22626F0C
:104060006F6C222C22616363657373223A22722281
:104070007D2C7B226E616D65223A2269735F6361DC
:104080006C69627261746564222C226964223A351B
:1040900030352C2274797065223A22626F6F6C225F
:1040A0002C22616363657373223A2272227D2C7B1A
:1040B000226E616D65223A2263757272656E745F5D
:1040C0006D6561735F706841222C226964223A3504
:1040D00030362C2274797065223A22666C6F6174D6
:1040E000222C22616363657373223A2272227D2C33
:1040F0007B226E616D65223A2263757272656E7401
:104100005F6D6561735F706842222C226964223A98
:104110003530372C2274797065223A22666C6F61D3
:1041200074222C22616363657373223A2272227DAA
:104130002C7B226E616D65223A2263757272656E08
:10414000745F6D6561735F706843222C226964221D
:104150003A3530382C2274797065223A22666C6FB9
:104160006174222C22616363657373223A22722286
:104170007D2C7B226E616D65223A2244435F636130
:104180006C69625F706841222C226964223A353082
:10419000392C2274797065223A22666C6F61742220
:1041A0002C22616363657373223A227277227D2C1D
:1041B0007B226E616D65223A2244435F63616C69C4
:1041C000625F706842222C226964223A3531302CB9
:1041D0002274797065223A22666C6F6174222C22F7
:1041E000616363657373223A227277227D2C7B228E
:1041F0006E616D65223A2244435F63616C69625F60
:10420000706843222C226964223A3531312C2274A1
:10421000797065223A22666C6F6174222C22616388
:1042200063657373223A227277227D2C7B226E6142
:104230006D65223A22495F627573222C22696422DD
:104240003A3531322C2274797065223A22666C6FCD
:104250006174222C22616363657373223A22722295
:104260007D2C7B226E616D65223A227068617365D8
:104270005F63757272656E745F7265765F676169A0
:104280006E222C226964223A3531332C22747970E3
:1042900065223A22666C6F6174222C226163636529
:1042A0007373223A227277227D2C7B226E616D65B8
:1042B000223A226566666563746976655F63757226
:1042C00072656E745F6C696D222C226964223A35C6
:1042D00031342C2274797065223A22666C6F6174D5
:1042E000222C22616363657373223A2272227D2C31
:1042F0007B226E616D65223A226D61785F616C6C24
:104300006F7765645F63757272656E74222C2269C3
:1043100064223A3531352C2274797065223A22664E
:104320006C6F6174222C22616363657373223A227D
:1043300072227D2C7B226E616D65223A226D61783E
:104340005F64635F63616C6962222C226964223A54
:104350003531362C2274797065223A22666C6F6191
:1043600074222C22616363657373223A2272227D68
:104370002C7B226E616D65223A226665745F7468DB
:1043800065726D6973746F72222C22747970652264
:104390003A226F626A656374222C226D656D6265D4
:1043A0007273223A5B7B226E616D65223A227465DC
:1043B0006D7065726174757265222C226964223A8F
:1043C0003531372C2274797065223A22666C6F6120
:1043D00074222C22616363657373223A2272227DF8
:1043E0002C7B226E616D65223A22636F6E6669676F
:1043F000222C2274797065223A226F626A65637496
:10440000222C226D656D62657273223A5B7B226E8F
:10441000616D65223A2274656D705F6C696D6974B7
:104420005F6C6F776572222C226964223A353138CD
:104430002C2274797065223A22666C6F6174222C8A
:1044400022616363657373223A227277227D2C7B2B
:10445000226E616D65223A2274656D705F6C696DC4
:1044600069745F7570706572222C226964223A3516
:1044700031392C2274797065223A22666C6F61742E
:10448000222C22616363657373223A227277227D44
:104490002C7B226E616D65223A22656E61626C65CD
:1044A00064222C226964223A3532302C22747970CD
:1044B00065223A22626F6F6C222C226163636573FE
:1044C00073223A227277227D5D7D5D7D2C7B226E88
:1044D000616D65223A226D6F746F725F74686572E8
:1044E0006D6973746F72222C2274797065223A227E
:1044F0006F626A656374222C226D656D62657273EA
:10450000223A5B7B226E616D65223A2274656D7082
:1045100065726174757265222C226964223A3532A3
:10452000312C2274797065223A22666C6F61742294
:104530002C22616363657373223A2272227D2C7B85
:10454000226E616D65223A22636F6E666967222C66
:104550002274797065223A226F626A656374222C34
:10456000226D656D62657273223A5B7B226E616DAE
:1045700065223A226770696F5F70696E222C22692A
:1045800064223A3532322C2274797065223A2275CF
:10459000696E743136222C22616363657373223A2B
:1045A000227277227D2C7B226E616D65223A227009
:1045B0006F6C795F636F656666696369656E745F6A
:1045C00030222C226964223A3532332C22747970DD
:1045D00065223A22666C6F6174222C2261636365E6
:1045E0007373223A227277227D2C7B226E616D6575
:1045F000223A22706F6C795F636F656666696369E2
:10460000656E745F31222C226964223A3532342C73
:104610002274797065223A22666C6F6174222C22B2
:10462000616363657373223A227277227D2C7B2249
:104630006E616D65223A22706F6C795F636F65669B
:1046400066696369656E745F32222C226964223A5E
:104650003532352C2274797065223A22666C6F618E
:1046600074222C22616363657373223A227277226B
:104670007D2C7B226E616D65223A22706F6C795FB2
:10468000636F656666696369656E745F33222C22A9
:104690006964223A3532362C2274797065223A22C6
:1046A000666C6F6174222C22616363657373223AB6
:1046B000227277227D2C7B226E616D65223A2274F4
:1046C000656D705F6C696D69745F6C6F7765722280
:1046D0002C226964223A3532372C22747970652293
:1046E0003A22666C6F6174222C2261636365737376
:1046F000223A227277227D2C7B226E616D65223AEE
:104700002274656D705F6C696D69745F757070653A
:1047100072222C226964223A3532382C2274797044
:1047200065223A22666C6F6174222C226163636594
:104730007373223A227277227D2C7B226E616D6523
:10474000223A22656E61626C6564222C22696422C1
:104750003A3532392C2274797065223A22626F6FB1
:104760006C222C22616363657373223A2272772272
:104770007D5D7D5D7D2C7B226E616D65223A2263BD
:10478000757272656E745F636F6E74726F6C222CDB
:104790002274797065223A226F626A656374222CF2
:1047A000226D656D62657273223A5B7B226E616D6C
:1047B00065223A22705F6761696E222C2269642249
:1047C0003A3533302C2274797065223A22666C6F48
:1047D0006174222C22616363657373223A22722210
:1047E0007D2C7B226E616D65223A22695F6761696B
:1047F0006E222C226964223A3533312C227479706E
:1048000065223A22666C6F6174222C2261636365B3
:104810007373223A2272227D2C7B226E616D652297
:104820003A22495F6D656173757265645F72657088
:104830006F72745F66696C7465725F6B222C22699B
:1048400064223A3533322C2274797065223A22661A
:104850006C6F6174222C22616363657373223A2248
:104860007277227D2C7B226E616D65223A2249642B
:104870005F736574706F696E74222C226964223ACA
:104880003533332C2274797065223A22666C6F615D
:1048900074222C22616363657373223A2272227D33
:1048A0002C7B226E616D65223A2249715F736574BB
:1048B000706F696E74222C226964223A3533342C6D
:1048C0002274797065223A22666C6F6174222C2200
:1048D000616363657373223A2272227D2C7B226EA0
:1048E000616D65223A2256645F736574706F696EFC
:1048F00074222C226964223A3533352C2274797063
:1049000065223A22666C6F6174222C2261636365B2
:104910007373223A2272227D2C7B226E616D652296
:104920003A2256715F736574706F696E74222C221F
:104930006964223A3533362C2274797065223A2222
:10494000666C6F6174222C22616363657373223A13
:104950002272227D2C7B226E616D65223A22706864
:10496000617365222C226964223A3533372C227414
:10497000797065223A22666C6F6174222C22616321
:1049800063657373223A2272227D2C7B226E616DE5
:1049900065223A2270686173655F76656C222C220D
:1049A0006964223A3533382C2274797065223A22B0
:1049B000666C6F6174222C22616363657373223AA3
:1049C0002272227D2C7B226E616D65223A22496122
:1049D0006C7068615F6D65617375726564222C220D
:1049E0006964223A3533392C2274797065223A226F
:1049F000666C6F6174222C22616363657373223A63
:104A00002272227D2C7B226E616D65223A224962E0
:104A10006574615F6D65617375726564222C2269CE
:104A200064223A3534302C2274797065223A226639
:104A30006C6F6174222C22616363657373223A2266
:104A400072227D2C7B226E616D65223A2249645F61
:104A50006D65617375726564222C226964223A3532
:104A600034312C2274797065223A22666C6F61743D
:104A7000222C22616363657373223A2272227D2C99
:104A80007B226E616D65223A2249715F6D656173AB
:104A900075726564222C226964223A3534322C22E4
:104AA00074797065223A22666C6F6174222C2261DF
:104AB0006363657373223A2272227D2C7B226E61BE
:104AC0006D65223A22706F776572222C226964220A
:104AD0003A3534332C2274797065223A22666C6F31
:104AE0006174222C22616363657373223A227222FD
:104AF0007D2C7B226E616D65223A22765F63757232
:104B000072656E745F636F6E74726F6C5F696E74E2
:104B1000656772616C5F64222C226964223A3534C5
:104B2000342C2274797065223A22666C6F6174228B
:104B30002C22616363657373223A227277227D2C83
:104B40007B226E616D65223A22765F6375727265B3
:104B50006E745F636F6E74726F6C5F696E7465679D
:104B600072616C5F71222C226964223A3534352CD3
:104B70002274797065223A22666C6F6174222C224D
:104B8000616363657373223A227277227D2C7B22E4
:104B90006E616D65223A2266696E616C5F765F6157
:104BA0006C706861222C226964223A3534362C22DA
:104BB00074797065223A22666C6F6174222C2261CE
:104BC0006363657373223A2272227D2C7B226E61AD
:104BD0006D65223A2266696E616C5F765F6265740C
:104BE00061222C226964223A3534372C2274797080
:104BF00065223A22666C6F6174222C2261636365C0
:104C00007373223A2272227D5D7D2C7B226E616D50
:104C100065223A226E5F6576745F63757272656EA7
:104C2000745F6D6561737572656D656E74222C229B
:104C30006964223A3534382C2274797065223A221C
:104C400075696E743332222C22616363657373223B
:104C50003A2272227D2C7B226E616D65223A226E91
:104C60005F6576745F70776D5F75706461746522DF
:104C70002C226964223A3534392C227479706522E9
:104C80003A2275696E743332222C22616363657334
:104C900073223A2272227D2C7B226E616D65223A4C
:104CA00022636F6E666967222C2274797065223ADE
:104CB000226F626A656374222C226D656D62657273
:104CC00073223A5B7B226E616D65223A22707265B7
:104CD0005F63616C69627261746564222C2269642D
:104CE000223A3535302C2274797065223A22626F6F
:104CF0006F6C222C22616363657373223A22727790
:104D0000227D2C7B226E616D65223A22706F6C656C
:104D10005F7061697273222C226964223A353531E1
:104D20002C2274797065223A22696E743332222CF7
:104D300022616363657373223A227277227D2C7B32
:104D4000226E616D65223A2263616C6962726174E0
:104D5000696F6E5F63757272656E74222C2269646E
:104D6000223A3535322C2274797065223A22666CEB
:104D70006F6174222C22616363657373223A22721D
:104D800077227D2C7B226E616D65223A22726573DB
:104D9000697374616E63655F63616C69625F6D61A5
:104DA000785F766F6C74616765222C226964223AA1
:104DB0003535332C2274797065223A22666C6F6126
:104DC00074222C22616363657373223A2272772204
:104DD0007D2C7B226E616D65223A2270686173655D
:104DE0005F696E64756374616E6365222C22696409
:104DF000223A3535342C2274797065223A22666C59
:104E00006F6174222C22616363657373223A22728C
:104E100077227D2C7B226E616D65223A227068615B
:104E200073655F726573697374616E6365222C22AA
:104E30006964223A3535352C2274797065223A221C
:104E4000666C6F6174222C22616363657373223A0E
:104E5000227277227D2C7B226E616D65223A22744C
:104E60006F727175655F636F6E7374616E74222CFF
:104E7000226964223A3535362C2274797065223ADB
:104E800022666C6F6174222C2261636365737322E6
:104E90003A227277227D2C7B226E616D65223A2246
:104EA0006D6F746F725F74797065222C2269642251
:104EB0003A3535372C2274797065223A2275696E3D
:104EC0007438222C22616363657373223A227277ED
:104ED000227D2C7B226E616D65223A22637572728F
:104EE000656E745F6C696D222C226964223A3535D7
:104EF000382C2274797065223A22666C6F617422B4
:104F00002C22616363657373223A227277227D2CAF
:104F10007B226E616D65223A2263757272656E74D2
:104F20005F6C696D5F6D617267696E222C226964C6
:104F3000223A3535392C2274797065223A22666C12
:104F40006F6174222C22616363657373223A22724B
:104F500077227D2C7B226E616D65223A22746F72FE
:104F60007175655F6C696D222C226964223A353651
:104F7000302C2274797065223A22666C6F6174223B
:104F80002C22616363657373223A227277227D2C2F
:104F90007B226E616D65223A22696E766572746558
:104FA000725F74656D705F6C696D69745F6C6F774B
:104FB0006572222C226964223A3536312C227479AA
:104FC0007065223A22666C6F6174222C22616363E1
:104FD000657373223A227277227D2C7B226E616D7B
:104FE00065223A22696E7665727465725F74656DCA
:104FF000705F6C696D69745F7570706572222C22C8
:105000006964223A3536322C2274797065223A224C
:10501000666C6F6174222C22616363657373223A3C
:10502000227277227D2C7B226E616D65223A22727C
:1050300065717565737465645F63757272656E74AE
:105040005F72616E6765222C226964223A353633BD
:105050002C2274797065223A22666C6F6174222C5E
:1050600022616363657373223A227277227D2C7BFF
:10507000226E616D65223A2263757272656E745F8D
:10508000636F6E74726F6C5F62616E647769647473
:1050900068222C226964223A3536342C22747970C5
:1050A00065223A22666C6F6174222C22616363650B
:1050B0007373223A227277227D2C7B226E616D659A
:1050C000223A226163696D5F6761696E5F6D696E27
:1050D0005F666C7578222C226964223A3536352C4D
:1050E0002274797065223A22666C6F6174222C22D8
:1050F000616363657373223A227277227D2C7B226F
:105100006E616D65223A226163696D5F6175746FCE
:10511000666C75785F6D696E5F4964222C226964E4
:10512000223A3536362C2274797065223A22666C22
:105130006F6174222C22616363657373223A227259
:1051400077227D2C7B226E616D65223A2261636934
:105150006D5F6175746F666C75785F656E61626CAA
:1051600065222C226964223A3536372C22747970F4
:1051700065223A22626F6F6C222C22616363657331
:1051800073223A227277227D2C7B226E616D65221A
:105190003A226163696D5F6175746F666C75785FE3
:1051A00061747461636B5F6761696E222C2269644C
:1051B000223A3536382C2274797065223A22666C90
:1051C0006F6174222C22616363657373223A2272C9
:1051D00077227D2C7B226E616D65223A22616369A4
:1051E0006D5F6175746F666C75785F646563617916
:1051F0005F6761696E222C226964223A3536392C48
:105200002274797065223A22666C6F6174222C22B6
:10521000616363657373223A227277227D2C7B224D
:105220006E616D65223A22525F774C5F46465F653C
:105230006E61626C65222C226964223A3537302C0B
:105240002274797065223A22626F6F6C222C22617F
:105250006363657373223A227277227D2C7B226E00
:10526000616D65223A2262454D465F46465F656E36
:1052700061626C65222C226964223A3537312C2216
:1052800074797065223A22626F6F6C222C226163FE
:1052900063657373223A227277227D2C7B226E61C2
:1052A0006D65223A22495F6275735F686172645F5F
:1052B0006D696E222C226964223A3537322C2274B1
:1052C000797065223A22666C6F6174222C226163C8
:1052D00063657373223A227277227D2C7B226E6182
:1052E0006D65223A22495F6275735F686172645F1F
:1052F0006D6178222C226964223A3537332C22746E
:10530000797065223A22666C6F6174222C22616387
:1053100063657373223A227277227D2C7B226E6141
:105320006D65223A22495F6C65616B5F6D61782221
:105330002C226964223A3537342C22747970652224
:105340003A22666C6F6174222C2261636365737309
:10535000223A227277227D2C7B226E616D65223A81
:105360002264635F63616C69625F746175222C22E1
:105370006964223A3537352C2274797065223A22D5
:10538000666C6F6174222C22616363657373223AC9
:10539000227277227D5D7D5D7D2C7B226E616D6545
:1053A000223A22636F6E74726F6C6C6572222C22CB
:1053B00074797065223A226F626A656374222C22C6
:1053C0006D656D62657273223A5B7B226E616D65FD
:1053D000223A226572726F72222C226964223A3557
:1053E00037362C2274797065223A2275696E7438CA
:1053F000222C22616363657373223A227277227DC5
:105400002C7B226E616D65223A226C6173745F653C
:1054100072726F725F74696D65222C226964223A20
:105420003537372C2274797065223A22666C6F61A9
:1054300074222C22616363657373223A227277228D
:105440007D2C7B226E616D65223A22696E707574C7
:105450005F706F73222C226964223A3537382C2210
:1054600074797065223A22666C6F6174222C226115
:105470006363657373223A227277227D2C7B226EDE
:10548000616D65223A22696E7075745F76656C2273
:105490002C226964223A3537392C227479706522BE
:1054A0003A22666C6F6174222C22616363657373A8
:1054B000223A227277227D2C7B226E616D65223A20
:1054C00022696E7075745F746F72717565222C221B
:1054D0006964223A3538302C2274797065223A2278
:1054E000666C6F6174222C22616363657373223A68
:1054F000227277227D2C7B226E616D65223A2270AA
:105500006F735F736574706F696E74222C226964A7
:10551000223A3538312C2274797065223A22666C31
:105520006F6174222C22616363657373223A227265
:10553000227D2C7B226E616D65223A2276656C5F3E
:10554000736574706F696E74222C226964223A3517
:1055500038322C2274797065223A22666C6F61743D
:10556000222C22616363657373223A2272227D2C9E
:105570007B226E616D65223A22746F727175655F70
:10558000736574706F696E74222C226964223A35D7
:1055900038332C2274797065223A22666C6F6174FC
:1055A000222C22616363657373223A2272227D2C5E
:1055B0007B226E616D65223A227472616A65637442
:1055C0006F72795F646F6E65222C226964223A35AE
:1055D00038342C2274797065223A22626F6F6C2203
:1055E0002C22616363657373223A2272227D2C7BC5
:1055F000226E616D65223A2276656C5F696E746514
:10560000677261746F725F746F72717565222C229C
:105610006964223A3538352C2274797065223A2231
:10562000666C6F6174222C22616363657373223A26
:10563000227277227D2C7B226E616D65223A226177
:105640006E7469636F6767696E675F76616C6964C2
:10565000222C226964223A3538362C2274797065FE
:10566000223A22626F6F6C222C226163636573732E
:10567000223A227277227D2C7B226E616D65223A5E
:10568000226175746F74756E696E675F706861739F
:1056900065222C226964223A3538372C22747970BD
:1056A00065223A22666C6F6174222C226163636505
:1056B0007373223A227277227D2C7B226E616D6594
:1056C000223A22636F6E666967222C2274797065B4
:1056D000223A226F626A656374222C226D656D62C4
:1056E000657273223A5B7B226E616D65223A226796
:1056F00061696E5F7363686564756C696E675F7717
:1057000069647468222C226964223A3538382C2264
:1057100074797065223A22666C6F6174222C226162
:105720006363657373223A227277227D2C7B226E2B
:10573000616D65223A22656E61626C655F76656CAB
:105740005F6C696D6974222C226964223A3538399C
:105750002C2274797065223A22626F6F6C222C229F
:10576000616363657373223A227277227D2C7B22F8
:105770006E616D65223A22656E61626C655F746F61
:10578000727175655F6D6F64655F76656C5F6C697E
:105790006D6974222C226964223A3539302C2274C6
:1057A000797065223A22626F6F6C222C22616363EA
:1057B000657373223A227277227D2C7B226E616D93
:1057C00065223A22656E61626C655F6761696E5F32
:1057D0007363686564756C696E67222C2269642244
:1057E0003A3539312C2274797065223A22626F6F12
:1057F0006C222C22616363657373223A22727722D2
:105800007D2C7B226E616D65223A22656E61626C31
:10581000655F6F76657273706565645F6572726FE0
:1058200072222C226964223A3539322C2274797022
:1058300065223A22626F6F6C222C2261636365736A
:1058400073223A227277227D2C7B226E616D652253
:105850003A22636F6E74726F6C5F6D6F6465222C99
:10586000226964223A3539332C2274797065223AE0
:105870002275696E7438222C22616363657373220A
:105880003A227277227D2C7B226E616D65223A224C
:10589000696E7075745F6D6F6465222C2269642275
:1058A0003A3539342C2274797065223A2275696E42
:1058B0007438222C22616363657373223A227277F3
:1058C000227D2C7B226E616D65223A22706F735FA0
:1058D0006761696E222C226964223A3539352C229F
:1058E00074797065223A22666C6F6174222C226191
:1058F0006363657373223A227277227D2C7B226E5A
:10590000616D65223A2276656C5F6761696E222C53
:10591000226964223A3539362C2274797065223A2C
:1059200022666C6F6174222C22616363657373223B
:105930003A227277227D2C7B226E616D65223A229B
:1059400076656C5F696E7465677261746F725F67AC
:1059500061696E222C226964223A3539372C22740F
:10596000797065223A22666C6F6174222C22616321
:1059700063657373223A227277227D2C7B226E61DB
:105980006D65223A2276656C5F696E746567726137
:10599000746F725F6C696D6974222C226964223A9B
:1059A0003539382C2274797065223A22666C6F6121
:1059B00074222C22616363657373223A2272772208
:1059C0007D2C7B226E616D65223A2276656C5F6C60
:1059D000696D6974222C226964223A3539392C2286
:1059E00074797065223A22666C6F6174222C226190
:1059F0006363657373223A227277227D2C7B226E59
:105A0000616D65223A2276656C5F6C696D69745FC1
:105A1000746F6C6572616E6365222C226964223A30
:105A20003630302C2274797065223A22666C6F61B0
:105A300074222C22616363657373223A2272772287
:105A40007D2C7B226E616D65223A2276656C5F72D9
:105A5000616D705F72617465222C226964223A362E
:105A600030312C2274797065223A22666C6F617431
:105A7000222C22616363657373223A227277227D3E
:105A80002C7B226E616D65223A22746F727175658E
:105A90005F72616D705F72617465222C226964228D
:105AA0003A3630322C2274797065223A22666C6F55
:105AB0006174222C22616363657373223A227277C8
:105AC000227D2C7B226E616D65223A2263697263AE
:105AD000756C61725F736574706F696E7473222C7C
:105AE000226964223A3630332C2274797065223A66
:105AF00022626F6F6C222C22616363657373223A9A
:105B0000227277227D2C7B226E616D65223A2263A0
:105B1000697263756C61725F736574706F696E74BE
:105B20005F72616E6765222C226964223A363034D6
:105B30002C2274797065223A22666C6F6174222C73
:105B400022616363657373223A227277227D2C7B14
:105B5000226E616D65223A2273746570735F7065A1
:105B6000725F63697263756C61725F72616E6765A3
:105B7000222C226964223A3630352C2274797065E1
:105B8000223A22696E743332222C22616363657378
:105B900073223A227277227D2C7B226E616D652200
:105BA0003A22686F6D696E675F7370656564222C59
:105BB000226964223A3630362C2274797065223A92
:105BC00022666C6F6174222C226163636573732299
:105BD0003A227277227D2C7B226E616D65223A22F9
:105BE000696E6572746961222C226964223A3630CA
:105BF000372C2274797065223A22666C6F617422A8
:105C00002C22616363657373223A227277227D2CA2
:105C10007B226E616D65223A22617869735F746FD1
:105C20005F6D6972726F72222C226964223A36307B
:105C3000382C2274797065223A2275696E74382284
:105C40002C22616363657373223A227277227D2C62
:105C50007B226E616D65223A226D6972726F725F8E
:105C6000726174696F222C226964223A3630392CB1
:105C70002274797065223A22666C6F6174222C223C
:105C8000616363657373223A227277227D2C7B22D3
:105C90006E616D65223A22746F727175655F6D6910
:105CA00072726F725F726174696F222C2269642252
:105CB0003A3631302C2274797065223A22666C6F44
:105CC0006174222C22616363657373223A227277B6
:105CD000227D2C7B226E616D65223A226C6F61649D
:105CE0005F656E636F6465725F61786973222C22F1
:105CF0006964223A3631312C2274797065223A2255
:105D000075696E7438222C22616363657373223A5D
:105D1000227277227D2C7B226E616D65223A226988
:105D20006E7075745F66696C7465725F62616E64D3
:105D30007769647468222C226964223A3631322CE5
:105D40002274797065223A22666C6F6174222C226B
:105D5000616363657373223A227277227D2C7B2202
:105D60006E616D65223A22616E7469636F6767695F
:105D70006E67222C2274797065223A226F626A65FE
:105D80006374222C226D656D62657273223A5B7BAF
:105D9000226E616D65223A22696E646578222C223A
:105DA0006964223A3631332C2274797065223A22A2
:105DB00075696E743332222C2261636365737322BA
:105DC0003A2272227D2C7B226E616D65223A22700E
:105DD00072655F63616C69627261746564222C2212
:105DE0006964223A3631342C2274797065223A2261
:105DF000626F6F6C222C22616363657373223A2297
:105E00007277227D2C7B226E616D65223A2263615E
:105E10006C69625F616E7469636F6767696E672240
:105E20002C226964223A3631352C2274797065222D
:105E30003A22626F6F6C222C226163636573732256
:105E40003A2272227D2C7B226E616D65223A22639A
:105E5000616C69625F706F735F7468726573686F9D
:105E60006C64222C226964223A3631362C227479F1
:105E70007065223A22666C6F6174222C2261636322
:105E8000657373223A227277227D2C7B226E616DBC
:105E900065223A2263616C69625F76656C5F746843
:105EA000726573686F6C64222C226964223A363101
:105EB000372C2274797065223A22666C6F617422E5
:105EC0002C22616363657373223A227277227D2CE0
:105ED0007B226E616D65223A22636F6767696E6728
:105EE0005F726174696F222C226964223A363138FC
:105EF0002C2274797065223A22666C6F6174222CB0
:105F000022616363657373223A2272227D2C7B22A5
:105F10006E616D65223A22616E7469636F676769AD
:105F20006E675F656E61626C6564222C2269642213
:105F30003A3631392C2274797065223A22626F6FB9
:105F40006C222C22616363657373223A227277227A
:105F50007D5D7D2C7B226E616D65223A226D6563CD
:105F600068616E6963616C5F706F7765725F6261B3
:105F70006E647769647468222C226964223A36322E
:105F8000302C2274797065223A22666C6F6174221B
:105F90002C22616363657373223A227277227D2C0F
:105FA0007B226E616D65223A22656C65637472694D
:105FB00063616C5F706F7765725F62616E64776951
:105FC000647468222C226964223A3632312C22749D
:105FD000797065223A22666C6F6174222C226163AB
:105FE00063657373223A227277227D2C7B226E6165
:105FF0006D65223A227370696E6F75745F6D6563AB
:1060000068616E6963616C5F706F7765725F7468F9
:10601000726573686F6C64222C226964223A36328E
:10602000322C2274797065223A22666C6F61742278
:106030002C22616363657373223A227277227D2C6E
:106040007B226E616D65223A227370696E6F757482
:106050005F656C656374726963616C5F706F7765AF
:10606000725F7468726573686F6C64222C22696455
:10607000223A3632332C2274797065223A22666CC9
:106080006F6174222C22616363657373223A2272FA
:1060900077227D5D7D2C7B226E616D65223A2261C7
:1060A00075746F74756E696E67222C2274797065D1
:1060B000223A226F626A656374222C226D656D62DA
:1060C000657273223A5B7B226E616D65223A2266AD
:1060D00072657175656E6379222C226964223A3685
:1060E00032342C2274797065223A22666C6F6174A6
:1060F000222C22616363657373223A227277227DB8
:106100002C7B226E616D65223A22706F735F616D28
:10611000706C6974756465222C226964223A363287
:10612000352C2274797065223A22666C6F61742274
:106130002C22616363657373223A227277227D2C6D
:106140007B226E616D65223A2276656C5F616D70AF
:106150006C6974756465222C226964223A36323681
:106160002C2274797065223A22666C6F6174222C3D
:1061700022616363657373223A227277227D2C7BDE
:10618000226E616D65223A22746F727175655F616E
:106190006D706C6974756465222C226964223A36CC
:1061A00032372C2274797065223A22666C6F6174E2
:1061B000222C22616363657373223A227277227DF7
:1061C0005D7D2C7B226E616D65223A226D65636870
:1061D000616E6963616C5F706F776572222C2269F2
:1061E00064223A3632382C2274797065223A22665B
:1061F0006C6F6174222C22616363657373223A228F
:1062000072227D2C7B226E616D65223A22656C655F
:106210006374726963616C5F706F776572222C22A0
:106220006964223A3632392C2274797065223A2216
:10623000666C6F6174222C22616363657373223A0A
:106240002272227D2C7B226E616D65223A226D6F57
:1062500076655F696E6372656D656E74616C222C24
:10626000226964223A3633302C2274797065223ADE
:106270002266756E6374696F6E222C22696E70756A
:106280007473223A5B7B226E616D65223A226469E7
:1062900073706C6163656D656E74222C2269642273
:1062A0003A3633312C2274797065223A22666C6F4B
:1062B0006174222C22616363657373223A227277C0
:1062C000227D2C7B226E616D65223A2266726F6D93
:1062D0005F696E7075745F706F73222C226964221F
:1062E0003A3633322C2274797065223A22626F6F0B
:1062F0006C222C22616363657373223A22727722C7
:106300007D5D2C226F757470757473223A5B5D7DB0
:106310002C7B226E616D65223A2273746172745F08
:10632000616E7469636F6767696E675F63616C69EB
:1063300062726174696F6E222C226964223A36336C
:10634000332C2274797065223A2266756E63746903
:106350006F6E222C22696E70757473223A5B5D2C0D
:10636000226F757470757473223A5B5D7D2C7B228D
:106370006E616D65223A2272656D6F76655F616E42
:106380007469636F6767696E675F62696173222C06
:10639000226964223A3633342C2274797065223AA9
:1063A0002266756E6374696F6E222C22696E707539
:1063B0007473223A5B5D2C226F757470757473224E
:1063C0003A5B7B226E616D65223A2276616C222CEB
:1063D000226964223A3633352C2274797065223A68
:1063E00022666C6F6174222C226163636573732271
:1063F0003A2272227D5D7D2C7B226E616D65223A90
:10640000226765745F616E7469636F6767696E6741
:106410005F76616C7565222C226964223A363336C8
:106420002C2274797065223A2266756E6374696FE6
:106430006E222C22696E70757473223A5B7B226E19
:10644000616D65223A22696E646578222C22696446
:10645000223A3633372C2274797065223A227569D4
:106460006E743332222C22616363657373223A2285
:106470007277227D5D2C226F757470757473223A69
:106480005B7B226E616D65223A2276616C222C2242
:106490006964223A3633382C2274797065223A22A4
:1064A000666C6F6174222C22616363657373223A98
:1064B0002272227D5D7D5D7D2C7B226E616D652269
:1064C0003A22656E636F646572222C22747970655E
:1064D000223A226F626A656374222C226D656D62B6
:1064E000657273223A5B7B226E616D65223A22658A
:1064F00072726F72222C226964223A3633392C224E
:1065000074797065223A2275696E743136222C22B4
:10651000616363657373223A227277227D2C7B223A
:106520006E616D65223A2269735F726561647922DA
:106530002C226964223A3634302C22747970652218
:106540003A22626F6F6C222C22616363657373223F
:106550003A2272227D2C7B226E616D65223A22697D
:106560006E6465785F666F756E64222C22696422A2
:106570003A3634312C2274797065223A22626F6F78
:106580006C222C22616363657373223A2272227D2E
:106590002C7B226E616D65223A22736861646F778D
:1065A0005F636F756E74222C226964223A3634322E
:1065B0002C2274797065223A22696E743332222C4F
:1065C00022616363657373223A2272227D2C7B22DF
:1065D0006E616D65223A22636F756E745F696E5FDE
:1065E000637072222C226964223A3634332C22746E
:1065F000797065223A22696E743332222C226163EB
:1066000063657373223A2272227D2C7B226E616D48
:1066100065223A22696E746572706F6C6174696F7D
:106620006E222C226964223A3634342C227479701A
:1066300065223A22666C6F6174222C226163636565
:106640007373223A2272227D2C7B226E616D652249
:106650003A227068617365222C226964223A3634CA
:10666000352C2274797065223A22666C6F6174222F
:106670002C22616363657373223A2272227D2C7B24
:10668000226E616D65223A22706F735F6573746963
:106690006D617465222C226964223A3634362C22CC
:1066A00074797065223A22666C6F6174222C2261C3
:1066B0006363657373223A2272227D2C7B226E61A2
:1066C0006D65223A22706F735F657374696D6174D2
:1066D000655F636F756E7473222C226964223A368B
:1066E00034372C2274797065223A22666C6F61749B
:1066F000222C22616363657373223A2272227D2CFD
:106700007B226E616D65223A22706F735F636972DE
:1067100063756C6172222C226964223A3634382CFB
:106720002274797065223A22666C6F6174222C2281
:10673000616363657373223A2272227D2C7B226E21
:10674000616D65223A22706F735F6370725F636F71
:10675000756E7473222C226964223A3634392C22E5
:1067600074797065223A22666C6F6174222C226102
:106770006363657373223A2272227D2C7B226E61E1
:106780006D65223A2264656C74615F706F735F633C
:1067900070725F636F756E7473222C226964223A83
:1067A0003635302C2274797065223A22666C6F611E
:1067B00074222C22616363657373223A2272227DF4
:1067C0002C7B226E616D65223A2268616C6C5F736E
:1067D00074617465222C226964223A3635312C2288
:1067E00074797065223A2275696E7438222C2261A0
:1067F0006363657373223A2272227D2C7B226E6161
:106800006D65223A2276656C5F657374696D61749B
:1068100065222C226964223A3635322C2274797032
:1068200065223A22666C6F6174222C226163636573
:106830007373223A2272227D2C7B226E616D652257
:106840003A2276656C5F657374696D6174655F6328
:106850006F756E7473222C226964223A3635332C9C
:106860002274797065223A22666C6F6174222C2240
:10687000616363657373223A2272227D2C7B226EE0
:10688000616D65223A2263616C69625F7363616E58
:106890005F726573706F6E7365222C226964223A91
:1068A0003635342C2274797065223A22666C6F6119
:1068B00074222C22616363657373223A2272227DF3
:1068C0002C7B226E616D65223A22706F735F61626C
:1068D00073222C226964223A3635352C2274797061
:1068E00065223A22696E743332222C226163636519
:1068F0007373223A227277227D2C7B226E616D6542
:10690000223A227370695F6572726F725F7261748E
:1069100065222C226964223A3635362C227479702D
:1069200065223A22666C6F6174222C226163636572
:106930007373223A2272227D2C7B226E616D652256
:106940003A22636F6E666967222C22747970652221
:106950003A226F626A656374222C226D656D6265EE
:106960007273223A5B7B226E616D65223A226D6FF3
:106970006465222C226964223A3635372C227479D8
:106980007065223A2275696E743136222C22616359
:1069900063657373223A227277227D2C7B226E61AB
:1069A0006D65223A227573655F696E646578222C85
:1069B000226964223A3635382C2274797065223A7D
:1069C00022626F6F6C222C22616363657373223ABB
:1069D000227277227D2C7B226E616D65223A2269BC
:1069E0006E6465785F6F6666736574222C226964D5
:1069F000223A3635392C2274797065223A22666C37
:106A00006F6174222C22616363657373223A227270
:106A100077227D2C7B226E616D65223A227573652B
:106A20005F696E6465785F6F6666736574222C2299
:106A30006964223A3636302C2274797065223A2203
:106A4000626F6F6C222C22616363657373223A223A
:106A50007277227D2C7B226E616D65223A226669F7
:106A60006E645F6964785F6F6E5F6C6F636B696E95
:106A70005F6F6E6C79222C226964223A3636312C93
:106A80002274797065223A22626F6F6C222C226127
:106A90006363657373223A227277227D2C7B226EA8
:106AA000616D65223A226162735F7370695F63731F
:106AB0005F6770696F5F70696E222C226964223A89
:106AC0003636322C2274797065223A2275696E74DA
:106AD0003136222C22616363657373223A22727706
:106AE000227D2C7B226E616D65223A2263707222B8
:106AF0002C226964223A3636332C2274797065224E
:106B00003A22696E743332222C2261636365737397
:106B1000223A227277227D2C7B226E616D65223AA9
:106B20002270686173655F6F6666736574222C22DC
:106B30006964223A3636342C2274797065223A22FE
:106B4000696E743332222C22616363657373223A57
:106B5000227277227D2C7B226E616D65223A227033
:106B6000686173655F6F66667365745F666C6F619D
:106B700074222C226964223A3636352C22747970BC
:106B800065223A22666C6F6174222C226163636510
:106B90007373223A227277227D2C7B226E616D659F
:106BA000223A22646972656374696F6E222C2269CD
:106BB00064223A3636362C2274797065223A22697C
:106BC0006E743332222C22616363657373223A221E
:106BD0007277227D2C7B226E616D65223A22707263
:106BE000655F63616C69627261746564222C2269FD
:106BF00064223A3636372C2274797065223A226242
:106C00006F6F6C222C22616363657373223A227268
:106C100077227D2C7B226E616D65223A22656E6142
:106C2000626C655F70686173655F696E74657270D0
:106C30006F6C6174696F6E222C226964223A363659
:106C4000382C2274797065223A22626F6F6C222C84
:106C500022616363657373223A227277227D2C7BF3
:106C6000226E616D65223A2262616E647769647496
:106C700068222C226964223A3636392C22747970C3
:106C800065223A22666C6F6174222C22616363650F
:106C90007373223A227277227D2C7B226E616D659E
:106CA000223A2263616C69625F72616E6765222CB1
:106CB000226964223A3637302C2274797065223A80
:106CC00022666C6F6174222C226163636573732288
:106CD0003A227277227D2C7B226E616D65223A22E8
:106CE00063616C69625F7363616E5F646973746131
:106CF0006E6365222C226964223A3637312C227465
:106D0000797065223A22666C6F6174222C2261636D
:106D100063657373223A227277227D2C7B226E6127
:106D20006D65223A2263616C69625F7363616E5FB5
:106D30006F6D656761222C226964223A3637322CE6
:106D40002274797065223A22666C6F6174222C225B
:106D5000616363657373223A227277227D2C7B22F2
:106D60006E616D65223A2269676E6F72655F696C4C
:106D70006C6567616C5F68616C6C5F73746174658E
:106D8000222C226964223A3637332C2274797065BA
:106D9000223A22626F6F6C222C22616363657373E7
:106DA000223A227277227D2C7B226E616D65223A17
:106DB0002268616C6C5F706F6C6172697479222CEF
:106DC000226964223A3637342C2274797065223A6B
:106DD0002275696E7438222C226163636573732295
:106DE0003A227277227D2C7B226E616D65223A22D7
:106DF00068616C6C5F706F6C61726974795F6361FC
:106E00006C69627261746564222C226964223A366C
:106E100037352C2274797065223A22626F6F6C22AA
:106E20002C22616363657373223A227277227D2C70
:106E30007B226E616D65223A2273696E636F735FA8
:106E40006770696F5F70696E5F73696E222C22696B
:106E500064223A3637362C2274797065223A2275CC
:106E6000696E743136222C22616363657373223A32
:106E7000227277227D2C7B226E616D65223A22730D
:106E8000696E636F735F6770696F5F70696E5F6370
:106E90006F73222C226964223A3637372C22747998
:106EA0007065223A2275696E743136222C22616334
:106EB00063657373223A227277227D5D7D2C7B227B
:106EC0006E616D65223A227365745F6C696E6561EF
:106ED000725F636F756E74222C226964223A3637B2
:106EE000382C2274797065223A2266756E63746953
:106EF0006F6E222C22696E70757473223A5B7B224E
:106F00006E616D65223A22636F756E74222C226960
:106F100064223A3637392C2274797065223A226914
:106F20006E743332222C22616363657373223A22BA
:106F30007277227D5D2C226F757470757473223A9E
:106F40005B5D7D5D7D2C7B226E616D65223A2261E9
:106F500063696D5F657374696D61746F72222C2251
:106F600074797065223A226F626A656374222C22FA
:106F70006D656D62657273223A5B7B226E616D6531
:106F8000223A22726F746F725F666C7578222C22BF
:106F90006964223A3638302C2274797065223A229C
:106FA000666C6F6174222C22616363657373223A8D
:106FB0002272227D2C7B226E616D65223A22736CD7
:106FC00069705F76656C222C226964223A3638310A
:106FD0002C2274797065223A22666C6F6174222CBF
:106FE00022616363657373223A2272227D2C7B22B5
:106FF0006E616D65223A2270686173655F6F6666C7
:10700000736574222C226964223A3638322C227439
:10701000797065223A22666C6F6174222C2261635A
:1070200063657373223A2272227D2C7B226E616D1E
:1070300065223A22737461746F725F706861736560
:107040005F76656C222C226964223A3638332C2212
:1070500074797065223A22666C6F6174222C226109
:107060006363657373223A2272227D2C7B226E61E8
:107070006D65223A22737461746F725F7068617318
:1070800065222C226964223A3638342C22747970B5
:1070900065223A22666C6F6174222C2261636365FB
:1070A0007373223A2272227D2C7B226E616D6522DF
:1070B0003A22636F6E666967222C227479706522AA
:1070C0003A226F626A656374222C226D656D626577
:1070D0007273223A5B7B226E616D65223A22736C79
:1070E00069705F76656C6F63697479222C226964BC
:1070F000223A3638352C2274797065223A22666C31
:107100006F6174222C22616363657373223A227269
:1071100077227D5D7D5D7D2C7B226E616D65223ADF
:107120002273656E736F726C6573735F65737469D8
:107130006D61746F72222C2274797065223A226F0D
:10714000626A656374222C226D656D6265727322BA
:107150003A5B7B226E616D65223A226572726F72B4
:10716000222C226964223A3638362C2274797065D2
:10717000223A2275696E7438222C2261636365732A
:1071800073223A227277227D2C7B226E616D6522FA
:107190003A227068617365222C226964223A36387B
:1071A000372C2274797065223A22666C6F617422E2
:1071B0002C22616363657373223A2272227D2C7BD9
:1071C000226E616D65223A22706C6C5F706F732263
:1071D0002C226964223A3638382C22747970652260
:1071E0003A22666C6F6174222C226163636573734B
:1071F000223A2272227D2C7B226E616D65223A2218
:1072000070686173655F76656C222C226964223A2E
:107210003638392C2274797065223A22666C6F6197
:1072200074222C22616363657373223A2272227D79
:107230002C7B226E616D65223A2276656C5F6573E8
:1072400074696D617465222C226964223A36393082
:107250002C2274797065223A22666C6F6174222C3C
:1072600022616363657373223A2272227D2C7B2232
:107270006E616D65223A22636F6E666967222C2209
:1072800074797065223A226F626A656374222C22D7
:107290006D656D62657273223A5B7B226E616D650E
:1072A000223A226F627365727665725F6761696EFA
:1072B000222C226964223A3639312C227479706585
:1072C000223A22666C6F6174222C226163636573BB
:1072D00073223A227277227D2C7B226E616D6522A9
:1072E0003A22706C6C5F62616E64776964746822C4
:1072F0002C226964223A3639322C22747970652244
:107300003A22666C6F6174222C2261636365737329
:10731000223A227277227D2C7B226E616D65223AA1
:1073200022706D5F666C75785F6C696E6B61676506
:10733000222C226964223A3639332C227479706502
:10734000223A22666C6F6174222C2261636365733A
:1073500073223A227277227D5D7D5D7D2C7B226EC9
:10736000616D65223A22747261705F7472616A2283
:107370002C2274797065223A226F626A65637422E6
:107380002C226D656D62657273223A5B7B226E61A1
:107390006D65223A22636F6E666967222C227479CA
:1073A0007065223A226F626A656374222C226D65D1
:1073B0006D62657273223A5B7B226E616D65223A63
:1073C0002276656C5F6C696D6974222C2269642277
:1073D0003A3639342C2274797065223A22666C6F01
:1073E0006174222C22616363657373223A2272777F
:1073F000227D2C7B226E616D65223A22616363657A
:107400006C5F6C696D6974222C226964223A36398A
:10741000352C2274797065223A22666C6F61742271
:107420002C22616363657373223A227277227D2C6A
:107430007B226E616D65223A22646563656C5F6CC8
:10744000696D6974222C226964223A3639362C22FD
:1074500074797065223A22666C6F6174222C226105
:107460006363657373223A227277227D5D7D5D7D51
:107470002C7B226E616D65223A226D696E5F656EAE
:107480006473746F70222C2274797065223A226FB3
:10749000626A656374222C226D656D626572732267
:1074A0003A5B7B226E616D65223A22656E6473746D
:1074B0006F705F7374617465222C226964223A369E
:1074C00039372C2274797065223A22626F6F6C22F0
:1074D0002C22616363657373223A2272227D2C7BB6
:1074E000226E616D65223A22636F6E666967222C97
:1074F0002274797065223A226F626A656374222C65
:10750000226D656D62657273223A5B7B226E616DDE
:1075100065223A226770696F5F6E756D222C226951
:1075200064223A3639382C2274797065223A2275F1
:10753000696E743136222C22616363657373223A5B
:10754000227277227D2C7B226E616D65223A226544
:107550006E61626C6564222C226964223A36393984
:107560002C2274797065223A22626F6F6C222C2271
:10757000616363657373223A227277227D2C7B22CA
:107580006E616D65223A226F6666736574222C22E5
:107590006964223A3730302C2274797065223A229D
:1075A000666C6F6174222C22616363657373223A87
:1075B000227277227D2C7B226E616D65223A2269D0
:1075C000735F6163746976655F68696768222C22FE
:1075D0006964223A3730312C2274797065223A225C
:1075E000626F6F6C222C22616363657373223A228F
:1075F0007277227D2C7B226E616D65223A22646552
:10760000626F756E63655F6D73222C226964223A26
:107610003730322C2274797065223A2275696E7483
:107620003332222C22616363657373223A227277AC
:10763000227D5D7D5D7D2C7B226E616D65223A220F
:107640006D61785F656E6473746F70222C2274793B
:107650007065223A226F626A656374222C226D651E
:107660006D62657273223A5B7B226E616D65223AB0
:1076700022656E6473746F705F7374617465222C1D
:10768000226964223A3730332C2274797065223AA9
:1076900022626F6F6C222C22616363657373223ADE
:1076A0002272227D2C7B226E616D65223A22636FED
:1076B0006E666967222C2274797065223A226F62A5
:1076C0006A656374222C226D656D62657273223A5D
:1076D0005B7B226E616D65223A226770696F5F6E17
:1076E000756D222C226964223A3730342C22747949
:1076F0007065223A2275696E743136222C226163DC
:1077000063657373223A227277227D2C7B226E612D
:107710006D65223A22656E61626C6564222C226975
:1077200064223A3730352C2274797065223A22620D
:107730006F6F6C222C22616363657373223A22722D
:1077400077227D2C7B226E616D65223A226F666600
:10775000736574222C226964223A3730362C2274E5
:10776000797065223A22666C6F6174222C22616303
:1077700063657373223A227277227D2C7B226E61BD
:107780006D65223A2269735F6163746976655F682B
:10779000696768222C226964223A3730372C2274B8
:1077A000797065223A22626F6F6C222C22616363CA
:1077B000657373223A227277227D2C7B226E616D73
:1077C00065223A226465626F756E63655F6D732230
:1077D0002C226964223A3730382C22747970652261
:1077E0003A2275696E743332222C226163636573A9
:1077F00073223A227277227D5D7D5D7D2C7B226E25
:10780000616D65223A226D656368616E6963616CC2
:107810005F6272616B65222C2274797065223A2254
:107820006F626A656374222C226D656D6265727386
:10783000223A5B7B226E616D65223A22636F6E662F
:107840006967222C2274797065223A226F626A6518
:107850006374222C226D656D62657273223A5B7BC4
:10786000226E616D65223A226770696F5F6E756D79
:10787000222C226964223A3730392C2274797065BF
:10788000223A2275696E743136222C226163636557
:107890007373223A227277227D2C7B226E616D6592
:1078A000223A2269735F6163746976655F6C6F77F2
:1078B000222C226964223A3731302C227479706587
:1078C000223A22626F6F6C222C22616363657373AC
:1078D000223A227277227D5D7D2C7B226E616D655E
:1078E000223A22656E67616765222C226964223A1A
:1078F0003731312C2274797065223A2266756E63B5
:1079000074696F6E222C22696E70757473223A5BF3
:107910005D2C226F757470757473223A5B5D7D2CDB
:107920007B226E616D65223A2272656C65617365BA
:10793000222C226964223A3731322C227479706504
:10794000223A2266756E6374696F6E222C22696E0C
:1079500070757473223A5B5D2C226F757470757448
:1079600073223A5B5D7D5D7D2C7B226E616D6522AD
:107970003A227461736B5F74696D6573222C227493
:10798000797065223A226F626A656374222C226DD7
:10799000656D62657273223A5B7B226E616D652252
:1079A0003A22746865726D6973746F725F75706482
:1079B000617465222C2274797065223A226F626AA2
:1079C000656374222C226D656D62657273223A5B69
:1079D0007B226E616D65223A2273746172745F74EA
:1079E000696D65222C226964223A3731332C227466
:1079F000797065223A2275696E743332222C2261C5
:107A00006363657373223A2272227D2C7B226E613E
:107A10006D65223A22656E645F74696D65222C2261
:107A20006964223A3731342C2274797065223A2203
:107A300075696E743332222C22616363657373221D
:107A40003A2272227D2C7B226E616D65223A226C75
:107A5000656E677468222C226964223A3731352CAE
:107A60002274797065223A2275696E743332222C41
:107A700022616363657373223A2272227D2C7B221A
:107A80006E616D65223A226D61785F6C656E677418
:107A900068222C226964223A3731362C227479709C
:107AA00065223A2275696E743332222C2261636337
:107AB000657373223A227277227D5D7D2C7B226E64
:107AC000616D65223A22656E636F6465725F7570E1
:107AD00064617465222C2274797065223A226F6287
:107AE0006A656374222C226D656D62657273223A39
:107AF0005B7B226E616D65223A2273746172745FE2
:107B000074696D65222C226964223A3731372C2240
:107B100074797065223A2275696E743332222C2290
:107B2000616363657373223A2272227D2C7B226E1D
:107B3000616D65223A22656E645F74696D65222C01
:107B4000226964223A3731382C2274797065223ADE
:107B50002275696E743332222C22616363657373FC
:107B6000223A2272227D2C7B226E616D65223A229E
:107B70006C656E677468222C226964223A37313949
:107B80002C2274797065223A2275696E7433322220
:107B90002C22616363657373223A2272227D2C7BEF
:107BA000226E616D65223A226D61785F6C656E6749
:107BB0007468222C226964223A3732302C2274797C
:107BC0007065223A2275696E743332222C22616309
:107BD00063657373223A227277227D5D7D2C7B224E
:107BE0006E616D65223A2273656E736F726C657398
:107BF000735F657374696D61746F725F75706461D2
:107C00007465222C2274797065223A226F626A654B
:107C10006374222C226D656D62657273223A5B7B00
:107C2000226E616D65223A2273746172745F7469A9
:107C30006D65222C226964223A3732312C22747904
:107C40007065223A2275696E743332222C22616388
:107C500063657373223A2272227D2C7B226E616DE2
:107C600065223A22656E645F74696D65222C226913
:107C700064223A3732322C2274797065223A2275A6
:107C8000696E743332222C22616363657373223A06
:107C90002272227D2C7B226E616D65223A226C65F8
:107CA0006E677468222C226964223A3732332C22A0
:107CB00074797065223A2275696E743332222C22EF
:107CC000616363657373223A2272227D2C7B226E7C
:107CD000616D65223A226D61785F6C656E677468CC
:107CE000222C226964223A3732342C22747970654E
:107CF000223A2275696E743332222C2261636365E5
:107D00007373223A227277227D5D7D2C7B226E6115
:107D10006D65223A22656E6473746F705F7570646E
:107D2000617465222C2274797065223A226F626A2E
:107D3000656374222C226D656D62657273223A5BF5
:107D40007B226E616D65223A2273746172745F7476
:107D5000696D65222C226964223A3732352C2274EF
:107D6000797065223A2275696E743332222C226151
:107D70006363657373223A2272227D2C7B226E61CB
:107D80006D65223A22656E645F74696D65222C22EE
:107D90006964223A3732362C2274797065223A228D
:107DA00075696E743332222C2261636365737322AA
:107DB0003A2272227D2C7B226E616D65223A226C02
:107DC000656E677468222C226964223A3732372C38
:107DD0002274797065223A2275696E743332222CCE
:107DE00022616363657373223A2272227D2C7B22A7
:107DF0006E616D65223A226D61785F6C656E6774A5
:107E000068222C226964223A3732382C2274797025
:107E100065223A2275696E743332222C22616363C3
:107E2000657373223A227277227D5D7D2C7B226EF0
:107E3000616D65223A2263616E5F6865617274628A
:107E4000656174222C2274797065223A226F626A0D
:107E5000656374222C226D656D62657273223A5BD4
:107E60007B226E616D65223A2273746172745F7455
:107E7000696D65222C226964223A3732392C2274CA
:107E8000797065223A2275696E743332222C226130
:107E90006363657373223A2272227D2C7B226E61AA
:107EA0006D65223A22656E645F74696D65222C22CD
:107EB0006964223A3733302C2274797065223A2271
:107EC00075696E743332222C226163636573732289
:107ED0003A2272227D2C7B226E616D65223A226CE1
:107EE000656E677468222C226964223A3733312C1C
:107EF0002274797065223A2275696E743332222CAD
:107F000022616363657373223A2272227D2C7B2285
:107F10006E616D65223A226D61785F6C656E677483
:107F200068222C226964223A3733322C2274797009
:107F300065223A2275696E743332222C22616363A2
:107F4000657373223A227277227D5D7D2C7B226ECF
:107F5000616D65223A22636F6E74726F6C6C65722C
:107F60005F757064617465222C2274797065223AA1
:107F7000226F626A656374222C226D656D62657280
:107F800073223A5B7B226E616D65223A22737461C3
:107F900072745F74696D65222C226964223A3733EA
:107FA000332C2274797065223A2275696E743332EB
:107FB000222C22616363657373223A2272227D2C24
:107FC0007B226E616D65223A22656E645F74696D15
:107FD00065222C226964223A3733342C227479705A
:107FE00065223A2275696E743332222C22616363F2
:107FF000657373223A2272227D2C7B226E616D653D
:10800000223A226C656E677468222C226964223AD7
:108010003733352C2274797065223A2275696E7473
:108020003332222C22616363657373223A227222F7
:108030007D2C7B226E616D65223A226D61785F6CCA
:10804000656E677468222C226964223A3733362CB5
:108050002274797065223A2275696E743332222C4B
:1080600022616363657373223A227277227D5D7D9C
:108070002C7B226E616D65223A226F70656E5F6C9B
:108080006F6F705F636F6E74726F6C6C65725F752B
:108090007064617465222C2274797065223A226FB3
:1080A000626A656374222C226D656D62657273224B
:1080B0003A5B7B226E616D65223A22737461727441
:1080C0005F74696D65222C226964223A3733372C3C
:1080D0002274797065223A2275696E743332222CCB
:1080E00022616363657373223A2272227D2C7B22A4
:1080F0006E616D65223A22656E645F74696D6522FA
:108100002C226964223A3733382C22747970652224
:108110003A2275696E743332222C2261636365736F
:1081200073223A2272227D2C7B226E616D65223A87
:10813000226C656E677468222C226964223A373398
:10814000392C2274797065223A2275696E74333243
:10815000222C22616363657373223A2272227D2C82
:108160007B226E616D65223A226D61785F6C656E6F
:10817000677468222C226964223A3734302C2274C6
:10818000797065223A2275696E743332222C22612D
:108190006363657373223A227277227D5D7D2C7B47
:1081A000226E616D65223A226163696D5F65737449
:1081B000696D61746F725F757064617465222C22E1
:1081C00074797065223A226F626A656374222C2288
:1081D0006D656D62657273223A5B7B226E616D65BF
:1081E000223A2273746172745F74696D65222C2265
:1081F0006964223A3734312C2274797065223A222C
:1082000075696E743332222C226163636573732245
:108210003A2272227D2C7B226E616D65223A2265A4
:108220006E645F74696D65222C226964223A37346A
:10823000322C2274797065223A2275696E74333259
:10824000222C22616363657373223A2272227D2C91
:108250007B226E616D65223A226C656E67746822BE
:108260002C226964223A3734332C227479706522C7
:108270003A2275696E743332222C2261636365730E
:1082800073223A2272227D2C7B226E616D65223A26
:10829000226D61785F6C656E677468222C22696458
:1082A000223A3734342C2274797065223A22756967
:1082B0006E743332222C22616363657373223A2217
:1082C0007277227D5D7D2C7B226E616D65223A2264
:1082D0006D6F746F725F757064617465222C2274A7
:1082E000797065223A226F626A656374222C226D6E
:1082F000656D62657273223A5B7B226E616D6522E9
:108300003A2273746172745F74696D65222C2269FC
:1083100064223A3734352C2274797065223A2275FA
:10832000696E743332222C22616363657373223A5F
:108330002272227D2C7B226E616D65223A22656E4F
:10834000645F74696D65222C226964223A37343681
:108350002C2274797065223A2275696E7433322248
:108360002C22616363657373223A2272227D2C7B17
:10837000226E616D65223A226C656E677468222CEC
:10838000226964223A3734372C2274797065223A94
:108390002275696E743332222C22616363657373B4
:1083A000223A2272227D2C7B226E616D65223A2256
:1083B0006D61785F6C656E677468222C2269642237
:1083C0003A3734382C2274797065223A2275696EF6
:1083D000743332222C22616363657373223A2272F2
:1083E00077227D5D7D2C7B226E616D65223A226352
:1083F000757272656E745F636F6E74726F6C6C65AC
:10840000725F757064617465222C227479706522C4
:108410003A226F626A656374222C226D656D626513
:108420007273223A5B7B226E616D65223A2273740D
:108430006172745F74696D65222C226964223A3717
:1084400034392C2274797065223A2275696E74333E
:1084500032222C22616363657373223A2272227D79
:108460002C7B226E616D65223A22656E645F7469B1
:108470006D65222C226964223A3735302C227479BA
:108480007065223A2275696E743332222C22616340
:1084900063657373223A2272227D2C7B226E616D9A
:1084A00065223A226C656E677468222C2269642208
:1084B0003A3735312C2274797065223A2275696E0B
:1084C000743332222C22616363657373223A227201
:1084D000227D2C7B226E616D65223A226D61785F70
:1084E0006C656E677468222C226964223A373532D3
:1084F0002C2274797065223A2275696E74333222A7
:108500002C22616363657373223A227277227D5D48
:108510007D2C7B226E616D65223A2264635F63610C
:108520006C6962222C2274797065223A226F626A29
:10853000656374222C226D656D62657273223A5BED
:108540007B226E616D65223A2273746172745F746E
:10855000696D65222C226964223A3735332C2274E6
:10856000797065223A2275696E743332222C226149
:108570006363657373223A2272227D2C7B226E61C3
:108580006D65223A22656E645F74696D65222C22E6
:108590006964223A3735342C2274797065223A2284
:1085A00075696E743332222C2261636365737322A2
:1085B0003A2272227D2C7B226E616D65223A226CFA
:1085C000656E677468222C226964223A3735352C2F
:1085D0002274797065223A2275696E743332222CC6
:1085E00022616363657373223A2272227D2C7B229F
:1085F0006E616D65223A226D61785F6C656E67749D
:1086000068222C226964223A3735362C227479701C
:1086100065223A2275696E743332222C22616363BB
:10862000657373223A227277227D5D7D2C7B226EE8
:10863000616D65223A2263757272656E745F73654F
:108640006E7365222C2274797065223A226F626AF9
:10865000656374222C226D656D62657273223A5BCC
:108660007B226E616D65223A2273746172745F744D
:10867000696D65222C226964223A3735372C2274C1
:10868000797065223A2275696E743332222C226128
:108690006363657373223A2272227D2C7B226E61A2
:1086A0006D65223A22656E645F74696D65222C22C5
:1086B0006964223A3735382C2274797065223A225F
:1086C00075696E743332222C226163636573732281
:1086D0003A2272227D2C7B226E616D65223A226CD9
:1086E000656E677468222C226964223A3735392C0A
:1086F0002274797065223A2275696E743332222CA5
:1087000022616363657373223A2272227D2C7B227D
:108710006E616D65223A226D61785F6C656E67747B
:1087200068222C226964223A3736302C2274797000
:1087300065223A2275696E743332222C226163639A
:10874000657373223A227277227D5D7D2C7B226EC7
:10875000616D65223A2270776D5F75706461746532
:10876000222C2274797065223A226F626A656374E2
:10877000222C226D656D62657273223A5B7B226EDC
:10878000616D65223A2273746172745F74696D65FC
:10879000222C226964223A3736312C227479706592
:1087A000223A2275696E743332222C22616363652A
:1087B0007373223A2272227D2C7B226E616D6522B8
:1087C0003A22656E645F74696D65222C22696422A9
:1087D0003A3736322C2274797065223A2275696EE6
:1087E000743332222C22616363657373223A2272DE
:1087F000227D2C7B226E616D65223A226C656E674C
:108800007468222C226964223A3736332C22747918
:108810007065223A2275696E743332222C226163AC
:1088200063657373223A2272227D2C7B226E616D06
:1088300065223A226D61785F6C656E677468222CE0
:10884000226964223A3736342C2274797065223AD0
:108850002275696E743332222C22616363657373EF
:10886000223A227277227D5D7D5D7D2C7B226E61B6
:108870006D65223A227761746368646F675F66652D
:108880006564222C226964223A3736352C227479A9
:108890007065223A2266756E6374696F6E222C22AF
:1088A000696E70757473223A5B5D2C226F757470FB
:1088B000757473223A5B5D7D5D7D2C7B226E616DEC
:1088C00065223A22746573745F66756E6374696FAE
:1088D0006E222C226964223A3736362C2274797043
:1088E00065223A2266756E6374696F6E222C226966
:1088F0006E70757473223A5B7B226E616D65223AED
:108900002264656C7461222C226964223A373637FE
:108910002C2274797065223A22696E743332222CCB
:1089200022616363657373223A227277227D5D2C24
:10893000226F757470757473223A5B7B226E616D61
:1089400065223A22636E74222C226964223A3736F9
:10895000382C2274797065223A22696E743332227F
:108960002C22616363657373223A2272227D5D7DDE
:108970002C7B226E616D65223A226765745F6164AB
:10898000635F766F6C74616765222C226964223A9A
:108990003736392C2274797065223A2266756E63F7
:1089A00074696F6E222C22696E70757473223A5B43
:1089B0007B226E616D65223A226770696F222C22DC
:1089C0006964223A3737302C2274797065223A2252
:1089D00075696E743332222C22616363657373226E
:1089E0003A227277227D5D2C226F757470757473D4
:1089F000223A5B7B226E616D65223A22766F6C743F
:108A0000616765222C226964223A3737312C22743F
:108A1000797065223A22666C6F6174222C22616340
:108A200063657373223A2272227D5D7D2C7B226EF8
:108A3000616D65223A22736176655F636F6E666968
:108A40006775726174696F6E222C226964223A37ED
:108A500037322C2274797065223A2266756E6374FF
:108A6000696F6E222C22696E70757473223A5B5D99
:108A70002C226F757470757473223A5B7B226E6161
:108A80006D65223A2273756363657373222C2269C4
:108A900064223A3737332C2274797065223A226285
:108AA0006F6F6C222C22616363657373223A2272AA
:108AB000227D5D7D2C7B226E616D65223A2265727E
:108AC0006173655F636F6E66696775726174696F04
:108AD0006E222C226964223A3737342C2274797042
:108AE00065223A2266756E6374696F6E222C226964
:108AF0006E70757473223A5B5D2C226F757470759D
:108B00007473223A5B5D7D2C7B226E616D65223A27
:108B1000227265626F6F74222C226964223A3737A1
:108B2000352C2274797065223A2266756E637469F9
:108B30006F6E222C22696E70757473223A5B5D2C05
:108B4000226F757470757473223A5B5D7D2C7B2285
:108B50006E616D65223A22656E7465725F6466753A
:108B60005F6D6F6465222C226964223A3737362C98
:108B70002274797065223A2266756E6374696F6E2D
:108B8000222C22696E70757473223A5B5D2C226F01
:108B9000757470757473223A5B5D7D2C7B226E61F7
:108BA0006D65223A226765745F696E7465727275CD
:108BB00070745F737461747573222C226964223A35
:108BC0003737372C2274797065223A2266756E63C6
:108BD00074696F6E222C22696E70757473223A5B11
:108BE0007B226E616D65223A226972716E222C229F
:108BF0006964223A3737382C2274797065223A2218
:108C0000696E743332222C22616363657373223A76
:108C1000227277227D5D2C226F75747075747322B9
:108C20003A5B7B226E616D65223A227374617475C2
:108C300073222C226964223A3737392C22747970D6
:108C400065223A2275696E743332222C2261636385
:108C5000657373223A2272227D5D7D2C7B226E61C8
:108C60006D65223A226765745F646D615F7374613C
:108C7000747573222C226964223A3738302C22749E
:108C8000797065223A2266756E6374696F6E222C64
:108C900022696E70757473223A5B7B226E616D651A
:108CA000223A2273747265616D5F6E756D222C229B
:108CB0006964223A3738312C2274797065223A225D
:108CC00075696E7438222C22616363657373223A6E
:108CD000227277227D5D2C226F75747075747322F9
:108CE0003A5B7B226E616D65223A22737461747502
:108CF00073222C226964223A3738322C227479701C
:108D000065223A2275696E743332222C22616363C4
:108D1000657373223A2272227D5D7D2C7B226E6107
:108D20006D65223A226765745F6770696F5F73745F
:108D300061746573222C226964223A3738332C22FD
:108D400074797065223A2266756E6374696F6E225B
:108D50002C22696E70757473223A5B5D2C226F75DC
:108D60007470757473223A5B7B226E616D65223A72
:108D700022737461747573222C226964223A373825
:108D8000342C2274797065223A2275696E743332FC
:108D9000222C22616363657373223A2272227D5D05
:108DA0007D2C7B226E616D65223A226765745F645B
:108DB00072765F6661756C74222C226964223A3780
:108DC00038352C2274797065223A2266756E637488
:108DD000696F6E222C22696E70757473223A5B5D26
:108DE0002C226F757470757473223A5B7B226E61EE
:108DF0006D65223A226472765F6661756C74222C0E
:108E0000226964223A3738362C2274797065223A06
:108E10002275696E743634222C2261636365737324
:108E2000223A2272227D5D7D2C7B226E616D65224D
:108E30003A22636C6561725F6572726F7273222C85
:108E4000226964223A3738372C2274797065223AC5
:108E50002266756E6374696F6E222C22696E70755E
:108E60007473223A5B5D2C226F7574707574732273
:108E70003A5B5D7D5D00000011D80000256C6C64DC
:108E8000000000002A25750D0A0000000D0A0000F0
:108E9000506C656173652073656520646F63756DE3
:108EA000656E746174696F6E20666F72206D6F728B
:108EB000652064657461696C7300000041766169C6
:108EC0006C61626C6520636F6D6D616E647320739D
:108ED000796E746178207265666572656E63653A55
:108EE00000000000506F736974696F6E3A20712042
:108EF0006178697320706F732076656C2D6C696D75
:108F000020492D6C696D0000506F736974696F6E34
:108F10003A2070206178697320706F732076656CD9
:108F20002D666620492D66660000000056656C6F50
:108F3000636974793A207620617869732076656C6C
:108F400020492D6666000000546F727175653A20E5
:108F500063206178697320540000000050726F70C4
:108F60006572746965732073746172742061742012
:108F70006F647269766520726F6F742C20737563ED
:108F8000682061732061786973302E726571756530
:108F9000737465645F737461746500005265616425
:108FA0003A20722070726F70657274790000000050
:108FB00057726974653A20772070726F70657274A9
:108FC000792076616C7565005361766520636F6EFC
:108FD0006669673A20737300457261736520636F39
:108FE0006E6669673A207365000000005265626F23
:108FF0006F743A20737200006E6F7420696D706C2C
:10900000656D656E746564007220253235357300B8
:10901000696E76616C696420636F6D6D616E64204A
:10902000666F726D61740000696E76616C696420B0
:1090300070726F70657274790000000077202532BD
:10904000353573202532353573000000756E6B6E33
:109050006F776E20636F6D6D616E64007020257593
:10906000202566202566202566000000696E766151
:109070006C6964206D6F746F7220257500000000AC
:1090800071202575202566202566202566000000B4
:10909000762025752025662025660000632025752D
:1090A000202566007420257520256600752025750D
:1090B000000000006C20257520256900656E636F37
:1090C0006465722073657420746F2025750000003C
:1090D0006620257500000000486172647761726542
:1090E0002076657273696F6E3A2025642E25642D93
:1090F000256456004669726D7761726520766572E7
:1091000073696F6E3A2025642E25642E2564000055
:1091100053657269616C206E756D6265723A2025C7
:1091200073000000746865726D6973746F725F75A7
:109130007064617465000000656E636F6465725FE2
:10914000757064617465000073656E736F726C6531
:1091500073735F657374696D61746F725F7570644A
:1091600061746500656E6473746F705F75706461BF
:109170007465000063616E5F686561727462656149
:10918000740000006F70656E5F6C6F6F705F636F6F
:109190006E74726F6C6C65725F757064617465007B
:1091A0006163696D5F657374696D61746F725F751A
:1091B00070646174650000006D6F746F725F75702C
:1091C000646174650000000063757272656E745F9F
:1091D000636F6E74726F6C6C65725F7570646174CE
:1091E0006500000063757272656E745F73656E73FF
:1091F0006500000070776D5F7570646174650000D4
:109200006770696F5F6E756D0000000069735F6164
:1092100063746976655F6C6F77000000636F6E66DC
:10922000696700006F6666736574000069735F614B
:1092300063746976655F6869676800006465626F7A
:10924000756E63655F6D7300656E6473746F705FD8
:10925000737461746500000076656C5F6C696D699C
:1092600074000000616363656C5F6C696D69740014
:10927000646563656C5F6C696D6974006F627365CA
:10928000727665725F6761696E000000706C6C5F7A
:1092900062616E647769647468000000706D5F6677
:1092A0006C75785F6C696E6B616765006572726F73
:1092B000720000007068617365000000706C6C5F84
:1092C000706F730070686173655F76656C00000095
:1092D00076656C5F657374696D617465000000008C
:1092E000736C69705F76656C6F63697479000000F8
:1092F000726F746F725F666C75780000736C697062
:109300005F76656C0000000070686173655F6F6672
:109310006673657400000000737461746F725F702F
:10932000686173655F76656C00000000737461743A
:109330006F725F7068617365000000007573655F30
:10934000696E6465780000007573655F696E6465B9
:10935000785F6F66667365740000000066696E640E
:109360005F6964785F6F6E5F6C6F636B696E5F6F70
:109370006E6C79006162735F7370695F63735F67BE
:1093800070696F5F70696E006370720070686173FE
:10939000655F6F66667365745F666C6F617400000D
:1093A000646972656374696F6E0000007072655F56
:1093B00063616C696272617465640000656E61620C
:1093C0006C655F70686173655F696E746572706FFC
:1093D0006C6174696F6E000063616C69625F7261D9
:1093E0006E67650063616C69625F7363616E5F6481
:1093F000697374616E63650063616C69625F736356
:10940000616E5F6F6D6567610000000069676E6F78
:1094100072655F696C6C6567616C5F68616C6C5FDD
:10942000737461746500000068616C6C5F706F6CD0
:10943000617269747900000068616C6C5F706F6CB8
:1094400061726974795F63616C6962726174656489
:109450000000000073696E636F735F6770696F5F10
:1094600070696E5F73696E0073696E636F735F67B7
:1094700070696F5F70696E5F636F730069735F72AD
:109480006561647900000000696E6465785F666FED
:10949000756E6400736861646F775F636F756E7477
:1094A00000000000636F756E745F696E5F637072B9
:1094B00000000000696E746572706F6C6174696F92
:1094C0006E000000706F735F657374696D61746521
:1094D00000000000706F735F657374696D6174657F
:1094E0005F636F756E747300706F735F636972632F
:1094F000756C617200000000706F735F6370725F63
:10950000636F756E7473000064656C74615F706F77
:10951000735F6370725F636F756E74730000000039
:1095200068616C6C5F7374617465000076656C5F74
:10953000657374696D6174655F636F756E747300D4
:1095400063616C69625F7363616E5F726573706F94
:109550006E736500706F735F616273007370695F33
:109560006572726F725F7261746500006672657118
:1095700075656E6379000000706F735F616D706C6C
:10958000697475646500000076656C5F616D706C70
:109590006974756465000000746F727175655F6150
:1095A0006D706C69747564650000000063616C69BE
:1095B000625F616E7469636F6767696E6700000060
:1095C00063616C69625F706F735F74687265736802
:1095D0006F6C640063616C69625F76656C5F746870
:1095E000726573686F6C6400636F6767696E675F4D
:1095F000726174696F000000616E7469636F676700
:10960000696E675F656E61626C6564006761696E53
:109610005F7363686564756C696E675F77696474AE
:1096200068000000656E61626C655F76656C5F6CFA
:10963000696D697400000000656E61626C655F743D
:109640006F727175655F6D6F64655F76656C5F6C79
:10965000696D697400000000656E61626C655F672A
:1096600061696E5F7363686564756C696E6700003D
:10967000656E61626C655F6F766572737065656457
:109680005F6572726F720000636F6E74726F6C5FF1
:109690006D6F646500000000696E7075745F6D6FBA
:1096A00064650000706F735F6761696E00000000A1
:1096B00076656C5F6761696E0000000076656C5FBF
:1096C000696E7465677261746F725F6761696E005D
:1096D00076656C5F696E7465677261746F725F6CDA
:1096E000696D69740000000076656C5F6C696D6976
:1096F000745F746F6C6572616E63650076656C5F34
:1097000072616D705F72617465000000746F7271D8
:1097100075655F72616D705F726174650000000055
:1097200063697263756C61725F736574706F696E83
:109730007473000063697263756C61725F73657442
:10974000706F696E745F72616E67650073746570C7
:10975000735F7065725F63697263756C61725F726B
:10976000616E676500000000686F6D696E675F730A
:109770007065656400000000696E6572746961005F
:10978000617869735F746F5F6D6972726F720000E8
:109790006D6972726F725F726174696F00000000B0
:1097A000746F727175655F6D6972726F725F7261ED
:1097B00074696F006C6F61645F656E636F6465727E
:1097C0005F61786973000000696E7075745F666927
:1097D0006C7465725F62616E6477696474680000BE
:1097E000616E7469636F6767696E67006D65636852
:1097F000616E6963616C5F706F7765725F62616EE5
:109800006477696474680000656C65637472696389
:10981000616C5F706F7765725F62616E64776964B7
:10982000746800007370696E6F75745F6D6563684E
:10983000616E6963616C5F706F7765725F74687287
:109840006573686F6C6400007370696E6F75745F28
:10985000656C656374726963616C5F706F77657264
:109860005F7468726573686F6C6400006C61737418
:109870005F6572726F725F74696D6500696E707595
:10988000745F706F73000000696E7075745F766549
:109890006C000000696E7075745F746F727175652D
:1098A00000000000706F735F736574706F696E7491
:1098B0000000000076656C5F736574706F696E748C
:1098C00000000000746F727175655F736574706F6E
:1098D000696E74007472616A6563746F72795F6433
:1098E0006F6E650076656C5F696E74656772617432
:1098F0006F725F746F72717565000000616E7469DC
:10990000636F6767696E675F76616C69640000000A
:109910006175746F74756E696E675F706861736589
:10992000000000006175746F74756E696E670000E9
:109930006D656368616E6963616C5F706F77657296
:1099400000000000656C656374726963616C5F7030
:109950006F77657200000000706F6C655F70616901
:109960007273000063616C6962726174696F6E5F2B
:1099700063757272656E7400726573697374616E7B
:1099800063655F63616C69625F6D61785F766F6C60
:10999000746167650000000070686173655F696EDF
:1099A00064756374616E63650000000070686173C4
:1099B000655F726573697374616E636500000000B2
:1099C000746F727175655F636F6E7374616E74002E
:1099D0006D6F746F725F7479706500006375727279
:1099E000656E745F6C696D0063757272656E745F2D
:1099F0006C696D5F6D617267696E0000746F727182
:109A000075655F6C696D0000696E7665727465726C
:109A10005F74656D705F6C696D69745F6C6F77659D
:109A200072000000696E7665727465725F74656DB0
:109A3000705F6C696D69745F7570706572000000AD
:109A40007265717565737465645F63757272656E56
:109A5000745F72616E67650063757272656E745FC4
:109A6000636F6E74726F6C5F62616E647769647449
:109A7000680000006163696D5F6761696E5F6D69B1
:109A80006E5F666C757800006163696D5F61757407
:109A90006F666C75785F6D696E5F496400000000E9
:109AA0006163696D5F6175746F666C75785F656E13
:109AB00061626C65000000006163696D5F617574CF
:109AC0006F666C75785F61747461636B5F67616901
:109AD0006E0000006163696D5F6175746F666C751F
:109AE000785F64656361795F6761696E000000009B
:109AF000525F774C5F46465F656E61626C65000041
:109B000062454D465F46465F656E61626C6500006A
:109B1000495F6275735F686172645F6D696E0000B2
:109B2000495F6275735F686172645F6D61780000A0
:109B3000495F6C65616B5F6D6178000064635F63B2
:109B4000616C69625F74617500000000705F67613D
:109B5000696E0000695F6761696E0000495F6D654D
:109B60006173757265645F7265706F72745F666948
:109B70006C7465725F6B000049645F736574706F2D
:109B8000696E740049715F736574706F696E7400FB
:109B900056645F736574706F696E740056715F739D
:109BA0006574706F696E740049616C7068615F6D97
:109BB000656173757265640049626574615F6D65A6
:109BC000617375726564000049645F6D65617375EA
:109BD0007265640049715F6D6561737572656400DB
:109BE000706F776572000000765F63757272656EE4
:109BF000745F636F6E74726F6C5F696E74656772A9
:109C0000616C5F6400000000765F63757272656E60
:109C1000745F636F6E74726F6C5F696E7465677288
:109C2000616C5F710000000066696E616C5F765F59
:109C3000616C70686100000066696E616C5F765FE0
:109C40006265746100000000706F6C795F636F651E
:109C50006666696369656E745F300000706F6C7969
:109C60005F636F656666696369656E745F31000086
:109C7000706F6C795F636F656666696369656E7442
:109C80005F320000706F6C795F636F656666696351
:109C900069656E745F33000074656D705F6C696D2B
:109CA00069745F6C6F7765720000000074656D7099
:109CB0005F6C696D69745F7570706572000000009B
:109CC00074656D70657261747572650069735F614A
:109CD000726D65640000000069735F63616C6962A6
:109CE000726174656400000063757272656E745F02
:109CF0006D6561735F70684100000000637572728A
:109D0000656E745F6D6561735F706842000000008E
:109D100063757272656E745F6D6561735F706843C1
:109D20000000000044435F63616C69625F706841DA
:109D30000000000044435F63616C69625F706842C9
:109D40000000000044435F63616C69625F706843B8
:109D500000000000495F6275730000007068617365
:109D6000655F63757272656E745F7265765F676159
:109D7000696E00006566666563746976655F637524
:109D80007272656E745F6C696D0000006D61785F62
:109D9000616C6C6F7765645F63757272656E740079
:109DA0006D61785F64635F63616C696200000000ED
:109DB0006665745F746865726D6973746F720000B4
:109DC0006D6F746F725F746865726D6973746F72B2
:109DD0000000000063757272656E745F636F6E746D
:109DE000726F6C006E5F6576745F63757272656E1C
:109DF000745F6D6561737572656D656E74000000EA
:109E00006E5F6576745F70776D5F757064617465A1
:109E1000000000006E6F64655F69640069735F65D0
:109E20007874656E6465640068656172746265610A
:109E3000745F726174655F6D73000000656E636FBF
:109E40006465725F726174655F6D73006D6F746FCE
:109E5000725F6572726F725F726174655F6D7300BD
:109E6000656E636F6465725F6572726F725F726157
:109E700074655F6D73000000636F6E74726F6C6C5D
:109E800065725F6572726F725F726174655F6D7328
:109E90000000000073656E736F726C6573735F65AD
:109EA00072726F725F726174655F6D7300000000A3
:109EB000656E636F6465725F636F756E745F726108
:109EC00074655F6D7300000069715F726174655F36
:109ED0006D73000073656E736F726C6573735F7280
:109EE0006174655F6D7300006275735F76695F72A0
:109EF0006174655F6D73000072616D705F74696D90
:109F00006500000072616D705F64697374616E63F7
:109F100065000000616363656C00000076656C009D
:109F200066696E6973685F64697374616E63650006
:109F300066696E6973685F6F6E5F76656C000000BE
:109F400066696E6973685F6F6E5F64697374616E72
:109F50006365000066696E6973685F6F6E5F656E4A
:109F6000635F696478000000737461727475705F78
:109F70006D6F746F725F63616C6962726174696F37
:109F80006E000000737461727475705F656E636F4C
:109F90006465725F696E6465785F7365617263683A
:109FA00000000000737461727475705F656E636F9A
:109FB0006465725F6F66667365745F63616C696226
:109FC000726174696F6E0000737461727475705F92
:109FD000636C6F7365645F6C6F6F705F636F6E74DB
:109FE000726F6C00737461727475705F686F6D6905
:109FF0006E670000656E61626C655F737465705FAB
:10A0000064697200737465705F6469725F616C7714
:10A010006179735F6F6E0000656E61626C655F737E
:10A02000656E736F726C6573735F6D6F646500004E
:10A030007761746368646F675F74696D656F757469
:10A0400000000000656E61626C655F776174636833
:10A05000646F6700737465705F6770696F5F7069C4
:10A060006E0000006469725F6770696F5F70696E8F
:10A070000000000063616C6962726174696F6E5FF9
:10A080006C6F636B696E000073656E736F726C65E5
:10A0900073735F72616D700067656E6572616C5F8E
:10A0A0006C6F636B696E0000737465705F646972D6
:10A0B0005F616374697665006C6173745F64727666
:10A0C0005F6661756C7400007374657073000000E6
:10A0D00063757272656E745F7374617465000000FD
:10A0E0007265717565737465645F7374617465001E
:10A0F00069735F686F6D6564000000006D6F746F59
:10A1000072000000636F6E74726F6C6C6572000099
:10A11000656E636F646572006163696D5F6573741A
:10A12000696D61746F72000073656E736F726C6538
:10A1300073735F657374696D61746F720000000002
:10A14000747261705F7472616A0000006D696E5FA5
:10A15000656E6473746F70006D61785F656E6473B3
:10A16000746F70006D656368616E6963616C5F62D6
:10A1700072616B65000000007461736B5F74696DE0
:10A1800065730000656E64706F696E740000000096
:10A190006D696E006D617800656E61626C655F75FA
:10A1A0006172745F61000000656E61626C655F756D
:10A1B0006172745F62000000656E61626C655F755C
:10A1C0006172745F63000000756172745F615F6249
:10A1D0006175647261746500756172745F625F625B
:10A1E0006175647261746500756172745F635F624A
:10A1F0006175647261746500656E61626C655F6350
:10A20000616E5F6100000000656E61626C655F6990
:10A2100032635F61000000007573625F6364635FB7
:10A2200070726F746F636F6C000000007561727400
:10A23000305F70726F746F636F6C00007561727461
:10A24000315F70726F746F636F6C00007561727450
:10A25000325F70726F746F636F6C00006D61785F56
:10A26000726567656E5F63757272656E740000007B
:10A270006272616B655F726573697374616E636549
:10A2800000000000656E61626C655F6272616B6503
:10A290005F7265736973746F7200000064635F625C
:10A2A00075735F756E646572766F6C746167655FF8
:10A2B000747269705F6C6576656C000064635F62E0
:10A2C00075735F6F766572766F6C746167655F74C6
:10A2D0007269705F6C6576656C000000656E616226
:10A2E0006C655F64635F6275735F6F766572766FCE
:10A2F0006C746167655F72616D70000064635F62BA
:10A3000075735F6F766572766F6C746167655F7287
:10A31000616D705F737461727400000064635F62EA
:10A3200075735F6F766572766F6C746167655F7267
:10A33000616D705F656E640064635F6D61785F700E
:10A340006F7369746976655F63757272656E7400A8
:10A3500064635F6D61785F6E656761746976655F80
:10A3600063757272656E74006572726F725F67708A
:10A37000696F5F70696E00006770696F335F616E4F
:10A38000616C6F675F6D617070696E6700000000DF
:10A390006770696F345F616E616C6F675F6D61706C
:10A3A00070696E67000000006770696F315F6D6FE4
:10A3B000646500006770696F325F6D6F64650000EF
:10A3C0006770696F335F6D6F646500006770696FF8
:10A3D000345F6D6F646500006770696F355F6D6F26
:10A3E000646500006770696F365F6D6F64650000BB
:10A3F0006770696F375F6D6F646500006770696FC4
:10A40000385F6D6F646500006770696F395F6D6FED
:10A41000646500006770696F31305F6D6F6465005F
:10A420006770696F31315F6D6F6465006770696F68
:10A4300031325F6D6F6465006770696F31335F6DD6
:10A440006F6465006770696F31345F6D6F646500BC
:10A450006770696F31355F6D6F6465006770696F34
:10A4600031365F6D6F6465006770696F315F70775B
:10A470006D5F6D617070696E670000006770696F75
:10A48000325F70776D5F6D617070696E670000009C
:10A490006770696F335F70776D5F6D617070696E43
:10A4A000670000006770696F345F70776D5F6D6182
:10A4B0007070696E67000000626175645F7261743C
:10A4C0006500000073697A650000000061646472D1
:10A4D00000000000616464725F6D617463685F63B3
:10A4E0006E74000072785F636E7400006572726F44
:10A4F000725F636E7400000074785F636E740000B6
:10A5000074785F6F76657272756E5F636E7400004B
:10A51000757074696D6500006D696E5F6865617066
:10A520005F737061636500006D61785F7374616370
:10A530006B5F75736167655F617869730000000028
:10A540006D61785F737461636B5F75736167655F7D
:10A55000757362006D61785F737461636B5F7573AF
:10A560006167655F75617274000000006D61785FFE
:10A57000737461636B5F75736167655F63616E00C0
:10A580006D61785F737461636B5F75736167655F3D
:10A5900073746172747570006D61785F7374616358
:10A5A0006B5F75736167655F616E616C6F670000FB
:10A5B000737461636B5F73697A655F617869730057
:10A5C000737461636B5F73697A655F7573620000B2
:10A5D000737461636B5F73697A655F756172740030
:10A5E000737461636B5F73697A655F7374617274AE
:10A5F00075700000737461636B5F73697A655F6384
:10A60000616E0000737461636B5F73697A655F618B
:10A610006E616C6F670000007072696F5F617869CE
:10A62000730000007072696F5F7573620000000054
:10A630007072696F5F756172740000007072696F8B
:10A640005F73746172747570000000007072696FDE
:10A650005F63616E000000007072696F5F616E6120
:10A660006C6F67006932630073746172745F746940
:10A670006D650000656E645F74696D6500000000C3
:10A680006D61785F6C656E677468000073616D70F2
:10A690006C696E6700000000636F6E74726F6C5FB0
:10A6A0006C6F6F705F6D697363000000636F6E7431
:10A6B000726F6C5F6C6F6F705F636865636B730064
:10A6C00064635F63616C69625F7761697400000055
:10A6D000766275735F766F6C746167650000000069
:10A6E0006962757300000000696275735F7265705E
:10A6F0006F72745F66696C7465725F6B0000000056
:10A7000073657269616C5F6E756D626572000000E1
:10A7100068775F76657273696F6E5F6D616A6F727D
:10A720000000000068775F76657273696F6E5F6D19
:10A73000696E6F720000000068775F7665727369FA
:10A740006F6E5F76617269616E74000066775F7626
:10A75000657273696F6E5F6D616A6F7200000000F1
:10A7600066775F76657273696F6E5F6D696E6F7223
:10A770000000000066775F76657273696F6E5F72C6
:10A7800065766973696F6E0066775F766572736967
:10A790006F6E5F756E72656C656173656400000055
:10A7A0006272616B655F7265736973746F725F610A
:10A7B000726D6564000000006272616B655F7265B6
:10A7C000736973746F725F736174757261746564B9
:10A7D000000000006272616B655F7265736973747B
:10A7E0006F725F63757272656E7400006E5F65767E
:10A7F000745F73616D706C696E6700006E5F657683
:10A80000745F636F6E74726F6C5F6C6F6F7000005B
:10A810007461736B5F74696D6572735F61726D658E
:10A820006400000073797374656D5F737461747391
:10A8300000000000757365725F636F6E6669675F25
:10A840006C6F6164656400006D6973636F6E666947
:10A8500067757265640000006F7363696C6C6F7379
:10A86000636F706500000000746573745F70726FD1
:10A8700070657274790000006F74705F76616C6946
:10A8800064000000617869733000000061786973CA
:10A890003100000024910408C4EC00203891040821
:10A8A000C4EC002048910408C4EC00206491040822
:10A8B000C4EC002074910408C4EC0020D09104087A
:10A8C000C4EC002084910408C4EC0020A09104088A
:10A8D000C4EC0020B8910408C4EC0020C89104081E
:10A8E000C4EC0020A49D0408C4EC0020E4910408FA
:10A8F000C4EC0020F4910408C4EC00200092040889
:10A90000F4E800200C920408A8E900201C92040836
:10A91000F0EA002000920408F4E8002004960408FD
:10A92000A8E9002024920408BCE900202C92040825
:10A93000A8E900203C92040894E900204892040809
:10A94000E4EC00201C92040808EB00205892040854
:10A95000BCE9002064920408BCE90020709204085D
:10A96000BCE900201C92040820EB00207C92040823
:10A97000BCE900208C920408BCE900209C920408E9
:10A98000BCE90020AC9204082CE80020B492040832
:10A9900014ED0020BC92040814ED0020C4920408B9
:10A9A00014ED0020D092040814ED00201C9204083D
:10A9B00038EB0020E0920408BCE90020F092040883
:10A9C00014ED0020FC92040814ED00200893040804
:10A9D00014ED00201893040814ED00202C930408B3
:10A9E00014ED00201C92040850EB002090960408FF
:10A9F00040E800203C930408A8E900204C93040898
:10AA0000BCE9002048930408A8E900205C930408EE
:10AA1000A8E9002074930408F4E80020889304084F
:10AA2000CCE8002008930408CCE800208C930408AC
:10AA3000BCE90020A0930408CCE80020AC930408F3
:10AA4000A8E90020BC930408A8E90020909204081B
:10AA5000BCE90020D8930408BCE90020E493040872
:10AA6000BCE90020F8930408BCE900200C94040819
:10AA7000A8E900202894040868E800203894040815
:10AA8000A8E9002054940408F4E80020689404081D
:10AA9000F4E80020AC92040854E800207C940408F8
:10AAA000E4EC002088940408E4EC0020949404086A
:10AAB000ACEC0020A4940408ACEC0020B49404088E
:10AAC00014ED0020B492040814ED0020C49404088E
:10AAD00014ED0020D494040814ED0020E894040838
:10AAE00014ED0020F894040814ED002008950408E3
:10AAF00014ED002020950408F4EC0020D092040806
:10AB000014ED00202C95040814ED00204095040855
:10AB100014ED002054950408CCE800205C9504084E
:10AB200014ED00201C92040868EB00206C950408CA
:10AB3000BCE9002078950408BCE900208895040849
:10AB4000BCE9002098950408BCE900204093040863
:10AB5000D4EC0020AC930408A8E90020AC950408CC
:10AB6000E4EC0020C0950408BCE90020D49504085A
:10AB7000BCE90020E895040814ED0020F8950408CD
:10AB8000A8E900200C960408BCE9002024960408DB
:10AB9000A8E9002038960408A8E90020589604087F
:10ABA000A8E9002070960408A8E900208896040807
:10ABB00090E80020989604087CE80020A4960408F9
:10ABC000BCE90020B0960408BCE90020BC9604084B
:10ABD000BCE90020D0960408BCE900205892040883
:10ABE000BCE90020E8960408BCE90020FC960408B3
:10ABF000BCE900200C970408BCE900202097040859
:10AC0000A8E9002034970408BCE900204C97040808
:10AC1000CCE8002068970408BCE900207897040875
:10AC2000BCE900208097040868E800209097040899
:10AC3000BCE90020A0970408BCE90020B4970408F0
:10AC400068E80020C8970408BCE90020E0970408E1
:10AC500098EB0020EC970408BCE900200898040851
:10AC6000BCE9002024980408BCE9002048980408A6
:10AC7000BCE90020AC920408A4E800206C98040809
:10AC8000BCE900207C980408BCE9002088980408EE
:10AC9000BCE9002094980408BCE90020A4980408AA
:10ACA00014ED0020B498040814ED0020C4980408A2
:10ACB00014ED0020D4980408E4EC0020E498040883
:10ACC000BCE90020FC980408A8E9002010990408B9
:10ACD000BCE900201C9204088CEB00202499040895
:10ACE00080EB00203099040814ED002044990408FA
:10ACF00014ED0020AC930408A8E90020589904083A
:10AD0000CCE8002064990408BCE900207899040884
:10AD1000BCE9002098990408BCE90020AC9904081B
:10AD2000BCE90020C0990408BCE90020D0990408BF
:10AD3000B8E80020DC990408BCE90020E899040880
:10AD4000BCE90020FC990408BCE90020089A04082A
:10AD5000BCE90020249A0408BCE90020409A0408B9
:10AD6000BCE90020589A0408BCE90020749A040841
:10AD7000BCE90020889A0408BCE90020A09A0408D5
:10AD8000A8E90020B89A0408BCE90020D49A040875
:10AD9000BCE90020F09A0408A8E90020009B040800
:10ADA000A8E90020109B0408BCE90020209B0408AF
:10ADB000BCE90020309B0408BCE900203C9B04084F
:10ADC000BCE900204C9B040814ED0020549B0408AF
:10ADD00014ED00205C9B0408BCE90020789B04086B
:10ADE00014ED0020849B040814ED0020909B0408BF
:10ADF00014ED00209C9B040814ED0020B49204087C
:10AE000014ED0020C492040814ED0020A89B04084F
:10AE100014ED0020B89B040814ED0020C89B040822
:10AE200014ED0020D49B040814ED0020E09B0408DE
:10AE300014ED0020E89B0408BCE90020089C0408ED
:10AE4000BCE90020289C040814ED0020389C04086C
:10AE500014ED002068A00408F4E80020489C0408D1
:10AE6000BCE900205C9C0408BCE90020709C04083C
:10AE7000BCE90020849C0408BCE90020989C0408DC
:10AE8000BCE90020AC9C0408BCE90020049604083E
:10AE9000A8E90020C09C040814ED00201C920408BE
:10AEA000D4EB0020989C0408BCE90020AC9C04086A
:10AEB000BCE9002004960408A8E90020C09C04080E
:10AEC00014ED00201C920408ECEB00206C980408A0
:10AED000BCE90020AC920408E0E80020CC9C040807
:10AEE000E4EC0020D89C0408E4EC0020E89C040872
:10AEF00014ED0020FC9C040814ED0020109D0408B3
:10AF000014ED0020249D0408BCE90020349D0408B1
:10AF1000BCE90020449D0408BCE90020549D0408BD
:10AF200014ED00205C9D0408BCE90020749D040819
:10AF300014ED00208C9D040814ED0020A09D040851
:10AF400014ED0020B09D0408E0EB0020C09D040833
:10AF5000C8EB0020D49D0408BCEB0020E49D04084D
:10AF6000D4EC0020009E0408D4EC00201C920408BD
:10AF7000B0EB0020149E040894E900201C9E0408F5
:10AF8000A8E90020289E040894E900203C9E0408BB
:10AF900094E900204C9E040894E90020609E040877
:10AFA00094E90020789E040894E90020949E040807
:10AFB00094E90020B09E040894E90020C89E04088B
:10AFC00094E90020D49E040894E90020E89E040837
:10AFD00094E90020989D0408BCE90020F89E04082C
:10AFE000BCE90020049F0408BCE90020149F040869
:10AFF000BCE900201C9F0408BCE90020209F040835
:10B00000BCE90020309F0408A8E90020409F040804
:10B01000A8E90020549F0408A8E90020989D04088E
:10B02000BCE90020F89E0408BCE90020049F040845
:10B03000BCE90020149F0408BCE900201C9F040800
:10B04000BCE90020689F0408A8E90020849F040848
:10B05000A8E90020A49F0408A8E90020C89F0408CC
:10B06000A8E90020E49F0408A8E90020F49F040850
:10B07000A8E9002004A00408A8E9002018A00408FA
:10B08000A8E9002030A00408BCE9002044A004087E
:10B09000A8E9002054A00408F4E8002064A00408F3
:10B0A000F4E8002074A004081CEC002088A0040828
:10B0B00010EC002098A0040810EC00207CA50408E7
:10B0C00004EC0020AC9204081CE90020A8A00408AD
:10B0D000E4EC0020B8A00408D4EC0020C8A00408C8
:10B0E0003CEC0020D0A004082CEC0020E0A00408D8
:10B0F00008E90020F0A00408A8E900201C92040838
:10B10000F8EB0020FCA00408A4EB002004A1040834
:10B1100074EB002010A104085CEB002018A10408C7
:10B1200044EB002028A104082CEB002040A10408D7
:10B1300014EB00204CA10408FCEA002058A10408EC
:10B14000FCEA002064A10408E4EA002078A10408D5
:10B15000D8EA002084A1040844E9002090A1040852
:10B16000BCE9002094A10408BCE9002098A10408CF
:10B17000A8E90020A8A10408A8E90020B8A10408B3
:10B18000A8E90020C8A1040894E90020D8A1040877
:10B1900094E90020E8A1040894E90020F8A104083B
:10B1A000A8E9002008A20408A8E9002018A20408C1
:10B1B00058E900202CA2040858E900203CA2040809
:10B1C00058E900204CA2040858E900205CA20408B9
:10B1D000BCE9002070A20408BCE9002084A2040895
:10B1E000A8E900209CA20408BCE90020BCA2040835
:10B1F000BCE90020DCA20408A8E90020FCA20408A5
:10B20000BCE900201CA30408BCE9002038A3040802
:10B21000BCE9002050A30408BCE9002068A304088E
:10B2200094E9002078A3040854EC002090A30408BB
:10B2300054EC0020A8A3040830E90020B4A30408BB
:10B2400030E90020C0A3040830E90020CCA30408A2
:10B2500030E90020D8A3040830E90020E4A3040862
:10B2600030E90020F0A3040830E90020FCA3040822
:10B2700030E9002008A4040830E9002014A40408E0
:10B2800030E9002020A4040830E900202CA40408A0
:10B2900030E9002038A4040830E9002044A4040860
:10B2A00030E9002050A4040830E900205CA4040820
:10B2B00030E9002068A4040854EC00207CA40408B1
:10B2C00054EC002090A4040854EC0020A4A404082A
:10B2D00054EC0020B8A4040894E9002020A204083B
:10B2E0006CE90020AC92040880E900201C9204085C
:10B2F0006CEC0020C4A40408D4EC0020CCA4040806
:10B30000F4EC0020D4A40408D4EC0020E4A4040845
:10B31000D4EC0020ECA40408D4EC0020E4A404083D
:10B32000D4EC0020F8A40408D4EC002000A5040804
:10B33000D4EC002010A50408D4EC002018A50408C3
:10B34000D4EC002028A50408D4EC002040A5040873
:10B35000D4EC002054A50408D4EC00206CA504080B
:10B36000D4EC002080A50408D4EC002098A50408A3
:10B37000D4EC0020B0A50408D4EC0020C0A504083B
:10B38000D4EC0020D0A50408D4EC0020E0A50408EB
:10B39000D4EC0020F4A50408D4EC002004A6040892
:10B3A000D4EC002018A60408ACEC002024A6040865
:10B3B000ACEC002030A60408ACEC00203CA604084D
:10B3C000ACEC00204CA60408ACEC002058A6040805
:10B3D000ACEC002050A504089CEC002064A60408F6
:10B3E00090EC002068A60408D4EC002074A60408A1
:10B3F000D4EC002084A60408D4EC002080A6040825
:10B4000094E900208CA60408C4EC002098A6040847
:10B41000C4EC0020ACA60408C4EC0020C0A60408BC
:10B42000C4EC0020AC920408D0E90020D0A60408A7
:10B4300014ED0020E0A6040814ED0020E8A604089E
:10B44000BCE9002000A7040804ED002010A70408B0
:10B45000F4EC002024A70408F4EC002038A704082A
:10B46000F4EC00204CA70408F4EC002060A70408CA
:10B47000F4EC002074A70408F4EC002088A704086A
:10B48000F4EC0020A0A70408E4EC0020B8A704080E
:10B49000E4EC0020D4A7040814ED0020ECA7040875
:10B4A000D4EC0020FCA70408D4EC002010A8040869
:10B4B000A8E9002078A10408B8EC002024A804081A
:10B4C00084EC002034A80408D4EC002048A8040828
:10B4D000E4EC002058A8040878EC00207CA50408BF
:10B4E00060EC002068A8040894E9002078A804080B
:10B4F000E4EC00201C92040848EC002084A8040816
:10B50000CCEA00208CA80408CCEA002031354F4456
:10B51000726976653354797065496E666F49364F46
:10B520004472697665450000A4CF04080CB5040890
:10B53000B0A803083231466962726550726F706557
:10B5400072747954797065496E666F493850726FBC
:10B550007065727479494B66454500001CD004083B
:10B5600034B504080000000002000000D4A803085D
:10B5700002000000B0A8030802040000323146694E
:10B5800062726550726F7065727479547970654932
:10B590006E666F493850726F7065727479494B7975
:10B5A000454500001CD004087CB5040800000000DC
:10B5B00002000000D4A8030802000000B0A803089D
:10B5C000020400003231466962726550726F706524
:10B5D00072747954797065496E666F493850726F2C
:10B5E0007065727479494B68454500001CD00408A9
:10B5F000C4B504080000000002000000D4A803083D
:10B6000002000000B0A803080204000032314669BD
:10B6100062726550726F70657274795479706549A1
:10B620006E666F493850726F7065727479494B62FB
:10B63000454500001CD004080CB6040800000000BA
:10B6400002000000D4A8030802000000B0A803080C
:10B65000020400003231466962726550726F706593
:10B6600072747954797065496E666F493850726F9B
:10B670007065727479494B6D454500001CD0040813
:10B6800054B604080000000002000000D4A803081B
:10B6900002000000B0A803080204000032334F4447
:10B6A000726976655461736B54696D657354797012
:10B6B00065496E666F49395461736B54696D657382
:10B6C00045000000A4CF04089CB60408B0A80308F5
:10B6D00032334F44726976655461736B54696D659A
:10B6E0007254797065496E666F49395461736B5451
:10B6F000696D657245000000A4CF0408D0B6040847
:10B70000B0A8030832354F44726976655379737473
:10B71000656D537461747354797065496E666F49D1
:10B72000313353797374656D53746174735F744509
:10B7300000000000A4CF040804B70408B0A8030860
:10B740003231466962726550726F706572747954F5
:10B75000797065496E666F493850726F70657274A2
:10B7600079494B6C454500001CD0040840B70408DB
:10B770000000000002000000D4A80308020000003E
:10B78000B0A803080204000032384F44726976659D
:10B7900053797374656D537461747355736254791E
:10B7A0007065496E666F4931305553425374617408
:10B7B000735F744500000000A4CF040888B7040834
:10B7C000B0A8030832384F447269766553797374B0
:10B7D000656D537461747349324354797065496E71
:10B7E000666F49313049324353746174735F7445F5
:10B7F00000000000A4CF0408C4B70408B0A80308E0
:10B8000032364F44726976654F7363696C6C6F733F
:10B81000636F706554797065496E666F4931324F58
:10B820007363696C6C6F73636F7065450000000033
:10B83000A4CF040800B80408B0A8030831374F4467
:10B840007269766543616E54797065496E666F49B9
:10B85000394F447269766543414E4500A4CF0408D0
:10B860003CB80408B0A8030832334F4472697665C7
:10B8700043616E436F6E66696754797065496E66A1
:10B880006F494E394F447269766543414E38436F74
:10B890006E6669675F74454500000000A4CF040828
:10B8A00068B80408B0A8030832314F44726976655D
:10B8B00033436F6E66696754797065496E666F4988
:10B8C0003133426F617264436F6E6669675F7445BE
:10B8D00000000000A4CF0408A8B80408B0A803081A
:10B8E00032324F4472697665456E64706F696E746A
:10B8F00054797065496E666F49313250574D4D61CC
:10B900007070696E675F744500000000A4CF040882
:10B91000E0B80408B0A8030831384F44726976656E
:10B920004178697354797065496E666F493441781E
:10B9300069734500A4CF040818B90408B0A8030827
:10B940003231466962726550726F706572747954F3
:10B95000797065496E666F493850726F70657274A0
:10B9600079494B78454500001CD0040840B90408CB
:10B970000000000002000000D4A80308020000003C
:10B98000B0A80308020400003231466962726550B3
:10B99000726F706572747954797065496E666F491B
:10B9A0003850726F7065727479494B4E31304F4424
:10B9B00072697665496E74663841786973496E7448
:10B9C0006639417869735374617465454545000073
:10B9D0001CD0040888B90408000000000200000020
:10B9E000D4A8030802000000B0A803080204000065
:10B9F00032344F447269766541786973436F6E667D
:10BA0000696754797065496E666F494E344178694B
:10BA10007338436F6E6669675F74454500000000C8
:10BA2000A4CF0408F0B90408B0A8030834314F4487
:10BA30007269766541786973436F6E6669674361C1
:10BA40006C6962726174696F6E4C6F636B696E547E
:10BA5000797065496E666F494E3441786973313447
:10BA60004C6F636B696E436F6E6669675F744545C3
:10BA700000000000A4CF04082CBA0408B0A80308F2
:10BA800033304F4472697665417869734C6F636BEC
:10BA9000696E436F6E66696754797065496E666F4B
:10BAA000494E344178697331344C6F636B696E432E
:10BAB0006F6E6669675F744545000000A4CF040897
:10BAC00080BA0408B0A8030832374F44726976651B
:10BAD0004178697343616E436F6E6669675479702C
:10BAE00065496E666F494E3441786973313143411F
:10BAF0004E436F6E6669675F74454500A4CF0408C6
:10BB0000C8BA0408B0A8030831394F447269766591
:10BB10004D6F746F7254797065496E666F49354D1B
:10BB20006F746F7245000000A4CF040808BB0408BE
:10BB3000B0A8030834354F44726976654F6E626F62
:10BB4000617264546865726D6973746F7243757263
:10BB500072656E744C696D6974657254797065496B
:10BB60006E666F4933314F6E626F617264546865FF
:10BB7000726D6973746F7243757272656E744C691D
:10BB80006D69746572450000A4CF040834BB0408D5
:10BB9000B0A8030835314F44726976654F6E626F05
:10BBA000617264546865726D6973746F7243757203
:10BBB00072656E744C696D69746572436F6E666907
:10BBC0006754797065496E666F494E33314F6E62C6
:10BBD0006F617264546865726D6973746F724375D6
:10BBE0007272656E744C696D6974657238436F6EFC
:10BBF0006669675F74454500A4CF040894BB0408D8
:10BC0000B0A8030834364F44726976654F666662A1
:10BC10006F617264546865726D6973746F72437595
:10BC20007272656E744C696D697465725479706571
:10BC3000496E666F4933324F6666626F6172645453
:10BC40006865726D6973746F7243757272656E7434
:10BC50004C696D697465724500000000A4CF04084A
:10BC600004BC0408B0A8030835324F4472697665F5
:10BC70004F6666626F617264546865726D69737451
:10BC80006F7243757272656E744C696D697465721A
:10BC9000436F6E66696754797065496E666F494E89
:10BCA00033324F6666626F617264546865726D69A3
:10BCB00073746F7243757272656E744C696D6974DA
:10BCC000657238436F6E6669675F744545000000B2
:10BCD000A4CF040868BC0408B0A8030833334F4459
:10BCE000726976654D6F746F7243757272656E74AA
:10BCF000436F6E74726F6C54797065496E666F49EC
:10BD000032334669656C644F7269656E746564436D
:10BD10006F6E74726F6C6C6572450000A4CF04087E
:10BD2000DCBC0408B0A8030832354F44726976655C
:10BD30004D6F746F72436F6E6669675479706549B1
:10BD40006E666F494E354D6F746F7238436F6E6615
:10BD500069675F7445450000A4CF040828BD040846
:10BD6000B0A8030832344F4472697665436F6E742D
:10BD7000726F6C6C657254797065496E666F49318B
:10BD800030436F6E74726F6C6C657245000000001A
:10BD9000A4CF040864BD0408B0A8030833304F449E
:10BDA00072697665436F6E74726F6C6C6572436F07
:10BDB0006E66696754797065496E666F494E3130B9
:10BDC000436F6E74726F6C6C657238436F6E666928
:10BDD000675F744545000000A4CF04089CBD0408BB
:10BDE000B0A8030834314F4472697665436F6E74AE
:10BDF000726F6C6C6572436F6E666967416E7469D1
:10BE0000636F6767696E6754797065496E666F49DD
:10BE10004E3130436F6E74726F6C6C6572313341AA
:10BE20006E7469636F6767696E675F74454500008C
:10BE3000A4CF0408E4BD0408B0A8030833344F4479
:10BE400072697665436F6E74726F6C6C6572417562
:10BE5000746F74756E696E6754797065496E666F3C
:10BE6000494E3130436F6E74726F6C6C6572313253
:10BE70004175746F74756E696E675F744545000037
:10BE8000A4CF04083CBE0408B0A8030832314F44D4
:10BE900072697665456E636F646572547970654941
:10BEA0006E666F4937456E636F64657245000000CA
:10BEB000A4CF04088CBE0408B0A8030832374F444E
:10BEC00072697665456E636F646572436F6E66690D
:10BED0006754797065496E666F494E37456E636F7A
:10BEE00064657238436F6E6669675F74454500002C
:10BEF000A4CF0408BCBE0408B0A8030832374F44DE
:10BF0000726976654163696D457374696D61746FBB
:10BF10007254797065496E666F4931334163696D5A
:10BF2000457374696D61746F72450000A4CF040895
:10BF3000FCBE0408B0A8030833334F447269766529
:10BF40004163696D457374696D61746F72436F6E9F
:10BF500066696754797065496E666F494E31334141
:10BF600063696D457374696D61746F7238436F6E88
:10BF70006669675F74454500A4CF040838BF0408AC
:10BF8000B0A8030833334F447269766553656E7306
:10BF90006F726C657373457374696D61746F7254FD
:10BFA000797065496E666F49313953656E736F728A
:10BFB0006C657373457374696D61746F72450000CD
:10BFC000A4CF040884BF0408B0A8030833394F4441
:10BFD0007269766553656E736F726C6573734573C2
:10BFE00074696D61746F72436F6E666967547970BE
:10BFF00065496E666F494E313953656E736F726C69
:10C00000657373457374696D61746F7238436F6ED5
:10C010006669675F74454500A4CF0408CCBF040877
:10C02000B0A8030833354F44726976655472617065
:10C03000657A6F6964616C5472616A6563746F726A
:10C040007954797065496E666F4932315472617006
:10C05000657A6F6964616C5472616A6563746F724A
:10C0600079450000A4CF040824C00408B0A8030840
:10C0700034314F447269766554726170657A6F69C4
:10C0800064616C5472616A6563746F7279436F6E38
:10C0900066696754797065496E666F494E323154EE
:10C0A000726170657A6F6964616C5472616A65630C
:10C0B000746F727938436F6E6669675F74454500C7
:10C0C000A4CF040870C00408B0A8030832314F445C
:10C0D00072697665456E6473746F705479706549E2
:10C0E0006E666F4937456E6473746F70450000006B
:10C0F000A4CF0408CCC00408B0A8030832374F44CA
:10C1000072697665456E6473746F70436F6E6669AD
:10C110006754797065496E666F494E37456E647332
:10C12000746F7038436F6E6669675F7445450000D1
:10C13000A4CF0408FCC00408B0A8030832394F4457
:10C14000726976654D656368616E6963616C4272A0
:10C15000616B6554797065496E666F4931354D651F
:10C160006368616E6963616C4272616B6545000072
:10C17000A4CF04083CC10408B0A8030833354F44D9
:10C18000726976654D656368616E6963616C427260
:10C19000616B65436F6E66696754797065496E6659
:10C1A0006F494E31354D656368616E6963616C42FC
:10C1B00072616B6538436F6E6669675F74454500F1
:10C1C000A4CF04087CC10408B0A8030832374F4448
:10C1D00072697665417869735461736B54696D65F2
:10C1E0007354797065496E666F494E34417869734E
:10C1F000395461736B54696D6573454500000000E7
:10C20000A4CF0408CCC10408B0A8030800000000B3
:10C2100028B5040871500308000000005CB504084C
:10C2200061520308FD40020849500308FCFFFFFF6C
:10C230005CB504086950030800000000A4B50408B8
:10C24000B1520308FD40020821500308FCFFFFFF24
:10C25000A4B504084150030800000000ECB5040830
:10C260003D520308FD400208F94F0308FCFFFFFFA1
:10C27000ECB50408195003080000000034B60408A7
:10C28000B5510308FD400208D14F0308FCFFFFFF32
:10C2900034B60408F14F0308000000007CB604081F
:10C2A00019520308FD400208A94F0308FCFFFFFFD5
:10C2B0007CB60408C94F030800000000C4B6040897
:10C2C000854F030800000000F8B60408454F030836
:10C2D0000000000034B70408B14E0308000000005D
:10C2E00068B70408F5510308FD400208894E0308A9
:10C2F000FCFFFFFF68B70408A94E03080000000018
:10C30000B8B70408614E030800000000F4B7040841
:10C31000294E03080000000030B804080D4E030841
:10C32000000000005CB80408E14D030800000000B4
:10C330009CB80408A94D030800000000D4B8040804
:10C340005D4C0308000000000CB904081D4C0308F4
:10C350000000000034B90408394B03080000000055
:10C3600068B904088D520308FD400208114B030808
:10C37000FCFFFFFF68B90408314B03080000000010
:10C38000D0B90408D1510308FD400208E94A030866
:10C39000FCFFFFFFD0B90408094B030800000000B0
:10C3A00020BA0408494A03080000000074BA0408CF
:10C3B0000D4A030800000000BCBA0408AD49030898
:10C3C00000000000FCBA0408414903080000000016
:10C3D00028BB04086D4803080000000088BB04085F
:10C3E0004948030800000000F8BB04080948030896
:10C3F000000000005CBC0408E547030800000000E2
:10C40000D0BC04087D470308000000001CBD0408E0
:10C41000B94603080000000058BD0408A9450308F8
:10C420000000000090BD0408BD44030800000000A7
:10C43000D8BD0408814303080000000030BE040892
:10C44000F94203080000000080BE0408C54203084A
:10C4500000000000B0BE0408F54103080000000021
:10C46000F0BE0408D1400308000000002CBF0408FF
:10C47000814003080000000078BF04086140030801
:10C4800000000000C0BF04080140030800000000D5
:10C4900018C00408D13F03080000000064C004086D
:10C4A000BD3F030800000000C0C004088D3F030822
:10C4B00000000000F0C00408693F0308000000000D
:10C4C00030C10408F13E03080000000070C10408F8
:10C4D000DD3E030800000000C0C10408A53E0308BB
:10C4E0000000000000C20408513E03087561727428
:10C4F0005F7365727665725F7468726561645F64AC
:10C50000656600004E356669627265323641737940
:10C510006E6353747265616D53696E6B4D756C74A7
:10C5200069706C65786572494C6A32454545000012
:10C53000A4CF040804C50408E0A00308000000001C
:10C5400030C504087D77030845780308A4CF0408A4
:10C5500064C50408BCA00308A4CF040880C504086F
:10C56000E0A003084E356669627265313753746D19
:10C57000333255617274527853747265616D45003F
:10C580004E356669627265313753746D3332556169
:10C590007274547853747265616D45000000000038
:10C5A0004CC504087D760308797603080000000076
:10C5B00058C504081D7703087976030800100000A9
:10C5C0007573625F7365727665725F7468726561B8
:10C5D000645F646566000000A4CF0408F0C5040829
:10C5E000BCA00308A4CF04080CC60408E0A00308FC
:10C5F0004E356669627265313653746D33325573E8
:10C6000062527853747265616D4500004E356669FB
:10C61000627265313653746D333255736254785398
:10C62000747265616D45000000000000D8C5040803
:10C63000017D03086D7C030800000000E4C50408C8
:10C64000717C03086D7C03080010000006000000E8
:10C650000005060100000000920E493CB10AC93CE9
:10C660002BC3163D2EFB483D752B7B3D04A9963D03
:10C6700080B6AF3D36BDC83D2FBCE13D73B2FA3D3B
:10C6800087CF093E8340163EB5AB223EA2102F3E17
:10C69000CF6E3B3EC2C5473E0115543E135C603E23
:10C6A0007F9A6C3ECCCF783EC07D823E938E883E92
:10C6B000229A8E3E32A0943E86A09A3EE59AA03EF3
:10C6C000128FA63ED47CAC3EEF63B23E2A44B83E05
:10C6D000491DBE3E15EFC33E53B9C93ECA7BCF3E8E
:10C6E0004136D53E80E8DA3E4F92E03E7533E63E75
:10C6F000BBCBEB3EEA5AF13ECBE0F63E275DFC3E7B
:10C70000E4E7003F3D9C033F824B063F9BF5083F1B
:10C710006B9A0B3FDA390E3FCDD3103F2A68133F97
:10C72000D9F6153FC07F183FC6021B3FD17F1D3F82
:10C73000CBF61F3F9967223F25D2243F5636273F2D
:10C740001594293F4AEB2B3FDE3B2E3FBB85303F04
:10C75000C9C8323FF304353F233A373F4268393F77
:10C760003B8F3B3FF9AE3D3F67C73F3F70D8413FEE
:10C7700001E2433F03E4453F65DE473F12D1493FB5
:10C78000F8BB4B3F029F4D3F207A4F3F3D4D513FFD
:10C790004918533F31DB543FE595563F5348583FC6
:10C7A0006AF2593F1A945B3F532D5D3F05BE5E3FD1
:10C7B0002146603F97C5613F5A3C633F59AA643F99
:10C7C000880F663FD86B673F3CBF683FA7096A3F49
:10C7D0000C4B6B3F5E836C3F93B26D3F9ED86E3FB8
:10C7E00073F56F3F0809713F5213723F4714733F4F
:10C7F000DD0B743F0BFA743FC6DE753F07BA763F18
:10C80000C58B773FF853783F9812793F9DC7793FA2
:10C8100002737A3FBE147B3FCDAC7B3F283B7C3F0D
:10C82000C9BF7C3FAC3A7D3FCCAB7D3F23137E3FFD
:10C83000B0707E3F6DC47E3F580E7F3F6D4E7F3F90
:10C84000AB847F3F0FB17F3F97D37F3F43EC7F3F68
:10C8500011FB7F3F0000803F11FB7F3F43EC7F3F98
:10C8600097D37F3F0FB17F3FAB847F3F6D4E7F3FBC
:10C87000580E7F3F6DC47E3FB0707E3F23137E3FD6
:10C88000CCAB7D3FAC3A7D3FC9BF7C3F283B7C3F72
:10C89000CDAC7B3FBE147B3F02737A3F9DC7793F8F
:10C8A0009812793FF853783FC58B773F07BA763FA8
:10C8B000C6DE753F0BFA743FDD0B743F4714733FC0
:10C8C0005213723F0809713F73F56F3F9ED86E3F58
:10C8D00093B26D3F5E836C3F0C4B6B3FA7096A3F81
:10C8E0003CBF683FD86B673F880F663F59AA643FDB
:10C8F0005A3C633F97C5613F2146603F05BE5E3F9E
:10C90000532D5D3F1A945B3F6AF2593F5348583F9D
:10C91000E595563F31DB543F4918533F3D4D513F5C
:10C92000207A4F3F029F4D3FF8BB4B3F12D1493F0A
:10C9300065DE473F03E4453F01E2433F70D8413F96
:10C9400067C73F3FF9AE3D3F3B8F3B3F4268393FB2
:10C95000233A373FF304353FC9C8323FBB85303FE8
:10C96000DE3B2E3F4AEB2B3F1594293F5636273F9F
:10C9700025D2243F9967223FCBF61F3FD17F1D3F31
:10C98000C6021B3FC07F183FD9F6153F2A68133FE8
:10C99000CDD3103FDA390E3F6B9A0B3F9BF5083F22
:10C9A000824B063F3D9C033FE4E7003F275DFC3E92
:10C9B000CBE0F63EEA5AF13EBBCBEB3E7533E63EAA
:10C9C0004F92E03E80E8DA3E4136D53ECA7BCF3E0C
:10C9D00053B9C93E15EFC33E491DBE3E2A44B83E79
:10C9E000EF63B23ED47CAC3E128FA63EE59AA03EE9
:10C9F00086A09A3E32A0943E229A8E3E938E883E26
:10CA0000C07D823ECCCF783E7F9A6C3E135C603E08
:10CA10000115543EC2C5473ECF6E3B3EA2102F3E8D
:10CA2000B5AB223E8340163E87CF093E73B2FA3D36
:10CA30002FBCE13D36BDC83D80B6AF3D04A9963D53
:10CA4000752B7B3D2EFB483D2BC3163DB10AC93CDF
:10CA5000920E493C00000000920E49BCB10AC9BCCC
:10CA60002BC316BD2EFB48BD752B7BBD04A996BDFF
:10CA700080B6AFBD36BDC8BD2FBCE1BD73B2FABD37
:10CA800087CF09BE834016BEB5AB22BEA2102FBE13
:10CA9000CF6E3BBEC2C547BE011554BE135C60BE1F
:10CAA0007F9A6CBECCCF78BEC07D82BE938E88BE8E
:10CAB000229A8EBE32A094BE86A09ABEE59AA0BEEF
:10CAC000128FA6BED47CACBEEF63B2BE2A44B8BE01
:10CAD000491DBEBE15EFC3BE53B9C9BECA7BCFBE8A
:10CAE0004136D5BE80E8DABE4F92E0BE7533E6BE71
:10CAF000BBCBEBBEEA5AF1BECBE0F6BE275DFCBE77
:10CB0000E4E700BF3D9C03BF824B06BF9BF508BF17
:10CB10006B9A0BBFDA390EBFCDD310BF2A6813BF93
:10CB2000D9F615BFC07F18BFC6021BBFD17F1DBF7E
:10CB3000CBF61FBF996722BF25D224BF563627BF29
:10CB4000159429BF4AEB2BBFDE3B2EBFBB8530BF00
:10CB5000C9C832BFF30435BF233A37BF426839BF73
:10CB60003B8F3BBFF9AE3DBF67C73FBF70D841BFEA
:10CB700001E243BF03E445BF65DE47BF12D149BFB1
:10CB8000F8BB4BBF029F4DBF207A4FBF3D4D51BFF9
:10CB9000491853BF31DB54BFE59556BF534858BFC2
:10CBA0006AF259BF1A945BBF532D5DBF05BE5EBFCD
:10CBB000214660BF97C561BF5A3C63BF59AA64BF95
:10CBC000880F66BFD86B67BF3CBF68BFA7096ABF45
:10CBD0000C4B6BBF5E836CBF93B26DBF9ED86EBFB4
:10CBE00073F56FBF080971BF521372BF471473BF4B
:10CBF000DD0B74BF0BFA74BFC6DE75BF07BA76BF14
:10CC0000C58B77BFF85378BF981279BF9DC779BF9E
:10CC100002737ABFBE147BBFCDAC7BBF283B7CBF09
:10CC2000C9BF7CBFAC3A7DBFCCAB7DBF23137EBFF9
:10CC3000B0707EBF6DC47EBF580E7FBF6D4E7FBF8C
:10CC4000AB847FBF0FB17FBF97D37FBF43EC7FBF64
:10CC500011FB7FBF000080BF11FB7FBF43EC7FBF94
:10CC600097D37FBF0FB17FBFAB847FBF6D4E7FBFB8
:10CC7000580E7FBF6DC47EBFB0707EBF23137EBFD2
:10CC8000CCAB7DBFAC3A7DBFC9BF7CBF283B7CBF6E
:10CC9000CDAC7BBFBE147BBF02737ABF9DC779BF8B
:10CCA000981279BFF85378BFC58B77BF07BA76BFA4
:10CCB000C6DE75BF0BFA74BFDD0B74BF471473BFBC
:10CCC000521372BF080971BF73F56FBF9ED86EBF54
:10CCD00093B26DBF5E836CBF0C4B6BBFA7096ABF7D
:10CCE0003CBF68BFD86B67BF880F66BF59AA64BFD7
:10CCF0005A3C63BF97C561BF214660BF05BE5EBF9A
:10CD0000532D5DBF1A945BBF6AF259BF534858BF99
:10CD1000E59556BF31DB54BF491853BF3D4D51BF58
:10CD2000207A4FBF029F4DBFF8BB4BBF12D149BF06
:10CD300065DE47BF03E445BF01E243BF70D841BF92
:10CD400067C73FBFF9AE3DBF3B8F3BBF426839BFAE
:10CD5000233A37BFF30435BFC9C832BFBB8530BFE4
:10CD6000DE3B2EBF4AEB2BBF159429BF563627BF9B
:10CD700025D224BF996722BFCBF61FBFD17F1DBF2D
:10CD8000C6021BBFC07F18BFD9F615BF2A6813BFE4
:10CD9000CDD310BFDA390EBF6B9A0BBF9BF508BF1E
:10CDA000824B06BF3D9C03BFE4E700BF275DFCBE8E
:10CDB000CBE0F6BEEA5AF1BEBBCBEBBE7533E6BEA6
:10CDC0004F92E0BE80E8DABE4136D5BECA7BCFBE08
:10CDD00053B9C9BE15EFC3BE491DBEBE2A44B8BE75
:10CDE000EF63B2BED47CACBE128FA6BEE59AA0BEE5
:10CDF00086A09ABE32A094BE229A8EBE938E88BE22
:10CE0000C07D82BECCCF78BE7F9A6CBE135C60BE04
:10CE1000011554BEC2C547BECF6E3BBEA2102FBE89
:10CE2000B5AB22BE834016BE87CF09BE73B2FABD32
:10CE30002FBCE1BD36BDC8BD80B6AFBD04A996BD4F
:10CE4000752B7BBD2EFB48BD2BC316BDB10AC9BCDB
:10CE5000920E49BC00000080A4CF040864CE0408F0
:10CE6000C8CF04084E31305F5F63787861626976BD
:10CE70003131375F5F636C6173735F747970655FC5
:10CE8000696E666F450000000000000058CE04087F
:10CE9000698203087D82030821900308219003081A
:10CEA000F982030829820308DD82030899820308B6
:10CEB0005D8203087374643A3A6261645F65786303
:10CEC000657074696F6E000090CE0408ECCE0408A3
:10CED00090CE04080CCF0408A4CF040830CF040877
:10CEE000E4CE040890CE040844CF04084E31305FED
:10CEF0005F637878616269763131355F5F666F7242
:10CF00006365645F756E77696E6445004E31305FAE
:10CF10005F637878616269763131395F5F666F721D
:10CF20006569676E5F657863657074696F6E4500EB
:10CF3000537431336261645F657863657074696FDF
:10CF40006E000000537439657863657074696F6EA4
:10CF50000000000000000000D8CE0408C1860308CD
:10CF6000CD860308C5860308A4CF040874CF04083F
:10CF700058CE04084E31305F5F637878616269761D
:10CF80003132305F5F73695F636C6173735F7479B3
:10CF900070655F696E666F4500000000000000006C
:10CFA00068CF0408058F0308198F03082190030830
:10CFB00021900308F982030829820308F18F0308EE
:10CFC000718F0308358F030890CE0408D0CF040872
:10CFD000537439747970655F696E666F0000000084
:10CFE000A4CF0408ECCF040858CE04084E31305FBB
:10CFF0005F637878616269763132315F5F766D693F
:10D000005F636C6173735F747970655F696E666F7F
:10D010004500000000000000E0CF04085190030824
:10D02000659003082190030821900308F982030802
:10D0300029820308D9940308099103088190030801
:10D04000494E4600696E66004E414E006E616E00AC
:10D05000303132333435363738396162636465666E
:10D0600000000000286E756C6C29000065256C645A
:10D07000000000004E614E00496E66696E69747969
:10D080000000000042616C6C6F6320737563636520
:10D0900065646564000000002E2E2F2E2E2F2E2E8C
:10D0A0002F2E2E2F2E2E2F2E2E2F2E2E2F2E2E2F9A
:10D0B0006E65776C69622F6C6962632F7374646C40
:10D0C00069622F64746F612E6300000043000000EA
:10D0D000504F5349580000002E0000002E2E2F2ED6
:10D0E0002E2F2E2E2F2E2E2F2E2E2F2E2E2F2E2E5B
:10D0F0002F2E2E2F6E65776C69622F6C6962632FFD
:10D100007374646C69622F6D707265632E630000C6
:10D110006E660000696E6974790000002C206675E7
:10D120006E6374696F6E3A2000000000617373656E
:10D130007274696F6E2022257322206661696C65A6
:10D14000643A2066696C6520222573222C206C6964
:10D150006E65202564257325730A00002E2E2F2E60
:10D160002E2F2E2E2F2E2E2F2E2E2F2E2E2F2E2EDA
:10D170002F2E2E2F6E65776C69622F6C6962632F7C
:10D180007374646C69622F6764746F612D67657472
:08D190006865782E63000000C1
:10D19800C9040181B0B0A9800000000008B1018174
:10D1A800B0B0008400000000E1B6FE7F81C9140120
:10D1B800B0B0B0AFFFFF011C66049E0A007204E223
:10D1C8000A00820104DE0A00880104B40A00C801CA
:10D1D800EC080000C9010181B0B0AC80000000007B
:10D1E800A9B6FE7FB0B0A800FFFF0100C902018107
:10D1F800B0B0AF810000000091B6FE7FB0AB040074
:10D20800FFFF011B7C04AC0600800504A20600A0F9
:10D2180005100000920604AC0600A8060C000000E9
:10D2280080C90181B0AB08B1000000005DB6FE7F87
:10D2380080C90401B0B0B0AFFFFF01128C01D60263
:10D248000000AA04048E08009A05FE0200000000EF
:10D2580008B10181B0B00084000000002DB6FE7F47
:10D26800B0B0AA00FFFF010C12020000261A7400D9
:10D2780078040000C9010181B0B0A8800000000056
:10D2880009B6FE7FAB08B100FFFF010848044E0055
:10D2980052040000C90A0181B0B0A9800000000052
:10D2A800E9B5FE7F01AC0900FFFF010B709203AEE8
:10D2B8000400B80404000000D1B5FE7FB0AB08003C
:10D2C800FFFF010B4A8202EE0200F8020400000090
:10D2D800B9B5FE7F81C90101B0B0B0AAFFFF010B4B
:10D2E800D601048606008206120000009DB5FE7F66
:10D2F800B0A90600FFFF010C2004000032045A0008
:10D308004C18000085B5FE7FB0AC0B00FFFF010A8A
:10D318004E04900100960104000000006DB5FE7FE8
:10D32800B0AC0B00FFFF010A64048402008A020407
:10D338000000000055B5FE7FB0AF0C00FFFF010BE9
:10D348008E0104B40300BA030400000008B101818F
:10D35800B0B0008400000000C9060181B0B0AF84FD
:10D368000000000085C90181B0AB08B100000000D1
:10D3780019B5FE7FB0B0A800FFFF0111AA030EB8CF
:10D388000300BC03040000C2031AB8030000000035
:10D3980008B10181B0B0008400000000EDB4FE7F48
:10D3A800B0AA0100FFFF010B32C401FE0100820296
:10D3B80004000000D5B4FE7FAB08B100FFFF0108F0
:10D3C80018163E0042040000C1B4FE7FAB08B1004D
:10D3D800FFFF0108200C540060040000C91A0181F5
:10D3E800B0B0AF8200000000A1B4FE7FB0AF020071
:10D3F800FFFF0142FE010AD00800CC020CF408002D
:10D408009C031EE2080082040EAC0900C804049EB6
:10D418000900880504900900C205048209008006F5
:10D4280004B40800B80604A60800860704C2080069
:10D43800C407F6010000000051B4FE7FB0AF2A0017
:10D44800FFFF010F0A440000E80202C60300F003D0
:10D458000400000008B10181B0B0008400000000A1
:10D4680008B10181B0B000840000000008B101815A
:10D47800B0B000840000000008B10181B0B00084A1
:10D488000000000008B10181B0B000840000000075
:10D4980008B10181B0B0008400000000C902018118
:10D4A800B0B0A9800000000008B10181B0B00084CC
:10D4B80000000000D5B3FE7FB0AF1200FF101901C5
:10D4C800101E98070000D80704A20901C408040028
:10D4D8000001000000000000B1B3FE7F00840200DC
:10D4E800FF1019010C04060A010E04120520080099
:10D4F8000001007F00007D00000000000000000027
:10D5080008B10181B0B000840000000008B10181B9
:10D51800B0B0008400000000C9080181B0B0AF803D
:10D528000000000065B3FE7FB0AF0400FF101901D2
:10D538000F320A3C01840142CC0100D401040000EE
:10D54800010000000000000041B3FE7FA908B100FF
:10D55800FFFF010008B10181B0B0008400000000A5
:0CD5680008B10181B0B000840000000098
:10D574004CF2FB7F01000000ACF5FB7FB0A90280F8
:10D5840040F6FB7FB0B0A88090F6FB7F010000005E
:10D594009CF6FB7FB0B0AA80D0F6FB7FAE71B28060
:10D5A40094F7FB7F0100000090F7FB7FAB3F3880CE
:10D5B400F0F7FB7F01000000F8F7FB7FB0B0AA8012
:10D5C40034F8FB7F01000000E0F8FB7FAA0DB28075
:10D5D4005CF9FB7FB0AF0880FCFBFB7F010000001F
:10D5E40000FCFB7FAD3F02807CFEFB7F010000005E
:10D5F4005800FC7F008404806C00FC7F0100000064
:10D604006800FC7FB0AD04800C03FC7FB0A80380ED
:10D614003003FC7F44FFFF7F3403FC7F48FFFF7F20
:10D624004003FC7F01000000B807FC7FB0A8038022
:10D634005408FC7F010000006808FC7FB0AF108034
:10D644003409FC7FB0A801806809FC7FB0AA0D8072
:10D65400C809FC7FB0A80180D40AFC7F0100000047
:10D66400BC0BFC7F30FBFF7FD00CFC7F34FBFF7FC7
:10D67400FC0CFC7FB0AA0180200FFC7F010000009D
:10D684005810FC7FB0B0A880F810FC7FB0AF0A80BF
:10D694003413FC7F010000007013FC7F10FBFF7F3C
:10D6A4001C19FC7F0100000078B4FC7FB0AB04803F
:10D6B400ECB4FC7FB0AD088040B6FC7F01000000F4
:10D6C40098B7FC7FB0A90880A4B8FC7F01000000D3
:10D6D400C4B8FC7FB0AB068030BBFC7F0100000007
:10D6E40098BCFC7FB0AE0B803CBEFC7F0100000008
:10D6F400BCBEFC7FB0A80580ECBEFC7F010000002E
:10D70400CCC1FC7FAD08B1800CC2FC7F01000000DD
:10D7140078C3FC7FA908B180BCC3FC7FAB08B1808F
:10D72400B8C4FC7FB0A904802CC5FC7F01000000B4
:10D7340070C6FC7FA4FAFF7F10C7FC7F01000000C5
:10D7440048C7FC7FA908B1801CC9FC7FB0A805802C
:10D7540044C9FC7F01000000E0C9FC7F88FAFF7F18
:10D76400ECC9FC7F0100000000CEFC7FB0A805805E
:10D774003CCEFC7F0084048064CEFC7F010000006A
:10D78400B0CEFC7FB0B0A88014CFFC7FB0A80180DD
:10D794008CCFFC7F01000000B4CFFC7F54FAFF7FE4
:10D7A40024D2FC7F58FAFF7F58D5FC7F78FAFF7F9C
:10D7B40044D7FC7FB0A90280F4D7FC7FB0A80180D5
:10D7C40074D8FC7F6CFAFF7F88DCFC7F88FAFF7FCB
:10D7D40088DCFC7F01000000FCDEFC7FB0B0A88088
:10D7E40018DFFC7F0100000018E1FC7F74FAFF7F62
:10D7F40094E1FC7FA908B180CCE1FC7F010000002A
:10D8040044E2FC7F74FAFF7FACE2FC7F010000007D
:10D8140014E3FC7F70FAFF7F6CE3FC7FA880C9806F
:10D82400F8E3FC7F01000000A4E4FC7F6CFAFF7FB6
:10D83400ACE5FC7FB0A908809CE6FC7FA880C98089
:10D8440018E7FC7F60FAFF7F60E9FC7F01000000BD
:10D8540028EAFC7F68FAFF7FB0EBFC7FA908B1805F
:10D8640000ECFC7F70FAFF7F30EFFC7F01000000CA
:10D874007CEFFC7FB0B0A880F0EFFC7F01000000DB
:10D8840064F0FC7FB0AA0180D8F0FC7FB0A80180CE
:10D894002CF1FC7F01000000E8F3FC7FB0B0A8800D
:10D8A4008CF4FC7F0100000088F4FC7F008402807B
:10D8B400C0F4FC7F0100000040F5FC7F34FAFF7FD8
:10D8C400A4F5FC7F44FAFF7F38F6FC7F54FAFF7F0F
:10D8D40048F7FC7F64FAFF7F18F9FC7FAD08B1803C
:10D8E400D0FCFC7F010000007CFDFC7FB0B0AA806E
:10D8F400D8FDFC7FB0A90480A0FEFC7F01000000DD
:10D9040060FFFC7FB0A80180B0FFFC7FB0B0A880AE
:10D914008400FD7F010000003001FD7FAC82C980DE
:10D92400F806FD7F01000000A407FD7FA908B1806F
:10D934008809FD7F01000000D40CFD7F14FAFF7FED
:10D944002C0DFD7F01000000740DFD7F10FAFF7F98
:10D95400F418FD7F01000000641AFD7F0CFAFF7FBC
:10D96400D01CFD7F01000000E81CFD7FB0AA0780E9
:10D97400881DFD7F00FAFF7F641FFD7FB0B0B0807B
:10D98400641FFD7F010000003021FD7FA881C98054
:10D994006823FD7F01000000FC25FD7FB0AC0980F9
:10D9A4006026FD7FB0AB02803C27FD7FB0B0A8802D
:10D9B400B827FD7F010000006429FD7FD8F9FF7FAF
:10D9C4006829FD7FA908B1808429FD7F010000003A
:10D9D400E429FD7FAF08B180802AFD7F01000000AB
:10D9E400582BFD7FB0AF0280D82FFD7FB4F9FF7FA5
:10D9F400E030FD7F01000000E030FD7FA908B18028
:10DA0400F031FD7FB0B0A8800C32FD7FB0AF048050
:10DA14006033FD7FA4F9FF7FA433FD7FB0B0AA80FB
:10DA2400F033FD7FA8F9FF7F5834FD7FB0B0A880A4
:10DA3400A834FD7FB0B0AA800435FD7FA4F9FF7F30
:10DA4400143FFD7F010000001441FD7FA0F9FF7F1A
:10DA5400DC45FD7F01000000544AFD7FB0B0A88082
:10DA6400884BFD7F01000000CC50FD7FB0B0AA8040
:10DA74009051FD7FB0B0A880D451FD7F03AB1680D8
:10DA84005C52FD7FB0B0A8809452FD7F010000007D
:10DA94009452FD7FB0AA07805053FD7FB0AB08803D
:10DAA400A853FD7FB0AC07800454FD7FB0AB088061
:10DAB4006854FD7FB0AF0A806455FD7FB0AB088029
:10DAC400C855FD7FB0AC07802056FD7FB0AB088001
:10DAD4005C57FD7FB0A90680C457FD7FB0B0A88015
:10DAE400D857FD7FB0AE09808C58FD7F010000003F
:10DAF400085AFD7FB0AC0D80B05AFD7F40F9FF7F1E
:10DB0400D45CFD7FB0AB0680805FFD7F0100000028
:10DB1400C05FFD7FB0A908801860FD7FB0A80980B0
:10DB24005460FD7FB0AB0A80B861FD7F0100000046
:10DB3400B461FD7FB0B0A8801462FD7FB0A90680F7
:10DB44005862FD7F010000008862FD7FB0AF0E8047
:10DB54006C64FD7FB0B0AC80FC64FD7FFCF8FF7F9B
:10DB6400FC64FD7F00F9FF7F0C65FD7F04F9FF7FF6
:10DB74001C65FD7F08F9FF7F2C65FD7F0100000017
:10DB84003065FD7F04F9FF7F4065FD7F08F9FF7F65
:10DB94005065FD7F01000000E869FD7F008402807C
:10DBA400F069FD7FB0B0B080F069FD7FB0B0A880AF
:10DBB400046AFD7FB0B0B080046AFD7FE4F8FF7FA3
:10DBC400406AFD7FB0B0B080406AFD7FB0A902809A
:10DBD4005C6AFD7FB0B0B0805C6AFD7FB0A9028052
:10DBE400786AFD7FB0B0B080786AFD7FB0A902800A
:10DBF400946AFD7FB0B0B080946AFD7FB0A90280C2
:10DC0400B06AFD7FB0B0B080B06AFD7FB0A9028079
:10DC1400CC6AFD7FB0B0B080CC6AFD7FB0A9028031
:10DC2400E86AFD7FB0B0B080E86AFD7FB0A90280E9
:10DC3400046BFD7FB0B0B080046BFD7FB0A902809F
:10DC4400206BFD7FB0B0B080206BFD7FB0A9028057
:10DC54003C6BFD7FB0B0B0803C6BFD7FB0A902800F
:10DC6400586BFD7FB0B0B080586BFD7FB0A90280C7
:10DC7400746BFD7FB0B0B080746BFD7FB0A902807F
:10DC8400906BFD7FB0B0B080906BFD7FB0A9028037
:10DC9400AC6BFD7FB0B0B080AC6BFD7FB0A90280EF
:10DCA400C86BFD7FB0B0B080C86BFD7FB0A90280A7
:10DCB400E46BFD7FB0B0B080E46BFD7FB0A902805F
:10DCC400006CFD7FB0B0B080006CFD7FB0A9028015
:10DCD4001C6CFD7FB0B0B0801C6CFD7FB0A90280CD
:10DCE400386CFD7FB0B0B080386CFD7FB0A9028085
:10DCF4005C6CFD7FB0B0B0805C6CFD7FB0A904802B
:10DD04008C6CFD7FB0B0B0808C6CFD7FB0A90480BA
:10DD1400BC6CFD7FB0B0B080BC6CFD7FB0A904804A
:10DD2400F06CFD7FB0B0B080F06CFD7FB0A90280D4
:10DD34000C6DFD7FB0B0B0800C6DFD7FB0A9048088
:10DD44003C6DFD7FB0B0B0803C6DFD7F01000000F4
:10DD54009C6DFD7FB0A80180B86DFD7F01000000BF
:10DD6400AC6EFD7FB0B0A880B86EFD7F01000000EE
:10DD74004C72FD7FB0B0A8805872FD7F0100000096
:10DD84006072FD7FB0AD04801873FD7FB0AC03807A
:10DD94002074FD7FB0AB06808474FD7FB0A902803F
:10DDA400C474FD7FA908B180D474FD7FB0AC038036
:10DDB4005475FD7FB0AB0680D875FD7FB0B0AA80E6
:10DDC4004076FD7FB0AB0680CC7CFD7FA880C98007
:10DDD400F07CFD7FA908B1800E7DFD7FA880C980FD
:10DDE400827DFD7F01000000AC7DFD7FB0B0A88086
:10DDF400207EFD7FB0B0AE80587FFD7F0100000023
:10DE04003481FD7F0084088084BCFD7F0100000014
:10DE1400E4BCFD7FB0A9028038BDFD7FB0B0B08006
:10DE240038BDFD7FB0A9028094BDFD7FB0B0B08045
:10DE340094BDFD7FB0A80180B4BDFD7FB0A9028070
:10DE440008BEFD7FB0B0B08008BEFD7FB0A90280DF
:10DE54005CBEFD7FB0B0B0805CBEFD7FB0A9028027
:10DE6400B0BEFD7FB0B0B080B0BEFD7FB0A902806F
:10DE740004BFFD7FB0B0B08004BFFD7FB0A90280B5
:10DE840054BFFD7FB0B0B08054BFFD7FB0A8038005
:10DE940074BFFD7FB0A90280C8BFFD7FB0B0B08061
:10DEA400C8BFFD7FB0A902801CC0FD7FB0B0B080A8
:10DEB4001CC0FD7FB0A902806CC0FD7FB0B0B080F3
:10DEC4006CC0FD7FB0A803808CC0FD7FB0A9028028
:10DED400E0C0FD7FB0B0B080E0C0FD7FB0A902809B
:10DEE40034C1FD7FB0B0B08034C1FD7FB0A90280E1
:10DEF40088C1FD7FB0B0B08088C1FD7FB0A9028029
:10DF0400DCC1FD7FB0B0B080DCC1FD7FB0A9028070
:10DF14002CC2FD7FB0B0B0802CC2FD7FB0A80380BE
:10DF24004CC2FD7FB0A90280A0C2FD7FB0B0B0801A
:10DF3400A0C2FD7F0100000038C3FD7FB0AC0F809C
:10DF44009C56FE7F01000000AC56FE7FB0A9028003
:10DF5400FC58FE7F010000005872FE7FB0B0A8801C
:10DF64006C72FE7FB0A902806873FE7F010000001E
:10DF74006473FE7FB0AD16801876FE7FB0A908806A
:10DF84009C76FE7FB0A80580C476FE7F0100000069
:10DF94004877FE7FB0AF10802C78FE7F0100000030
:10DFA4003078FE7FB0AD16808079FE7FB0B0AA8055
:10DFB4004C7AFE7FAB3F0880D87AFE7FAA05B280F8
:10DFC400707BFE7FB0A90680147CFE7FB0AA05801A
:10DFD400B07CFE7FB0A90680387DFE7FB0A90280A8
:10DFE400807EFE7FB0AD18803080FE7FB0AD1A8099
:10DFF400E881FE7FB0AD16803883FE7FB0A904802F
:10E004009083FE7F010000006493FE7FAD3F048097
:10E01400E894FE7FB0AE07803496FE7F01000000D6
:10E024007C96FE7FB0A90680F096FE7FB0AB04809C
:10E034004897FE7FB0AA05800898FE7F0100000083
:10E044005498FE7FB0A90880CC98FE7F01000000A0
:10E054001499FE7FB0AF0C809C9AFE7FB0A9068015
:10E06400E89AFE7F01000000049CFE7FB0AB0480B0
:10E074008C9CFE7FB0AA01801C9DFE7FB0AF0A80FD
:10E08400D09FFE7F010000001CA0FE7FB0A8058089
:10E0940044A0FE7F010000008CA1FE7FB0AA038093
:10E0A400B8A1FE7F010000007CA2FE7FB0AC078017
:10E0B4001CA3FE7F0100000078A4FE7FB0AB0280A9
:10E0C40024A5FE7F0100000020A6FE7FB0B0AA8038
:10E0D400D8A6FE7FD8F3FF7F20A7FE7FAB08B180D0
:10E0E400ACA7FE7FD4F3FF7F4CACFE7FF0F3FF7F41
:10E0F4006CACFE7F0100000078ACFE7F08F4FF7F6B
:10E1040078ACFE7F0CF4FF7F84ACFE7F010000003E
:10E114009CACFE7F00840280E0ACFE7F0100000026
:10E1240030ADFE7FB0A8018060ADFE7FB0B0A880A6
:10E13400C8ADFE7F01000000B4AEFE7FB0B0AC807D
:10E14400D8AEFE7F0100000034AFFE7FB0AF028086
:10E15400B4AFFE7FB0AF12807CB3FE7FC0F3FF7F0D
:10E16400D4B4FE7F010000002CB5FE7FBCF3FF7F1A
:10E1740008B6FE7FD8F3FF7F7CB6FE7F0100000067
:10E1840085980308290200080DEA000859190208B5
:10E19400ED2502085138030895630308897B0308B9
:08E1A400D9800308018503087E
:04E1AC000102000864
:10E1B000000000030638000000000000000000001E
:10E1C000000000000000000000000000000000004F
:10E1D000000000000000000000000000000000003F
:10E1E000000000000000000000000000000000002F
:10E1F000000000000000000000000000000000001F
:10E20000000000000000000000000000000000000E
:10E2100000000000000000000000000000000000FE
:10E2200000000000000000000000000000000000EE
:10E2300000000000000000000000000000000000DE
:10E2400000000000000000000000000000000000CE
:10E2500000000000000000000000000000000000BE
:10E2600000000000000000000000000000000000AE
:10E27000000000000000000000000000000000009E
:10E28000000000000000000000000000000000008E
:10E29000000000000000000000000000000000007E
:10E2A000000000000000000000000000000000006E
:10E2B000000000000000000000000000000000005E
:10E2C000000000000000000000000000000000004E
:10E2D000000000000000000000000000000000003E
:10E2E000000000000000000000000000000000002E
:10E2F000000000000000000000000000000000001E
:10E30000000000000000000000000000000000000D
:10E3100000000000000000000000000000000000FD
:10E3200000000000000000000000000000000000ED
:10E3300000000000000000000000000000000000DD
:10E3400000000000000000000000000000000000CD
:10E3500000000000000000000000000000000000BD
:10E3600000000000000000000000000000000000AD
:10E37000000000000000000000000000000000009D
:10E38000000000000000000000000000000000008D
:10E39000000000000000000000000000000000007D
:10E3A000000000000000000000000000000000006D
:10E3B000000000000000000000000000000000005D
:10E3C00000000000FF00000020020020000000000C
:10E3D000000000000C05002074050020DC05002072
:10E3E000000000000000000000000000000000002D
:10E3F000000000000000000000000000000000001D
:10E40000000000000000000000000000000000000C
:10E4100000000000000000000000000000000000FC
:10E4200000000000000000000000000000000000EC
:10E4300000000000000000000000000000000000DC
:10E4400000000000000000000000000000000000CC
:10E4500000000000000000000000000000000000BC
:10E4600000000000000000000000000000000000AC
:10E47000000000000000000001000000000000009B
:10E480000E33CDAB34126DE6ECDE05000B00000060
:10E49000000000000000000000000000000000007C
:10E4A000000000000000000000000000000000006C
:10E4B000000000000000000000000000000000005C
:10E4C000000000000000000000000000000000004C
:10E4D000000000000000000000000000000000003C
:10E4E000000000000000000000000000000000002C
:10E4F000000000000000000000000000000000001C
:10E50000000000000000000000000000000000000B
:10E5100000000000000000000000000000000000FB
:10E5200000000000000000000000000000000000EB
:10E5300000000000000000000000000000000000DB
:10E5400000000000000000000000000000000000CB
:10E5500000000000000000000000000000000000BB
:10E5600000000000000000000000000000000000AB
:10E57000000000000000000000000000000000009B
:10E58000000000000000000000000000000000008B
:10E59000000000000000000000000000000000007B
:10E5A000000000000000000000000000000000006B
:10E5B000000000000000000000000000000000005B
:10E5C000000000000000000000000000000000004B
:10E5D000000000000000000000000000000000003B
:10E5E000000000000000000000000000000000002B
:10E5F000000000000000000000000000000000001B
:10E60000000000000000000000000000000000000A
:10E6100000000000000000000000000000000000FA
:10E6200000000000000000000000000000000000EA
:10E6300000000000000000000000000000000000DA
:10E6400000000000000000000000000000000000CA
:10E6500000000000000000000000000000000000BA
:10E6600000000000000000000000000000000000AA
:10E67000000000000000000000000000000000009A
:10E68000000000000000000000000000000000008A
:10E69000000000000000000000000000000000007A
:10E6A000000000000000000000000000000000006A
:10E6B000000000000000000000000000000000005A
:10E6C000000000000000000000000000000000004A
:10E6D000000000000000000000000000000000003A
:10E6E000000000000000000000000000000000002A
:10E6F000000000000000000000000000000000001A
:10E700000000000000000000000000000000000009
:10E7100000000000000000000000000000000000F9
:10E7200000000000000000000000000000000000E9
:10E7300000000000000000000000000000000000D9
:10E7400000000000000000000000000000000000C9
:10E7500000000000000000000000000000000000B9
:10E7600000000000000000000000000000000000A9
:10E770000000000000000000000000000000000099
:10E780000000000000000000000000000000000089
:10E790000000000000000000000000000000000079
:10E7A0000000000000000000000000000000000069
:10E7B0000000000000000000000000000000000059
:10E7C0000000000000000000000000000000000049
:10E7D0000000000000000000000000000000000039
:10E7E0000000000000000000000000000000000029
:10E7F0000000000000000000000000000000000019
:10E800004806002048060020500600205006002040
:10E8100058060020580600206006002060060020F0
:10E8200068060020680600207006002070060020A0
:10E830007806002078060020800600208006002050
:10E840008806002088060020900600209006002000
:10E850009806002098060020A0060020A0060020B0
:10E86000A8060020A8060020B0060020B006002060
:10E87000B8060020B8060020C0060020C006002010
:10E88000C8060020C8060020D0060020D0060020C0
:10E89000D8060020D8060020E0060020E006002070
:10E8A000E8060020E8060020F0060020F006002020
:10E8B000F8060020F80600200007002000070020CE
:10E8C000080700200807002010070020100700207C
:10E8D000180700201807002020070020200700202C
:10E8E00028070020280700203007002030070020DC
:10E8F000380700203807002040070020400700208C
:10E90000480700204807002050070020500700203B
:10E9100058070020580700206007002060070020EB
:10E92000680700206807002070070020700700209B
:10E93000780700207807002080070020800700204B
:10E9400088070020880700209007002090070020FB
:10E950009807002098070020A0070020A0070020AB
:10E96000A8070020A8070020B0070020B00700205B
:10E97000B8070020B8070020C0070020C00700200B
:10E98000C8070020C8070020D0070020D0070020BB
:10E99000D8070020D8070020E0070020E00700206B
:10E9A000E8070020E8070020F0070020F00700201B
:10E9B000F8070020F80700200008002000080020C9
:10E9C0000808002008080020100800201008002077
:10E9D0001808002018080020200800202008002027
:10E9E00028080020280800203008002030080020D7
:10E9F0003808002038080020400800204008002087
:10EA00004808002048080020500800205008002036
:10EA100058080020580800206008002060080020E6
:10EA20006808002068080020700800207008002096
:10EA30007808002078080020800800208008002046
:10EA400088080020880800209008002090080020F6
:10EA50009808002098080020A0080020A0080020A6
:10EA6000A8080020A8080020B0080020B008002056
:10EA7000B8080020B8080020C0080020C008002006
:10EA8000C8080020C8080020D0080020D0080020B6
:10EA9000D8080020D8080020E0080020E008002066
:10EAA000E8080020E8080020F0080020F008002016
:10EAB000F8080020F80800200009002000090020C4
:10EAC0000809002008090020100900201009002072
:10EAD0001809002018090020200900202009002022
:10EAE00028090020280900203009002030090020D2
:10EAF0003809002038090020400900204009002082
:10EB00004809002048090020500900205009002031
:10EB100058090020580900206009002060090020E1
:10EB20006809002068090020700900207009002091
:10EB30007809002078090020800900208009002041
:10EB400088090020880900209009002090090020F1
:10EB50009809002098090020A0090020A0090020A1
:10EB6000A8090020A8090020B0090020B009002051
:10EB7000B8090020B8090020C0090020C009002001
:10EB8000C8090020C8090020D0090020D0090020B1
:10EB9000D8090020D8090020E0090020E009002061
:10EBA000E8090020E8090020F0090020F009002011
:10EBB000F8090020F8090020000A0020000A0020BF
:10EBC000080A0020080A0020100A0020100A00206D
:10EBD000180A0020180A0020200A0020200A00201D
:10EBE000280A0020280A0020300A0020300A0020CD
:10EBF000380A0020380A0020400A0020400A00207D
:10EC0000FFFFFFFF000002004300000000000000C3
:10EC100000000000000000000000000000000000F4
:10EC200000000000000000004300000000000000A1
:10EC300000000000000000000000000000000000D4
:10EC40000000000000000000430000000000000081
:10EC500000000000000000000000000000000000B4
:10EC60000000000000000000430000000000000061
:10EC70000000000000000000000000000000000094
:10EC80000000000000000000430000000000000041
:10EC90000000000000000000000000000000000074
:10ECA0000000000000000000430000000000000021
:10ECB0000000000000000000000000000000000054
:10ECC0000000000000000000430000000000000001
:10ECD0000000000000000000000000000000000034
:10ECE0000000000000000000F1AC0008815A00089C
:10ECF00000000000D49A0308D8D0040828D10408E2
:10ED000028D1040828D1040828D1040828D10408EF
:10ED100028D1040828D1040828D1040828D10408DF
:10ED2000FFFFFFFFFFFFFFFFFFFFFFFFFFFF0000F1
:10ED30000100415343494900000000000000000069
:10ED400000000000000000000000000000000000C3
:10ED5000000041534349490000000000000000004A
:10ED600000000000000000000000000000000000A3
:10ED700000000000FF000000AAAAAAAA00000000EC
:10ED8000FF00000000000000FF0000000000000085
:10ED9000FF00000004000000080000000A0000005E
:10EDA0000200000000000000FF000000040000005E
:10EDB000080000000A00000002000000000000003F
:10EDC000FF00000005000000070000000A0000002E
:10EDD0000200000000000000FF000000050000002D
:10EDE000070000000A000000020000000000000010
:10EDF000FF00000000000000FF0000000000000015
:10EE0000FF00000000000000FF0000000000000004
:10EE1000FF00000000000000FF00000000000000F4
:10EE2000FF00000000000000FF00000000000000E4
:10EE3000FF00000000000000FF00000000000000D4
:10EE4000FF00000000000000FF00000000000000C4
:10EE5000FF0000000B0000000200000000000000A6
:10EE6000FF00000000000000FF0000000B00000099
:10EE70000200000000000000FF0000000000000091
:10EE8000FF00000000000000FF0000000000000084
:10EE9000FF00000000000000FF000000080000006C
:10EEA000040000000C000000020000000000000050
:10EEB000FF00000008000000040000000C0000003B
:10EEC0000200000000000000FF0000000000000041
:10EED000FF00000000000000FF0000000000000034
:10EEE000FF0000000700000009000000080000000B
:10EEF0000400000000000000FF0000000700000008
:10EF000009000000080000000400000000000000EC
:10EF1000FF000000000000003200000000000000C0
:10EF200000000000000000000000000000000000E1
:10EF300000000000000000000000000000000000D1
:10EF4000000000003200000000000000000000008F
:10EF500000000000000000000000000000000000B1
:10EF600000000000000000000000000000000000A1
:10EF7000320000000000000000000000000000005F
:10EF80000000000000000000000000000000000081
:10EF9000000000000000000000000000320000003F
:10EFA0000000000000000000000000000000000061
:10EFB0000000000000000000000000000000000051
:10EFC00000000000889A0020489A002041FF0008B5
:10EFD00029FF000859FF00081DFF0008000000007D
:10EFE0006D0301087903010885030108BD030108C9
:10EFF000A1030108D9030108F50301081201000269
:10F00000EF0201400912320D00030102030100006A
:10F010000403090412034D0053004600540031005C
:10F020003000300050000000006400400800000084
:10F03000000000000000000300000F00000030008E
:10F0400000010101000000000000000000000000BD
:10F050000024F40001000000018A0108A5890108CC
:10F06000AD88010800000000A98701082D8801086B
:10F07000ED87010800000000000000000000000013
:10F080009D8A0108D5870108918A0108E187010856
:10F090001104010809026A00030100C032080B00D4
:10F0A000020202010009040000010202010005241D
:10F0B00000100105240100010424020205240600B9
:10F0C000010705820308001009040100020A00007C
:10F0D000000705010240000007058102400000080A
:10F0E0000B020100000006090402000200010000FA
:10F0F00007050302400000070583024000000000EE
:10F100000A0600020000004001000000A8F90020EB
:10F1100000F8012000004041000000000A0000004B
:10F12000004000000002000000000C0800000C0875
:10F13000000000000B000000004000000002000082
:10F1400000000E0800000E08618D03087903000816
:040000050800D9DD39
:00000001FF
